num__Czas_trwania_konta|num__Kwota_kredytu|num__Wiek|cat__Cel_kredytu_9|cat__Cel_kredytu_furniture|cat__Cel_kredytu_new-car|cat__Cel_kredytu_radio-tv|cat__Czas_zatrudnienia_9|cat__Czas_zatrudnienia_four-years|cat__Czas_zatrudnienia_one-year|cat__Czas_zatrudnienia_over-seven|cat__Czas_zatrudnienia_seven-years|cat__Plec_i_stan_cywilny_9|cat__Plec_i_stan_cywilny_female-divorced|cat__Plec_i_stan_cywilny_single-male|cat__Czas_od_zamieszkania_2.0|cat__Czas_od_zamieszkania_3.0|cat__Czas_od_zamieszkania_4.0|cat__Czas_od_zamieszkania_9.0|cat__Liczba_kredytow_w_banku_1.0|cat__Liczba_kredytow_w_banku_2.0|cat__Liczba_kredytow_w_banku_9.0|cat__Praca_9|cat__Praca_management|cat__Praca_skilled|cat__Praca_unskilled-resident|cat__Liczb_osob_na_utrzymaniu_1.0|cat__Liczb_osob_na_utrzymaniu_2.0|cat__Liczb_osob_na_utrzymaniu_9.0|Kredyt
-0.27660856183479393|-0.7259812456435666|-0.26729337764633443|1.0|0.0|0.0|0.0|0.0|0.0|0.0|1.0|0.0|1.0|0.0|0.0|0.0|0.0|1.0|0.0|0.0|1.0|0.0|0.0|0.0|1.0|0.0|0.0|0.0|1.0|good
-0.27660856183479393|-0.2149175628646733|-0.31387008578815734|0.0|0.0|0.0|1.0|0.0|1.0|0.0|0.0|0.0|1.0|0.0|0.0|1.0|0.0|0.0|0.0|0.0|0.0|1.0|1.0|0.0|0.0|0.0|1.0|0.0|0.0|bad
1.918218604384463|-0.23213414417275235|-0.287994136820478|1.0|0.0|0.0|0.0|1.0|0.0|0.0|0.0|0.0|1.0|0.0|0.0|0.0|0.0|0.0|1.0|0.0|0.0|1.0|1.0|0.0|0.0|0.0|0.0|0.0|1.0|good
-0.2652950197408802|-0.23213414417275235|-0.2900642127378923|1.0|0.0|0.0|0.0|1.0|0.0|0.0|0.0|0.0|1.0|0.0|0.0|0.0|0.0|0.0|1.0|0.0|0.0|1.0|1.0|0.0|0.0|0.0|0.0|0.0|1.0|good
-0.2992356460226213|3.2363749883191835|-0.287994136820478|1.0|0.0|0.0|0.0|1.0|0.0|0.0|0.0|0.0|1.0|0.0|0.0|0.0|0.0|0.0|1.0|0.0|0.0|1.0|1.0|0.0|0.0|0.0|0.0|1.0|0.0|bad
-0.27660856183479393|-0.16982028996992446|-0.30041459232496404|1.0|0.0|0.0|0.0|1.0|0.0|0.0|0.0|0.0|0.0|0.0|1.0|0.0|0.0|0.0|1.0|0.0|0.0|1.0|1.0|0.0|0.0|0.0|0.0|0.0|1.0|good
-0.27660856183479393|0.7283476901696933|-0.2817839090682349|1.0|0.0|0.0|0.0|1.0|0.0|0.0|0.0|0.0|1.0|0.0|0.0|0.0|0.0|0.0|1.0|0.0|0.0|1.0|1.0|0.0|0.0|0.0|0.0|0.0|1.0|good
3.049572813775833|2.2222674986112363|1.4746755068578414|1.0|0.0|0.0|0.0|1.0|0.0|0.0|0.0|0.0|1.0|0.0|0.0|1.0|0.0|0.0|0.0|0.0|0.0|1.0|1.0|0.0|0.0|0.0|0.0|0.0|1.0|good
-0.3218627302104487|-0.2569347385127447|-0.287994136820478|1.0|0.0|0.0|0.0|0.0|0.0|0.0|0.0|1.0|1.0|0.0|0.0|0.0|0.0|0.0|1.0|0.0|0.0|1.0|1.0|0.0|0.0|0.0|0.0|0.0|1.0|good
-1.758682576137488|-0.23213414417275235|-0.3076598580359143|1.0|0.0|0.0|0.0|1.0|0.0|0.0|0.0|0.0|1.0|0.0|0.0|0.0|0.0|0.0|1.0|0.0|0.0|1.0|1.0|0.0|0.0|0.0|0.0|0.0|1.0|bad
-0.27660856183479393|-0.23213414417275235|-0.287994136820478|1.0|0.0|0.0|0.0|1.0|0.0|0.0|0.0|0.0|1.0|0.0|0.0|0.0|0.0|0.0|1.0|0.0|0.0|1.0|1.0|0.0|0.0|0.0|0.0|0.0|1.0|bad
-0.27660856183479393|-0.2387883165264234|-0.287994136820478|1.0|0.0|0.0|0.0|0.0|0.0|1.0|0.0|0.0|0.0|1.0|0.0|0.0|0.0|0.0|1.0|0.0|0.0|1.0|1.0|0.0|0.0|0.0|0.0|0.0|1.0|bad
-0.27660856183479393|-0.278611649324267|-0.287994136820478|1.0|0.0|0.0|0.0|1.0|0.0|0.0|0.0|0.0|1.0|0.0|0.0|0.0|0.0|0.0|1.0|0.0|0.0|1.0|1.0|0.0|0.0|0.0|0.0|0.0|1.0|good
-0.27660856183479393|0.13412138173050905|-0.2745386433572847|1.0|0.0|0.0|0.0|1.0|0.0|0.0|0.0|0.0|1.0|0.0|0.0|0.0|0.0|0.0|1.0|0.0|0.0|1.0|1.0|0.0|0.0|0.0|0.0|0.0|1.0|bad
-0.27660856183479393|-0.28099436606226275|-0.287994136820478|1.0|0.0|0.0|0.0|1.0|0.0|0.0|0.0|0.0|1.0|0.0|0.0|0.0|0.0|0.0|1.0|0.0|0.0|1.0|1.0|0.0|0.0|0.0|0.0|0.0|1.0|good
-0.27660856183479393|-0.2827523460945645|-0.287994136820478|1.0|0.0|0.0|0.0|0.0|1.0|0.0|0.0|0.0|0.0|1.0|0.0|0.0|0.0|0.0|1.0|0.0|0.0|1.0|0.0|0.0|0.0|1.0|0.0|0.0|1.0|bad
-0.27660856183479393|-0.23213414417275235|-0.287994136820478|1.0|0.0|0.0|0.0|0.0|0.0|0.0|1.0|0.0|1.0|0.0|0.0|0.0|0.0|0.0|1.0|0.0|0.0|1.0|1.0|0.0|0.0|0.0|0.0|0.0|1.0|good
-0.27660856183479393|-0.23213414417275235|-0.287994136820478|1.0|0.0|0.0|0.0|1.0|0.0|0.0|0.0|0.0|1.0|0.0|0.0|0.0|1.0|0.0|0.0|0.0|0.0|1.0|1.0|0.0|0.0|0.0|0.0|0.0|1.0|good
-0.27660856183479393|-0.23213414417275235|-0.287994136820478|1.0|0.0|0.0|0.0|1.0|0.0|0.0|0.0|0.0|1.0|0.0|0.0|0.0|0.0|0.0|1.0|1.0|0.0|0.0|1.0|0.0|0.0|0.0|0.0|0.0|1.0|bad
-0.27660856183479393|-0.23213414417275235|-0.287994136820478|1.0|0.0|0.0|0.0|1.0|0.0|0.0|0.0|0.0|1.0|0.0|0.0|0.0|0.0|0.0|1.0|1.0|0.0|0.0|1.0|0.0|0.0|0.0|0.0|0.0|1.0|good
-0.27660856183479393|-0.2703738420654646|-0.287994136820478|1.0|0.0|0.0|0.0|1.0|0.0|0.0|0.0|0.0|1.0|0.0|0.0|0.0|0.0|0.0|1.0|0.0|0.0|1.0|0.0|0.0|1.0|0.0|0.0|0.0|1.0|good
-0.27660856183479393|-0.23213414417275235|-1.4751826754576078|1.0|0.0|0.0|0.0|1.0|0.0|0.0|0.0|0.0|1.0|0.0|0.0|0.0|0.0|0.0|1.0|0.0|0.0|1.0|1.0|0.0|0.0|0.0|0.0|0.0|1.0|good
-0.27660856183479393|-0.23213414417275235|-0.2869590988617708|0.0|0.0|1.0|0.0|1.0|0.0|0.0|0.0|0.0|1.0|0.0|0.0|0.0|0.0|0.0|1.0|0.0|0.0|1.0|1.0|0.0|0.0|0.0|0.0|0.0|1.0|good
-0.27660856183479393|-0.23213414417275235|0.8019008336981774|1.0|0.0|0.0|0.0|1.0|0.0|0.0|0.0|0.0|1.0|0.0|0.0|0.0|0.0|0.0|1.0|0.0|0.0|1.0|1.0|0.0|0.0|0.0|0.0|0.0|1.0|good
1.5411005345873399|-0.23213414417275235|-0.287994136820478|1.0|0.0|0.0|0.0|0.0|1.0|0.0|0.0|0.0|1.0|0.0|0.0|0.0|0.0|0.0|1.0|0.0|0.0|1.0|1.0|0.0|0.0|0.0|0.0|0.0|1.0|good
-0.33317627230436236|-0.23213414417275235|-0.2993795543662569|1.0|0.0|0.0|0.0|1.0|0.0|0.0|0.0|0.0|0.0|0.0|1.0|0.0|0.0|0.0|1.0|0.0|0.0|1.0|1.0|0.0|0.0|0.0|0.0|0.0|1.0|good
-0.33317627230436236|-0.23213414417275235|3.700007118078268|1.0|0.0|0.0|0.0|1.0|0.0|0.0|0.0|0.0|1.0|0.0|0.0|0.0|0.0|0.0|1.0|0.0|0.0|1.0|1.0|0.0|0.0|0.0|0.0|0.0|1.0|good
-0.27660856183479393|-0.2954359540962126|-0.29316932661401385|1.0|0.0|0.0|0.0|1.0|0.0|0.0|0.0|0.0|1.0|0.0|0.0|0.0|0.0|0.0|1.0|0.0|0.0|1.0|1.0|0.0|0.0|0.0|0.0|0.0|1.0|good
-0.33129068195537675|-1.1785521382567838|-0.287994136820478|1.0|0.0|0.0|0.0|0.0|1.0|0.0|0.0|0.0|1.0|0.0|0.0|0.0|0.0|0.0|1.0|0.0|0.0|1.0|1.0|0.0|0.0|0.0|1.0|0.0|0.0|good
-0.23135439345913913|-2.7843434032993466|-0.27143352948116317|1.0|0.0|0.0|0.0|1.0|0.0|0.0|0.0|0.0|0.0|0.0|1.0|0.0|0.0|1.0|0.0|0.0|0.0|1.0|1.0|0.0|0.0|0.0|0.0|0.0|1.0|bad
-0.27660856183479393|-0.2735846981575199|-0.2993795543662569|1.0|0.0|0.0|0.0|1.0|0.0|0.0|0.0|0.0|1.0|0.0|0.0|0.0|0.0|0.0|1.0|0.0|0.0|1.0|1.0|0.0|0.0|0.0|0.0|0.0|1.0|good
-0.27660856183479393|2.6189026629239436|-0.287994136820478|1.0|0.0|0.0|0.0|1.0|0.0|0.0|0.0|0.0|1.0|0.0|0.0|0.0|0.0|0.0|1.0|0.0|0.0|1.0|1.0|0.0|0.0|0.0|1.0|0.0|0.0|good
-0.27660856183479393|-0.23213414417275235|-0.287994136820478|1.0|0.0|0.0|0.0|0.0|1.0|0.0|0.0|0.0|0.0|0.0|1.0|1.0|0.0|0.0|0.0|0.0|0.0|1.0|1.0|0.0|0.0|0.0|0.0|0.0|1.0|good
-0.27660856183479393|-0.23213414417275235|-1.8115700120374396|1.0|0.0|0.0|0.0|1.0|0.0|0.0|0.0|0.0|1.0|0.0|0.0|0.0|0.0|0.0|1.0|0.0|0.0|1.0|1.0|0.0|0.0|0.0|1.0|0.0|0.0|good
-0.27660856183479393|0.7693914388577298|-0.287994136820478|1.0|0.0|0.0|0.0|0.0|0.0|1.0|0.0|0.0|0.0|1.0|0.0|0.0|0.0|0.0|1.0|0.0|0.0|1.0|1.0|0.0|0.0|0.0|1.0|0.0|0.0|good
-0.27660856183479393|-0.23213414417275235|-0.287994136820478|1.0|0.0|0.0|0.0|1.0|0.0|0.0|0.0|0.0|0.0|0.0|1.0|1.0|0.0|0.0|0.0|0.0|0.0|1.0|1.0|0.0|0.0|0.0|1.0|0.0|0.0|bad
-0.27660856183479393|-0.23213414417275235|-0.287994136820478|1.0|0.0|0.0|0.0|1.0|0.0|0.0|0.0|0.0|1.0|0.0|0.0|0.0|0.0|0.0|1.0|0.0|0.0|1.0|1.0|0.0|0.0|0.0|0.0|0.0|1.0|good
-0.27660856183479393|-0.23213414417275235|1.5781793027285589|1.0|0.0|0.0|0.0|1.0|0.0|0.0|0.0|0.0|0.0|0.0|1.0|1.0|0.0|0.0|0.0|0.0|0.0|1.0|1.0|0.0|0.0|0.0|1.0|0.0|0.0|bad
-0.27660856183479393|-0.23213414417275235|-1.2940510326838521|1.0|0.0|0.0|0.0|1.0|0.0|0.0|0.0|0.0|1.0|0.0|0.0|0.0|0.0|0.0|1.0|0.0|0.0|1.0|1.0|0.0|0.0|0.0|0.0|0.0|1.0|good
-0.27660856183479393|-0.23213414417275235|-0.287994136820478|0.0|0.0|0.0|1.0|0.0|1.0|0.0|0.0|0.0|1.0|0.0|0.0|0.0|0.0|0.0|1.0|0.0|0.0|1.0|1.0|0.0|0.0|0.0|0.0|0.0|1.0|good
-0.2879221039287076|-0.23213414417275235|-0.287994136820478|0.0|0.0|0.0|1.0|1.0|0.0|0.0|0.0|0.0|1.0|0.0|0.0|0.0|0.0|0.0|1.0|0.0|0.0|1.0|1.0|0.0|0.0|0.0|0.0|0.0|1.0|good
-0.27660856183479393|-0.23213414417275235|-0.287994136820478|1.0|0.0|0.0|0.0|0.0|1.0|0.0|0.0|0.0|1.0|0.0|0.0|0.0|0.0|0.0|1.0|0.0|0.0|1.0|0.0|0.0|1.0|0.0|0.0|0.0|1.0|good
-0.27660856183479393|-2.5547889858582926|-0.287994136820478|1.0|0.0|0.0|0.0|1.0|0.0|0.0|0.0|0.0|1.0|0.0|0.0|0.0|0.0|1.0|0.0|0.0|0.0|1.0|1.0|0.0|0.0|0.0|0.0|0.0|1.0|good
-1.758682576137488|-0.23213414417275235|2.1474501800175054|1.0|0.0|0.0|0.0|1.0|0.0|0.0|0.0|0.0|1.0|0.0|0.0|0.0|0.0|0.0|1.0|0.0|0.0|1.0|1.0|0.0|0.0|0.0|0.0|0.0|1.0|good
4.180927023167202|-0.23213414417275235|1.1641641192456889|1.0|0.0|0.0|0.0|1.0|0.0|0.0|0.0|0.0|0.0|1.0|0.0|0.0|0.0|0.0|1.0|0.0|1.0|0.0|1.0|0.0|0.0|0.0|0.0|0.0|1.0|bad
-0.27660856183479393|-0.807342304989763|-0.30041459232496404|1.0|0.0|0.0|0.0|1.0|0.0|0.0|0.0|0.0|1.0|0.0|0.0|0.0|0.0|1.0|0.0|0.0|0.0|1.0|1.0|0.0|0.0|0.0|0.0|0.0|1.0|good
-0.27660856183479393|-0.26797659656687134|1.6816830985992766|1.0|0.0|0.0|0.0|1.0|0.0|0.0|0.0|0.0|1.0|0.0|0.0|0.0|0.0|0.0|1.0|0.0|0.0|1.0|1.0|0.0|0.0|0.0|0.0|0.0|1.0|good
-0.27660856183479393|-0.23213414417275235|-0.287994136820478|1.0|0.0|0.0|0.0|1.0|0.0|0.0|0.0|0.0|0.0|1.0|0.0|0.0|0.0|0.0|1.0|1.0|0.0|0.0|1.0|0.0|0.0|0.0|0.0|0.0|1.0|good
-0.27660856183479393|-0.23213414417275235|-1.345802930619211|1.0|0.0|0.0|0.0|1.0|0.0|0.0|0.0|0.0|1.0|0.0|0.0|0.0|0.0|0.0|1.0|0.0|0.0|1.0|0.0|0.0|0.0|1.0|1.0|0.0|0.0|good
-0.27660856183479393|-0.23213414417275235|-0.287994136820478|1.0|0.0|0.0|0.0|1.0|0.0|0.0|0.0|0.0|1.0|0.0|0.0|0.0|0.0|0.0|1.0|0.0|0.0|1.0|1.0|0.0|0.0|0.0|1.0|0.0|0.0|good
-0.27660856183479393|-0.23213414417275235|-0.287994136820478|1.0|0.0|0.0|0.0|1.0|0.0|0.0|0.0|0.0|1.0|0.0|0.0|0.0|0.0|0.0|1.0|0.0|0.0|1.0|0.0|0.0|0.0|1.0|0.0|0.0|1.0|good
-0.2935788749756645|-0.23213414417275235|-0.287994136820478|1.0|0.0|0.0|0.0|1.0|0.0|0.0|0.0|0.0|1.0|0.0|0.0|0.0|0.0|0.0|1.0|0.0|0.0|1.0|1.0|0.0|0.0|0.0|0.0|0.0|1.0|good
-0.27660856183479393|-0.23213414417275235|-0.31076497191203584|1.0|0.0|0.0|0.0|1.0|0.0|0.0|0.0|0.0|1.0|0.0|0.0|0.0|0.0|0.0|1.0|0.0|0.0|1.0|1.0|0.0|0.0|0.0|0.0|0.0|1.0|good
-0.27660856183479393|2.152529447743068|1.2676679151164065|1.0|0.0|0.0|0.0|1.0|0.0|0.0|0.0|0.0|0.0|0.0|1.0|0.0|0.0|0.0|1.0|0.0|0.0|1.0|1.0|0.0|0.0|0.0|1.0|0.0|0.0|good
-0.27660856183479393|1.3149463992951713|-1.8115700120374396|1.0|0.0|0.0|0.0|1.0|0.0|0.0|0.0|0.0|1.0|0.0|0.0|0.0|0.0|0.0|1.0|0.0|0.0|1.0|1.0|0.0|0.0|0.0|0.0|0.0|1.0|bad
-0.33317627230436236|-0.23213414417275235|-0.287994136820478|1.0|0.0|0.0|0.0|1.0|0.0|0.0|0.0|0.0|1.0|0.0|0.0|0.0|0.0|0.0|1.0|0.0|0.0|1.0|1.0|0.0|0.0|0.0|0.0|0.0|1.0|good
0.2211872902974087|-0.20740619363574767|1.0089084254396126|1.0|0.0|0.0|0.0|1.0|0.0|0.0|0.0|0.0|1.0|0.0|0.0|0.0|0.0|0.0|1.0|1.0|0.0|0.0|0.0|1.0|0.0|0.0|0.0|0.0|1.0|bad
-0.27660856183479393|-0.23213414417275235|-0.287994136820478|1.0|0.0|0.0|0.0|1.0|0.0|0.0|0.0|0.0|1.0|0.0|0.0|1.0|0.0|0.0|0.0|0.0|0.0|1.0|1.0|0.0|0.0|0.0|0.0|0.0|1.0|good
1.3525414996887781|-0.23213414417275235|-0.287994136820478|1.0|0.0|0.0|0.0|1.0|0.0|0.0|0.0|0.0|1.0|0.0|0.0|1.0|0.0|0.0|0.0|0.0|0.0|1.0|1.0|0.0|0.0|0.0|0.0|0.0|1.0|good
-0.27660856183479393|-0.21087856741855854|-0.9317877471363409|0.0|1.0|0.0|0.0|1.0|0.0|0.0|0.0|0.0|1.0|0.0|0.0|0.0|0.0|0.0|1.0|0.0|0.0|1.0|1.0|0.0|0.0|0.0|1.0|0.0|0.0|bad
1.3525414996887781|-0.23213414417275235|-0.287994136820478|1.0|0.0|0.0|0.0|0.0|1.0|0.0|0.0|0.0|1.0|0.0|0.0|0.0|0.0|0.0|1.0|1.0|0.0|0.0|1.0|0.0|0.0|0.0|0.0|0.0|1.0|good
-0.31620595916349187|-0.23213414417275235|-0.287994136820478|1.0|0.0|0.0|0.0|1.0|0.0|0.0|0.0|0.0|1.0|0.0|0.0|0.0|0.0|0.0|1.0|0.0|0.0|1.0|0.0|0.0|1.0|0.0|0.0|0.0|1.0|good
-0.27660856183479393|-0.27300354773361846|-0.287994136820478|1.0|0.0|0.0|0.0|1.0|0.0|0.0|0.0|0.0|1.0|0.0|0.0|0.0|0.0|1.0|0.0|0.0|0.0|1.0|1.0|0.0|0.0|0.0|0.0|0.0|1.0|bad
-0.27660856183479393|-0.23213414417275235|-0.287994136820478|1.0|0.0|0.0|0.0|1.0|0.0|0.0|0.0|0.0|1.0|0.0|0.0|0.0|0.0|0.0|1.0|0.0|0.0|1.0|0.0|0.0|1.0|0.0|0.0|0.0|1.0|bad
-0.27660856183479393|-0.23213414417275235|-0.287994136820478|1.0|0.0|0.0|0.0|1.0|0.0|0.0|0.0|0.0|1.0|0.0|0.0|0.0|0.0|0.0|1.0|0.0|0.0|1.0|1.0|0.0|0.0|0.0|0.0|0.0|1.0|good
-0.27660856183479393|-0.23213414417275235|-0.2869590988617708|1.0|0.0|0.0|0.0|1.0|0.0|0.0|0.0|0.0|1.0|0.0|0.0|0.0|0.0|0.0|1.0|0.0|0.0|1.0|1.0|0.0|0.0|0.0|0.0|0.0|1.0|good
-0.27660856183479393|-0.23213414417275235|-0.287994136820478|1.0|0.0|0.0|0.0|1.0|0.0|0.0|0.0|0.0|1.0|0.0|0.0|1.0|0.0|0.0|0.0|0.0|0.0|1.0|1.0|0.0|0.0|0.0|0.0|0.0|1.0|good
-0.27660856183479393|-0.23213414417275235|0.8019008336981774|1.0|0.0|0.0|0.0|1.0|0.0|0.0|0.0|0.0|1.0|0.0|0.0|0.0|0.0|0.0|1.0|0.0|0.0|1.0|1.0|0.0|0.0|0.0|0.0|0.0|1.0|good
1.3525414996887781|0.35931717099230254|-0.2983445164075497|1.0|0.0|0.0|0.0|1.0|0.0|0.0|0.0|0.0|1.0|0.0|0.0|0.0|0.0|0.0|1.0|1.0|0.0|0.0|1.0|0.0|0.0|0.0|0.0|0.0|1.0|bad
-0.27660856183479393|-0.23213414417275235|-0.287994136820478|0.0|0.0|0.0|1.0|1.0|0.0|0.0|0.0|0.0|1.0|0.0|0.0|0.0|0.0|0.0|1.0|0.0|0.0|1.0|1.0|0.0|0.0|0.0|0.0|0.0|1.0|good
-0.27660856183479393|-0.23213414417275235|-0.287994136820478|1.0|0.0|0.0|0.0|1.0|0.0|0.0|0.0|0.0|1.0|0.0|0.0|0.0|0.0|0.0|1.0|0.0|0.0|1.0|1.0|0.0|0.0|0.0|0.0|0.0|1.0|good
-0.33129068195537675|-0.23213414417275235|-0.287994136820478|1.0|0.0|0.0|0.0|0.0|0.0|0.0|1.0|0.0|0.0|0.0|1.0|0.0|0.0|0.0|1.0|0.0|0.0|1.0|0.0|0.0|0.0|1.0|0.0|0.0|1.0|good
-0.27660856183479393|-0.28446673984507365|4.942052668526879|1.0|0.0|0.0|0.0|1.0|0.0|0.0|0.0|0.0|1.0|0.0|0.0|0.0|0.0|1.0|0.0|0.0|0.0|1.0|1.0|0.0|0.0|0.0|0.0|0.0|1.0|good
-0.27660856183479393|-0.23213414417275235|-0.287994136820478|1.0|0.0|0.0|0.0|1.0|0.0|0.0|0.0|0.0|1.0|0.0|0.0|0.0|0.0|0.0|1.0|0.0|1.0|0.0|1.0|0.0|0.0|0.0|1.0|0.0|0.0|good
-0.27660856183479393|-0.27265485747927765|-0.287994136820478|1.0|0.0|0.0|0.0|1.0|0.0|0.0|0.0|0.0|1.0|0.0|0.0|0.0|0.0|0.0|1.0|0.0|0.0|1.0|1.0|0.0|0.0|0.0|1.0|0.0|0.0|bad
-0.3218627302104487|-0.27920732850876595|-0.287994136820478|1.0|0.0|0.0|0.0|1.0|0.0|0.0|0.0|0.0|1.0|0.0|0.0|0.0|0.0|0.0|1.0|0.0|0.0|1.0|0.0|1.0|0.0|0.0|1.0|0.0|0.0|good
-0.27660856183479393|2.578948571280722|-0.3014496302836712|1.0|0.0|0.0|0.0|0.0|0.0|1.0|0.0|0.0|1.0|0.0|0.0|0.0|0.0|0.0|1.0|0.0|0.0|1.0|1.0|0.0|0.0|0.0|0.0|0.0|1.0|bad
-0.27660856183479393|-0.23213414417275235|-0.287994136820478|1.0|0.0|0.0|0.0|1.0|0.0|0.0|0.0|0.0|1.0|0.0|0.0|0.0|0.0|0.0|1.0|0.0|0.0|1.0|1.0|0.0|0.0|0.0|0.0|0.0|1.0|good
-0.27660856183479393|-0.23213414417275235|-0.287994136820478|1.0|0.0|0.0|0.0|0.0|1.0|0.0|0.0|0.0|1.0|0.0|0.0|0.0|0.0|0.0|1.0|0.0|0.0|1.0|1.0|0.0|0.0|0.0|0.0|0.0|1.0|good
-0.27660856183479393|-0.23213414417275235|-0.287994136820478|1.0|0.0|0.0|0.0|1.0|0.0|0.0|0.0|0.0|1.0|0.0|0.0|0.0|0.0|0.0|1.0|0.0|0.0|1.0|1.0|0.0|0.0|0.0|1.0|0.0|0.0|good
-0.27660856183479393|-0.23213414417275235|-0.287994136820478|1.0|0.0|0.0|0.0|1.0|0.0|0.0|0.0|0.0|1.0|0.0|0.0|0.0|0.0|0.0|1.0|0.0|1.0|0.0|1.0|0.0|0.0|0.0|0.0|0.0|1.0|bad
-0.27660856183479393|-0.23213414417275235|-0.287994136820478|1.0|0.0|0.0|0.0|0.0|0.0|0.0|1.0|0.0|1.0|0.0|0.0|0.0|0.0|0.0|1.0|0.0|0.0|1.0|1.0|0.0|0.0|0.0|1.0|0.0|0.0|good
-0.27660856183479393|-0.2785971205636695|-0.287994136820478|1.0|0.0|0.0|0.0|1.0|0.0|0.0|0.0|0.0|1.0|0.0|0.0|0.0|0.0|0.0|1.0|0.0|0.0|1.0|1.0|0.0|0.0|0.0|0.0|0.0|1.0|good
-0.27660856183479393|-0.23213414417275235|-0.287994136820478|1.0|0.0|0.0|0.0|0.0|0.0|0.0|1.0|0.0|1.0|0.0|0.0|0.0|0.0|1.0|0.0|0.0|0.0|1.0|1.0|0.0|0.0|0.0|1.0|0.0|0.0|good
0.5983053600945318|-0.23213414417275235|-0.287994136820478|1.0|0.0|0.0|0.0|1.0|0.0|0.0|0.0|0.0|1.0|0.0|0.0|0.0|0.0|1.0|0.0|0.0|0.0|1.0|1.0|0.0|0.0|0.0|1.0|0.0|0.0|good
-0.27660856183479393|-0.28086360721688497|-0.287994136820478|1.0|0.0|0.0|0.0|1.0|0.0|0.0|0.0|0.0|0.0|1.0|0.0|0.0|0.0|0.0|1.0|0.0|0.0|1.0|1.0|0.0|0.0|0.0|0.0|0.0|1.0|good
-0.27660856183479393|-0.23213414417275235|-0.287994136820478|0.0|1.0|0.0|0.0|1.0|0.0|0.0|0.0|0.0|1.0|0.0|0.0|0.0|0.0|0.0|1.0|0.0|0.0|1.0|0.0|0.0|1.0|0.0|1.0|0.0|0.0|good
-0.27660856183479393|-0.23213414417275235|-0.287994136820478|1.0|0.0|0.0|0.0|1.0|0.0|0.0|0.0|0.0|0.0|0.0|1.0|0.0|0.0|0.0|1.0|0.0|0.0|1.0|0.0|0.0|1.0|0.0|0.0|0.0|1.0|bad
-0.27660856183479393|-0.23213414417275235|-0.287994136820478|1.0|0.0|0.0|0.0|1.0|0.0|0.0|0.0|0.0|1.0|0.0|0.0|0.0|0.0|0.0|1.0|0.0|0.0|1.0|1.0|0.0|0.0|0.0|0.0|0.0|1.0|good
-0.27660856183479393|-0.23213414417275235|-0.287994136820478|1.0|0.0|0.0|0.0|1.0|0.0|0.0|0.0|0.0|1.0|0.0|0.0|0.0|0.0|0.0|1.0|0.0|0.0|1.0|1.0|0.0|0.0|0.0|0.0|0.0|1.0|bad
-0.27660856183479393|-0.5258475684125211|-1.7856940630697602|0.0|0.0|0.0|1.0|1.0|0.0|0.0|0.0|0.0|1.0|0.0|0.0|0.0|0.0|0.0|1.0|0.0|0.0|1.0|1.0|0.0|0.0|0.0|0.0|0.0|1.0|good
-0.27660856183479393|-0.813153809228777|-0.287994136820478|1.0|0.0|0.0|0.0|1.0|0.0|0.0|0.0|0.0|1.0|0.0|0.0|0.0|0.0|0.0|1.0|0.0|0.0|1.0|1.0|0.0|0.0|0.0|0.0|0.0|1.0|good
-0.27660856183479393|-0.23213414417275235|-0.287994136820478|1.0|0.0|0.0|0.0|0.0|0.0|0.0|1.0|0.0|1.0|0.0|0.0|0.0|1.0|0.0|0.0|1.0|0.0|0.0|1.0|0.0|0.0|0.0|0.0|1.0|0.0|bad
-0.27660856183479393|-0.24882769009932013|-0.287994136820478|1.0|0.0|0.0|0.0|1.0|0.0|0.0|0.0|0.0|0.0|0.0|1.0|0.0|0.0|0.0|1.0|0.0|1.0|0.0|1.0|0.0|0.0|0.0|0.0|0.0|1.0|good
-0.27660856183479393|-0.28222931071305324|2.457961567629658|1.0|0.0|0.0|0.0|1.0|0.0|0.0|0.0|0.0|1.0|0.0|0.0|0.0|0.0|0.0|1.0|0.0|0.0|1.0|0.0|0.0|1.0|0.0|0.0|0.0|1.0|good
-2.8900367855288573|-0.23213414417275235|-0.287994136820478|1.0|0.0|0.0|0.0|1.0|0.0|0.0|0.0|0.0|1.0|0.0|0.0|0.0|0.0|0.0|1.0|0.0|0.0|1.0|1.0|0.0|0.0|0.0|0.0|0.0|1.0|bad
0.2211872902974087|-0.23213414417275235|-0.287994136820478|1.0|0.0|0.0|0.0|1.0|0.0|0.0|0.0|0.0|1.0|0.0|0.0|1.0|0.0|0.0|0.0|0.0|0.0|1.0|1.0|0.0|0.0|0.0|0.0|0.0|1.0|good
-0.310549188116535|-0.23213414417275235|0.5431413440213837|1.0|0.0|0.0|0.0|0.0|1.0|0.0|0.0|0.0|1.0|0.0|0.0|0.0|0.0|0.0|1.0|0.0|0.0|1.0|1.0|0.0|0.0|0.0|0.0|0.0|1.0|good
-0.27660856183479393|1.3963074586413677|-0.287994136820478|1.0|0.0|0.0|0.0|1.0|0.0|0.0|0.0|0.0|0.0|0.0|1.0|0.0|0.0|1.0|0.0|0.0|0.0|1.0|1.0|0.0|0.0|0.0|0.0|0.0|1.0|good
-0.30677800741856376|-0.19884875364379953|-0.287994136820478|1.0|0.0|0.0|0.0|1.0|0.0|0.0|0.0|0.0|0.0|0.0|1.0|0.0|0.0|0.0|1.0|0.0|0.0|1.0|1.0|0.0|0.0|0.0|0.0|0.0|1.0|good
-0.27660856183479393|-0.23213414417275235|-0.29420436457272103|0.0|0.0|1.0|0.0|0.0|0.0|0.0|1.0|0.0|1.0|0.0|0.0|0.0|0.0|0.0|1.0|0.0|0.0|1.0|1.0|0.0|0.0|0.0|0.0|0.0|1.0|good
-0.27660856183479393|-0.26762790631253053|-0.287994136820478|1.0|0.0|0.0|0.0|1.0|0.0|0.0|0.0|0.0|0.0|0.0|1.0|0.0|0.0|0.0|1.0|0.0|0.0|1.0|1.0|0.0|0.0|0.0|0.0|0.0|1.0|good
-0.33317627230436236|0.3756620266645295|-0.9576636961040202|0.0|0.0|0.0|1.0|1.0|0.0|0.0|0.0|0.0|1.0|0.0|0.0|1.0|0.0|0.0|0.0|0.0|0.0|1.0|0.0|0.0|1.0|0.0|0.0|0.0|1.0|good
-0.27660856183479393|2.4866909414863745|0.5690172929890631|1.0|0.0|0.0|0.0|1.0|0.0|0.0|0.0|0.0|1.0|0.0|0.0|0.0|0.0|0.0|1.0|1.0|0.0|0.0|0.0|0.0|1.0|0.0|0.0|0.0|1.0|good
-0.910166919093961|0.5866922743437264|0.3361337522799487|1.0|0.0|0.0|0.0|1.0|0.0|0.0|0.0|0.0|1.0|0.0|0.0|0.0|0.0|0.0|1.0|0.0|0.0|1.0|1.0|0.0|0.0|0.0|0.0|0.0|1.0|good
-0.27660856183479393|-0.23213414417275235|1.6816830985992766|1.0|0.0|0.0|0.0|1.0|0.0|0.0|0.0|0.0|1.0|0.0|0.0|0.0|0.0|0.0|1.0|0.0|0.0|1.0|1.0|0.0|0.0|0.0|0.0|0.0|1.0|bad
-0.27660856183479393|-0.207551481241723|-0.287994136820478|1.0|0.0|0.0|0.0|1.0|0.0|0.0|0.0|0.0|1.0|0.0|0.0|0.0|0.0|1.0|0.0|0.0|0.0|1.0|1.0|0.0|0.0|0.0|0.0|0.0|1.0|bad
-0.27660856183479393|-0.23213414417275235|-0.287994136820478|0.0|0.0|1.0|0.0|1.0|0.0|0.0|0.0|0.0|1.0|0.0|0.0|0.0|0.0|0.0|1.0|1.0|0.0|0.0|1.0|0.0|0.0|0.0|0.0|0.0|1.0|good
-0.27660856183479393|-3.10579223151981|-0.287994136820478|1.0|0.0|0.0|0.0|1.0|0.0|0.0|0.0|0.0|1.0|0.0|0.0|0.0|0.0|0.0|1.0|0.0|0.0|1.0|1.0|0.0|0.0|0.0|0.0|0.0|1.0|good
-0.27660856183479393|-0.23213414417275235|-0.287994136820478|1.0|0.0|0.0|0.0|1.0|0.0|0.0|0.0|0.0|1.0|0.0|0.0|0.0|0.0|0.0|1.0|0.0|0.0|1.0|1.0|0.0|0.0|0.0|0.0|0.0|1.0|good
-0.6273283667461186|0.751230488110811|-0.287994136820478|1.0|0.0|0.0|0.0|0.0|0.0|0.0|1.0|0.0|1.0|0.0|0.0|0.0|0.0|0.0|1.0|0.0|0.0|1.0|1.0|0.0|0.0|0.0|0.0|0.0|1.0|good
-0.27660856183479393|-0.2956829430263707|-0.287994136820478|1.0|0.0|0.0|0.0|1.0|0.0|0.0|0.0|0.0|1.0|0.0|0.0|0.0|0.0|0.0|1.0|1.0|0.0|0.0|1.0|0.0|0.0|0.0|0.0|0.0|1.0|good
-1.1930054714418032|-0.21042817584003495|-0.287994136820478|1.0|0.0|0.0|0.0|1.0|0.0|0.0|0.0|0.0|0.0|0.0|1.0|0.0|0.0|0.0|1.0|0.0|0.0|1.0|1.0|0.0|0.0|0.0|0.0|0.0|1.0|good
1.3525414996887781|5.404792507501292|-0.31076497191203584|1.0|0.0|0.0|0.0|0.0|1.0|0.0|0.0|0.0|1.0|0.0|0.0|0.0|0.0|0.0|1.0|0.0|0.0|1.0|1.0|0.0|0.0|0.0|0.0|0.0|1.0|bad
-0.27660856183479393|-0.23213414417275235|-0.287994136820478|1.0|0.0|0.0|0.0|0.0|0.0|0.0|1.0|0.0|1.0|0.0|0.0|0.0|0.0|0.0|1.0|0.0|0.0|1.0|1.0|0.0|0.0|0.0|1.0|0.0|0.0|good
-0.27660856183479393|-0.23213414417275235|2.0956982820821466|1.0|0.0|0.0|0.0|1.0|0.0|0.0|0.0|0.0|1.0|0.0|0.0|0.0|0.0|0.0|1.0|0.0|0.0|1.0|1.0|0.0|0.0|0.0|1.0|0.0|0.0|good
-0.2652950197408802|4.910088209155223|-0.3055897821184999|1.0|0.0|0.0|0.0|1.0|0.0|0.0|0.0|0.0|0.0|1.0|0.0|0.0|0.0|0.0|1.0|0.0|0.0|1.0|1.0|0.0|0.0|0.0|0.0|0.0|1.0|bad
1.5411005345873399|-0.2704028995866597|-0.287994136820478|1.0|0.0|0.0|0.0|1.0|0.0|0.0|0.0|0.0|1.0|0.0|0.0|0.0|0.0|0.0|1.0|0.0|1.0|0.0|1.0|0.0|0.0|0.0|1.0|0.0|0.0|good
-0.27660856183479393|-0.23213414417275235|-0.31283504782945015|1.0|0.0|0.0|0.0|1.0|0.0|0.0|0.0|0.0|1.0|0.0|0.0|0.0|0.0|0.0|1.0|0.0|0.0|1.0|1.0|0.0|0.0|0.0|1.0|0.0|0.0|bad
-0.3218627302104487|-0.23213414417275235|-0.287994136820478|1.0|0.0|0.0|0.0|1.0|0.0|0.0|0.0|0.0|1.0|0.0|0.0|0.0|0.0|0.0|1.0|0.0|0.0|1.0|0.0|1.0|0.0|0.0|0.0|0.0|1.0|good
-0.27660856183479393|-0.23213414417275235|2.2509539758882227|0.0|0.0|0.0|1.0|1.0|0.0|0.0|0.0|0.0|1.0|0.0|0.0|0.0|0.0|0.0|1.0|0.0|0.0|1.0|1.0|0.0|0.0|0.0|0.0|0.0|1.0|bad
4.180927023167202|2.508484082382677|-0.287994136820478|1.0|0.0|0.0|0.0|1.0|0.0|0.0|0.0|0.0|1.0|0.0|0.0|0.0|0.0|0.0|1.0|0.0|0.0|1.0|0.0|1.0|0.0|0.0|0.0|0.0|1.0|good
1.918218604384463|-0.23213414417275235|0.905404629568895|0.0|1.0|0.0|0.0|1.0|0.0|0.0|0.0|0.0|1.0|0.0|0.0|0.0|0.0|0.0|1.0|0.0|0.0|1.0|1.0|0.0|0.0|0.0|0.0|0.0|1.0|good
-0.27660856183479393|-0.23213414417275235|-0.27143352948116317|1.0|0.0|0.0|0.0|1.0|0.0|0.0|0.0|0.0|1.0|0.0|0.0|0.0|0.0|0.0|1.0|0.0|0.0|1.0|1.0|0.0|0.0|0.0|0.0|0.0|1.0|good
-0.310549188116535|-0.23213414417275235|-0.287994136820478|1.0|0.0|0.0|0.0|0.0|0.0|1.0|0.0|0.0|1.0|0.0|0.0|0.0|0.0|0.0|1.0|0.0|0.0|1.0|1.0|0.0|0.0|0.0|1.0|0.0|0.0|bad
-0.27660856183479393|0.4690093135036923|-0.3055897821184999|1.0|0.0|0.0|0.0|1.0|0.0|0.0|0.0|0.0|1.0|0.0|0.0|0.0|0.0|0.0|1.0|0.0|1.0|0.0|1.0|0.0|0.0|0.0|0.0|0.0|1.0|good
-0.27660856183479393|0.7170879007066036|-0.29523940253142816|1.0|0.0|0.0|0.0|1.0|0.0|0.0|0.0|0.0|1.0|0.0|0.0|0.0|0.0|0.0|1.0|0.0|0.0|1.0|1.0|0.0|0.0|0.0|0.0|0.0|1.0|good
-0.27660856183479393|0.6270095850018862|-0.3055897821184999|1.0|0.0|0.0|0.0|0.0|1.0|0.0|0.0|0.0|0.0|0.0|1.0|0.0|0.0|0.0|1.0|0.0|0.0|1.0|1.0|0.0|0.0|0.0|0.0|0.0|1.0|bad
-0.27660856183479393|0.374209150604776|-0.287994136820478|1.0|0.0|0.0|0.0|1.0|0.0|0.0|0.0|0.0|1.0|0.0|0.0|1.0|0.0|0.0|0.0|0.0|0.0|1.0|1.0|0.0|0.0|0.0|0.0|0.0|1.0|good
-0.27660856183479393|-0.23213414417275235|-0.287994136820478|1.0|0.0|0.0|0.0|1.0|0.0|0.0|0.0|0.0|1.0|0.0|0.0|0.0|0.0|0.0|1.0|0.0|1.0|0.0|1.0|0.0|0.0|0.0|0.0|0.0|1.0|bad
-0.27660856183479393|-0.23213414417275235|-0.31180000987074297|0.0|0.0|1.0|0.0|1.0|0.0|0.0|0.0|0.0|1.0|0.0|0.0|1.0|0.0|0.0|0.0|0.0|0.0|1.0|0.0|0.0|1.0|0.0|0.0|0.0|1.0|good
-0.27660856183479393|-0.23213414417275235|-0.287994136820478|1.0|0.0|0.0|0.0|1.0|0.0|0.0|0.0|0.0|1.0|0.0|0.0|0.0|0.0|0.0|1.0|1.0|0.0|0.0|1.0|0.0|0.0|0.0|0.0|0.0|1.0|bad
-0.31620595916349187|-1.2849753096337282|-0.287994136820478|1.0|0.0|0.0|0.0|1.0|0.0|0.0|0.0|0.0|1.0|0.0|0.0|0.0|0.0|0.0|1.0|0.0|1.0|0.0|1.0|0.0|0.0|0.0|0.0|0.0|1.0|good
1.3525414996887781|-0.23213414417275235|-0.287994136820478|1.0|0.0|0.0|0.0|0.0|1.0|0.0|0.0|0.0|1.0|0.0|0.0|0.0|0.0|0.0|1.0|0.0|0.0|1.0|1.0|0.0|0.0|0.0|0.0|0.0|1.0|good
-0.27660856183479393|-3.9858719047154967|-0.287994136820478|1.0|0.0|0.0|0.0|1.0|0.0|0.0|0.0|0.0|1.0|0.0|0.0|0.0|0.0|0.0|1.0|0.0|0.0|1.0|1.0|0.0|0.0|0.0|0.0|0.0|1.0|good
-0.27660856183479393|0.5994049398665695|-1.3199269816515316|1.0|0.0|0.0|0.0|1.0|0.0|0.0|0.0|0.0|1.0|0.0|0.0|0.0|0.0|0.0|1.0|0.0|0.0|1.0|1.0|0.0|0.0|0.0|0.0|0.0|1.0|good
2.2010571567323054|-0.17624200215403496|-0.287994136820478|1.0|0.0|0.0|0.0|1.0|0.0|0.0|0.0|0.0|1.0|0.0|0.0|0.0|0.0|0.0|1.0|0.0|0.0|1.0|1.0|0.0|0.0|0.0|0.0|0.0|1.0|good
-0.27660856183479393|-0.023152451737807996|-0.2683284156050416|1.0|0.0|0.0|0.0|1.0|0.0|0.0|0.0|0.0|1.0|0.0|0.0|0.0|0.0|0.0|1.0|0.0|0.0|1.0|1.0|0.0|0.0|0.0|0.0|0.0|1.0|bad
-0.27660856183479393|-0.2617437582705288|-0.287994136820478|1.0|0.0|0.0|0.0|1.0|0.0|0.0|0.0|0.0|0.0|0.0|1.0|1.0|0.0|0.0|0.0|0.0|0.0|1.0|0.0|0.0|1.0|0.0|0.0|0.0|1.0|good
-0.27660856183479393|-0.23213414417275235|4.217526097431856|1.0|0.0|0.0|0.0|1.0|0.0|0.0|0.0|0.0|1.0|0.0|0.0|0.0|0.0|0.0|1.0|0.0|0.0|1.0|1.0|0.0|0.0|0.0|1.0|0.0|0.0|good
-0.27660856183479393|-0.23213414417275235|0.36200970124762805|1.0|0.0|0.0|0.0|1.0|0.0|0.0|0.0|0.0|1.0|0.0|0.0|0.0|0.0|0.0|1.0|0.0|0.0|1.0|1.0|0.0|0.0|0.0|0.0|0.0|1.0|good
-0.27660856183479393|-2.0430133938101203|-0.287994136820478|1.0|0.0|0.0|0.0|1.0|0.0|0.0|0.0|0.0|1.0|0.0|0.0|0.0|0.0|0.0|1.0|0.0|0.0|1.0|1.0|0.0|0.0|0.0|0.0|0.0|1.0|good
-0.27660856183479393|-0.23213414417275235|-1.0352915430070584|1.0|0.0|0.0|0.0|1.0|0.0|0.0|0.0|0.0|1.0|0.0|0.0|0.0|0.0|0.0|1.0|0.0|0.0|1.0|1.0|0.0|0.0|0.0|0.0|0.0|1.0|good
-0.27660856183479393|-0.26560840858947316|-0.31387008578815734|1.0|0.0|0.0|0.0|1.0|0.0|0.0|0.0|0.0|1.0|0.0|0.0|0.0|0.0|0.0|1.0|0.0|0.0|1.0|1.0|0.0|0.0|0.0|1.0|0.0|0.0|bad
-0.27660856183479393|-0.26813641293344426|-0.9317877471363409|1.0|0.0|0.0|0.0|1.0|0.0|0.0|0.0|0.0|1.0|0.0|0.0|0.0|0.0|0.0|1.0|0.0|0.0|1.0|1.0|0.0|0.0|0.0|1.0|0.0|0.0|good
-0.27660856183479393|-0.23213414417275235|-0.287994136820478|1.0|0.0|0.0|0.0|1.0|0.0|0.0|0.0|0.0|1.0|0.0|0.0|0.0|0.0|0.0|1.0|1.0|0.0|0.0|1.0|0.0|0.0|0.0|1.0|0.0|0.0|good
-0.6273283667461186|-0.23213414417275235|-0.287994136820478|1.0|0.0|0.0|0.0|0.0|0.0|0.0|1.0|0.0|1.0|0.0|0.0|0.0|0.0|0.0|1.0|0.0|1.0|0.0|1.0|0.0|0.0|0.0|0.0|0.0|1.0|good
-0.27660856183479393|-0.23213414417275235|4.942052668526879|1.0|0.0|0.0|0.0|1.0|0.0|0.0|0.0|0.0|1.0|0.0|0.0|0.0|1.0|0.0|0.0|0.0|1.0|0.0|0.0|0.0|1.0|0.0|0.0|0.0|1.0|good
-0.27660856183479393|3.600320441287437|-0.287994136820478|1.0|0.0|0.0|0.0|1.0|0.0|0.0|0.0|0.0|0.0|0.0|1.0|1.0|0.0|0.0|0.0|0.0|0.0|1.0|1.0|0.0|0.0|0.0|0.0|0.0|1.0|good
-0.27660856183479393|-0.23213414417275235|-1.5269345733929665|0.0|0.0|0.0|1.0|1.0|0.0|0.0|0.0|0.0|1.0|0.0|0.0|0.0|0.0|0.0|1.0|0.0|0.0|1.0|1.0|0.0|0.0|0.0|1.0|0.0|0.0|good
-0.27660856183479393|-0.23213414417275235|-0.287994136820478|1.0|0.0|0.0|0.0|0.0|0.0|0.0|1.0|0.0|1.0|0.0|0.0|0.0|0.0|0.0|1.0|0.0|0.0|1.0|0.0|0.0|1.0|0.0|0.0|0.0|1.0|good
-0.27660856183479393|-0.23213414417275235|-0.287994136820478|1.0|0.0|0.0|0.0|0.0|1.0|0.0|0.0|0.0|1.0|0.0|0.0|0.0|0.0|0.0|1.0|0.0|0.0|1.0|1.0|0.0|0.0|0.0|0.0|0.0|1.0|good
-0.27660856183479393|-0.23213414417275235|-0.287994136820478|1.0|0.0|0.0|0.0|1.0|0.0|0.0|0.0|0.0|1.0|0.0|0.0|0.0|0.0|0.0|1.0|0.0|0.0|1.0|1.0|0.0|0.0|0.0|0.0|0.0|1.0|good
4.180927023167202|5.334328018603247|2.664969159371093|1.0|0.0|0.0|0.0|0.0|0.0|0.0|1.0|0.0|1.0|0.0|0.0|0.0|0.0|0.0|1.0|1.0|0.0|0.0|1.0|0.0|0.0|0.0|0.0|0.0|1.0|good
-0.27660856183479393|2.2291686598950653|0.5948932419567424|1.0|0.0|0.0|0.0|1.0|0.0|0.0|0.0|0.0|1.0|0.0|0.0|0.0|0.0|0.0|1.0|0.0|0.0|1.0|1.0|0.0|0.0|0.0|0.0|0.0|1.0|good
-0.27660856183479393|-0.23213414417275235|-0.8541599002333028|1.0|0.0|0.0|0.0|1.0|0.0|0.0|0.0|0.0|1.0|0.0|0.0|0.0|0.0|0.0|1.0|0.0|0.0|1.0|1.0|0.0|0.0|0.0|0.0|0.0|1.0|bad
0.5040258426452511|-0.23213414417275235|-0.287994136820478|1.0|0.0|0.0|0.0|1.0|0.0|0.0|0.0|0.0|1.0|0.0|0.0|0.0|0.0|0.0|1.0|0.0|0.0|1.0|0.0|0.0|1.0|0.0|0.0|0.0|1.0|good
-0.27660856183479393|-0.29645296733804005|4.3210298933025735|1.0|0.0|0.0|0.0|1.0|0.0|0.0|0.0|0.0|1.0|0.0|0.0|0.0|0.0|0.0|1.0|0.0|0.0|1.0|1.0|0.0|0.0|0.0|0.0|0.0|1.0|good
-0.2992356460226213|-0.23213414417275235|-0.287994136820478|1.0|0.0|0.0|0.0|1.0|0.0|0.0|0.0|0.0|1.0|0.0|0.0|0.0|1.0|0.0|0.0|0.0|1.0|0.0|1.0|0.0|0.0|0.0|0.0|0.0|1.0|good
-0.27660856183479393|-0.27380262956648294|0.5431413440213837|1.0|0.0|0.0|0.0|0.0|1.0|0.0|0.0|0.0|0.0|0.0|1.0|0.0|0.0|0.0|1.0|0.0|1.0|0.0|1.0|0.0|0.0|0.0|0.0|0.0|1.0|good
-1.4758440237896457|-0.2596516167444838|-0.287994136820478|1.0|0.0|0.0|0.0|1.0|0.0|0.0|0.0|0.0|1.0|0.0|0.0|0.0|0.0|0.0|1.0|0.0|0.0|1.0|1.0|0.0|0.0|0.0|0.0|0.0|1.0|good
-0.27660856183479393|-0.23213414417275235|-0.287994136820478|1.0|0.0|0.0|0.0|1.0|0.0|0.0|0.0|0.0|1.0|0.0|0.0|0.0|0.0|0.0|1.0|0.0|0.0|1.0|1.0|0.0|0.0|0.0|1.0|0.0|0.0|good
-0.27660856183479393|-0.23213414417275235|0.5948932419567424|1.0|0.0|0.0|0.0|1.0|0.0|0.0|0.0|0.0|1.0|0.0|0.0|0.0|0.0|0.0|1.0|0.0|0.0|1.0|1.0|0.0|0.0|0.0|0.0|0.0|1.0|good
-0.27660856183479393|-0.23213414417275235|-0.287994136820478|1.0|0.0|0.0|0.0|1.0|0.0|0.0|0.0|0.0|1.0|0.0|0.0|0.0|0.0|0.0|1.0|1.0|0.0|0.0|1.0|0.0|0.0|0.0|1.0|0.0|0.0|good
-0.27660856183479393|-0.23213414417275235|-0.287994136820478|1.0|0.0|0.0|0.0|1.0|0.0|0.0|0.0|0.0|1.0|0.0|0.0|0.0|0.0|0.0|1.0|0.0|0.0|1.0|1.0|0.0|0.0|0.0|0.0|0.0|1.0|good
-0.27660856183479393|4.025286688765338|2.9754805469832455|1.0|0.0|0.0|0.0|1.0|0.0|0.0|0.0|0.0|1.0|0.0|0.0|0.0|0.0|0.0|1.0|0.0|0.0|1.0|1.0|0.0|0.0|0.0|0.0|0.0|1.0|good
-0.310549188116535|1.3418246064006112|-1.1905472368131347|0.0|1.0|0.0|0.0|1.0|0.0|0.0|0.0|0.0|1.0|0.0|0.0|0.0|0.0|0.0|1.0|0.0|0.0|1.0|1.0|0.0|0.0|0.0|0.0|0.0|1.0|bad
0.1740475315727683|-0.27846636171829164|-0.3159401617055717|1.0|0.0|0.0|0.0|0.0|0.0|1.0|0.0|0.0|0.0|1.0|0.0|0.0|0.0|0.0|1.0|0.0|0.0|1.0|1.0|0.0|0.0|0.0|0.0|0.0|1.0|good
-0.2992356460226213|-0.23213414417275235|-0.287994136820478|1.0|0.0|0.0|0.0|1.0|0.0|0.0|0.0|0.0|1.0|0.0|0.0|0.0|0.0|0.0|1.0|0.0|0.0|1.0|0.0|0.0|1.0|0.0|0.0|0.0|1.0|good
-0.2992356460226213|-0.23213414417275235|0.46551349711834555|1.0|0.0|0.0|0.0|0.0|0.0|0.0|1.0|0.0|1.0|0.0|0.0|0.0|0.0|0.0|1.0|0.0|0.0|1.0|1.0|0.0|0.0|0.0|0.0|0.0|1.0|bad
0.3626065664713299|-0.23213414417275235|1.371171710987124|1.0|0.0|0.0|0.0|1.0|0.0|0.0|0.0|0.0|1.0|0.0|0.0|0.0|1.0|0.0|0.0|0.0|0.0|1.0|0.0|0.0|1.0|0.0|0.0|1.0|0.0|bad
-0.27660856183479393|-0.23213414417275235|-0.287994136820478|1.0|0.0|0.0|0.0|1.0|0.0|0.0|0.0|0.0|1.0|0.0|0.0|0.0|0.0|0.0|1.0|0.0|0.0|1.0|1.0|0.0|0.0|0.0|0.0|0.0|1.0|good
-0.27660856183479393|0.44830582965220483|-0.287994136820478|1.0|0.0|0.0|0.0|1.0|0.0|0.0|0.0|0.0|1.0|0.0|0.0|0.0|0.0|0.0|1.0|0.0|0.0|1.0|0.0|1.0|0.0|0.0|0.0|0.0|1.0|bad
-0.27660856183479393|-0.23213414417275235|-0.287994136820478|0.0|0.0|0.0|1.0|0.0|1.0|0.0|0.0|0.0|0.0|0.0|1.0|1.0|0.0|0.0|0.0|0.0|0.0|1.0|1.0|0.0|0.0|0.0|1.0|0.0|0.0|good
-0.27660856183479393|-0.2517770285006198|-0.30972993395332865|1.0|0.0|0.0|0.0|1.0|0.0|0.0|0.0|0.0|1.0|0.0|0.0|0.0|0.0|0.0|1.0|0.0|0.0|1.0|1.0|0.0|0.0|0.0|0.0|0.0|1.0|bad
-0.2879221039287076|-0.23213414417275235|-0.287994136820478|1.0|0.0|0.0|0.0|1.0|0.0|0.0|0.0|0.0|0.0|1.0|0.0|0.0|0.0|0.0|1.0|0.0|0.0|1.0|1.0|0.0|0.0|0.0|0.0|0.0|1.0|bad
-0.27660856183479393|-0.23213414417275235|0.7501489357628187|1.0|0.0|0.0|0.0|1.0|0.0|0.0|0.0|0.0|1.0|0.0|0.0|0.0|0.0|0.0|1.0|0.0|0.0|1.0|1.0|0.0|0.0|0.0|0.0|0.0|1.0|good
-0.0616512620504337|-0.17861019013143317|-0.287994136820478|1.0|0.0|0.0|0.0|0.0|0.0|0.0|1.0|0.0|1.0|0.0|0.0|0.0|0.0|0.0|1.0|0.0|0.0|1.0|1.0|0.0|0.0|0.0|0.0|0.0|1.0|good
0.2211872902974087|-1.0143771435046376|-0.287994136820478|1.0|0.0|0.0|0.0|0.0|0.0|0.0|0.0|1.0|0.0|0.0|1.0|1.0|0.0|0.0|0.0|0.0|1.0|0.0|1.0|0.0|0.0|0.0|0.0|1.0|0.0|good
-0.27660856183479393|-0.23213414417275235|-0.287994136820478|0.0|0.0|1.0|0.0|1.0|0.0|0.0|0.0|0.0|1.0|0.0|0.0|0.0|0.0|0.0|1.0|0.0|0.0|1.0|0.0|0.0|1.0|0.0|0.0|0.0|1.0|good
-0.27660856183479393|-0.23213414417275235|-0.287994136820478|1.0|0.0|0.0|0.0|1.0|0.0|0.0|0.0|0.0|1.0|0.0|0.0|0.0|0.0|0.0|1.0|0.0|0.0|1.0|1.0|0.0|0.0|0.0|0.0|0.0|1.0|bad
-0.27660856183479393|-0.23213414417275235|-0.287994136820478|1.0|0.0|0.0|0.0|0.0|1.0|0.0|0.0|0.0|1.0|0.0|0.0|0.0|0.0|0.0|1.0|0.0|0.0|1.0|1.0|0.0|0.0|0.0|1.0|0.0|0.0|bad
-0.27660856183479393|-0.23213414417275235|-0.287994136820478|0.0|0.0|1.0|0.0|1.0|0.0|0.0|0.0|0.0|1.0|0.0|0.0|0.0|0.0|0.0|1.0|0.0|1.0|0.0|1.0|0.0|0.0|0.0|0.0|0.0|1.0|bad
-0.2992356460226213|-0.23213414417275235|-0.287994136820478|1.0|0.0|0.0|0.0|1.0|0.0|0.0|0.0|0.0|1.0|0.0|0.0|0.0|0.0|0.0|1.0|0.0|0.0|1.0|0.0|0.0|1.0|0.0|0.0|0.0|1.0|good
-0.27660856183479393|0.9829642196414952|-0.2993795543662569|1.0|0.0|0.0|0.0|0.0|0.0|0.0|1.0|0.0|1.0|0.0|0.0|0.0|0.0|0.0|1.0|0.0|0.0|1.0|0.0|0.0|1.0|0.0|0.0|0.0|1.0|bad
1.0697029473409359|-0.28161910276795676|-1.1387953388777758|1.0|0.0|0.0|0.0|1.0|0.0|0.0|0.0|0.0|1.0|0.0|0.0|0.0|0.0|0.0|1.0|0.0|0.0|1.0|1.0|0.0|0.0|0.0|0.0|0.0|1.0|good
-0.32751950125740553|-0.23213414417275235|-2.251461144487989|1.0|0.0|0.0|0.0|0.0|0.0|0.0|1.0|0.0|1.0|0.0|0.0|0.0|0.0|0.0|1.0|0.0|0.0|1.0|1.0|0.0|0.0|0.0|0.0|0.0|1.0|bad
-0.31432036881450626|0.12540412537198803|3.1824881387246804|1.0|0.0|0.0|0.0|1.0|0.0|0.0|0.0|0.0|1.0|0.0|0.0|0.0|1.0|0.0|0.0|0.0|0.0|1.0|1.0|0.0|0.0|0.0|0.0|0.0|1.0|good
-0.27660856183479393|0.18824101495632717|-0.8541599002333028|1.0|0.0|0.0|0.0|1.0|0.0|0.0|0.0|0.0|1.0|0.0|0.0|0.0|0.0|0.0|1.0|1.0|0.0|0.0|0.0|0.0|1.0|0.0|0.0|0.0|1.0|bad
-0.310549188116535|-0.23213414417275235|0.5172653950537043|0.0|1.0|0.0|0.0|1.0|0.0|0.0|0.0|0.0|1.0|0.0|0.0|0.0|0.0|0.0|1.0|0.0|0.0|1.0|1.0|0.0|0.0|0.0|0.0|0.0|1.0|good
-0.27660856183479393|-0.23213414417275235|1.0606603233749714|1.0|0.0|0.0|0.0|1.0|0.0|0.0|0.0|0.0|0.0|0.0|1.0|0.0|1.0|0.0|0.0|0.0|0.0|1.0|1.0|0.0|0.0|0.0|1.0|0.0|0.0|bad
-0.27660856183479393|-0.23213414417275235|-0.287994136820478|1.0|0.0|0.0|0.0|0.0|0.0|0.0|0.0|1.0|1.0|0.0|0.0|0.0|0.0|0.0|1.0|0.0|0.0|1.0|1.0|0.0|0.0|0.0|0.0|1.0|0.0|bad
4.746604127862887|-0.23213414417275235|-0.287994136820478|1.0|0.0|0.0|0.0|1.0|0.0|0.0|0.0|0.0|1.0|0.0|0.0|0.0|0.0|0.0|1.0|0.0|0.0|1.0|1.0|0.0|0.0|0.0|0.0|0.0|1.0|bad
-0.27660856183479393|-0.23213414417275235|-0.3066248200772071|1.0|0.0|0.0|0.0|1.0|0.0|0.0|0.0|0.0|1.0|0.0|0.0|0.0|0.0|0.0|1.0|0.0|0.0|1.0|0.0|0.0|1.0|0.0|0.0|0.0|1.0|good
-0.27660856183479393|-0.23213414417275235|-0.287994136820478|1.0|0.0|0.0|0.0|1.0|0.0|0.0|0.0|0.0|1.0|0.0|0.0|0.0|0.0|0.0|1.0|1.0|0.0|0.0|1.0|0.0|0.0|0.0|0.0|0.0|1.0|bad
-0.32751950125740553|1.8793887485094087|-0.287994136820478|1.0|0.0|0.0|0.0|1.0|0.0|0.0|0.0|0.0|1.0|0.0|0.0|0.0|0.0|0.0|1.0|0.0|0.0|1.0|1.0|0.0|0.0|0.0|1.0|0.0|0.0|bad
-0.27660856183479393|-0.23213414417275235|-0.287994136820478|1.0|0.0|0.0|0.0|1.0|0.0|0.0|0.0|0.0|1.0|0.0|0.0|0.0|0.0|0.0|1.0|0.0|0.0|1.0|0.0|0.0|1.0|0.0|0.0|0.0|1.0|good
-0.3218627302104487|-0.23213414417275235|-0.30869489599462147|1.0|0.0|0.0|0.0|1.0|0.0|0.0|0.0|0.0|1.0|0.0|0.0|0.0|0.0|0.0|1.0|0.0|0.0|1.0|0.0|0.0|1.0|0.0|0.0|0.0|1.0|bad
-0.27660856183479393|-0.23213414417275235|-0.287994136820478|1.0|0.0|0.0|0.0|1.0|0.0|0.0|0.0|0.0|1.0|0.0|0.0|0.0|0.0|0.0|1.0|0.0|0.0|1.0|1.0|0.0|0.0|0.0|1.0|0.0|0.0|good
-0.27660856183479393|-0.23213414417275235|0.69839703782746|0.0|1.0|0.0|0.0|1.0|0.0|0.0|0.0|0.0|1.0|0.0|0.0|0.0|0.0|0.0|1.0|0.0|0.0|1.0|1.0|0.0|0.0|0.0|0.0|0.0|1.0|bad
0.5040258426452511|-0.23213414417275235|-0.2828189470269421|1.0|0.0|0.0|0.0|1.0|0.0|0.0|0.0|0.0|1.0|0.0|0.0|0.0|0.0|0.0|1.0|0.0|0.0|1.0|0.0|0.0|1.0|0.0|0.0|0.0|1.0|good
-0.27660856183479393|-0.23213414417275235|-0.287994136820478|0.0|0.0|1.0|0.0|0.0|1.0|0.0|0.0|0.0|1.0|0.0|0.0|0.0|0.0|0.0|1.0|0.0|0.0|1.0|1.0|0.0|0.0|0.0|0.0|0.0|1.0|good
2.2010571567323054|-0.22703454920301755|-0.287994136820478|1.0|0.0|0.0|0.0|1.0|0.0|0.0|0.0|0.0|1.0|0.0|0.0|0.0|0.0|1.0|0.0|0.0|1.0|0.0|1.0|0.0|0.0|0.0|0.0|0.0|1.0|good
0.2211872902974087|-0.23213414417275235|-0.287994136820478|1.0|0.0|0.0|0.0|1.0|0.0|0.0|0.0|0.0|1.0|0.0|0.0|0.0|0.0|0.0|1.0|0.0|0.0|1.0|0.0|0.0|1.0|0.0|0.0|0.0|1.0|bad
-0.27660856183479393|-0.23213414417275235|0.6466451398921013|1.0|0.0|0.0|0.0|1.0|0.0|0.0|0.0|0.0|0.0|0.0|1.0|0.0|0.0|0.0|1.0|0.0|0.0|1.0|0.0|0.0|0.0|1.0|0.0|0.0|1.0|good
-0.27660856183479393|-0.23213414417275235|-1.3199269816515316|1.0|0.0|0.0|0.0|1.0|0.0|0.0|0.0|0.0|1.0|0.0|0.0|0.0|0.0|0.0|1.0|0.0|0.0|1.0|0.0|1.0|0.0|0.0|0.0|0.0|1.0|good
0.7868643949930935|-0.23213414417275235|-0.287994136820478|0.0|1.0|0.0|0.0|0.0|0.0|0.0|1.0|0.0|1.0|0.0|0.0|0.0|0.0|1.0|0.0|0.0|0.0|1.0|1.0|0.0|0.0|0.0|0.0|0.0|1.0|good
-0.27660856183479393|-0.23213414417275235|-0.287994136820478|1.0|0.0|0.0|0.0|1.0|0.0|0.0|0.0|0.0|1.0|0.0|0.0|0.0|0.0|0.0|1.0|1.0|0.0|0.0|0.0|0.0|1.0|0.0|1.0|0.0|0.0|good
-0.27660856183479393|-0.23213414417275235|-0.3149051237468645|1.0|0.0|0.0|0.0|1.0|0.0|0.0|0.0|0.0|1.0|0.0|0.0|0.0|0.0|0.0|1.0|0.0|0.0|1.0|1.0|0.0|0.0|0.0|0.0|0.0|1.0|good
-0.27660856183479393|-0.23213414417275235|-0.287994136820478|1.0|0.0|0.0|0.0|1.0|0.0|0.0|0.0|0.0|1.0|0.0|0.0|0.0|0.0|0.0|1.0|1.0|0.0|0.0|1.0|0.0|0.0|0.0|0.0|0.0|1.0|good
-0.27660856183479393|-0.23213414417275235|-0.287994136820478|1.0|0.0|0.0|0.0|1.0|0.0|0.0|0.0|0.0|1.0|0.0|0.0|0.0|0.0|0.0|1.0|0.0|1.0|0.0|1.0|0.0|0.0|0.0|0.0|0.0|1.0|good
1.3525414996887781|-0.23213414417275235|-0.287994136820478|1.0|0.0|0.0|0.0|1.0|0.0|0.0|0.0|0.0|1.0|0.0|0.0|0.0|0.0|0.0|1.0|0.0|0.0|1.0|0.0|0.0|0.0|1.0|0.0|0.0|1.0|good
-0.2935788749756645|-2.2238964632494316|2.2509539758882227|1.0|0.0|0.0|0.0|1.0|0.0|0.0|0.0|0.0|1.0|0.0|0.0|0.0|0.0|0.0|1.0|0.0|0.0|1.0|1.0|0.0|0.0|0.0|0.0|0.0|1.0|bad
-0.27660856183479393|-0.27365734196050756|3.078984342853963|1.0|0.0|0.0|0.0|1.0|0.0|0.0|0.0|0.0|1.0|0.0|0.0|0.0|0.0|1.0|0.0|0.0|0.0|1.0|1.0|0.0|0.0|0.0|0.0|0.0|1.0|bad
-0.27660856183479393|-0.23213414417275235|-0.287994136820478|0.0|0.0|0.0|1.0|1.0|0.0|0.0|0.0|0.0|1.0|0.0|0.0|0.0|0.0|0.0|1.0|0.0|0.0|1.0|1.0|0.0|0.0|0.0|0.0|0.0|1.0|good
-0.27660856183479393|-0.2878374123037018|-0.287994136820478|1.0|0.0|0.0|0.0|1.0|0.0|0.0|0.0|0.0|1.0|0.0|0.0|0.0|0.0|0.0|1.0|0.0|0.0|1.0|0.0|0.0|0.0|1.0|0.0|0.0|1.0|good
-0.27660856183479393|-1.4288100395493253|-0.3045547441597928|1.0|0.0|0.0|0.0|1.0|0.0|0.0|0.0|0.0|1.0|0.0|0.0|0.0|0.0|0.0|1.0|0.0|0.0|1.0|1.0|0.0|0.0|0.0|1.0|0.0|0.0|good
-2.0415211284853303|-0.24452717696244977|-0.287994136820478|0.0|0.0|0.0|1.0|0.0|1.0|0.0|0.0|0.0|1.0|0.0|0.0|0.0|0.0|0.0|1.0|1.0|0.0|0.0|0.0|0.0|1.0|0.0|1.0|0.0|0.0|good
-0.2992356460226213|-0.23213414417275235|-0.9576636961040202|0.0|1.0|0.0|0.0|1.0|0.0|0.0|0.0|0.0|1.0|0.0|0.0|0.0|0.0|0.0|1.0|0.0|0.0|1.0|1.0|0.0|0.0|0.0|0.0|0.0|1.0|good
0.5983053600945318|0.1940525191953412|-0.287994136820478|1.0|0.0|0.0|0.0|1.0|0.0|0.0|0.0|0.0|0.0|1.0|0.0|0.0|0.0|0.0|1.0|0.0|0.0|1.0|0.0|0.0|1.0|0.0|0.0|0.0|1.0|good
-0.3218627302104487|-0.23213414417275235|1.0089084254396126|1.0|0.0|0.0|0.0|1.0|0.0|0.0|0.0|0.0|1.0|0.0|0.0|0.0|0.0|0.0|1.0|0.0|0.0|1.0|1.0|0.0|0.0|0.0|0.0|0.0|1.0|good
-0.27660856183479393|-0.23213414417275235|-0.287994136820478|1.0|0.0|0.0|0.0|1.0|0.0|0.0|0.0|0.0|1.0|0.0|0.0|0.0|0.0|1.0|0.0|0.0|0.0|1.0|1.0|0.0|0.0|0.0|0.0|0.0|1.0|good
-0.27660856183479393|-0.23213414417275235|-0.287994136820478|1.0|0.0|0.0|0.0|1.0|0.0|0.0|0.0|0.0|1.0|0.0|0.0|1.0|0.0|0.0|0.0|0.0|1.0|0.0|1.0|0.0|0.0|0.0|0.0|0.0|1.0|good
-1.4758440237896457|-0.23213414417275235|0.4913894460860249|1.0|0.0|0.0|0.0|1.0|0.0|0.0|0.0|0.0|0.0|0.0|1.0|0.0|0.0|0.0|1.0|0.0|0.0|1.0|1.0|0.0|0.0|0.0|0.0|0.0|1.0|good
0.3626065664713299|-0.23371777907788366|-0.287994136820478|1.0|0.0|0.0|0.0|1.0|0.0|0.0|0.0|0.0|1.0|0.0|0.0|0.0|0.0|0.0|1.0|0.0|0.0|1.0|1.0|0.0|0.0|0.0|0.0|0.0|1.0|good
-0.27660856183479393|-0.23213414417275235|0.36200970124762805|1.0|0.0|0.0|0.0|1.0|0.0|0.0|0.0|0.0|1.0|0.0|0.0|0.0|0.0|0.0|1.0|0.0|0.0|1.0|1.0|0.0|0.0|0.0|0.0|0.0|1.0|good
-0.27660856183479393|-4.28262183992015|-0.287994136820478|1.0|0.0|0.0|0.0|1.0|0.0|0.0|0.0|0.0|1.0|0.0|0.0|0.0|0.0|0.0|1.0|0.0|0.0|1.0|1.0|0.0|0.0|0.0|1.0|0.0|0.0|bad
-0.27660856183479393|-0.23213414417275235|-0.2817839090682349|1.0|0.0|0.0|0.0|1.0|0.0|0.0|0.0|0.0|1.0|0.0|0.0|0.0|0.0|0.0|1.0|1.0|0.0|0.0|1.0|0.0|0.0|0.0|0.0|0.0|1.0|bad
-0.7687476429200397|-0.27990470901744763|-0.287994136820478|1.0|0.0|0.0|0.0|1.0|0.0|0.0|0.0|0.0|1.0|0.0|0.0|0.0|0.0|0.0|1.0|0.0|0.0|1.0|1.0|0.0|0.0|0.0|0.0|0.0|1.0|bad
-0.27660856183479393|-0.23213414417275235|-0.31387008578815734|1.0|0.0|0.0|0.0|1.0|0.0|0.0|0.0|0.0|1.0|0.0|0.0|0.0|0.0|0.0|1.0|1.0|0.0|0.0|1.0|0.0|0.0|0.0|0.0|0.0|1.0|good
3.049572813775833|-0.23213414417275235|-0.287994136820478|0.0|0.0|0.0|1.0|0.0|1.0|0.0|0.0|0.0|1.0|0.0|0.0|0.0|0.0|0.0|1.0|0.0|0.0|1.0|1.0|0.0|0.0|0.0|0.0|0.0|1.0|bad
-0.27660856183479393|-0.23213414417275235|-0.28385398498564923|0.0|0.0|1.0|0.0|1.0|0.0|0.0|0.0|0.0|1.0|0.0|0.0|0.0|0.0|0.0|1.0|0.0|0.0|1.0|0.0|0.0|0.0|1.0|0.0|0.0|1.0|good
-0.910166919093961|-0.23213414417275235|-0.30041459232496404|1.0|0.0|0.0|0.0|1.0|0.0|0.0|0.0|0.0|1.0|0.0|0.0|0.0|0.0|0.0|1.0|0.0|0.0|1.0|1.0|0.0|0.0|0.0|0.0|0.0|1.0|good
-0.27660856183479393|-0.23213414417275235|-0.9835396450716997|1.0|0.0|0.0|0.0|0.0|1.0|0.0|0.0|0.0|1.0|0.0|0.0|0.0|0.0|0.0|1.0|0.0|0.0|1.0|1.0|0.0|0.0|0.0|0.0|0.0|1.0|good
-0.27660856183479393|-0.27894581081801034|-0.287994136820478|1.0|0.0|0.0|0.0|1.0|0.0|0.0|0.0|0.0|1.0|0.0|0.0|0.0|0.0|0.0|1.0|0.0|0.0|1.0|1.0|0.0|0.0|0.0|0.0|0.0|1.0|good
-0.27660856183479393|1.0229183112847167|-0.287994136820478|1.0|0.0|0.0|0.0|1.0|0.0|0.0|0.0|0.0|1.0|0.0|0.0|0.0|0.0|0.0|1.0|0.0|0.0|1.0|1.0|0.0|0.0|0.0|0.0|0.0|1.0|bad
-0.27660856183479393|-0.23213414417275235|-0.287994136820478|0.0|0.0|1.0|0.0|1.0|0.0|0.0|0.0|0.0|1.0|0.0|0.0|0.0|0.0|0.0|1.0|0.0|0.0|1.0|1.0|0.0|0.0|0.0|1.0|0.0|0.0|bad
-0.27660856183479393|-0.23213414417275235|-0.287994136820478|1.0|0.0|0.0|0.0|1.0|0.0|0.0|0.0|0.0|1.0|0.0|0.0|0.0|0.0|0.0|1.0|0.0|0.0|1.0|1.0|0.0|0.0|0.0|0.0|0.0|1.0|bad
-0.27660856183479393|-0.23213414417275235|-0.287994136820478|0.0|0.0|0.0|1.0|1.0|0.0|0.0|0.0|0.0|0.0|1.0|0.0|0.0|0.0|0.0|1.0|0.0|0.0|1.0|1.0|0.0|0.0|0.0|1.0|0.0|0.0|good
1.0697029473409359|-0.23213414417275235|-0.287994136820478|0.0|0.0|0.0|1.0|0.0|0.0|0.0|1.0|0.0|0.0|0.0|1.0|0.0|0.0|0.0|1.0|0.0|0.0|1.0|1.0|0.0|0.0|0.0|0.0|0.0|1.0|good
-0.27660856183479393|0.03096718148801012|-0.287994136820478|0.0|0.0|1.0|0.0|0.0|0.0|0.0|1.0|0.0|1.0|0.0|0.0|0.0|0.0|0.0|1.0|0.0|0.0|1.0|1.0|0.0|0.0|0.0|1.0|0.0|0.0|bad
-0.27660856183479393|-0.23213414417275235|-0.287994136820478|1.0|0.0|0.0|0.0|1.0|0.0|0.0|0.0|0.0|1.0|0.0|0.0|0.0|0.0|0.0|1.0|0.0|0.0|1.0|1.0|0.0|0.0|0.0|0.0|0.0|1.0|good
-0.27660856183479393|-0.23447327462895548|-0.287994136820478|1.0|0.0|0.0|0.0|1.0|0.0|0.0|0.0|0.0|0.0|0.0|1.0|0.0|0.0|0.0|1.0|0.0|0.0|1.0|1.0|0.0|0.0|0.0|0.0|1.0|0.0|bad
-0.910166919093961|1.4202799136273005|-0.287994136820478|1.0|0.0|0.0|0.0|1.0|0.0|0.0|0.0|0.0|1.0|0.0|0.0|0.0|0.0|0.0|1.0|0.0|0.0|1.0|1.0|0.0|0.0|0.0|0.0|0.0|1.0|good
-0.27660856183479393|-0.2512975794009011|-0.287994136820478|1.0|0.0|0.0|0.0|1.0|0.0|0.0|0.0|0.0|1.0|0.0|0.0|0.0|0.0|0.0|1.0|0.0|0.0|1.0|1.0|0.0|0.0|0.0|0.0|0.0|1.0|good
-0.27660856183479393|0.15555130361187328|-0.287994136820478|1.0|0.0|0.0|0.0|0.0|0.0|0.0|0.0|1.0|0.0|0.0|1.0|0.0|0.0|0.0|1.0|0.0|0.0|1.0|1.0|0.0|0.0|0.0|1.0|0.0|0.0|good
1.918218604384463|0.7403339176626597|5.045556464397595|1.0|0.0|0.0|0.0|1.0|0.0|0.0|0.0|0.0|1.0|0.0|0.0|0.0|0.0|0.0|1.0|0.0|0.0|1.0|1.0|0.0|0.0|0.0|0.0|0.0|1.0|good
-0.27660856183479393|-0.28388558942117226|-0.287994136820478|1.0|0.0|0.0|0.0|1.0|0.0|0.0|0.0|0.0|1.0|0.0|0.0|0.0|0.0|0.0|1.0|0.0|0.0|1.0|1.0|0.0|0.0|0.0|0.0|0.0|1.0|good
-0.27660856183479393|-0.23213414417275235|-0.287994136820478|1.0|0.0|0.0|0.0|1.0|0.0|0.0|0.0|0.0|1.0|0.0|0.0|0.0|0.0|0.0|1.0|0.0|0.0|1.0|1.0|0.0|0.0|0.0|0.0|0.0|1.0|good
-0.310549188116535|-0.23213414417275235|-0.287994136820478|1.0|0.0|0.0|0.0|1.0|0.0|0.0|0.0|0.0|1.0|0.0|0.0|0.0|0.0|0.0|1.0|0.0|0.0|1.0|1.0|0.0|0.0|0.0|0.0|0.0|1.0|bad
0.2211872902974087|-0.23213414417275235|0.6725210888597806|1.0|0.0|0.0|0.0|0.0|0.0|0.0|0.0|1.0|1.0|0.0|0.0|0.0|0.0|0.0|1.0|0.0|0.0|1.0|1.0|0.0|0.0|0.0|1.0|0.0|0.0|good
0.7868643949930935|-0.23213414417275235|-0.287994136820478|0.0|1.0|0.0|0.0|1.0|0.0|0.0|0.0|0.0|1.0|0.0|0.0|0.0|0.0|0.0|1.0|1.0|0.0|0.0|1.0|0.0|0.0|0.0|0.0|0.0|1.0|good
-0.27660856183479393|2.8223053112894343|-0.287994136820478|1.0|0.0|0.0|0.0|0.0|1.0|0.0|0.0|0.0|1.0|0.0|0.0|0.0|0.0|0.0|1.0|0.0|0.0|1.0|1.0|0.0|0.0|0.0|0.0|0.0|1.0|bad
1.918218604384463|-1.8091003481898056|-0.287994136820478|1.0|0.0|0.0|0.0|1.0|0.0|0.0|0.0|0.0|1.0|0.0|0.0|0.0|0.0|0.0|1.0|0.0|1.0|0.0|1.0|0.0|0.0|0.0|0.0|0.0|1.0|good
-0.27660856183479393|-0.2718848331676083|-0.287994136820478|1.0|0.0|0.0|0.0|1.0|0.0|0.0|0.0|0.0|0.0|0.0|1.0|0.0|0.0|0.0|1.0|0.0|0.0|1.0|1.0|0.0|0.0|0.0|0.0|0.0|1.0|good
-0.27660856183479393|-0.23213414417275235|-0.287994136820478|1.0|0.0|0.0|0.0|1.0|0.0|0.0|0.0|0.0|1.0|0.0|0.0|0.0|0.0|0.0|1.0|0.0|0.0|1.0|0.0|0.0|0.0|1.0|0.0|0.0|1.0|good
-0.27660856183479393|-0.23213414417275235|-0.287994136820478|0.0|0.0|0.0|1.0|1.0|0.0|0.0|0.0|0.0|1.0|0.0|0.0|0.0|0.0|0.0|1.0|0.0|0.0|1.0|1.0|0.0|0.0|0.0|0.0|0.0|1.0|good
-0.27660856183479393|1.2597371090245382|-0.287994136820478|1.0|0.0|0.0|0.0|1.0|0.0|0.0|0.0|0.0|1.0|0.0|0.0|0.0|0.0|0.0|1.0|0.0|0.0|1.0|1.0|0.0|0.0|0.0|1.0|0.0|0.0|bad
-0.31620595916349187|-0.23213414417275235|-0.9317877471363409|1.0|0.0|0.0|0.0|1.0|0.0|0.0|0.0|0.0|1.0|0.0|0.0|0.0|0.0|0.0|1.0|0.0|0.0|1.0|0.0|0.0|1.0|0.0|0.0|0.0|1.0|good
-0.27660856183479393|-0.284612027451049|1.1382881702780094|1.0|0.0|0.0|0.0|1.0|0.0|0.0|0.0|0.0|0.0|1.0|0.0|0.0|0.0|0.0|1.0|0.0|0.0|1.0|1.0|0.0|0.0|0.0|1.0|0.0|0.0|good
-0.27660856183479393|-0.23213414417275235|-0.287994136820478|1.0|0.0|0.0|0.0|1.0|0.0|0.0|0.0|0.0|0.0|0.0|1.0|0.0|0.0|0.0|1.0|0.0|0.0|1.0|0.0|0.0|1.0|0.0|0.0|0.0|1.0|good
4.180927023167202|-0.23213414417275235|-0.287994136820478|0.0|0.0|0.0|1.0|1.0|0.0|0.0|0.0|0.0|1.0|0.0|0.0|0.0|0.0|0.0|1.0|0.0|0.0|1.0|1.0|0.0|0.0|0.0|0.0|0.0|1.0|good
-0.27660856183479393|3.550196217225941|-0.287994136820478|1.0|0.0|0.0|0.0|1.0|0.0|0.0|0.0|0.0|1.0|0.0|0.0|0.0|0.0|0.0|1.0|0.0|0.0|1.0|0.0|1.0|0.0|0.0|0.0|0.0|1.0|good
-0.27660856183479393|-0.2614531830585781|1.1382881702780094|1.0|0.0|0.0|0.0|0.0|0.0|0.0|1.0|0.0|1.0|0.0|0.0|0.0|0.0|0.0|1.0|0.0|0.0|1.0|0.0|0.0|0.0|1.0|0.0|0.0|1.0|good
-0.27660856183479393|-0.23213414417275235|-1.1646712878454553|1.0|0.0|0.0|0.0|1.0|0.0|0.0|0.0|0.0|1.0|0.0|0.0|0.0|0.0|0.0|1.0|0.0|0.0|1.0|1.0|0.0|0.0|0.0|0.0|0.0|1.0|good
-0.27660856183479393|0.2812250827805516|-0.287994136820478|0.0|0.0|0.0|1.0|1.0|0.0|0.0|0.0|0.0|1.0|0.0|0.0|0.0|0.0|0.0|1.0|0.0|0.0|1.0|1.0|0.0|0.0|0.0|0.0|0.0|1.0|bad
-0.27660856183479393|-0.20978891037374342|3.3894957304661153|1.0|0.0|0.0|0.0|0.0|0.0|0.0|1.0|0.0|1.0|0.0|0.0|0.0|0.0|0.0|1.0|0.0|0.0|1.0|0.0|0.0|1.0|0.0|0.0|0.0|1.0|good
-1.4758440237896457|0.8122512826204582|3.5965033222075506|1.0|0.0|0.0|0.0|1.0|0.0|0.0|0.0|0.0|0.0|1.0|0.0|0.0|0.0|0.0|1.0|0.0|0.0|1.0|1.0|0.0|0.0|0.0|0.0|0.0|1.0|good
-0.27660856183479393|-0.23213414417275235|-0.287994136820478|1.0|0.0|0.0|0.0|1.0|0.0|0.0|0.0|0.0|1.0|0.0|0.0|0.0|0.0|0.0|1.0|0.0|0.0|1.0|1.0|0.0|0.0|0.0|0.0|0.0|1.0|bad
-0.27660856183479393|-0.6642340131040426|-0.287994136820478|1.0|0.0|0.0|0.0|1.0|0.0|0.0|0.0|0.0|1.0|0.0|0.0|0.0|0.0|0.0|1.0|0.0|0.0|1.0|1.0|0.0|0.0|0.0|0.0|0.0|1.0|good
-0.27660856183479393|0.6655108005853541|-0.287994136820478|1.0|0.0|0.0|0.0|0.0|0.0|0.0|0.0|1.0|1.0|0.0|0.0|0.0|1.0|0.0|0.0|0.0|0.0|1.0|1.0|0.0|0.0|0.0|1.0|0.0|0.0|good
-0.27660856183479393|1.7355540185938114|-0.2983445164075497|1.0|0.0|0.0|0.0|0.0|0.0|0.0|0.0|1.0|1.0|0.0|0.0|0.0|0.0|0.0|1.0|1.0|0.0|0.0|0.0|0.0|1.0|0.0|0.0|0.0|1.0|good
-0.27660856183479393|-0.23213414417275235|-0.287994136820478|1.0|0.0|0.0|0.0|1.0|0.0|0.0|0.0|0.0|1.0|0.0|0.0|0.0|0.0|0.0|1.0|0.0|0.0|1.0|1.0|0.0|0.0|0.0|0.0|0.0|1.0|good
-0.27660856183479393|-0.2569202097521472|1.1124122213103302|1.0|0.0|0.0|0.0|0.0|0.0|0.0|0.0|1.0|1.0|0.0|0.0|0.0|0.0|0.0|1.0|0.0|1.0|0.0|0.0|0.0|1.0|0.0|0.0|0.0|1.0|bad
-0.27660856183479393|-0.23213414417275235|3.1824881387246804|1.0|0.0|0.0|0.0|1.0|0.0|0.0|0.0|0.0|1.0|0.0|0.0|0.0|0.0|0.0|1.0|0.0|0.0|1.0|1.0|0.0|0.0|0.0|0.0|0.0|1.0|bad
-0.27660856183479393|-0.23213414417275235|-1.1646712878454553|0.0|0.0|0.0|1.0|1.0|0.0|0.0|0.0|0.0|1.0|0.0|0.0|0.0|0.0|0.0|1.0|0.0|0.0|1.0|1.0|0.0|0.0|0.0|0.0|0.0|1.0|good
-1.1930054714418032|-0.26645107670413015|-0.30972993395332865|1.0|0.0|0.0|0.0|1.0|0.0|0.0|0.0|0.0|0.0|1.0|0.0|0.0|0.0|0.0|1.0|0.0|0.0|1.0|1.0|0.0|0.0|0.0|0.0|0.0|1.0|good
-0.27660856183479393|-0.2830429213065152|-1.6045624202960047|1.0|0.0|0.0|0.0|1.0|0.0|0.0|0.0|0.0|1.0|0.0|0.0|0.0|0.0|0.0|1.0|0.0|0.0|1.0|1.0|0.0|0.0|0.0|0.0|0.0|1.0|good
-0.27660856183479393|-0.23213414417275235|-0.287994136820478|1.0|0.0|0.0|0.0|1.0|0.0|0.0|0.0|0.0|1.0|0.0|0.0|0.0|0.0|0.0|1.0|0.0|0.0|1.0|1.0|0.0|0.0|0.0|0.0|0.0|1.0|bad
-0.27660856183479393|-0.23213414417275235|-0.3066248200772071|1.0|0.0|0.0|0.0|1.0|0.0|0.0|0.0|0.0|0.0|0.0|1.0|0.0|0.0|0.0|1.0|0.0|0.0|1.0|1.0|0.0|0.0|0.0|0.0|0.0|1.0|good
-0.27660856183479393|-0.23213414417275235|-0.31283504782945015|1.0|0.0|0.0|0.0|1.0|0.0|0.0|0.0|0.0|0.0|0.0|1.0|0.0|0.0|0.0|1.0|0.0|0.0|1.0|1.0|0.0|0.0|0.0|1.0|0.0|0.0|good
-0.27660856183479393|-0.23213414417275235|-0.287994136820478|1.0|0.0|0.0|0.0|1.0|0.0|0.0|0.0|0.0|1.0|0.0|0.0|0.0|0.0|0.0|1.0|0.0|0.0|1.0|1.0|0.0|0.0|0.0|1.0|0.0|0.0|good
-0.27660856183479393|-0.23213414417275235|-1.6045624202960047|1.0|0.0|0.0|0.0|1.0|0.0|0.0|0.0|0.0|1.0|0.0|0.0|0.0|0.0|1.0|0.0|0.0|0.0|1.0|0.0|0.0|0.0|1.0|0.0|0.0|1.0|good
-0.31620595916349187|-0.27929450107235115|-0.287994136820478|1.0|0.0|0.0|0.0|1.0|0.0|0.0|0.0|0.0|1.0|0.0|0.0|0.0|0.0|1.0|0.0|0.0|0.0|1.0|1.0|0.0|0.0|0.0|1.0|0.0|0.0|good
4.180927023167202|-0.23213414417275235|-0.287994136820478|1.0|0.0|0.0|0.0|1.0|0.0|0.0|0.0|0.0|1.0|0.0|0.0|0.0|0.0|0.0|1.0|0.0|0.0|1.0|0.0|0.0|1.0|0.0|0.0|0.0|1.0|good
-0.27660856183479393|-0.23213414417275235|-0.287994136820478|1.0|0.0|0.0|0.0|1.0|0.0|0.0|0.0|0.0|1.0|0.0|0.0|0.0|0.0|0.0|1.0|0.0|0.0|1.0|1.0|0.0|0.0|0.0|0.0|0.0|1.0|good
-0.27660856183479393|-0.23213414417275235|-1.009415594039379|1.0|0.0|0.0|0.0|1.0|0.0|0.0|0.0|0.0|1.0|0.0|0.0|0.0|0.0|0.0|1.0|1.0|0.0|0.0|1.0|0.0|0.0|0.0|0.0|1.0|0.0|good
-0.25398147764696655|-3.0553047884433755|1.2676679151164065|1.0|0.0|0.0|0.0|1.0|0.0|0.0|0.0|0.0|1.0|0.0|0.0|0.0|0.0|0.0|1.0|1.0|0.0|0.0|1.0|0.0|0.0|0.0|0.0|0.0|1.0|good
0.7868643949930935|-0.23213414417275235|-0.287994136820478|1.0|0.0|0.0|0.0|1.0|0.0|0.0|0.0|0.0|1.0|0.0|0.0|0.0|0.0|1.0|0.0|0.0|0.0|1.0|1.0|0.0|0.0|0.0|0.0|0.0|1.0|good
-0.27660856183479393|-0.23213414417275235|-0.2869590988617708|1.0|0.0|0.0|0.0|0.0|0.0|1.0|0.0|0.0|1.0|0.0|0.0|0.0|0.0|0.0|1.0|0.0|0.0|1.0|0.0|0.0|1.0|0.0|1.0|0.0|0.0|bad
-0.27660856183479393|-0.23213414417275235|-0.30972993395332865|1.0|0.0|0.0|0.0|1.0|0.0|0.0|0.0|0.0|1.0|0.0|0.0|0.0|0.0|0.0|1.0|0.0|0.0|1.0|1.0|0.0|0.0|0.0|0.0|0.0|1.0|good
-0.27660856183479393|-0.23213414417275235|-0.287994136820478|1.0|0.0|0.0|0.0|1.0|0.0|0.0|0.0|0.0|1.0|0.0|0.0|0.0|0.0|0.0|1.0|0.0|0.0|1.0|1.0|0.0|0.0|0.0|0.0|0.0|1.0|bad
-1.4758440237896457|-0.20811810290502689|-0.287994136820478|1.0|0.0|0.0|0.0|1.0|0.0|0.0|0.0|0.0|1.0|0.0|0.0|0.0|0.0|0.0|1.0|0.0|0.0|1.0|1.0|0.0|0.0|0.0|0.0|0.0|1.0|good
-0.27660856183479393|-0.23169828135482629|-0.287994136820478|1.0|0.0|0.0|0.0|1.0|0.0|0.0|0.0|0.0|1.0|0.0|0.0|0.0|0.0|0.0|1.0|1.0|0.0|0.0|1.0|0.0|0.0|0.0|0.0|0.0|1.0|good
4.180927023167202|2.4696196477842705|-0.287994136820478|1.0|0.0|0.0|0.0|1.0|0.0|0.0|0.0|0.0|1.0|0.0|0.0|0.0|0.0|0.0|1.0|0.0|0.0|1.0|1.0|0.0|0.0|0.0|0.0|1.0|0.0|good
-0.27660856183479393|3.3162831716056265|0.3361337522799487|1.0|0.0|0.0|0.0|1.0|0.0|0.0|0.0|0.0|1.0|0.0|0.0|0.0|0.0|0.0|1.0|0.0|0.0|1.0|0.0|0.0|1.0|0.0|0.0|0.0|1.0|bad
-0.27660856183479393|-0.23213414417275235|-0.8541599002333028|1.0|0.0|0.0|0.0|1.0|0.0|0.0|0.0|0.0|1.0|0.0|0.0|0.0|0.0|1.0|0.0|0.0|0.0|1.0|1.0|0.0|0.0|0.0|0.0|0.0|1.0|good
0.5983053600945318|0.6335475272707769|-1.501058624425287|1.0|0.0|0.0|0.0|1.0|0.0|0.0|0.0|0.0|1.0|0.0|0.0|0.0|0.0|0.0|1.0|0.0|0.0|1.0|0.0|0.0|0.0|1.0|0.0|0.0|1.0|good
-1.1930054714418032|-0.23213414417275235|-0.287994136820478|1.0|0.0|0.0|0.0|1.0|0.0|0.0|0.0|0.0|1.0|0.0|0.0|0.0|0.0|0.0|1.0|0.0|0.0|1.0|1.0|0.0|0.0|0.0|0.0|0.0|1.0|good
-0.30489241706957815|-0.23213414417275235|-0.287994136820478|1.0|0.0|0.0|0.0|1.0|0.0|0.0|0.0|0.0|1.0|0.0|0.0|0.0|0.0|0.0|1.0|0.0|0.0|1.0|1.0|0.0|0.0|0.0|1.0|0.0|0.0|good
-0.33317627230436236|-0.23213414417275235|-0.28074887110952773|0.0|0.0|1.0|0.0|1.0|0.0|0.0|0.0|0.0|1.0|0.0|0.0|0.0|0.0|0.0|1.0|0.0|0.0|1.0|1.0|0.0|0.0|0.0|0.0|0.0|1.0|good
-0.27660856183479393|-0.23213414417275235|-0.29316932661401385|1.0|0.0|0.0|0.0|1.0|0.0|0.0|0.0|0.0|0.0|1.0|0.0|0.0|0.0|0.0|1.0|0.0|0.0|1.0|1.0|0.0|0.0|0.0|0.0|0.0|1.0|bad
-0.27660856183479393|-0.23213414417275235|3.492999526336833|1.0|0.0|0.0|0.0|0.0|0.0|0.0|0.0|1.0|1.0|0.0|0.0|0.0|0.0|0.0|1.0|0.0|0.0|1.0|1.0|0.0|0.0|0.0|0.0|0.0|1.0|bad
-0.27660856183479393|-0.23213414417275235|4.735045076785443|1.0|0.0|0.0|0.0|1.0|0.0|0.0|0.0|0.0|1.0|0.0|0.0|0.0|0.0|0.0|1.0|0.0|0.0|1.0|1.0|0.0|0.0|0.0|0.0|0.0|1.0|good
-0.27660856183479393|-0.23213414417275235|4.217526097431856|1.0|0.0|0.0|0.0|1.0|0.0|0.0|0.0|0.0|1.0|0.0|0.0|1.0|0.0|0.0|0.0|1.0|0.0|0.0|1.0|0.0|0.0|0.0|0.0|0.0|1.0|bad
-0.27660856183479393|-0.23213414417275235|-0.287994136820478|1.0|0.0|0.0|0.0|1.0|0.0|0.0|0.0|0.0|1.0|0.0|0.0|0.0|0.0|0.0|1.0|0.0|0.0|1.0|0.0|0.0|1.0|0.0|0.0|0.0|1.0|good
-0.27660856183479393|-0.23213414417275235|-0.31180000987074297|1.0|0.0|0.0|0.0|1.0|0.0|0.0|0.0|0.0|1.0|0.0|0.0|0.0|0.0|0.0|1.0|0.0|0.0|1.0|1.0|0.0|0.0|0.0|0.0|0.0|1.0|good
-0.3218627302104487|-0.23213414417275235|-0.3024846682423784|1.0|0.0|0.0|0.0|1.0|0.0|0.0|0.0|0.0|1.0|0.0|0.0|0.0|0.0|0.0|1.0|0.0|0.0|1.0|1.0|0.0|0.0|0.0|0.0|0.0|1.0|bad
-0.32940509160639114|1.4958294687344829|-0.287994136820478|1.0|0.0|0.0|0.0|1.0|0.0|0.0|0.0|0.0|0.0|1.0|0.0|0.0|0.0|0.0|1.0|0.0|0.0|1.0|1.0|0.0|0.0|0.0|0.0|0.0|1.0|bad
0.5040258426452511|0.0996155753113633|-0.287994136820478|1.0|0.0|0.0|0.0|0.0|1.0|0.0|0.0|0.0|1.0|0.0|0.0|0.0|0.0|0.0|1.0|0.0|0.0|1.0|1.0|0.0|0.0|0.0|0.0|0.0|1.0|good
-0.25398147764696655|-0.23213414417275235|-1.3716788795868902|1.0|0.0|0.0|0.0|1.0|0.0|0.0|0.0|0.0|0.0|0.0|1.0|0.0|0.0|0.0|1.0|1.0|0.0|0.0|1.0|0.0|0.0|0.0|0.0|0.0|1.0|good
-0.27660856183479393|-0.23213414417275235|-0.31076497191203584|1.0|0.0|0.0|0.0|1.0|0.0|0.0|0.0|0.0|1.0|0.0|0.0|0.0|0.0|0.0|1.0|0.0|0.0|1.0|1.0|0.0|0.0|0.0|0.0|0.0|1.0|good
-0.2992356460226213|-0.23213414417275235|-0.287994136820478|0.0|1.0|0.0|0.0|1.0|0.0|0.0|0.0|0.0|1.0|0.0|0.0|0.0|0.0|0.0|1.0|0.0|0.0|1.0|0.0|0.0|1.0|0.0|0.0|0.0|1.0|good
0.2211872902974087|-0.23213414417275235|0.9571565275042537|1.0|0.0|0.0|0.0|1.0|0.0|0.0|0.0|0.0|1.0|0.0|0.0|0.0|0.0|0.0|1.0|0.0|0.0|1.0|1.0|0.0|0.0|0.0|0.0|0.0|1.0|bad
-0.27660856183479393|-0.23213414417275235|-0.287994136820478|1.0|0.0|0.0|0.0|1.0|0.0|0.0|0.0|0.0|1.0|0.0|0.0|0.0|0.0|0.0|1.0|0.0|0.0|1.0|1.0|0.0|0.0|0.0|0.0|0.0|1.0|good
1.3525414996887781|-0.23213414417275235|-0.287994136820478|1.0|0.0|0.0|0.0|0.0|0.0|0.0|1.0|0.0|1.0|0.0|0.0|0.0|0.0|0.0|1.0|0.0|0.0|1.0|1.0|0.0|0.0|0.0|1.0|0.0|0.0|bad
-0.27660856183479393|-0.04421915460423384|-0.29730947844884253|0.0|1.0|0.0|0.0|1.0|0.0|0.0|0.0|0.0|1.0|0.0|0.0|0.0|0.0|0.0|1.0|0.0|0.0|1.0|1.0|0.0|0.0|0.0|0.0|0.0|1.0|good
1.918218604384463|2.8593536508131487|-0.287994136820478|1.0|0.0|0.0|0.0|1.0|0.0|0.0|0.0|0.0|1.0|0.0|0.0|0.0|0.0|0.0|1.0|1.0|0.0|0.0|1.0|0.0|0.0|0.0|0.0|0.0|1.0|good
-0.3218627302104487|-0.23213414417275235|-0.287994136820478|1.0|0.0|0.0|0.0|1.0|0.0|0.0|0.0|0.0|1.0|0.0|0.0|0.0|0.0|0.0|1.0|0.0|0.0|1.0|1.0|0.0|0.0|0.0|0.0|0.0|1.0|good
-0.31620595916349187|4.99144926850142|-0.287994136820478|1.0|0.0|0.0|0.0|1.0|0.0|0.0|0.0|0.0|1.0|0.0|0.0|0.0|0.0|0.0|1.0|0.0|0.0|1.0|1.0|0.0|0.0|0.0|0.0|0.0|1.0|good
-0.27660856183479393|-0.23964551340167797|-0.3076598580359143|1.0|0.0|0.0|0.0|1.0|0.0|0.0|0.0|0.0|1.0|0.0|0.0|0.0|0.0|0.0|1.0|0.0|0.0|1.0|1.0|0.0|0.0|0.0|0.0|0.0|1.0|bad
1.918218604384463|-0.23213414417275235|-0.3035197062010856|1.0|0.0|0.0|0.0|1.0|0.0|0.0|0.0|0.0|1.0|0.0|0.0|0.0|0.0|0.0|1.0|0.0|0.0|1.0|1.0|0.0|0.0|0.0|0.0|0.0|1.0|bad
-0.2992356460226213|-0.23213414417275235|0.5431413440213837|1.0|0.0|0.0|0.0|1.0|0.0|0.0|0.0|0.0|1.0|0.0|0.0|0.0|0.0|0.0|1.0|0.0|0.0|1.0|1.0|0.0|0.0|0.0|0.0|0.0|1.0|good
-0.310549188116535|3.561819225703969|-0.3076598580359143|1.0|0.0|0.0|0.0|1.0|0.0|0.0|0.0|0.0|1.0|0.0|0.0|0.0|0.0|0.0|1.0|0.0|0.0|1.0|1.0|0.0|0.0|0.0|0.0|0.0|1.0|good
-0.27660856183479393|-0.23213414417275235|3.3894957304661153|1.0|0.0|0.0|0.0|1.0|0.0|0.0|0.0|0.0|1.0|0.0|0.0|0.0|0.0|0.0|1.0|0.0|0.0|1.0|1.0|0.0|0.0|0.0|0.0|0.0|1.0|good
-0.27660856183479393|-0.23213414417275235|-0.287994136820478|0.0|0.0|1.0|0.0|1.0|0.0|0.0|0.0|0.0|1.0|0.0|0.0|0.0|0.0|0.0|1.0|0.0|0.0|1.0|1.0|0.0|0.0|0.0|0.0|0.0|1.0|good
-0.27660856183479393|-0.21709687695430355|4.735045076785443|1.0|0.0|0.0|0.0|0.0|0.0|0.0|1.0|0.0|0.0|0.0|1.0|0.0|0.0|0.0|1.0|0.0|0.0|1.0|1.0|0.0|0.0|0.0|0.0|0.0|1.0|good
-0.27660856183479393|-0.2792218572693635|-0.287994136820478|1.0|0.0|0.0|0.0|1.0|0.0|0.0|0.0|0.0|1.0|0.0|0.0|0.0|0.0|0.0|1.0|0.0|0.0|1.0|1.0|0.0|0.0|0.0|0.0|1.0|0.0|good
-0.27660856183479393|-1.9260568709999628|0.46551349711834555|1.0|0.0|0.0|0.0|1.0|0.0|0.0|0.0|0.0|1.0|0.0|0.0|0.0|0.0|0.0|1.0|1.0|0.0|0.0|1.0|0.0|0.0|0.0|0.0|0.0|1.0|good
-0.27660856183479393|1.2502934146361404|-0.287994136820478|1.0|0.0|0.0|0.0|1.0|0.0|0.0|0.0|0.0|1.0|0.0|0.0|0.0|0.0|1.0|0.0|0.0|0.0|1.0|1.0|0.0|0.0|0.0|0.0|0.0|1.0|good
0.7868643949930935|-0.20527046582791|-0.287994136820478|1.0|0.0|0.0|0.0|1.0|0.0|0.0|0.0|0.0|1.0|0.0|0.0|0.0|0.0|0.0|1.0|0.0|0.0|1.0|0.0|1.0|0.0|0.0|0.0|0.0|1.0|good
-0.27660856183479393|-0.23213414417275235|-0.3055897821184999|1.0|0.0|0.0|0.0|1.0|0.0|0.0|0.0|0.0|1.0|0.0|0.0|0.0|0.0|0.0|1.0|0.0|1.0|0.0|1.0|0.0|0.0|0.0|0.0|0.0|1.0|bad
-0.27660856183479393|-2.9921046798440982|2.1474501800175054|0.0|0.0|1.0|0.0|1.0|0.0|0.0|0.0|0.0|1.0|0.0|0.0|1.0|0.0|0.0|0.0|0.0|0.0|1.0|1.0|0.0|0.0|0.0|1.0|0.0|0.0|bad
-0.27660856183479393|-0.23213414417275235|-0.31180000987074297|1.0|0.0|0.0|0.0|1.0|0.0|0.0|0.0|0.0|1.0|0.0|0.0|0.0|0.0|1.0|0.0|0.0|1.0|0.0|1.0|0.0|0.0|0.0|0.0|0.0|1.0|bad
-0.27660856183479393|-0.23213414417275235|0.8536527316335363|0.0|1.0|0.0|0.0|1.0|0.0|0.0|0.0|0.0|1.0|0.0|0.0|0.0|0.0|0.0|1.0|0.0|1.0|0.0|1.0|0.0|0.0|0.0|0.0|0.0|1.0|bad
-0.27660856183479393|-0.23213414417275235|-0.287994136820478|1.0|0.0|0.0|0.0|1.0|0.0|0.0|0.0|0.0|1.0|0.0|0.0|0.0|0.0|0.0|1.0|0.0|0.0|1.0|1.0|0.0|0.0|0.0|0.0|0.0|1.0|bad
-0.27660856183479393|-0.23213414417275235|-0.31283504782945015|0.0|0.0|0.0|1.0|1.0|0.0|0.0|0.0|0.0|1.0|0.0|0.0|0.0|0.0|0.0|1.0|0.0|0.0|1.0|1.0|0.0|0.0|0.0|0.0|0.0|1.0|good
1.0697029473409359|-0.23213414417275235|-0.287994136820478|1.0|0.0|0.0|0.0|1.0|0.0|0.0|0.0|0.0|0.0|1.0|0.0|0.0|0.0|0.0|1.0|1.0|0.0|0.0|1.0|0.0|0.0|0.0|0.0|0.0|1.0|bad
4.180927023167202|1.2128818560974877|-0.3076598580359143|1.0|0.0|0.0|0.0|1.0|0.0|0.0|0.0|0.0|1.0|0.0|0.0|0.0|0.0|1.0|0.0|1.0|0.0|0.0|1.0|0.0|0.0|0.0|1.0|0.0|0.0|good
0.5983053600945318|-0.23213414417275235|-0.3045547441597928|0.0|1.0|0.0|0.0|1.0|0.0|0.0|0.0|0.0|1.0|0.0|0.0|0.0|0.0|0.0|1.0|0.0|0.0|1.0|0.0|0.0|0.0|1.0|0.0|0.0|1.0|good
-0.27660856183479393|-0.23213414417275235|-0.287994136820478|1.0|0.0|0.0|0.0|1.0|0.0|0.0|0.0|0.0|1.0|0.0|0.0|0.0|0.0|0.0|1.0|0.0|0.0|1.0|0.0|0.0|1.0|0.0|0.0|0.0|1.0|good
-0.30489241706957815|-0.23213414417275235|1.0089084254396126|1.0|0.0|0.0|0.0|1.0|0.0|0.0|0.0|0.0|1.0|0.0|0.0|0.0|0.0|0.0|1.0|0.0|0.0|1.0|0.0|0.0|0.0|1.0|0.0|0.0|1.0|good
-0.27660856183479393|-0.2546973093807243|2.2509539758882227|1.0|0.0|0.0|0.0|1.0|0.0|0.0|0.0|0.0|1.0|0.0|0.0|0.0|1.0|0.0|0.0|0.0|0.0|1.0|1.0|0.0|0.0|0.0|0.0|0.0|1.0|good
-0.27660856183479393|-0.23688504888814632|-0.287994136820478|1.0|0.0|0.0|0.0|1.0|0.0|0.0|0.0|0.0|1.0|0.0|0.0|0.0|0.0|0.0|1.0|0.0|0.0|1.0|1.0|0.0|0.0|0.0|0.0|0.0|1.0|good
-0.8158874016446801|-0.23213414417275235|-0.287994136820478|1.0|0.0|0.0|0.0|1.0|0.0|0.0|0.0|0.0|1.0|0.0|0.0|0.0|0.0|0.0|1.0|0.0|0.0|1.0|1.0|0.0|0.0|0.0|0.0|0.0|1.0|good
-0.27660856183479393|-0.23213414417275235|-1.4493067264899284|1.0|0.0|0.0|0.0|1.0|0.0|0.0|0.0|0.0|1.0|0.0|0.0|0.0|0.0|0.0|1.0|1.0|0.0|0.0|1.0|0.0|0.0|0.0|0.0|0.0|1.0|good
-0.27660856183479393|-0.2885638503335785|-0.31283504782945015|1.0|0.0|0.0|0.0|1.0|0.0|0.0|0.0|0.0|1.0|0.0|0.0|0.0|0.0|0.0|1.0|0.0|0.0|1.0|1.0|0.0|0.0|0.0|0.0|0.0|1.0|good
-0.2992356460226213|-0.23213414417275235|-0.287994136820478|1.0|0.0|0.0|0.0|1.0|0.0|0.0|0.0|0.0|0.0|1.0|0.0|0.0|0.0|0.0|1.0|0.0|0.0|1.0|1.0|0.0|0.0|0.0|0.0|0.0|1.0|good
-0.27660856183479393|-0.23213414417275235|-0.287994136820478|1.0|0.0|0.0|0.0|1.0|0.0|0.0|0.0|0.0|1.0|0.0|0.0|1.0|0.0|0.0|0.0|0.0|0.0|1.0|0.0|0.0|0.0|1.0|0.0|0.0|1.0|good
0.0797680141234875|-0.23213414417275235|-0.287994136820478|1.0|0.0|0.0|0.0|1.0|0.0|0.0|0.0|0.0|1.0|0.0|0.0|0.0|0.0|0.0|1.0|0.0|0.0|1.0|1.0|0.0|0.0|0.0|0.0|0.0|1.0|bad
-0.27660856183479393|-0.23213414417275235|-0.287994136820478|1.0|0.0|0.0|0.0|1.0|0.0|0.0|0.0|0.0|1.0|0.0|0.0|0.0|0.0|0.0|1.0|1.0|0.0|0.0|0.0|0.0|1.0|0.0|0.0|0.0|1.0|good
-0.7687476429200397|-0.23213414417275235|-0.287994136820478|1.0|0.0|0.0|0.0|1.0|0.0|0.0|0.0|0.0|0.0|1.0|0.0|1.0|0.0|0.0|0.0|0.0|0.0|1.0|1.0|0.0|0.0|0.0|0.0|0.0|1.0|bad
-1.1930054714418032|4.3899585797634675|-0.29730947844884253|1.0|0.0|0.0|0.0|1.0|0.0|0.0|0.0|0.0|0.0|0.0|1.0|0.0|0.0|0.0|1.0|1.0|0.0|0.0|1.0|0.0|0.0|0.0|0.0|0.0|1.0|good
-0.27660856183479393|-0.23213414417275235|-0.3076598580359143|1.0|0.0|0.0|0.0|1.0|0.0|0.0|0.0|0.0|0.0|0.0|1.0|0.0|0.0|0.0|1.0|0.0|0.0|1.0|1.0|0.0|0.0|0.0|1.0|0.0|0.0|bad
-0.3256339109084199|-0.23213414417275235|-0.287994136820478|1.0|0.0|0.0|0.0|1.0|0.0|0.0|0.0|0.0|1.0|0.0|0.0|0.0|0.0|0.0|1.0|0.0|0.0|1.0|1.0|0.0|0.0|0.0|1.0|0.0|0.0|good
-0.27660856183479393|-0.23213414417275235|-0.287994136820478|1.0|0.0|0.0|0.0|1.0|0.0|0.0|0.0|0.0|1.0|0.0|0.0|0.0|0.0|0.0|1.0|0.0|0.0|1.0|1.0|0.0|0.0|0.0|1.0|0.0|0.0|bad
-0.27660856183479393|0.5452853066407514|-0.287994136820478|1.0|0.0|0.0|0.0|1.0|0.0|0.0|0.0|0.0|1.0|0.0|0.0|0.0|0.0|0.0|1.0|0.0|0.0|1.0|1.0|0.0|0.0|0.0|1.0|0.0|0.0|good
-0.27660856183479393|-0.23653635863380548|-0.287994136820478|1.0|0.0|0.0|0.0|1.0|0.0|0.0|0.0|0.0|1.0|0.0|0.0|0.0|0.0|0.0|1.0|0.0|1.0|0.0|1.0|0.0|0.0|0.0|0.0|0.0|1.0|bad
-0.27660856183479393|-0.23213414417275235|-0.3076598580359143|1.0|0.0|0.0|0.0|1.0|0.0|0.0|0.0|0.0|1.0|0.0|0.0|0.0|0.0|0.0|1.0|1.0|0.0|0.0|0.0|0.0|1.0|0.0|0.0|0.0|1.0|good
1.0697029473409359|-0.23213414417275235|-0.287994136820478|1.0|0.0|0.0|0.0|1.0|0.0|0.0|0.0|0.0|1.0|0.0|0.0|0.0|0.0|1.0|0.0|0.0|0.0|1.0|1.0|0.0|0.0|0.0|1.0|0.0|0.0|bad
-0.27660856183479393|-0.23213414417275235|-0.287994136820478|1.0|0.0|0.0|0.0|1.0|0.0|0.0|0.0|0.0|0.0|0.0|1.0|0.0|0.0|0.0|1.0|0.0|0.0|1.0|1.0|0.0|0.0|0.0|0.0|0.0|1.0|good
-0.27660856183479393|-0.23213414417275235|-0.287994136820478|1.0|0.0|0.0|0.0|1.0|0.0|0.0|0.0|0.0|1.0|0.0|0.0|0.0|0.0|0.0|1.0|0.0|0.0|1.0|1.0|0.0|0.0|0.0|0.0|0.0|1.0|good
-0.27660856183479393|2.9632342890855243|-0.287994136820478|1.0|0.0|0.0|0.0|1.0|0.0|0.0|0.0|0.0|1.0|0.0|0.0|0.0|0.0|0.0|1.0|0.0|0.0|1.0|1.0|0.0|0.0|0.0|0.0|0.0|1.0|good
0.2211872902974087|-0.23213414417275235|-0.3149051237468645|1.0|0.0|0.0|0.0|0.0|1.0|0.0|0.0|0.0|1.0|0.0|0.0|1.0|0.0|0.0|0.0|0.0|0.0|1.0|1.0|0.0|0.0|0.0|0.0|0.0|1.0|good
-0.27660856183479393|1.4951030307046063|-0.31076497191203584|1.0|0.0|0.0|0.0|1.0|0.0|0.0|0.0|0.0|1.0|0.0|0.0|0.0|0.0|0.0|1.0|0.0|0.0|1.0|1.0|0.0|0.0|0.0|0.0|0.0|1.0|bad
-0.27660856183479393|-0.23213414417275235|1.5264274047932003|1.0|0.0|0.0|0.0|0.0|0.0|0.0|0.0|1.0|1.0|0.0|0.0|0.0|0.0|0.0|1.0|0.0|0.0|1.0|1.0|0.0|0.0|0.0|0.0|0.0|1.0|good
1.3525414996887781|-0.23213414417275235|-0.287994136820478|1.0|0.0|0.0|0.0|1.0|0.0|0.0|0.0|0.0|1.0|0.0|0.0|0.0|0.0|0.0|1.0|0.0|0.0|1.0|1.0|0.0|0.0|0.0|1.0|0.0|0.0|good
-0.310549188116535|-1.627127621705679|-0.287994136820478|1.0|0.0|0.0|0.0|1.0|0.0|0.0|0.0|0.0|1.0|0.0|0.0|0.0|0.0|0.0|1.0|0.0|0.0|1.0|1.0|0.0|0.0|0.0|0.0|0.0|1.0|good
1.3525414996887781|-0.23213414417275235|-1.423430777522249|1.0|0.0|0.0|0.0|1.0|0.0|0.0|0.0|0.0|1.0|0.0|0.0|0.0|0.0|0.0|1.0|0.0|0.0|1.0|1.0|0.0|0.0|0.0|0.0|0.0|1.0|bad
-0.27660856183479393|-0.23213414417275235|3.8035109139489856|1.0|0.0|0.0|0.0|1.0|0.0|0.0|0.0|0.0|1.0|0.0|0.0|0.0|0.0|0.0|1.0|0.0|0.0|1.0|1.0|0.0|0.0|0.0|0.0|0.0|1.0|good
-0.27660856183479393|0.8169731298146571|-0.2993795543662569|1.0|0.0|0.0|0.0|1.0|0.0|0.0|0.0|0.0|1.0|0.0|0.0|0.0|0.0|0.0|1.0|0.0|0.0|1.0|1.0|0.0|0.0|0.0|0.0|0.0|1.0|good
0.5040258426452511|-0.23213414417275235|-0.287994136820478|1.0|0.0|0.0|0.0|1.0|0.0|0.0|0.0|0.0|0.0|0.0|1.0|0.0|0.0|0.0|1.0|0.0|1.0|0.0|1.0|0.0|0.0|0.0|0.0|0.0|1.0|good
-0.27660856183479393|-1.0808462232383607|-0.287994136820478|1.0|0.0|0.0|0.0|1.0|0.0|0.0|0.0|0.0|1.0|0.0|0.0|0.0|0.0|0.0|1.0|0.0|0.0|1.0|1.0|0.0|0.0|0.0|0.0|0.0|1.0|good
-0.27660856183479393|-0.23213414417275235|1.2935438640840857|1.0|0.0|0.0|0.0|1.0|0.0|0.0|0.0|0.0|1.0|0.0|0.0|0.0|0.0|0.0|1.0|0.0|0.0|1.0|0.0|1.0|0.0|0.0|0.0|0.0|1.0|good
-0.27660856183479393|-0.23213414417275235|1.2159160171810477|1.0|0.0|0.0|0.0|1.0|0.0|0.0|0.0|0.0|1.0|0.0|0.0|0.0|0.0|0.0|1.0|0.0|0.0|1.0|1.0|0.0|0.0|0.0|0.0|0.0|1.0|bad
-0.25398147764696655|-0.1897246919885475|-0.287994136820478|1.0|0.0|0.0|0.0|1.0|0.0|0.0|0.0|0.0|1.0|0.0|0.0|0.0|0.0|0.0|1.0|1.0|0.0|0.0|1.0|0.0|0.0|0.0|1.0|0.0|0.0|bad
1.3525414996887781|-0.23213414417275235|-0.287994136820478|1.0|0.0|0.0|0.0|1.0|0.0|0.0|0.0|0.0|1.0|0.0|0.0|0.0|0.0|0.0|1.0|0.0|0.0|1.0|1.0|0.0|0.0|0.0|0.0|0.0|1.0|good
-0.27660856183479393|-0.23213414417275235|-0.2993795543662569|1.0|0.0|0.0|0.0|1.0|0.0|0.0|0.0|0.0|1.0|0.0|0.0|0.0|0.0|0.0|1.0|1.0|0.0|0.0|0.0|0.0|1.0|0.0|0.0|0.0|1.0|good
-0.27660856183479393|-0.23213414417275235|-0.287994136820478|1.0|0.0|0.0|0.0|1.0|0.0|0.0|0.0|0.0|1.0|0.0|0.0|0.0|0.0|0.0|1.0|0.0|0.0|1.0|1.0|0.0|0.0|0.0|0.0|0.0|1.0|bad
0.7868643949930935|-0.2961188058442968|-0.287994136820478|0.0|0.0|1.0|0.0|1.0|0.0|0.0|0.0|0.0|1.0|0.0|0.0|0.0|0.0|0.0|1.0|0.0|0.0|1.0|1.0|0.0|0.0|0.0|0.0|0.0|1.0|good
-0.27660856183479393|-0.23213414417275235|-0.287994136820478|1.0|0.0|0.0|0.0|1.0|0.0|0.0|0.0|0.0|1.0|0.0|0.0|0.0|0.0|0.0|1.0|0.0|0.0|1.0|1.0|0.0|0.0|0.0|0.0|0.0|1.0|good
-0.27660856183479393|-0.23213414417275235|-0.287994136820478|1.0|0.0|0.0|0.0|1.0|0.0|0.0|0.0|0.0|1.0|0.0|0.0|0.0|0.0|0.0|1.0|0.0|0.0|1.0|1.0|0.0|0.0|0.0|0.0|0.0|1.0|bad
-0.27660856183479393|-0.23213414417275235|-0.287994136820478|1.0|0.0|0.0|0.0|1.0|0.0|0.0|0.0|0.0|0.0|1.0|0.0|0.0|0.0|0.0|1.0|0.0|0.0|1.0|0.0|0.0|1.0|0.0|0.0|0.0|1.0|good
-0.27660856183479393|-0.23213414417275235|-0.287994136820478|0.0|0.0|1.0|0.0|1.0|0.0|0.0|0.0|0.0|0.0|0.0|1.0|0.0|0.0|0.0|1.0|0.0|0.0|1.0|0.0|0.0|1.0|0.0|0.0|0.0|1.0|good
-0.27660856183479393|-0.23213414417275235|-0.287994136820478|1.0|0.0|0.0|0.0|1.0|0.0|0.0|0.0|0.0|1.0|0.0|0.0|0.0|0.0|0.0|1.0|0.0|0.0|1.0|1.0|0.0|0.0|0.0|0.0|0.0|1.0|good
-0.27660856183479393|-0.26886285096332097|-0.31076497191203584|1.0|0.0|0.0|0.0|1.0|0.0|0.0|0.0|0.0|0.0|1.0|0.0|0.0|0.0|0.0|1.0|0.0|0.0|1.0|1.0|0.0|0.0|0.0|0.0|0.0|1.0|good
-1.1930054714418032|-0.23213414417275235|-0.287994136820478|1.0|0.0|0.0|0.0|1.0|0.0|0.0|0.0|0.0|1.0|0.0|0.0|0.0|0.0|0.0|1.0|0.0|0.0|1.0|1.0|0.0|0.0|0.0|0.0|0.0|1.0|good
-0.310549188116535|-0.23213414417275235|-0.287994136820478|0.0|1.0|0.0|0.0|1.0|0.0|0.0|0.0|0.0|1.0|0.0|0.0|0.0|0.0|0.0|1.0|0.0|0.0|1.0|1.0|0.0|0.0|0.0|0.0|0.0|1.0|good
0.3626065664713299|-0.2675843200307379|-0.287994136820478|1.0|0.0|0.0|0.0|1.0|0.0|0.0|0.0|0.0|1.0|0.0|0.0|0.0|0.0|0.0|1.0|1.0|0.0|0.0|1.0|0.0|0.0|0.0|0.0|0.0|1.0|good
-0.27660856183479393|1.8038391934022262|-0.287994136820478|1.0|0.0|0.0|0.0|1.0|0.0|0.0|0.0|0.0|1.0|0.0|0.0|0.0|0.0|0.0|1.0|0.0|0.0|1.0|1.0|0.0|0.0|0.0|0.0|0.0|1.0|good
-1.1930054714418032|-0.23213414417275235|-0.287994136820478|1.0|0.0|0.0|0.0|0.0|1.0|0.0|0.0|0.0|1.0|0.0|0.0|1.0|0.0|0.0|0.0|0.0|0.0|1.0|1.0|0.0|0.0|0.0|0.0|0.0|1.0|good
-0.27660856183479393|-0.23213414417275235|-0.287994136820478|1.0|0.0|0.0|0.0|1.0|0.0|0.0|0.0|0.0|1.0|0.0|0.0|0.0|0.0|0.0|1.0|1.0|0.0|0.0|1.0|0.0|0.0|0.0|0.0|0.0|1.0|good
-0.27660856183479393|-0.25417427399921305|-0.287994136820478|1.0|0.0|0.0|0.0|1.0|0.0|0.0|0.0|0.0|1.0|0.0|0.0|0.0|0.0|0.0|1.0|0.0|0.0|1.0|1.0|0.0|0.0|0.0|0.0|0.0|1.0|good
-0.27660856183479393|-0.23213414417275235|-0.287994136820478|1.0|0.0|0.0|0.0|1.0|0.0|0.0|0.0|0.0|1.0|0.0|0.0|0.0|0.0|0.0|1.0|0.0|0.0|1.0|1.0|0.0|0.0|0.0|0.0|0.0|1.0|good
-0.27660856183479393|3.194241582586332|-0.287994136820478|1.0|0.0|0.0|0.0|1.0|0.0|0.0|0.0|0.0|1.0|0.0|0.0|0.0|0.0|0.0|1.0|0.0|0.0|1.0|1.0|0.0|0.0|0.0|0.0|0.0|1.0|good
-0.27660856183479393|-0.13051999255359212|-0.287994136820478|1.0|0.0|0.0|0.0|1.0|0.0|0.0|0.0|0.0|1.0|0.0|0.0|0.0|0.0|0.0|1.0|0.0|0.0|1.0|1.0|0.0|0.0|0.0|0.0|0.0|1.0|good
-0.27660856183479393|-0.26392307236015905|-0.27971383315082055|1.0|0.0|0.0|0.0|1.0|0.0|0.0|0.0|0.0|1.0|0.0|0.0|0.0|0.0|0.0|1.0|0.0|0.0|1.0|1.0|0.0|0.0|0.0|0.0|0.0|1.0|good
-0.27660856183479393|3.1099747711206285|-0.287994136820478|1.0|0.0|0.0|0.0|1.0|0.0|0.0|0.0|0.0|1.0|0.0|0.0|0.0|0.0|0.0|1.0|0.0|0.0|1.0|1.0|0.0|0.0|0.0|1.0|0.0|0.0|good
0.2211872902974087|-0.23213414417275235|-0.287994136820478|0.0|0.0|1.0|0.0|1.0|0.0|0.0|0.0|0.0|1.0|0.0|0.0|0.0|0.0|0.0|1.0|0.0|0.0|1.0|1.0|0.0|0.0|0.0|0.0|0.0|1.0|bad
-0.2992356460226213|-0.23213414417275235|-0.287994136820478|1.0|0.0|0.0|0.0|0.0|1.0|0.0|0.0|0.0|1.0|0.0|0.0|0.0|0.0|0.0|1.0|0.0|0.0|1.0|1.0|0.0|0.0|0.0|0.0|0.0|1.0|good
-0.27660856183479393|-0.23213414417275235|-0.287994136820478|1.0|0.0|0.0|0.0|1.0|0.0|0.0|0.0|0.0|1.0|0.0|0.0|0.0|0.0|1.0|0.0|0.0|0.0|1.0|0.0|0.0|1.0|0.0|0.0|0.0|1.0|good
-0.310549188116535|-0.23213414417275235|-0.287994136820478|1.0|0.0|0.0|0.0|1.0|0.0|0.0|0.0|0.0|1.0|0.0|0.0|0.0|0.0|0.0|1.0|0.0|0.0|1.0|1.0|0.0|0.0|0.0|0.0|0.0|1.0|good
-0.27660856183479393|-0.23213414417275235|-0.30869489599462147|1.0|0.0|0.0|0.0|1.0|0.0|0.0|0.0|0.0|1.0|0.0|0.0|0.0|0.0|0.0|1.0|0.0|0.0|1.0|1.0|0.0|0.0|0.0|0.0|0.0|1.0|bad
-0.27660856183479393|-0.5926798671611825|-0.287994136820478|1.0|0.0|0.0|0.0|1.0|0.0|0.0|0.0|0.0|1.0|0.0|0.0|0.0|0.0|0.0|1.0|0.0|1.0|0.0|1.0|0.0|0.0|0.0|0.0|0.0|1.0|good
3.049572813775833|3.9105094800448104|-0.287994136820478|0.0|0.0|1.0|0.0|1.0|0.0|0.0|0.0|0.0|0.0|0.0|1.0|0.0|0.0|0.0|1.0|0.0|0.0|1.0|1.0|0.0|0.0|0.0|0.0|0.0|1.0|good
-0.2992356460226213|-0.23213414417275235|1.9404425882760703|1.0|0.0|0.0|0.0|0.0|0.0|1.0|0.0|0.0|1.0|0.0|0.0|0.0|0.0|0.0|1.0|0.0|0.0|1.0|1.0|0.0|0.0|0.0|1.0|0.0|0.0|bad
-0.2992356460226213|2.890590486097849|-0.29213428865530666|1.0|0.0|0.0|0.0|1.0|0.0|0.0|0.0|0.0|1.0|0.0|0.0|0.0|0.0|1.0|0.0|0.0|0.0|1.0|1.0|0.0|0.0|0.0|0.0|0.0|1.0|good
-0.31620595916349187|-0.23213414417275235|-0.287994136820478|1.0|0.0|0.0|0.0|1.0|0.0|0.0|0.0|0.0|1.0|0.0|0.0|0.0|0.0|0.0|1.0|0.0|0.0|1.0|1.0|0.0|0.0|0.0|0.0|0.0|1.0|good
-0.2992356460226213|-1.4763917305062526|-0.287994136820478|0.0|0.0|0.0|1.0|1.0|0.0|0.0|0.0|0.0|1.0|0.0|0.0|0.0|0.0|0.0|1.0|0.0|0.0|1.0|1.0|0.0|0.0|0.0|0.0|0.0|1.0|good
-0.27660856183479393|-0.64244087220774|1.1124122213103302|1.0|0.0|0.0|0.0|0.0|0.0|0.0|0.0|1.0|1.0|0.0|0.0|0.0|0.0|0.0|1.0|0.0|0.0|1.0|1.0|0.0|0.0|0.0|1.0|0.0|0.0|bad
1.918218604384463|-0.23213414417275235|-0.287994136820478|1.0|0.0|0.0|0.0|1.0|0.0|0.0|0.0|0.0|1.0|0.0|0.0|0.0|0.0|0.0|1.0|0.0|0.0|1.0|1.0|0.0|0.0|0.0|0.0|0.0|1.0|good
-0.28226533288175076|-0.23213414417275235|-0.287994136820478|1.0|0.0|0.0|0.0|1.0|0.0|0.0|0.0|0.0|1.0|0.0|0.0|0.0|0.0|0.0|1.0|0.0|0.0|1.0|1.0|0.0|0.0|0.0|1.0|0.0|0.0|good
-0.27660856183479393|-0.23213414417275235|-0.287994136820478|1.0|0.0|0.0|0.0|1.0|0.0|0.0|0.0|0.0|1.0|0.0|0.0|1.0|0.0|0.0|0.0|0.0|0.0|1.0|0.0|1.0|0.0|0.0|0.0|0.0|1.0|bad
0.5983053600945318|-0.23213414417275235|-0.287994136820478|1.0|0.0|0.0|0.0|1.0|0.0|0.0|0.0|0.0|1.0|0.0|0.0|1.0|0.0|0.0|0.0|1.0|0.0|0.0|1.0|0.0|0.0|0.0|0.0|0.0|1.0|good
-0.27660856183479393|-0.23213414417275235|-0.287994136820478|1.0|0.0|0.0|0.0|1.0|0.0|0.0|0.0|0.0|1.0|0.0|0.0|0.0|0.0|0.0|1.0|0.0|0.0|1.0|1.0|0.0|0.0|0.0|0.0|0.0|1.0|bad
-0.27660856183479393|-0.23213414417275235|0.5690172929890631|1.0|0.0|0.0|0.0|1.0|0.0|0.0|0.0|0.0|1.0|0.0|0.0|0.0|0.0|0.0|1.0|0.0|0.0|1.0|0.0|0.0|1.0|0.0|0.0|0.0|1.0|good
-0.27660856183479393|-1.2381200567066777|1.371171710987124|1.0|0.0|0.0|0.0|0.0|0.0|1.0|0.0|0.0|1.0|0.0|0.0|0.0|0.0|0.0|1.0|0.0|0.0|1.0|1.0|0.0|0.0|0.0|0.0|0.0|1.0|bad
-0.27660856183479393|2.7754500583623836|-0.287994136820478|1.0|0.0|0.0|0.0|1.0|0.0|0.0|0.0|0.0|0.0|1.0|0.0|0.0|0.0|0.0|1.0|0.0|0.0|1.0|1.0|0.0|0.0|0.0|0.0|0.0|1.0|good
3.6152499184715174|-0.23213414417275235|-0.287994136820478|1.0|0.0|0.0|0.0|1.0|0.0|0.0|0.0|0.0|1.0|0.0|0.0|0.0|0.0|0.0|1.0|0.0|0.0|1.0|1.0|0.0|0.0|0.0|0.0|0.0|1.0|good
-0.310549188116535|-0.23213414417275235|-0.287994136820478|1.0|0.0|0.0|0.0|1.0|0.0|0.0|0.0|0.0|1.0|0.0|0.0|0.0|0.0|0.0|1.0|0.0|0.0|1.0|1.0|0.0|0.0|0.0|0.0|0.0|1.0|bad
-0.27660856183479393|-0.23213414417275235|-0.287994136820478|1.0|0.0|0.0|0.0|1.0|0.0|0.0|0.0|0.0|1.0|0.0|0.0|0.0|0.0|0.0|1.0|0.0|0.0|1.0|1.0|0.0|0.0|0.0|0.0|0.0|1.0|good
-0.27660856183479393|-0.23213414417275235|-0.287994136820478|1.0|0.0|0.0|0.0|1.0|0.0|0.0|0.0|0.0|1.0|0.0|0.0|1.0|0.0|0.0|0.0|0.0|0.0|1.0|1.0|0.0|0.0|0.0|0.0|0.0|1.0|good
-0.27660856183479393|-0.23213414417275235|-0.287994136820478|0.0|0.0|1.0|0.0|1.0|0.0|0.0|0.0|0.0|1.0|0.0|0.0|0.0|0.0|0.0|1.0|0.0|0.0|1.0|0.0|0.0|0.0|1.0|0.0|0.0|1.0|good
-0.27660856183479393|-0.23213414417275235|-0.287994136820478|1.0|0.0|0.0|0.0|1.0|0.0|0.0|0.0|0.0|1.0|0.0|0.0|0.0|0.0|0.0|1.0|0.0|0.0|1.0|1.0|0.0|0.0|0.0|0.0|0.0|1.0|good
-0.27660856183479393|-0.23213414417275235|-0.287994136820478|0.0|1.0|0.0|0.0|1.0|0.0|0.0|0.0|0.0|1.0|0.0|0.0|0.0|0.0|0.0|1.0|0.0|0.0|1.0|1.0|0.0|0.0|0.0|0.0|0.0|1.0|bad
-0.27660856183479393|-0.23213414417275235|0.7501489357628187|1.0|0.0|0.0|0.0|1.0|0.0|0.0|0.0|0.0|1.0|0.0|0.0|0.0|0.0|0.0|1.0|1.0|0.0|0.0|0.0|0.0|1.0|0.0|0.0|0.0|1.0|good
-0.27660856183479393|-0.23213414417275235|0.41376159918298683|1.0|0.0|0.0|0.0|1.0|0.0|0.0|0.0|0.0|1.0|0.0|0.0|1.0|0.0|0.0|0.0|0.0|0.0|1.0|1.0|0.0|0.0|0.0|0.0|0.0|1.0|good
-0.27660856183479393|-0.23213414417275235|-0.287994136820478|1.0|0.0|0.0|0.0|0.0|1.0|0.0|0.0|0.0|1.0|0.0|0.0|0.0|0.0|0.0|1.0|0.0|0.0|1.0|1.0|0.0|0.0|0.0|0.0|0.0|1.0|good
0.0797680141234875|-0.2823019545160409|-0.3159401617055717|1.0|0.0|0.0|0.0|0.0|0.0|0.0|1.0|0.0|1.0|0.0|0.0|0.0|0.0|0.0|1.0|0.0|0.0|1.0|1.0|0.0|0.0|0.0|0.0|0.0|1.0|good
3.049572813775833|-0.23213414417275235|-0.287994136820478|1.0|0.0|0.0|0.0|1.0|0.0|0.0|0.0|0.0|1.0|0.0|0.0|0.0|0.0|0.0|1.0|0.0|0.0|1.0|1.0|0.0|0.0|0.0|0.0|0.0|1.0|bad
-0.5801886080214781|2.2033801098344403|-0.287994136820478|1.0|0.0|0.0|0.0|1.0|0.0|0.0|0.0|0.0|1.0|0.0|0.0|0.0|0.0|0.0|1.0|0.0|0.0|1.0|1.0|0.0|0.0|0.0|1.0|0.0|0.0|good
-0.2992356460226213|-0.23213414417275235|-0.287994136820478|1.0|0.0|0.0|0.0|1.0|0.0|0.0|0.0|0.0|1.0|0.0|0.0|0.0|0.0|0.0|1.0|0.0|0.0|1.0|1.0|0.0|0.0|0.0|0.0|0.0|1.0|bad
-0.33317627230436236|-0.23213414417275235|-0.287994136820478|1.0|0.0|0.0|0.0|1.0|0.0|0.0|0.0|0.0|1.0|0.0|0.0|0.0|0.0|0.0|1.0|0.0|0.0|1.0|1.0|0.0|0.0|0.0|0.0|0.0|1.0|good
-0.27660856183479393|-0.23213414417275235|-0.287994136820478|1.0|0.0|0.0|0.0|0.0|1.0|0.0|0.0|0.0|1.0|0.0|0.0|0.0|0.0|0.0|1.0|0.0|0.0|1.0|1.0|0.0|0.0|0.0|0.0|0.0|1.0|good
-0.32751950125740553|-0.23213414417275235|-0.9835396450716997|1.0|0.0|0.0|0.0|1.0|0.0|0.0|0.0|0.0|1.0|0.0|0.0|0.0|0.0|0.0|1.0|0.0|0.0|1.0|1.0|0.0|0.0|0.0|0.0|0.0|1.0|good
-0.3218627302104487|1.854689855493599|-0.31076497191203584|1.0|0.0|0.0|0.0|0.0|1.0|0.0|0.0|0.0|1.0|0.0|0.0|0.0|0.0|0.0|1.0|0.0|0.0|1.0|1.0|0.0|0.0|0.0|1.0|0.0|0.0|bad
-0.27660856183479393|-0.23213414417275235|-0.287994136820478|1.0|0.0|0.0|0.0|1.0|0.0|0.0|0.0|0.0|1.0|0.0|0.0|0.0|0.0|0.0|1.0|1.0|0.0|0.0|0.0|0.0|0.0|1.0|0.0|0.0|1.0|good
-1.4758440237896457|-0.23213414417275235|-0.2983445164075497|1.0|0.0|0.0|0.0|1.0|0.0|0.0|0.0|0.0|1.0|0.0|0.0|0.0|0.0|0.0|1.0|0.0|0.0|1.0|1.0|0.0|0.0|0.0|1.0|0.0|0.0|good
-0.27660856183479393|0.9313871195202458|-0.287994136820478|1.0|0.0|0.0|0.0|1.0|0.0|0.0|0.0|0.0|1.0|0.0|0.0|0.0|0.0|0.0|1.0|0.0|0.0|1.0|1.0|0.0|0.0|0.0|0.0|0.0|1.0|good
0.7868643949930935|-0.2925302019767056|-0.287994136820478|1.0|0.0|0.0|0.0|0.0|0.0|1.0|0.0|0.0|1.0|0.0|0.0|0.0|0.0|0.0|1.0|0.0|0.0|1.0|1.0|0.0|0.0|0.0|0.0|0.0|1.0|bad
0.2211872902974087|2.4358402793950016|-0.29627444049013535|1.0|0.0|0.0|0.0|1.0|0.0|0.0|0.0|0.0|1.0|0.0|0.0|0.0|0.0|1.0|0.0|1.0|0.0|0.0|1.0|0.0|0.0|0.0|0.0|0.0|1.0|good
0.7868643949930935|2.0522809996200757|-0.287994136820478|1.0|0.0|0.0|0.0|1.0|0.0|0.0|0.0|0.0|1.0|0.0|0.0|0.0|0.0|0.0|1.0|0.0|0.0|1.0|1.0|0.0|0.0|0.0|0.0|0.0|1.0|good
-0.27660856183479393|-0.23213414417275235|-0.287994136820478|1.0|0.0|0.0|0.0|1.0|0.0|0.0|0.0|0.0|1.0|0.0|0.0|0.0|0.0|0.0|1.0|0.0|0.0|1.0|1.0|0.0|0.0|0.0|1.0|0.0|0.0|good
-0.27660856183479393|-0.23213414417275235|3.9070147098197032|1.0|0.0|0.0|0.0|1.0|0.0|0.0|0.0|0.0|1.0|0.0|0.0|0.0|0.0|0.0|1.0|0.0|0.0|1.0|0.0|0.0|0.0|1.0|0.0|0.0|1.0|bad
-0.27660856183479393|-0.23213414417275235|-0.287994136820478|1.0|0.0|0.0|0.0|0.0|1.0|0.0|0.0|0.0|1.0|0.0|0.0|0.0|0.0|0.0|1.0|0.0|0.0|1.0|0.0|1.0|0.0|0.0|0.0|0.0|1.0|bad
-0.27660856183479393|-0.28330443899727087|3.9070147098197032|1.0|0.0|0.0|0.0|1.0|0.0|0.0|0.0|0.0|0.0|1.0|0.0|0.0|0.0|0.0|1.0|0.0|1.0|0.0|1.0|0.0|0.0|0.0|0.0|0.0|1.0|good
3.049572813775833|-0.23213414417275235|-0.287994136820478|0.0|0.0|1.0|0.0|1.0|0.0|0.0|0.0|0.0|1.0|0.0|0.0|0.0|0.0|0.0|1.0|0.0|0.0|1.0|1.0|0.0|0.0|0.0|0.0|0.0|1.0|bad
-0.27660856183479393|-0.23213414417275235|-0.287994136820478|0.0|0.0|0.0|1.0|1.0|0.0|0.0|0.0|0.0|1.0|0.0|0.0|1.0|0.0|0.0|0.0|0.0|0.0|1.0|0.0|0.0|1.0|0.0|0.0|0.0|1.0|good
-0.3218627302104487|0.7330695373638921|-0.287994136820478|1.0|0.0|0.0|0.0|1.0|0.0|0.0|0.0|0.0|1.0|0.0|0.0|0.0|0.0|0.0|1.0|0.0|0.0|1.0|1.0|0.0|0.0|0.0|0.0|0.0|1.0|good
-0.31620595916349187|-0.23213414417275235|-0.287994136820478|1.0|0.0|0.0|0.0|1.0|0.0|0.0|0.0|0.0|1.0|0.0|0.0|0.0|0.0|0.0|1.0|0.0|0.0|1.0|1.0|0.0|0.0|0.0|1.0|0.0|0.0|bad
-0.27660856183479393|3.7136447739482104|-0.3055897821184999|1.0|0.0|0.0|0.0|1.0|0.0|0.0|0.0|0.0|1.0|0.0|0.0|1.0|0.0|0.0|0.0|0.0|0.0|1.0|1.0|0.0|0.0|0.0|0.0|0.0|1.0|good
-0.27660856183479393|-0.23213414417275235|-1.087043440942417|0.0|0.0|0.0|1.0|1.0|0.0|0.0|0.0|0.0|1.0|0.0|0.0|0.0|0.0|0.0|1.0|0.0|0.0|1.0|1.0|0.0|0.0|0.0|0.0|0.0|1.0|good
-0.27660856183479393|-0.23213414417275235|-0.287994136820478|1.0|0.0|0.0|0.0|1.0|0.0|0.0|0.0|0.0|1.0|0.0|0.0|0.0|0.0|0.0|1.0|0.0|1.0|0.0|1.0|0.0|0.0|0.0|0.0|0.0|1.0|good
-0.27660856183479393|-0.23213414417275235|-0.287994136820478|1.0|0.0|0.0|0.0|1.0|0.0|0.0|0.0|0.0|1.0|0.0|0.0|0.0|0.0|1.0|0.0|0.0|0.0|1.0|0.0|1.0|0.0|0.0|0.0|0.0|1.0|good
-0.27660856183479393|-0.23213414417275235|0.46551349711834555|1.0|0.0|0.0|0.0|1.0|0.0|0.0|0.0|0.0|1.0|0.0|0.0|0.0|0.0|0.0|1.0|0.0|0.0|1.0|1.0|0.0|0.0|0.0|0.0|0.0|1.0|bad
4.180927023167202|-0.23213414417275235|-0.287994136820478|1.0|0.0|0.0|0.0|0.0|0.0|1.0|0.0|0.0|1.0|0.0|0.0|0.0|0.0|0.0|1.0|0.0|0.0|1.0|1.0|0.0|0.0|0.0|0.0|0.0|1.0|good
-0.27660856183479393|-0.23213414417275235|-0.287994136820478|1.0|0.0|0.0|0.0|0.0|1.0|0.0|0.0|0.0|1.0|0.0|0.0|0.0|0.0|0.0|1.0|0.0|0.0|1.0|1.0|0.0|0.0|0.0|0.0|0.0|1.0|good
-0.27660856183479393|-0.2521838337973507|-0.287994136820478|1.0|0.0|0.0|0.0|1.0|0.0|0.0|0.0|0.0|1.0|0.0|0.0|0.0|0.0|1.0|0.0|0.0|0.0|1.0|1.0|0.0|0.0|0.0|0.0|0.0|1.0|bad
-0.6273283667461186|-0.29639485229564994|-0.30869489599462147|1.0|0.0|0.0|0.0|1.0|0.0|0.0|0.0|0.0|1.0|0.0|0.0|0.0|0.0|0.0|1.0|1.0|0.0|0.0|1.0|0.0|0.0|0.0|0.0|0.0|1.0|good
-0.27660856183479393|-0.23213414417275235|0.4913894460860249|1.0|0.0|0.0|0.0|1.0|0.0|0.0|0.0|0.0|1.0|0.0|0.0|0.0|0.0|0.0|1.0|1.0|0.0|0.0|0.0|0.0|1.0|0.0|0.0|0.0|1.0|good
-0.27660856183479393|1.013474616896319|1.5781793027285589|1.0|0.0|0.0|0.0|1.0|0.0|0.0|0.0|0.0|1.0|0.0|0.0|0.0|0.0|0.0|1.0|0.0|0.0|1.0|1.0|0.0|0.0|0.0|0.0|0.0|1.0|good
-0.31620595916349187|-0.2763742201922466|-0.287994136820478|1.0|0.0|0.0|0.0|1.0|0.0|0.0|0.0|0.0|0.0|0.0|1.0|0.0|0.0|0.0|1.0|0.0|0.0|1.0|1.0|0.0|0.0|0.0|0.0|0.0|1.0|good
-0.3218627302104487|0.7944535508884778|-0.287994136820478|1.0|0.0|0.0|0.0|1.0|0.0|0.0|0.0|0.0|0.0|1.0|0.0|0.0|0.0|0.0|1.0|0.0|0.0|1.0|0.0|1.0|0.0|0.0|0.0|0.0|1.0|good
0.7868643949930935|0.7940903318735394|1.6299312006639177|1.0|0.0|0.0|0.0|1.0|0.0|0.0|0.0|0.0|1.0|0.0|0.0|0.0|0.0|0.0|1.0|0.0|1.0|0.0|0.0|0.0|1.0|0.0|0.0|0.0|1.0|good
3.049572813775833|2.531730099338733|-0.287994136820478|1.0|0.0|0.0|0.0|1.0|0.0|0.0|0.0|0.0|1.0|0.0|0.0|0.0|0.0|0.0|1.0|0.0|0.0|1.0|1.0|0.0|0.0|0.0|0.0|0.0|1.0|good
-0.27660856183479393|-0.23213414417275235|-1.966825705843516|1.0|0.0|0.0|0.0|1.0|0.0|0.0|0.0|0.0|1.0|0.0|0.0|0.0|0.0|1.0|0.0|0.0|0.0|1.0|1.0|0.0|0.0|0.0|0.0|0.0|1.0|good
4.180927023167202|-0.23213414417275235|-0.287994136820478|0.0|0.0|0.0|1.0|1.0|0.0|0.0|0.0|0.0|1.0|0.0|0.0|0.0|0.0|0.0|1.0|0.0|0.0|1.0|0.0|0.0|0.0|1.0|0.0|0.0|1.0|bad
-0.25398147764696655|4.956580243067335|-0.287994136820478|1.0|0.0|0.0|0.0|1.0|0.0|0.0|0.0|0.0|1.0|0.0|0.0|0.0|0.0|0.0|1.0|0.0|0.0|1.0|0.0|0.0|1.0|0.0|0.0|0.0|1.0|good
-1.9001018523114093|-0.23213414417275235|-0.287994136820478|1.0|0.0|0.0|0.0|1.0|0.0|0.0|0.0|0.0|1.0|0.0|0.0|0.0|0.0|0.0|1.0|0.0|0.0|1.0|1.0|0.0|0.0|0.0|1.0|0.0|0.0|good
-0.27660856183479393|-0.23213414417275235|-0.287994136820478|1.0|0.0|0.0|0.0|1.0|0.0|0.0|0.0|0.0|1.0|0.0|0.0|0.0|0.0|0.0|1.0|0.0|0.0|1.0|0.0|0.0|0.0|1.0|0.0|0.0|1.0|good
-0.27660856183479393|-0.23213414417275235|-0.9059117981686615|1.0|0.0|0.0|0.0|1.0|0.0|0.0|0.0|0.0|1.0|0.0|0.0|1.0|0.0|0.0|0.0|0.0|0.0|1.0|1.0|0.0|0.0|0.0|0.0|0.0|1.0|bad
0.2211872902974087|-0.29486933243290875|-0.287994136820478|1.0|0.0|0.0|0.0|1.0|0.0|0.0|0.0|0.0|1.0|0.0|0.0|0.0|0.0|0.0|1.0|0.0|0.0|1.0|1.0|0.0|0.0|0.0|0.0|0.0|1.0|bad
-0.27660856183479393|-0.23213414417275235|-0.287994136820478|1.0|0.0|0.0|0.0|1.0|0.0|0.0|0.0|0.0|1.0|0.0|0.0|0.0|0.0|0.0|1.0|0.0|0.0|1.0|1.0|0.0|0.0|0.0|1.0|0.0|0.0|bad
-0.33317627230436236|1.4972823447942365|-0.287994136820478|1.0|0.0|0.0|0.0|1.0|0.0|0.0|0.0|0.0|1.0|0.0|0.0|0.0|0.0|0.0|1.0|1.0|0.0|0.0|1.0|0.0|0.0|0.0|0.0|0.0|1.0|good
-0.310549188116535|-0.23213414417275235|0.5172653950537043|1.0|0.0|0.0|0.0|1.0|0.0|0.0|0.0|0.0|1.0|0.0|0.0|1.0|0.0|0.0|0.0|0.0|0.0|1.0|1.0|0.0|0.0|0.0|0.0|0.0|1.0|bad
-0.27660856183479393|-0.23213414417275235|-0.287994136820478|1.0|0.0|0.0|0.0|1.0|0.0|0.0|0.0|0.0|1.0|0.0|0.0|0.0|0.0|1.0|0.0|0.0|0.0|1.0|1.0|0.0|0.0|0.0|0.0|0.0|1.0|bad
-0.27660856183479393|-0.2640538312055369|-0.287994136820478|1.0|0.0|0.0|0.0|1.0|0.0|0.0|0.0|0.0|0.0|0.0|1.0|0.0|0.0|1.0|0.0|0.0|0.0|1.0|1.0|0.0|0.0|0.0|0.0|0.0|1.0|good
-0.27660856183479393|-2.1726825821431204|-0.287994136820478|0.0|0.0|0.0|1.0|1.0|0.0|0.0|0.0|0.0|1.0|0.0|0.0|0.0|0.0|0.0|1.0|0.0|0.0|1.0|1.0|0.0|0.0|0.0|0.0|0.0|1.0|good
-0.27660856183479393|1.2052542567837816|-0.287994136820478|1.0|0.0|0.0|0.0|1.0|0.0|0.0|0.0|0.0|1.0|0.0|0.0|0.0|0.0|0.0|1.0|0.0|0.0|1.0|1.0|0.0|0.0|0.0|0.0|0.0|1.0|good
-0.27660856183479393|-0.27990470901744763|-0.287994136820478|1.0|0.0|0.0|0.0|1.0|0.0|0.0|0.0|0.0|1.0|0.0|0.0|0.0|0.0|1.0|0.0|0.0|0.0|1.0|1.0|0.0|0.0|0.0|0.0|0.0|1.0|good
0.7868643949930935|-0.23213414417275235|0.25850590537691054|1.0|0.0|0.0|0.0|1.0|0.0|0.0|0.0|0.0|1.0|0.0|0.0|0.0|0.0|0.0|1.0|0.0|0.0|1.0|1.0|0.0|0.0|0.0|0.0|0.0|1.0|good
-0.27660856183479393|-0.23213414417275235|0.3361337522799487|1.0|0.0|0.0|0.0|1.0|0.0|0.0|0.0|0.0|1.0|0.0|0.0|0.0|0.0|0.0|1.0|0.0|0.0|1.0|1.0|0.0|0.0|0.0|1.0|0.0|0.0|good
-0.2879221039287076|-0.23213414417275235|-0.287994136820478|1.0|0.0|0.0|0.0|1.0|0.0|0.0|0.0|0.0|1.0|0.0|0.0|0.0|0.0|1.0|0.0|0.0|1.0|0.0|0.0|0.0|1.0|0.0|0.0|0.0|1.0|good
-0.31620595916349187|1.0933828001827617|-0.287994136820478|1.0|0.0|0.0|0.0|1.0|0.0|0.0|0.0|0.0|1.0|0.0|0.0|0.0|0.0|0.0|1.0|0.0|0.0|1.0|1.0|0.0|0.0|0.0|0.0|0.0|1.0|good
-0.27660856183479393|-0.2844812686056712|-0.2910992506965995|1.0|0.0|0.0|0.0|0.0|1.0|0.0|0.0|0.0|1.0|0.0|0.0|0.0|0.0|0.0|1.0|0.0|0.0|1.0|1.0|0.0|0.0|0.0|0.0|0.0|1.0|good
-0.33317627230436236|0.5768853609403902|-0.287994136820478|1.0|0.0|0.0|0.0|1.0|0.0|0.0|0.0|0.0|1.0|0.0|0.0|0.0|0.0|0.0|1.0|0.0|0.0|1.0|1.0|0.0|0.0|0.0|0.0|0.0|1.0|bad
-0.3218627302104487|-1.4190031261459892|-0.287994136820478|0.0|0.0|0.0|1.0|1.0|0.0|0.0|0.0|0.0|1.0|0.0|0.0|0.0|0.0|0.0|1.0|0.0|0.0|1.0|1.0|0.0|0.0|0.0|0.0|0.0|1.0|good
4.180927023167202|-1.6659920563040853|-0.287994136820478|0.0|0.0|1.0|0.0|1.0|0.0|0.0|0.0|0.0|1.0|0.0|0.0|0.0|0.0|1.0|0.0|0.0|0.0|1.0|1.0|0.0|0.0|0.0|0.0|0.0|1.0|good
-0.27660856183479393|-0.23213414417275235|-0.287994136820478|1.0|0.0|0.0|0.0|1.0|0.0|0.0|0.0|0.0|1.0|0.0|0.0|0.0|0.0|0.0|1.0|0.0|0.0|1.0|1.0|0.0|0.0|0.0|0.0|0.0|1.0|good
-0.27660856183479393|-0.2502660373984761|-0.287994136820478|0.0|0.0|1.0|0.0|1.0|0.0|0.0|0.0|0.0|1.0|0.0|0.0|0.0|0.0|0.0|1.0|0.0|0.0|1.0|1.0|0.0|0.0|0.0|0.0|0.0|1.0|good
-0.27660856183479393|-0.23213414417275235|-0.30972993395332865|0.0|0.0|0.0|1.0|1.0|0.0|0.0|0.0|0.0|1.0|0.0|0.0|0.0|0.0|0.0|1.0|0.0|0.0|1.0|1.0|0.0|0.0|0.0|0.0|0.0|1.0|good
-0.27660856183479393|-0.23213414417275235|-0.287994136820478|1.0|0.0|0.0|0.0|1.0|0.0|0.0|0.0|0.0|1.0|0.0|0.0|0.0|0.0|0.0|1.0|0.0|0.0|1.0|1.0|0.0|0.0|0.0|0.0|0.0|1.0|bad
-0.6273283667461186|0.14792370429816737|-0.30869489599462147|1.0|0.0|0.0|0.0|1.0|0.0|0.0|0.0|0.0|1.0|0.0|0.0|0.0|0.0|0.0|1.0|0.0|0.0|1.0|1.0|0.0|0.0|0.0|0.0|0.0|1.0|good
-0.27660856183479393|-0.23213414417275235|-0.287994136820478|1.0|0.0|0.0|0.0|1.0|0.0|0.0|0.0|0.0|1.0|0.0|0.0|0.0|0.0|0.0|1.0|0.0|0.0|1.0|1.0|0.0|0.0|0.0|0.0|0.0|1.0|good
-0.27660856183479393|-0.23213414417275235|-0.287994136820478|0.0|0.0|1.0|0.0|1.0|0.0|0.0|0.0|0.0|0.0|0.0|1.0|0.0|0.0|0.0|1.0|0.0|0.0|1.0|1.0|0.0|0.0|0.0|0.0|0.0|1.0|good
-0.27660856183479393|-1.3895823859359806|-0.3159401617055717|1.0|0.0|0.0|0.0|1.0|0.0|0.0|0.0|0.0|1.0|0.0|0.0|0.0|0.0|0.0|1.0|0.0|0.0|1.0|1.0|0.0|0.0|0.0|0.0|0.0|1.0|bad
-0.27660856183479393|-0.23213414417275235|-0.287994136820478|0.0|1.0|0.0|0.0|1.0|0.0|0.0|0.0|0.0|1.0|0.0|0.0|0.0|0.0|0.0|1.0|0.0|0.0|1.0|1.0|0.0|0.0|0.0|0.0|0.0|1.0|bad
-0.27660856183479393|2.0014303375287033|-0.287994136820478|0.0|1.0|0.0|0.0|1.0|0.0|0.0|0.0|0.0|0.0|0.0|1.0|0.0|0.0|0.0|1.0|0.0|0.0|1.0|1.0|0.0|0.0|0.0|0.0|0.0|1.0|good
-0.27660856183479393|-0.23213414417275235|0.4913894460860249|1.0|0.0|0.0|0.0|1.0|0.0|0.0|0.0|0.0|1.0|0.0|0.0|0.0|0.0|0.0|1.0|0.0|0.0|1.0|0.0|0.0|0.0|1.0|1.0|0.0|0.0|good
-0.27660856183479393|-0.23213414417275235|-0.287994136820478|1.0|0.0|0.0|0.0|0.0|0.0|0.0|1.0|0.0|1.0|0.0|0.0|0.0|0.0|0.0|1.0|0.0|1.0|0.0|1.0|0.0|0.0|0.0|0.0|0.0|1.0|good
-0.27660856183479393|-0.23213414417275235|-0.287994136820478|1.0|0.0|0.0|0.0|1.0|0.0|0.0|0.0|0.0|1.0|0.0|0.0|0.0|0.0|0.0|1.0|1.0|0.0|0.0|1.0|0.0|0.0|0.0|0.0|0.0|1.0|bad
3.049572813775833|-2.296540266237107|-1.423430777522249|1.0|0.0|0.0|0.0|1.0|0.0|0.0|0.0|0.0|1.0|0.0|0.0|0.0|0.0|0.0|1.0|0.0|0.0|1.0|1.0|0.0|0.0|0.0|0.0|0.0|1.0|good
-0.27660856183479393|-0.28501883274778|-0.287994136820478|1.0|0.0|0.0|0.0|1.0|0.0|0.0|0.0|0.0|1.0|0.0|0.0|0.0|0.0|0.0|1.0|0.0|0.0|1.0|0.0|0.0|1.0|0.0|0.0|0.0|1.0|good
-0.27660856183479393|1.4653190714796593|-0.287994136820478|1.0|0.0|0.0|0.0|0.0|0.0|1.0|0.0|0.0|0.0|0.0|1.0|0.0|0.0|0.0|1.0|0.0|0.0|1.0|1.0|0.0|0.0|0.0|0.0|0.0|1.0|bad
-0.27660856183479393|-0.23213414417275235|-0.287994136820478|1.0|0.0|0.0|0.0|1.0|0.0|0.0|0.0|0.0|1.0|0.0|0.0|0.0|0.0|0.0|1.0|1.0|0.0|0.0|1.0|0.0|0.0|0.0|0.0|0.0|1.0|bad
-0.3256339109084199|-0.23213414417275235|2.457961567629658|1.0|0.0|0.0|0.0|1.0|0.0|0.0|0.0|0.0|1.0|0.0|0.0|0.0|0.0|0.0|1.0|0.0|0.0|1.0|1.0|0.0|0.0|0.0|0.0|0.0|1.0|bad
-0.31620595916349187|1.413015533328533|-0.287994136820478|1.0|0.0|0.0|0.0|0.0|1.0|0.0|0.0|0.0|1.0|0.0|0.0|0.0|0.0|0.0|1.0|0.0|0.0|1.0|1.0|0.0|0.0|0.0|0.0|0.0|1.0|good
-0.27660856183479393|-0.20185620708748928|-0.287994136820478|1.0|0.0|0.0|0.0|1.0|0.0|0.0|0.0|0.0|1.0|0.0|0.0|0.0|0.0|0.0|1.0|0.0|0.0|1.0|1.0|0.0|0.0|0.0|0.0|0.0|1.0|bad
-0.27660856183479393|-0.23213414417275235|0.3878856502153074|1.0|0.0|0.0|0.0|1.0|0.0|0.0|0.0|0.0|1.0|0.0|0.0|0.0|0.0|0.0|1.0|0.0|0.0|1.0|1.0|0.0|0.0|0.0|0.0|0.0|1.0|good
-0.27660856183479393|-0.23213414417275235|-0.2900642127378923|1.0|0.0|0.0|0.0|1.0|0.0|0.0|0.0|0.0|1.0|0.0|0.0|0.0|0.0|0.0|1.0|0.0|0.0|1.0|0.0|1.0|0.0|0.0|0.0|0.0|1.0|good
0.2211872902974087|-0.23213414417275235|-1.009415594039379|1.0|0.0|0.0|0.0|1.0|0.0|0.0|0.0|0.0|1.0|0.0|0.0|0.0|0.0|0.0|1.0|0.0|0.0|1.0|1.0|0.0|0.0|0.0|0.0|0.0|1.0|bad
-0.27660856183479393|-0.23213414417275235|-0.287994136820478|1.0|0.0|0.0|0.0|1.0|0.0|0.0|0.0|0.0|1.0|0.0|0.0|0.0|0.0|0.0|1.0|0.0|0.0|1.0|1.0|0.0|0.0|0.0|0.0|0.0|1.0|good
-0.27660856183479393|3.602499755377067|-0.287994136820478|1.0|0.0|0.0|0.0|1.0|0.0|0.0|0.0|0.0|1.0|0.0|0.0|0.0|0.0|0.0|1.0|1.0|0.0|0.0|1.0|0.0|0.0|0.0|1.0|0.0|0.0|good
1.918218604384463|-0.23213414417275235|-0.287994136820478|1.0|0.0|0.0|0.0|1.0|0.0|0.0|0.0|0.0|1.0|0.0|0.0|0.0|0.0|0.0|1.0|0.0|0.0|1.0|1.0|0.0|0.0|0.0|1.0|0.0|0.0|good
4.180927023167202|-0.23213414417275235|-0.287994136820478|1.0|0.0|0.0|0.0|1.0|0.0|0.0|0.0|0.0|1.0|0.0|0.0|0.0|0.0|0.0|1.0|1.0|0.0|0.0|1.0|0.0|0.0|0.0|0.0|0.0|1.0|good
-0.0616512620504337|-0.23213414417275235|-0.287994136820478|1.0|0.0|0.0|0.0|0.0|0.0|0.0|0.0|1.0|1.0|0.0|0.0|0.0|0.0|0.0|1.0|0.0|1.0|0.0|0.0|0.0|1.0|0.0|0.0|0.0|1.0|good
-0.27660856183479393|-0.23213414417275235|-1.3716788795868902|1.0|0.0|0.0|0.0|1.0|0.0|0.0|0.0|0.0|1.0|0.0|0.0|0.0|0.0|1.0|0.0|0.0|0.0|1.0|1.0|0.0|0.0|0.0|0.0|0.0|1.0|good
-0.27660856183479393|-0.23213414417275235|0.8536527316335363|1.0|0.0|0.0|0.0|1.0|0.0|0.0|0.0|0.0|1.0|0.0|0.0|0.0|0.0|0.0|1.0|0.0|0.0|1.0|1.0|0.0|0.0|0.0|1.0|0.0|0.0|bad
-0.27660856183479393|-0.2839001181817698|4.114022301561138|0.0|0.0|1.0|0.0|1.0|0.0|0.0|0.0|0.0|1.0|0.0|0.0|0.0|0.0|0.0|1.0|0.0|0.0|1.0|1.0|0.0|0.0|0.0|1.0|0.0|0.0|good
-0.27660856183479393|-0.23213414417275235|-0.287994136820478|1.0|0.0|0.0|0.0|1.0|0.0|0.0|0.0|0.0|1.0|0.0|0.0|0.0|0.0|0.0|1.0|0.0|0.0|1.0|1.0|0.0|0.0|0.0|0.0|0.0|1.0|good
-0.27660856183479393|-0.23213414417275235|-0.287994136820478|1.0|0.0|0.0|0.0|1.0|0.0|0.0|0.0|0.0|1.0|0.0|0.0|0.0|0.0|0.0|1.0|0.0|0.0|1.0|0.0|0.0|1.0|0.0|0.0|0.0|1.0|good
-0.27660856183479393|-0.23213414417275235|-0.287994136820478|1.0|0.0|0.0|0.0|1.0|0.0|0.0|0.0|0.0|1.0|0.0|0.0|0.0|0.0|0.0|1.0|0.0|0.0|1.0|1.0|0.0|0.0|0.0|0.0|0.0|1.0|bad
-0.27660856183479393|-0.23213414417275235|-0.287994136820478|1.0|0.0|0.0|0.0|0.0|1.0|0.0|0.0|0.0|1.0|0.0|0.0|0.0|0.0|0.0|1.0|0.0|0.0|1.0|1.0|0.0|0.0|0.0|0.0|0.0|1.0|bad
1.918218604384463|-0.25070190021640215|-0.287994136820478|1.0|0.0|0.0|0.0|1.0|0.0|0.0|0.0|0.0|0.0|1.0|0.0|0.0|0.0|0.0|1.0|0.0|0.0|1.0|1.0|0.0|0.0|0.0|0.0|0.0|1.0|good
0.5040258426452511|-0.23213414417275235|0.3361337522799487|1.0|0.0|0.0|0.0|1.0|0.0|0.0|0.0|0.0|1.0|0.0|0.0|0.0|0.0|1.0|0.0|0.0|0.0|1.0|1.0|0.0|0.0|0.0|0.0|0.0|1.0|good
-0.27660856183479393|2.5920244558185033|-0.287994136820478|1.0|0.0|0.0|0.0|0.0|0.0|1.0|0.0|0.0|1.0|0.0|0.0|0.0|0.0|0.0|1.0|0.0|0.0|1.0|1.0|0.0|0.0|0.0|0.0|0.0|1.0|good
0.3626065664713299|-0.23213414417275235|-0.287994136820478|1.0|0.0|0.0|0.0|1.0|0.0|0.0|0.0|0.0|1.0|0.0|0.0|0.0|1.0|0.0|0.0|0.0|0.0|1.0|1.0|0.0|0.0|0.0|1.0|0.0|0.0|good
-0.15593077949971448|-0.23213414417275235|4.0105185056904205|1.0|0.0|0.0|0.0|1.0|0.0|0.0|0.0|0.0|1.0|0.0|0.0|0.0|0.0|0.0|1.0|0.0|1.0|0.0|1.0|0.0|0.0|0.0|0.0|0.0|1.0|good
-2.0415211284853303|-0.23213414417275235|-0.287994136820478|0.0|0.0|0.0|1.0|1.0|0.0|0.0|0.0|0.0|1.0|0.0|0.0|0.0|0.0|0.0|1.0|0.0|0.0|1.0|1.0|0.0|0.0|0.0|0.0|0.0|1.0|bad
0.7868643949930935|-0.29176017766503626|-0.287994136820478|1.0|0.0|0.0|0.0|1.0|0.0|0.0|0.0|0.0|1.0|0.0|0.0|0.0|0.0|0.0|1.0|1.0|0.0|0.0|1.0|0.0|0.0|0.0|0.0|0.0|1.0|good
-0.27660856183479393|-0.23213414417275235|2.9754805469832455|1.0|0.0|0.0|0.0|1.0|0.0|0.0|0.0|0.0|1.0|0.0|0.0|0.0|0.0|0.0|1.0|0.0|0.0|1.0|1.0|0.0|0.0|0.0|0.0|0.0|1.0|good
1.0697029473409359|3.521138696030871|-0.287994136820478|1.0|0.0|0.0|0.0|1.0|0.0|0.0|0.0|0.0|1.0|0.0|0.0|0.0|0.0|0.0|1.0|0.0|0.0|1.0|1.0|0.0|0.0|0.0|1.0|0.0|0.0|bad
-0.27660856183479393|0.24453996227177555|-0.287994136820478|1.0|0.0|0.0|0.0|1.0|0.0|0.0|0.0|0.0|1.0|0.0|0.0|0.0|0.0|1.0|0.0|0.0|0.0|1.0|1.0|0.0|0.0|0.0|0.0|0.0|1.0|good
-0.2992356460226213|-0.23213414417275235|-0.287994136820478|1.0|0.0|0.0|0.0|0.0|0.0|0.0|0.0|1.0|1.0|0.0|0.0|0.0|0.0|0.0|1.0|0.0|0.0|1.0|0.0|0.0|1.0|0.0|0.0|0.0|1.0|good
-0.27660856183479393|4.209801948354033|-0.287994136820478|1.0|0.0|0.0|0.0|1.0|0.0|0.0|0.0|0.0|1.0|0.0|0.0|0.0|0.0|0.0|1.0|0.0|0.0|1.0|1.0|0.0|0.0|0.0|0.0|0.0|1.0|good
-0.30489241706957815|1.383231574103586|-0.287994136820478|1.0|0.0|0.0|0.0|1.0|0.0|0.0|0.0|0.0|1.0|0.0|0.0|0.0|0.0|0.0|1.0|0.0|0.0|1.0|1.0|0.0|0.0|0.0|0.0|0.0|1.0|bad
-0.33317627230436236|-0.23213414417275235|-0.287994136820478|1.0|0.0|0.0|0.0|1.0|0.0|0.0|0.0|0.0|1.0|0.0|0.0|0.0|0.0|0.0|1.0|1.0|0.0|0.0|1.0|0.0|0.0|0.0|0.0|0.0|1.0|good
-0.310549188116535|-0.2489003339023078|-0.287994136820478|1.0|0.0|0.0|0.0|1.0|0.0|0.0|0.0|0.0|1.0|0.0|0.0|0.0|0.0|0.0|1.0|0.0|0.0|1.0|1.0|0.0|0.0|0.0|0.0|0.0|1.0|good
-2.607198233181015|2.518290995786013|-0.29316932661401385|1.0|0.0|0.0|0.0|1.0|0.0|0.0|0.0|0.0|1.0|0.0|0.0|0.0|0.0|0.0|1.0|0.0|0.0|1.0|0.0|1.0|0.0|0.0|0.0|0.0|1.0|bad
-0.27660856183479393|-0.25708002611872005|0.8277767826658569|0.0|1.0|0.0|0.0|0.0|0.0|1.0|0.0|0.0|0.0|1.0|0.0|0.0|0.0|0.0|1.0|1.0|0.0|0.0|0.0|0.0|0.0|1.0|0.0|0.0|1.0|good
-0.3218627302104487|-0.23213414417275235|-0.31283504782945015|1.0|0.0|0.0|0.0|1.0|0.0|0.0|0.0|0.0|1.0|0.0|0.0|0.0|0.0|0.0|1.0|1.0|0.0|0.0|1.0|0.0|0.0|0.0|0.0|0.0|1.0|bad
-0.27660856183479393|-0.23213414417275235|-0.2745386433572847|1.0|0.0|0.0|0.0|1.0|0.0|0.0|0.0|0.0|1.0|0.0|0.0|0.0|0.0|0.0|1.0|0.0|0.0|1.0|1.0|0.0|0.0|0.0|1.0|0.0|0.0|good
1.0697029473409359|2.005062527678087|-1.1387953388777758|1.0|0.0|0.0|0.0|1.0|0.0|0.0|0.0|0.0|1.0|0.0|0.0|0.0|0.0|0.0|1.0|0.0|0.0|1.0|0.0|0.0|1.0|0.0|1.0|0.0|0.0|bad
-0.27660856183479393|-1.341637475964115|-1.2164231857808139|1.0|0.0|0.0|0.0|1.0|0.0|0.0|0.0|0.0|1.0|0.0|0.0|0.0|0.0|0.0|1.0|1.0|0.0|0.0|1.0|0.0|0.0|0.0|0.0|0.0|1.0|bad
1.918218604384463|0.15446164656705816|-0.2735036053985775|1.0|0.0|0.0|0.0|1.0|0.0|0.0|0.0|0.0|0.0|0.0|1.0|0.0|0.0|0.0|1.0|0.0|0.0|1.0|1.0|0.0|0.0|0.0|0.0|0.0|1.0|good
-0.2992356460226213|-0.23213414417275235|-0.287994136820478|1.0|0.0|0.0|0.0|1.0|0.0|0.0|0.0|0.0|1.0|0.0|0.0|1.0|0.0|0.0|0.0|0.0|0.0|1.0|0.0|0.0|1.0|0.0|0.0|0.0|1.0|bad
-0.27660856183479393|-0.23213414417275235|-0.287994136820478|1.0|0.0|0.0|0.0|1.0|0.0|0.0|0.0|0.0|1.0|0.0|0.0|0.0|0.0|0.0|1.0|0.0|0.0|1.0|1.0|0.0|0.0|0.0|0.0|0.0|1.0|good
0.7868643949930935|-0.23213414417275235|1.3194198130517651|1.0|0.0|0.0|0.0|1.0|0.0|0.0|0.0|0.0|1.0|0.0|0.0|0.0|0.0|0.0|1.0|1.0|0.0|0.0|1.0|0.0|0.0|0.0|0.0|0.0|1.0|good
-0.27660856183479393|-0.23213414417275235|-0.287994136820478|1.0|0.0|0.0|0.0|1.0|0.0|0.0|0.0|0.0|1.0|0.0|0.0|0.0|0.0|0.0|1.0|0.0|0.0|1.0|1.0|0.0|0.0|0.0|0.0|0.0|1.0|bad
1.918218604384463|2.9160158171435353|-0.287994136820478|1.0|0.0|0.0|0.0|1.0|0.0|0.0|0.0|0.0|0.0|0.0|1.0|0.0|0.0|0.0|1.0|0.0|0.0|1.0|1.0|0.0|0.0|0.0|0.0|0.0|1.0|good
-0.27660856183479393|-0.23213414417275235|-0.287994136820478|1.0|0.0|0.0|0.0|1.0|0.0|0.0|0.0|0.0|1.0|0.0|0.0|0.0|0.0|0.0|1.0|0.0|0.0|1.0|1.0|0.0|0.0|0.0|0.0|0.0|1.0|good
-0.33317627230436236|-0.23213414417275235|-0.287994136820478|1.0|0.0|0.0|0.0|1.0|0.0|0.0|0.0|0.0|1.0|0.0|0.0|0.0|0.0|0.0|1.0|0.0|0.0|1.0|1.0|0.0|0.0|0.0|0.0|1.0|0.0|good
-0.27660856183479393|-0.23213414417275235|-0.287994136820478|1.0|0.0|0.0|0.0|1.0|0.0|0.0|0.0|0.0|1.0|0.0|0.0|0.0|0.0|0.0|1.0|0.0|0.0|1.0|1.0|0.0|0.0|0.0|0.0|0.0|1.0|bad
-0.3218627302104487|-0.23213414417275235|-0.287994136820478|0.0|0.0|1.0|0.0|1.0|0.0|0.0|0.0|0.0|1.0|0.0|0.0|0.0|0.0|0.0|1.0|1.0|0.0|0.0|0.0|0.0|1.0|0.0|0.0|0.0|1.0|good
-0.27660856183479393|0.5696209806416227|-0.287994136820478|1.0|0.0|0.0|0.0|0.0|0.0|0.0|0.0|1.0|1.0|0.0|0.0|0.0|0.0|0.0|1.0|0.0|0.0|1.0|0.0|1.0|0.0|0.0|0.0|0.0|1.0|good
-0.27660856183479393|-0.2820404368252853|-0.287994136820478|1.0|0.0|0.0|0.0|1.0|0.0|0.0|0.0|0.0|1.0|0.0|0.0|0.0|0.0|0.0|1.0|0.0|0.0|1.0|0.0|0.0|1.0|0.0|0.0|0.0|1.0|bad
-0.27660856183479393|-0.23213414417275235|2.5614653635003752|1.0|0.0|0.0|0.0|1.0|0.0|0.0|0.0|0.0|1.0|0.0|0.0|0.0|0.0|0.0|1.0|0.0|0.0|1.0|1.0|0.0|0.0|0.0|0.0|0.0|1.0|bad
-0.27660856183479393|-0.23213414417275235|-1.087043440942417|1.0|0.0|0.0|0.0|1.0|0.0|0.0|0.0|0.0|1.0|0.0|0.0|0.0|0.0|0.0|1.0|0.0|0.0|1.0|1.0|0.0|0.0|0.0|0.0|0.0|1.0|bad
-0.27660856183479393|-0.23213414417275235|-0.287994136820478|1.0|0.0|0.0|0.0|1.0|0.0|0.0|0.0|0.0|1.0|0.0|0.0|0.0|0.0|0.0|1.0|1.0|0.0|0.0|1.0|0.0|0.0|0.0|1.0|0.0|0.0|bad
-0.27660856183479393|-0.23213414417275235|-0.3045547441597928|1.0|0.0|0.0|0.0|1.0|0.0|0.0|0.0|0.0|0.0|0.0|1.0|0.0|0.0|0.0|1.0|0.0|0.0|1.0|1.0|0.0|0.0|0.0|0.0|0.0|1.0|bad
0.7868643949930935|-0.25831497076951054|-0.287994136820478|1.0|0.0|0.0|0.0|1.0|0.0|0.0|0.0|0.0|1.0|0.0|0.0|0.0|0.0|1.0|0.0|0.0|0.0|1.0|1.0|0.0|0.0|0.0|0.0|0.0|1.0|good
-0.27660856183479393|-0.8629148142753346|-0.287994136820478|1.0|0.0|0.0|0.0|0.0|0.0|0.0|0.0|1.0|1.0|0.0|0.0|0.0|0.0|0.0|1.0|0.0|0.0|1.0|1.0|0.0|0.0|0.0|0.0|0.0|1.0|bad
-0.27660856183479393|-0.23213414417275235|-0.287994136820478|1.0|0.0|0.0|0.0|1.0|0.0|0.0|0.0|0.0|1.0|0.0|0.0|0.0|0.0|0.0|1.0|0.0|0.0|1.0|1.0|0.0|0.0|0.0|0.0|0.0|1.0|good
-0.27660856183479393|-0.23213414417275235|-0.2983445164075497|1.0|0.0|0.0|0.0|1.0|0.0|0.0|0.0|0.0|1.0|0.0|0.0|0.0|0.0|1.0|0.0|0.0|0.0|1.0|1.0|0.0|0.0|0.0|1.0|0.0|0.0|bad
-0.27660856183479393|-0.23213414417275235|-0.287994136820478|1.0|0.0|0.0|0.0|1.0|0.0|0.0|0.0|0.0|1.0|0.0|0.0|1.0|0.0|0.0|0.0|0.0|0.0|1.0|1.0|0.0|0.0|0.0|0.0|0.0|1.0|good
-0.27660856183479393|-0.23213414417275235|0.8536527316335363|1.0|0.0|0.0|0.0|1.0|0.0|0.0|0.0|0.0|1.0|0.0|0.0|0.0|0.0|0.0|1.0|0.0|0.0|1.0|1.0|0.0|0.0|0.0|0.0|0.0|1.0|good
-0.27660856183479393|-0.23213414417275235|-0.287994136820478|1.0|0.0|0.0|0.0|1.0|0.0|0.0|0.0|0.0|1.0|0.0|0.0|0.0|0.0|0.0|1.0|0.0|0.0|1.0|1.0|0.0|0.0|0.0|0.0|0.0|1.0|bad
-0.27660856183479393|3.444136264863935|-0.287994136820478|1.0|0.0|0.0|0.0|1.0|0.0|0.0|0.0|0.0|1.0|0.0|0.0|1.0|0.0|0.0|0.0|0.0|0.0|1.0|1.0|0.0|0.0|0.0|0.0|0.0|1.0|good
4.180927023167202|-0.24356827876301243|-0.287994136820478|1.0|0.0|0.0|0.0|1.0|0.0|0.0|0.0|0.0|1.0|0.0|0.0|0.0|0.0|0.0|1.0|0.0|0.0|1.0|1.0|0.0|0.0|0.0|0.0|0.0|1.0|good
-0.27660856183479393|-0.23213414417275235|-0.287994136820478|1.0|0.0|0.0|0.0|1.0|0.0|0.0|0.0|0.0|0.0|1.0|0.0|0.0|0.0|0.0|1.0|0.0|0.0|1.0|1.0|0.0|0.0|0.0|0.0|0.0|1.0|bad
-0.27660856183479393|-0.23213414417275235|-0.31283504782945015|1.0|0.0|0.0|0.0|1.0|0.0|0.0|0.0|0.0|0.0|1.0|0.0|0.0|0.0|1.0|0.0|0.0|0.0|1.0|1.0|0.0|0.0|0.0|0.0|0.0|1.0|bad
-0.2879221039287076|-0.23213414417275235|-0.287994136820478|1.0|0.0|0.0|0.0|1.0|0.0|0.0|0.0|0.0|0.0|0.0|1.0|0.0|0.0|0.0|1.0|0.0|0.0|1.0|1.0|0.0|0.0|0.0|1.0|0.0|0.0|good
4.180927023167202|-0.23213414417275235|-0.287994136820478|1.0|0.0|0.0|0.0|1.0|0.0|0.0|0.0|0.0|1.0|0.0|0.0|0.0|0.0|0.0|1.0|0.0|0.0|1.0|1.0|0.0|0.0|0.0|0.0|0.0|1.0|good
-0.27660856183479393|0.8696398869807217|-0.287994136820478|1.0|0.0|0.0|0.0|1.0|0.0|0.0|0.0|0.0|1.0|0.0|0.0|0.0|0.0|1.0|0.0|0.0|0.0|1.0|0.0|0.0|0.0|1.0|0.0|0.0|1.0|good
-0.27660856183479393|0.4846277311460425|-0.287994136820478|1.0|0.0|0.0|0.0|1.0|0.0|0.0|0.0|0.0|1.0|0.0|0.0|0.0|0.0|0.0|1.0|0.0|0.0|1.0|1.0|0.0|0.0|0.0|0.0|0.0|1.0|good
-0.27660856183479393|-0.26087203263467673|2.1474501800175054|1.0|0.0|0.0|0.0|1.0|0.0|0.0|0.0|0.0|1.0|0.0|0.0|0.0|0.0|0.0|1.0|0.0|0.0|1.0|1.0|0.0|0.0|0.0|0.0|0.0|1.0|good
-0.27660856183479393|-0.23213414417275235|-0.30869489599462147|1.0|0.0|0.0|0.0|0.0|0.0|0.0|0.0|1.0|1.0|0.0|0.0|0.0|0.0|0.0|1.0|0.0|0.0|1.0|1.0|0.0|0.0|0.0|0.0|0.0|1.0|good
-0.2992356460226213|-0.23213414417275235|-0.287994136820478|1.0|0.0|0.0|0.0|1.0|0.0|0.0|0.0|0.0|0.0|1.0|0.0|0.0|0.0|0.0|1.0|0.0|0.0|1.0|0.0|0.0|1.0|0.0|0.0|0.0|1.0|good
-2.0415211284853303|-0.2604071122955556|-0.287994136820478|1.0|0.0|0.0|0.0|1.0|0.0|0.0|0.0|0.0|1.0|0.0|0.0|0.0|0.0|0.0|1.0|0.0|1.0|0.0|1.0|0.0|0.0|0.0|0.0|0.0|1.0|bad
-1.4758440237896457|-0.23213414417275235|-0.287994136820478|1.0|0.0|0.0|0.0|1.0|0.0|0.0|0.0|0.0|1.0|0.0|0.0|0.0|0.0|0.0|1.0|0.0|0.0|1.0|1.0|0.0|0.0|0.0|0.0|0.0|1.0|good
-0.27660856183479393|-0.2860358459896074|1.2159160171810477|1.0|0.0|0.0|0.0|1.0|0.0|0.0|0.0|0.0|1.0|0.0|0.0|0.0|0.0|0.0|1.0|0.0|0.0|1.0|1.0|0.0|0.0|0.0|1.0|0.0|0.0|bad
-0.27660856183479393|-1.4360744198480928|4.735045076785443|1.0|0.0|0.0|0.0|1.0|0.0|0.0|0.0|0.0|1.0|0.0|0.0|0.0|0.0|0.0|1.0|0.0|0.0|1.0|1.0|0.0|0.0|0.0|0.0|0.0|1.0|good
0.5040258426452511|-0.23213414417275235|-0.287994136820478|1.0|0.0|0.0|0.0|1.0|0.0|0.0|0.0|0.0|1.0|0.0|0.0|1.0|0.0|0.0|0.0|0.0|0.0|1.0|1.0|0.0|0.0|0.0|0.0|0.0|1.0|good
-0.27660856183479393|-0.23213414417275235|-1.1905472368131347|1.0|0.0|0.0|0.0|1.0|0.0|0.0|0.0|0.0|1.0|0.0|0.0|0.0|0.0|0.0|1.0|1.0|0.0|0.0|1.0|0.0|0.0|0.0|0.0|0.0|1.0|bad
-0.27660856183479393|-0.27038837082606215|-0.2828189470269421|0.0|0.0|1.0|0.0|0.0|0.0|0.0|1.0|0.0|1.0|0.0|0.0|0.0|0.0|0.0|1.0|0.0|0.0|1.0|1.0|0.0|0.0|0.0|0.0|0.0|1.0|good
-0.310549188116535|-1.0419817886399543|-0.287994136820478|0.0|1.0|0.0|0.0|1.0|0.0|0.0|0.0|0.0|1.0|0.0|0.0|0.0|0.0|0.0|1.0|1.0|0.0|0.0|1.0|0.0|0.0|0.0|0.0|0.0|1.0|bad
-0.32751950125740553|-0.23213414417275235|3.3894957304661153|0.0|0.0|1.0|0.0|1.0|0.0|0.0|0.0|0.0|1.0|0.0|0.0|1.0|0.0|0.0|0.0|0.0|0.0|1.0|1.0|0.0|0.0|0.0|0.0|1.0|0.0|good
-0.3218627302104487|-0.23213414417275235|-0.287994136820478|1.0|0.0|0.0|0.0|1.0|0.0|0.0|0.0|0.0|1.0|0.0|0.0|0.0|0.0|0.0|1.0|0.0|0.0|1.0|0.0|0.0|0.0|1.0|0.0|0.0|1.0|good
-0.27660856183479393|1.4667719475394128|-0.287994136820478|1.0|0.0|0.0|0.0|1.0|0.0|0.0|0.0|0.0|1.0|0.0|0.0|0.0|1.0|0.0|0.0|0.0|0.0|1.0|1.0|0.0|0.0|0.0|0.0|0.0|1.0|bad
1.918218604384463|-0.23213414417275235|-0.287994136820478|0.0|1.0|0.0|0.0|0.0|0.0|0.0|1.0|0.0|1.0|0.0|0.0|0.0|1.0|0.0|0.0|0.0|1.0|0.0|1.0|0.0|0.0|0.0|0.0|0.0|1.0|bad
-0.3218627302104487|-0.23213414417275235|-0.287994136820478|1.0|0.0|0.0|0.0|1.0|0.0|0.0|0.0|0.0|1.0|0.0|0.0|0.0|0.0|0.0|1.0|0.0|0.0|1.0|1.0|0.0|0.0|0.0|0.0|0.0|1.0|good
0.7868643949930935|2.5535232402350356|-0.287994136820478|1.0|0.0|0.0|0.0|1.0|0.0|0.0|0.0|0.0|1.0|0.0|0.0|0.0|0.0|1.0|0.0|0.0|0.0|1.0|1.0|0.0|0.0|0.0|0.0|0.0|1.0|good
-0.27660856183479393|-0.23213414417275235|-0.287994136820478|1.0|0.0|0.0|0.0|1.0|0.0|0.0|0.0|0.0|1.0|0.0|0.0|0.0|0.0|0.0|1.0|0.0|0.0|1.0|1.0|0.0|0.0|0.0|1.0|0.0|0.0|good
-0.27660856183479393|-0.23213414417275235|-0.3159401617055717|1.0|0.0|0.0|0.0|1.0|0.0|0.0|0.0|0.0|0.0|1.0|0.0|0.0|0.0|1.0|0.0|0.0|0.0|1.0|1.0|0.0|0.0|0.0|0.0|0.0|1.0|bad
1.918218604384463|-0.7946296394669198|-0.29523940253142816|1.0|0.0|0.0|0.0|1.0|0.0|0.0|0.0|0.0|1.0|0.0|0.0|0.0|0.0|0.0|1.0|0.0|0.0|1.0|0.0|1.0|0.0|0.0|0.0|0.0|1.0|bad
-0.33317627230436236|0.03677868572702414|-0.287994136820478|1.0|0.0|0.0|0.0|1.0|0.0|0.0|0.0|0.0|1.0|0.0|0.0|0.0|0.0|0.0|1.0|0.0|0.0|1.0|1.0|0.0|0.0|0.0|0.0|0.0|1.0|bad
-0.27660856183479393|1.7936690609839518|-0.287994136820478|1.0|0.0|0.0|0.0|1.0|0.0|0.0|0.0|0.0|1.0|0.0|0.0|0.0|0.0|0.0|1.0|0.0|0.0|1.0|1.0|0.0|0.0|0.0|0.0|0.0|1.0|bad
-0.27660856183479393|-0.23213414417275235|-1.2681750837161727|1.0|0.0|0.0|0.0|1.0|0.0|0.0|0.0|0.0|1.0|0.0|0.0|0.0|0.0|0.0|1.0|0.0|0.0|1.0|1.0|0.0|0.0|0.0|0.0|0.0|1.0|bad
-0.27660856183479393|-0.23213414417275235|-0.287994136820478|1.0|0.0|0.0|0.0|1.0|0.0|0.0|0.0|0.0|1.0|0.0|0.0|1.0|0.0|0.0|0.0|0.0|0.0|1.0|1.0|0.0|0.0|0.0|0.0|0.0|1.0|bad
-0.27660856183479393|-0.23213414417275235|-0.287994136820478|1.0|0.0|0.0|0.0|1.0|0.0|0.0|0.0|0.0|1.0|0.0|0.0|0.0|0.0|0.0|1.0|0.0|0.0|1.0|1.0|0.0|0.0|0.0|1.0|0.0|0.0|good
-0.27660856183479393|-0.23213414417275235|-0.287994136820478|0.0|0.0|0.0|1.0|1.0|0.0|0.0|0.0|0.0|1.0|0.0|0.0|0.0|0.0|0.0|1.0|0.0|0.0|1.0|1.0|0.0|0.0|0.0|0.0|0.0|1.0|good
-0.27660856183479393|-0.23213414417275235|0.4396375481506662|1.0|0.0|0.0|0.0|0.0|1.0|0.0|0.0|0.0|1.0|0.0|0.0|0.0|0.0|0.0|1.0|0.0|0.0|1.0|1.0|0.0|0.0|0.0|0.0|0.0|1.0|bad
-0.27660856183479393|1.0330884437029912|-0.287994136820478|1.0|0.0|0.0|0.0|1.0|0.0|0.0|0.0|0.0|1.0|0.0|0.0|0.0|0.0|0.0|1.0|1.0|0.0|0.0|1.0|0.0|0.0|0.0|0.0|0.0|1.0|bad
-0.27660856183479393|-0.2527213979394595|-0.3076598580359143|1.0|0.0|0.0|0.0|1.0|0.0|0.0|0.0|0.0|1.0|0.0|0.0|0.0|0.0|0.0|1.0|1.0|0.0|0.0|1.0|0.0|0.0|0.0|0.0|0.0|1.0|bad
-0.27660856183479393|-0.23213414417275235|0.8536527316335363|1.0|0.0|0.0|0.0|1.0|0.0|0.0|0.0|0.0|1.0|0.0|0.0|0.0|0.0|0.0|1.0|0.0|0.0|1.0|1.0|0.0|0.0|0.0|0.0|0.0|1.0|good
-0.27660856183479393|-0.2602908822107753|-0.31387008578815734|1.0|0.0|0.0|0.0|1.0|0.0|0.0|0.0|0.0|0.0|0.0|1.0|0.0|0.0|0.0|1.0|0.0|0.0|1.0|0.0|0.0|1.0|0.0|1.0|0.0|0.0|good
-0.27660856183479393|-0.23213414417275235|-0.287994136820478|1.0|0.0|0.0|0.0|1.0|0.0|0.0|0.0|0.0|0.0|0.0|1.0|0.0|0.0|0.0|1.0|0.0|0.0|1.0|1.0|0.0|0.0|0.0|0.0|0.0|1.0|good
-0.27660856183479393|0.6687797717197994|0.9571565275042537|1.0|0.0|0.0|0.0|1.0|0.0|0.0|0.0|0.0|1.0|0.0|0.0|0.0|0.0|0.0|1.0|0.0|0.0|1.0|1.0|0.0|0.0|0.0|0.0|0.0|1.0|bad
-0.27660856183479393|-0.23213414417275235|-0.287994136820478|1.0|0.0|0.0|0.0|1.0|0.0|0.0|0.0|0.0|1.0|0.0|0.0|0.0|0.0|0.0|1.0|0.0|0.0|1.0|1.0|0.0|0.0|0.0|0.0|0.0|1.0|good
2.483895709080148|-0.2824908284038089|-0.287994136820478|1.0|0.0|0.0|0.0|1.0|0.0|0.0|0.0|0.0|1.0|0.0|0.0|0.0|0.0|0.0|1.0|0.0|0.0|1.0|0.0|0.0|1.0|0.0|0.0|1.0|0.0|good
-0.27660856183479393|-0.23213414417275235|-0.287994136820478|1.0|0.0|0.0|0.0|1.0|0.0|0.0|0.0|0.0|1.0|0.0|0.0|0.0|0.0|0.0|1.0|0.0|0.0|1.0|1.0|0.0|0.0|0.0|0.0|0.0|1.0|bad
-0.27660856183479393|-0.23213414417275235|-0.287994136820478|1.0|0.0|0.0|0.0|1.0|0.0|0.0|0.0|0.0|1.0|0.0|0.0|0.0|0.0|1.0|0.0|1.0|0.0|0.0|1.0|0.0|0.0|0.0|0.0|1.0|0.0|bad
-0.27660856183479393|-0.23213414417275235|-0.287994136820478|1.0|0.0|0.0|0.0|1.0|0.0|0.0|0.0|0.0|1.0|0.0|0.0|0.0|0.0|0.0|1.0|0.0|0.0|1.0|1.0|0.0|0.0|0.0|0.0|0.0|1.0|good
-0.27660856183479393|1.0178332450755794|-0.287994136820478|1.0|0.0|0.0|0.0|1.0|0.0|0.0|0.0|0.0|0.0|1.0|0.0|0.0|0.0|0.0|1.0|0.0|0.0|1.0|1.0|0.0|0.0|0.0|0.0|0.0|1.0|good
-0.27660856183479393|-0.23213414417275235|-0.31387008578815734|1.0|0.0|0.0|0.0|1.0|0.0|0.0|0.0|0.0|1.0|0.0|0.0|0.0|0.0|0.0|1.0|0.0|0.0|1.0|1.0|0.0|0.0|0.0|0.0|0.0|1.0|bad
-0.27660856183479393|-0.12406922284828655|-0.287994136820478|1.0|0.0|0.0|0.0|1.0|0.0|0.0|0.0|0.0|1.0|0.0|0.0|0.0|0.0|0.0|1.0|0.0|0.0|1.0|1.0|0.0|0.0|0.0|1.0|0.0|0.0|good
-3.1728753378767|-0.23213414417275235|-0.287994136820478|1.0|0.0|0.0|0.0|1.0|0.0|0.0|0.0|0.0|1.0|0.0|0.0|1.0|0.0|0.0|0.0|0.0|0.0|1.0|1.0|0.0|0.0|0.0|0.0|0.0|1.0|good
-0.27660856183479393|-0.23213414417275235|0.6207691909244218|1.0|0.0|0.0|0.0|1.0|0.0|0.0|0.0|0.0|1.0|0.0|0.0|0.0|1.0|0.0|0.0|0.0|0.0|1.0|1.0|0.0|0.0|0.0|0.0|0.0|1.0|good
2.483895709080148|-0.2513847519644863|-0.8800358492009821|1.0|0.0|0.0|0.0|1.0|0.0|0.0|0.0|0.0|1.0|0.0|0.0|0.0|0.0|0.0|1.0|1.0|0.0|0.0|0.0|0.0|1.0|0.0|0.0|0.0|1.0|bad
-0.3218627302104487|-0.29207981039818204|-0.287994136820478|1.0|0.0|0.0|0.0|1.0|0.0|0.0|0.0|0.0|1.0|0.0|0.0|0.0|0.0|0.0|1.0|0.0|0.0|1.0|0.0|0.0|0.0|1.0|0.0|0.0|1.0|good
-0.30489241706957815|-0.23213414417275235|0.36200970124762805|1.0|0.0|0.0|0.0|1.0|0.0|0.0|0.0|0.0|0.0|0.0|1.0|0.0|0.0|0.0|1.0|0.0|0.0|1.0|1.0|0.0|0.0|0.0|1.0|0.0|0.0|good
1.3525414996887781|-0.23213414417275235|-0.287994136820478|0.0|0.0|1.0|0.0|1.0|0.0|0.0|0.0|0.0|1.0|0.0|0.0|0.0|0.0|0.0|1.0|0.0|0.0|1.0|1.0|0.0|0.0|0.0|0.0|0.0|1.0|bad
-0.27660856183479393|-0.23213414417275235|-1.3199269816515316|1.0|0.0|0.0|0.0|1.0|0.0|0.0|0.0|0.0|1.0|0.0|0.0|0.0|0.0|0.0|1.0|0.0|0.0|1.0|1.0|0.0|0.0|0.0|0.0|0.0|1.0|bad
-0.27660856183479393|-0.23213414417275235|-0.31387008578815734|0.0|1.0|0.0|0.0|1.0|0.0|0.0|0.0|0.0|1.0|0.0|0.0|0.0|0.0|0.0|1.0|0.0|0.0|1.0|0.0|0.0|1.0|0.0|0.0|0.0|1.0|good
-0.27660856183479393|-0.23213414417275235|-0.287994136820478|0.0|0.0|0.0|1.0|1.0|0.0|0.0|0.0|0.0|1.0|0.0|0.0|0.0|0.0|1.0|0.0|0.0|0.0|1.0|1.0|0.0|0.0|0.0|0.0|0.0|1.0|bad
-0.27660856183479393|0.4174322133824428|-0.287994136820478|0.0|0.0|0.0|1.0|1.0|0.0|0.0|0.0|0.0|1.0|0.0|0.0|0.0|0.0|0.0|1.0|0.0|0.0|1.0|1.0|0.0|0.0|0.0|0.0|0.0|1.0|good
-0.27660856183479393|2.772907525257815|0.7242729867951394|0.0|1.0|0.0|0.0|1.0|0.0|0.0|0.0|0.0|1.0|0.0|0.0|0.0|0.0|0.0|1.0|1.0|0.0|0.0|0.0|0.0|1.0|0.0|0.0|0.0|1.0|good
-0.32751950125740553|-0.23213414417275235|-0.287994136820478|1.0|0.0|0.0|0.0|1.0|0.0|0.0|0.0|0.0|1.0|0.0|0.0|0.0|0.0|0.0|1.0|0.0|0.0|1.0|1.0|0.0|0.0|0.0|0.0|0.0|1.0|bad
-0.27660856183479393|2.634884299581232|-0.287994136820478|1.0|0.0|0.0|0.0|1.0|0.0|0.0|0.0|0.0|1.0|0.0|0.0|0.0|0.0|0.0|1.0|0.0|0.0|1.0|1.0|0.0|0.0|0.0|0.0|0.0|1.0|good
-0.27660856183479393|-0.23213414417275235|-0.287994136820478|1.0|0.0|0.0|0.0|0.0|0.0|0.0|1.0|0.0|0.0|0.0|1.0|0.0|0.0|0.0|1.0|0.0|0.0|1.0|1.0|0.0|0.0|0.0|0.0|0.0|1.0|good
-0.2992356460226213|-0.23213414417275235|-0.287994136820478|1.0|0.0|0.0|0.0|0.0|1.0|0.0|0.0|0.0|1.0|0.0|0.0|0.0|0.0|1.0|0.0|0.0|0.0|1.0|1.0|0.0|0.0|0.0|0.0|0.0|1.0|good
0.5040258426452511|-0.23213414417275235|4.217526097431856|1.0|0.0|0.0|0.0|0.0|1.0|0.0|0.0|0.0|1.0|0.0|0.0|0.0|0.0|0.0|1.0|0.0|0.0|1.0|1.0|0.0|0.0|0.0|0.0|0.0|1.0|bad
-0.27660856183479393|-0.23213414417275235|2.0439463841467878|0.0|0.0|0.0|1.0|1.0|0.0|0.0|0.0|0.0|1.0|0.0|0.0|0.0|0.0|0.0|1.0|1.0|0.0|0.0|1.0|0.0|0.0|0.0|0.0|0.0|1.0|good
1.3525414996887781|-0.272611271197485|0.6466451398921013|1.0|0.0|0.0|0.0|1.0|0.0|0.0|0.0|0.0|1.0|0.0|0.0|0.0|0.0|0.0|1.0|0.0|0.0|1.0|1.0|0.0|0.0|0.0|0.0|0.0|1.0|bad
4.180927023167202|-0.23213414417275235|-0.287994136820478|1.0|0.0|0.0|0.0|1.0|0.0|0.0|0.0|0.0|1.0|0.0|0.0|0.0|0.0|0.0|1.0|0.0|0.0|1.0|1.0|0.0|0.0|0.0|0.0|0.0|1.0|bad
-0.27660856183479393|-0.807342304989763|-0.287994136820478|1.0|0.0|0.0|0.0|1.0|0.0|0.0|0.0|0.0|1.0|0.0|0.0|0.0|0.0|0.0|1.0|0.0|0.0|1.0|1.0|0.0|0.0|0.0|0.0|0.0|1.0|good
-0.27660856183479393|1.6977792410402204|-0.287994136820478|1.0|0.0|0.0|0.0|1.0|0.0|0.0|0.0|0.0|1.0|0.0|0.0|0.0|0.0|0.0|1.0|0.0|0.0|1.0|1.0|0.0|0.0|0.0|0.0|0.0|1.0|good
-0.27660856183479393|-0.23213414417275235|-0.287994136820478|1.0|0.0|0.0|0.0|1.0|0.0|0.0|0.0|0.0|0.0|0.0|1.0|0.0|0.0|0.0|1.0|0.0|0.0|1.0|1.0|0.0|0.0|0.0|1.0|0.0|0.0|good
-0.27660856183479393|-0.23213414417275235|3.1824881387246804|1.0|0.0|0.0|0.0|0.0|0.0|1.0|0.0|0.0|1.0|0.0|0.0|0.0|0.0|0.0|1.0|0.0|0.0|1.0|1.0|0.0|0.0|0.0|0.0|0.0|1.0|good
-0.27660856183479393|-0.23213414417275235|-0.287994136820478|1.0|0.0|0.0|0.0|1.0|0.0|0.0|0.0|0.0|1.0|0.0|0.0|0.0|0.0|0.0|1.0|0.0|0.0|1.0|1.0|0.0|0.0|0.0|0.0|0.0|1.0|bad
3.049572813775833|0.7882788276345254|-0.287994136820478|1.0|0.0|0.0|0.0|1.0|0.0|0.0|0.0|0.0|1.0|0.0|0.0|0.0|0.0|0.0|1.0|0.0|0.0|1.0|1.0|0.0|0.0|0.0|0.0|0.0|1.0|bad
-0.27660856183479393|-0.23213414417275235|-0.287994136820478|1.0|0.0|0.0|0.0|1.0|0.0|0.0|0.0|0.0|1.0|0.0|0.0|0.0|0.0|0.0|1.0|0.0|0.0|1.0|1.0|0.0|0.0|0.0|0.0|0.0|1.0|good
-0.27660856183479393|-0.23213414417275235|-0.29523940253142816|1.0|0.0|0.0|0.0|1.0|0.0|0.0|0.0|0.0|1.0|0.0|0.0|1.0|0.0|0.0|0.0|0.0|0.0|1.0|1.0|0.0|0.0|0.0|0.0|0.0|1.0|bad
1.918218604384463|-0.23213414417275235|-0.287994136820478|1.0|0.0|0.0|0.0|1.0|0.0|0.0|0.0|0.0|1.0|0.0|0.0|0.0|0.0|0.0|1.0|0.0|0.0|1.0|1.0|0.0|0.0|0.0|0.0|0.0|1.0|good
-0.27660856183479393|-0.23213414417275235|-0.287994136820478|1.0|0.0|0.0|0.0|1.0|0.0|0.0|0.0|0.0|1.0|0.0|0.0|0.0|0.0|0.0|1.0|0.0|0.0|1.0|1.0|0.0|0.0|0.0|0.0|0.0|1.0|good
-0.27660856183479393|-0.23213414417275235|-0.287994136820478|1.0|0.0|0.0|0.0|1.0|0.0|0.0|0.0|0.0|1.0|0.0|0.0|0.0|0.0|0.0|1.0|0.0|0.0|1.0|1.0|0.0|0.0|0.0|0.0|0.0|1.0|bad
1.0697029473409359|-0.23213414417275235|-0.287994136820478|0.0|1.0|0.0|0.0|1.0|0.0|0.0|0.0|0.0|1.0|0.0|0.0|0.0|0.0|0.0|1.0|0.0|0.0|1.0|1.0|0.0|0.0|0.0|0.0|0.0|1.0|good
-0.27660856183479393|-0.23213414417275235|-0.287994136820478|0.0|0.0|1.0|0.0|1.0|0.0|0.0|0.0|0.0|1.0|0.0|0.0|0.0|0.0|0.0|1.0|0.0|0.0|1.0|1.0|0.0|0.0|0.0|1.0|0.0|0.0|bad
4.180927023167202|-0.23213414417275235|-0.29730947844884253|1.0|0.0|0.0|0.0|1.0|0.0|0.0|0.0|0.0|1.0|0.0|0.0|0.0|0.0|0.0|1.0|0.0|0.0|1.0|1.0|0.0|0.0|0.0|0.0|0.0|1.0|bad
-0.27660856183479393|-0.23213414417275235|-0.287994136820478|1.0|0.0|0.0|0.0|1.0|0.0|0.0|0.0|0.0|1.0|0.0|0.0|0.0|0.0|0.0|1.0|0.0|0.0|1.0|1.0|0.0|0.0|0.0|0.0|0.0|1.0|bad
-2.607198233181015|5.129472494178002|-0.2848890229443564|1.0|0.0|0.0|0.0|1.0|0.0|0.0|0.0|0.0|1.0|0.0|0.0|0.0|0.0|0.0|1.0|0.0|0.0|1.0|1.0|0.0|0.0|0.0|0.0|0.0|1.0|good
-0.27660856183479393|-0.23213414417275235|-0.287994136820478|1.0|0.0|0.0|0.0|1.0|0.0|0.0|0.0|0.0|1.0|0.0|0.0|0.0|0.0|0.0|1.0|0.0|0.0|1.0|1.0|0.0|0.0|0.0|0.0|0.0|1.0|bad
-1.4758440237896457|-0.23213414417275235|-0.287994136820478|1.0|0.0|0.0|0.0|0.0|0.0|0.0|1.0|0.0|0.0|0.0|1.0|0.0|0.0|0.0|1.0|0.0|0.0|1.0|1.0|0.0|0.0|0.0|0.0|0.0|1.0|bad
-0.27660856183479393|-0.23213414417275235|-0.29316932661401385|1.0|0.0|0.0|0.0|1.0|0.0|0.0|0.0|0.0|1.0|0.0|0.0|0.0|0.0|0.0|1.0|0.0|0.0|1.0|1.0|0.0|0.0|0.0|1.0|0.0|0.0|bad
-0.2992356460226213|-1.153490026226036|-0.287994136820478|1.0|0.0|0.0|0.0|0.0|0.0|0.0|0.0|1.0|1.0|0.0|0.0|0.0|0.0|0.0|1.0|0.0|0.0|1.0|1.0|0.0|0.0|0.0|1.0|0.0|0.0|good
0.3154668077466895|-0.24365545132659766|-0.31387008578815734|0.0|0.0|1.0|0.0|1.0|0.0|0.0|0.0|0.0|1.0|0.0|0.0|0.0|0.0|0.0|1.0|0.0|0.0|1.0|1.0|0.0|0.0|0.0|0.0|0.0|1.0|good
-0.910166919093961|-0.6239167024458828|-0.287994136820478|1.0|0.0|0.0|0.0|1.0|0.0|0.0|0.0|0.0|1.0|0.0|0.0|0.0|0.0|0.0|1.0|0.0|0.0|1.0|1.0|0.0|0.0|0.0|0.0|0.0|1.0|bad
-0.25398147764696655|-0.23213414417275235|-0.287994136820478|1.0|0.0|0.0|0.0|1.0|0.0|0.0|0.0|0.0|1.0|0.0|0.0|0.0|0.0|0.0|1.0|0.0|0.0|1.0|1.0|0.0|0.0|0.0|1.0|0.0|0.0|good
-0.27660856183479393|-0.24005231869840896|-0.287994136820478|1.0|0.0|0.0|0.0|0.0|1.0|0.0|0.0|0.0|1.0|0.0|0.0|0.0|0.0|0.0|1.0|0.0|0.0|1.0|0.0|0.0|1.0|0.0|0.0|0.0|1.0|good
-0.27660856183479393|-0.23213414417275235|-0.29420436457272103|1.0|0.0|0.0|0.0|1.0|0.0|0.0|0.0|0.0|1.0|0.0|0.0|0.0|0.0|0.0|1.0|0.0|0.0|1.0|1.0|0.0|0.0|0.0|0.0|0.0|1.0|good
-0.27660856183479393|1.5830020323196934|-0.287994136820478|1.0|0.0|0.0|0.0|1.0|0.0|0.0|0.0|0.0|1.0|0.0|0.0|0.0|0.0|1.0|0.0|0.0|0.0|1.0|1.0|0.0|0.0|0.0|0.0|0.0|1.0|good
0.2211872902974087|-0.23213414417275235|-0.31283504782945015|1.0|0.0|0.0|0.0|0.0|1.0|0.0|0.0|0.0|1.0|0.0|0.0|0.0|0.0|0.0|1.0|0.0|0.0|1.0|1.0|0.0|0.0|0.0|0.0|0.0|1.0|bad
-0.27660856183479393|-0.23213414417275235|-0.287994136820478|1.0|0.0|0.0|0.0|1.0|0.0|0.0|0.0|0.0|1.0|0.0|0.0|0.0|0.0|0.0|1.0|0.0|1.0|0.0|1.0|0.0|0.0|0.0|0.0|0.0|1.0|good
-0.33317627230436236|-0.23213414417275235|-0.30041459232496404|1.0|0.0|0.0|0.0|1.0|0.0|0.0|0.0|0.0|1.0|0.0|0.0|0.0|0.0|0.0|1.0|0.0|0.0|1.0|1.0|0.0|0.0|0.0|0.0|0.0|1.0|good
-0.27660856183479393|-0.23213414417275235|-0.287994136820478|1.0|0.0|0.0|0.0|0.0|1.0|0.0|0.0|0.0|1.0|0.0|0.0|0.0|0.0|0.0|1.0|0.0|0.0|1.0|1.0|0.0|0.0|0.0|0.0|0.0|1.0|good
-0.27660856183479393|-0.23213414417275235|-0.287994136820478|1.0|0.0|0.0|0.0|1.0|0.0|0.0|0.0|0.0|1.0|0.0|0.0|0.0|0.0|0.0|1.0|0.0|0.0|1.0|0.0|1.0|0.0|0.0|0.0|0.0|1.0|good
-0.27660856183479393|-0.23213414417275235|0.5431413440213837|1.0|0.0|0.0|0.0|1.0|0.0|0.0|0.0|0.0|1.0|0.0|0.0|0.0|0.0|0.0|1.0|0.0|0.0|1.0|1.0|0.0|0.0|0.0|0.0|1.0|0.0|good
4.180927023167202|-0.24894392018410041|-0.287994136820478|1.0|0.0|0.0|0.0|1.0|0.0|0.0|0.0|0.0|1.0|0.0|0.0|0.0|0.0|0.0|1.0|0.0|0.0|1.0|1.0|0.0|0.0|0.0|1.0|0.0|0.0|good
0.2211872902974087|-0.23213414417275235|-0.287994136820478|1.0|0.0|0.0|0.0|1.0|0.0|0.0|0.0|0.0|1.0|0.0|0.0|0.0|0.0|0.0|1.0|0.0|0.0|1.0|1.0|0.0|0.0|0.0|0.0|0.0|1.0|bad
-0.27660856183479393|-0.25754494645784115|-0.287994136820478|0.0|0.0|0.0|1.0|1.0|0.0|0.0|0.0|0.0|0.0|0.0|1.0|0.0|0.0|0.0|1.0|0.0|0.0|1.0|1.0|0.0|0.0|0.0|1.0|0.0|0.0|good
-0.27660856183479393|-0.24124367706740682|-0.30869489599462147|1.0|0.0|0.0|0.0|1.0|0.0|0.0|0.0|0.0|1.0|0.0|0.0|0.0|0.0|0.0|1.0|0.0|1.0|0.0|1.0|0.0|0.0|0.0|0.0|0.0|1.0|good
-0.27660856183479393|-0.23213414417275235|0.46551349711834555|1.0|0.0|0.0|0.0|1.0|0.0|0.0|0.0|0.0|0.0|0.0|1.0|0.0|0.0|0.0|1.0|0.0|0.0|1.0|1.0|0.0|0.0|0.0|0.0|0.0|1.0|good
-0.27660856183479393|-0.23213414417275235|-0.287994136820478|1.0|0.0|0.0|0.0|0.0|0.0|0.0|1.0|0.0|1.0|0.0|0.0|0.0|0.0|0.0|1.0|0.0|0.0|1.0|1.0|0.0|0.0|0.0|0.0|0.0|1.0|good
-0.0616512620504337|-0.23213414417275235|-0.31180000987074297|1.0|0.0|0.0|0.0|0.0|1.0|0.0|0.0|0.0|1.0|0.0|0.0|0.0|0.0|0.0|1.0|0.0|0.0|1.0|1.0|0.0|0.0|0.0|0.0|0.0|1.0|good
-0.27660856183479393|-0.23213414417275235|-0.287994136820478|1.0|0.0|0.0|0.0|1.0|0.0|0.0|0.0|0.0|1.0|0.0|0.0|0.0|0.0|0.0|1.0|0.0|0.0|1.0|1.0|0.0|0.0|0.0|0.0|1.0|0.0|bad
2.483895709080148|-0.23213414417275235|2.3544577717589403|0.0|0.0|0.0|1.0|1.0|0.0|0.0|0.0|0.0|1.0|0.0|0.0|0.0|0.0|0.0|1.0|0.0|0.0|1.0|1.0|0.0|0.0|0.0|0.0|0.0|1.0|good
-0.27660856183479393|3.4397776366846746|3.078984342853963|1.0|0.0|0.0|0.0|1.0|0.0|0.0|0.0|0.0|1.0|0.0|0.0|0.0|0.0|0.0|1.0|0.0|0.0|1.0|1.0|0.0|0.0|0.0|0.0|0.0|1.0|good
-0.20872730927131175|-0.23213414417275235|-0.287994136820478|1.0|0.0|0.0|0.0|0.0|1.0|0.0|0.0|0.0|1.0|0.0|0.0|1.0|0.0|0.0|0.0|0.0|0.0|1.0|0.0|0.0|1.0|0.0|0.0|0.0|1.0|bad
-0.27660856183479393|-0.23213414417275235|-0.287994136820478|1.0|0.0|0.0|0.0|1.0|0.0|0.0|0.0|0.0|1.0|0.0|0.0|0.0|0.0|0.0|1.0|0.0|0.0|1.0|1.0|0.0|0.0|0.0|0.0|0.0|1.0|good
3.049572813775833|0.754136240230318|-0.287994136820478|1.0|0.0|0.0|0.0|1.0|0.0|0.0|0.0|0.0|1.0|0.0|0.0|0.0|0.0|0.0|1.0|0.0|0.0|1.0|1.0|0.0|0.0|0.0|0.0|0.0|1.0|good
-0.27660856183479393|-0.23213414417275235|-0.287994136820478|1.0|0.0|0.0|0.0|0.0|0.0|1.0|0.0|0.0|1.0|0.0|0.0|0.0|0.0|0.0|1.0|0.0|0.0|1.0|1.0|0.0|0.0|0.0|0.0|0.0|1.0|good
0.7868643949930935|-0.26826717177882203|1.5781793027285589|1.0|0.0|0.0|0.0|1.0|0.0|0.0|0.0|0.0|1.0|0.0|0.0|0.0|0.0|0.0|1.0|0.0|0.0|1.0|1.0|0.0|0.0|0.0|0.0|0.0|1.0|good
-1.0515861952678822|-0.27990470901744763|-0.287994136820478|0.0|0.0|0.0|1.0|0.0|1.0|0.0|0.0|0.0|1.0|0.0|0.0|0.0|0.0|0.0|1.0|0.0|0.0|1.0|1.0|0.0|0.0|0.0|1.0|0.0|0.0|good
-1.4758440237896457|-0.23213414417275235|-0.287994136820478|1.0|0.0|0.0|0.0|1.0|0.0|0.0|0.0|0.0|1.0|0.0|0.0|0.0|0.0|0.0|1.0|0.0|0.0|1.0|1.0|0.0|0.0|0.0|1.0|0.0|0.0|good
-0.27660856183479393|-0.23213414417275235|-0.287994136820478|1.0|0.0|0.0|0.0|0.0|0.0|0.0|0.0|1.0|0.0|0.0|1.0|0.0|0.0|0.0|1.0|0.0|1.0|0.0|1.0|0.0|0.0|0.0|0.0|0.0|1.0|good
-0.27660856183479393|-0.23213414417275235|-1.2164231857808139|1.0|0.0|0.0|0.0|1.0|0.0|0.0|0.0|0.0|0.0|0.0|1.0|0.0|0.0|0.0|1.0|0.0|0.0|1.0|1.0|0.0|0.0|0.0|0.0|0.0|1.0|good
-0.27660856183479393|1.6556458353073686|2.457961567629658|0.0|0.0|0.0|1.0|1.0|0.0|0.0|0.0|0.0|1.0|0.0|0.0|0.0|0.0|0.0|1.0|0.0|0.0|1.0|1.0|0.0|0.0|0.0|0.0|0.0|1.0|good
-0.27660856183479393|-1.3409110379342382|-0.287994136820478|1.0|0.0|0.0|0.0|0.0|0.0|0.0|1.0|0.0|1.0|0.0|0.0|0.0|0.0|0.0|1.0|0.0|0.0|1.0|1.0|0.0|0.0|0.0|0.0|0.0|1.0|good
-0.32751950125740553|-0.23213414417275235|-0.287994136820478|1.0|0.0|0.0|0.0|1.0|0.0|0.0|0.0|0.0|1.0|0.0|0.0|0.0|0.0|0.0|1.0|0.0|0.0|1.0|1.0|0.0|0.0|0.0|1.0|0.0|0.0|good
-0.3218627302104487|-0.23213414417275235|-0.287994136820478|1.0|0.0|0.0|0.0|1.0|0.0|0.0|0.0|0.0|1.0|0.0|0.0|0.0|0.0|0.0|1.0|0.0|0.0|1.0|1.0|0.0|0.0|0.0|0.0|0.0|1.0|good
-0.27660856183479393|-0.23213414417275235|-0.287994136820478|1.0|0.0|0.0|0.0|1.0|0.0|0.0|0.0|0.0|1.0|0.0|0.0|0.0|0.0|0.0|1.0|0.0|0.0|1.0|1.0|0.0|0.0|0.0|0.0|0.0|1.0|good
1.0697029473409359|-0.23213414417275235|-0.31076497191203584|1.0|0.0|0.0|0.0|1.0|0.0|0.0|0.0|0.0|1.0|0.0|0.0|0.0|0.0|0.0|1.0|0.0|0.0|1.0|1.0|0.0|0.0|0.0|0.0|0.0|1.0|good
-0.27660856183479393|-0.23213414417275235|-0.287994136820478|1.0|0.0|0.0|0.0|1.0|0.0|0.0|0.0|0.0|0.0|0.0|1.0|0.0|0.0|0.0|1.0|0.0|0.0|1.0|1.0|0.0|0.0|0.0|0.0|0.0|1.0|good
-0.6273283667461186|-0.23213414417275235|-0.287994136820478|0.0|0.0|1.0|0.0|1.0|0.0|0.0|0.0|0.0|1.0|0.0|0.0|0.0|0.0|0.0|1.0|0.0|0.0|1.0|1.0|0.0|0.0|0.0|0.0|0.0|1.0|good
-0.27660856183479393|-0.23213414417275235|-0.287994136820478|1.0|0.0|0.0|0.0|1.0|0.0|0.0|0.0|0.0|1.0|0.0|0.0|0.0|0.0|0.0|1.0|1.0|0.0|0.0|1.0|0.0|0.0|0.0|0.0|0.0|1.0|good
-0.33317627230436236|-0.23213414417275235|-0.287994136820478|1.0|0.0|0.0|0.0|1.0|0.0|0.0|0.0|0.0|1.0|0.0|0.0|0.0|0.0|0.0|1.0|0.0|0.0|1.0|1.0|0.0|0.0|0.0|0.0|0.0|1.0|good
-0.3218627302104487|-0.23213414417275235|-0.287994136820478|1.0|0.0|0.0|0.0|0.0|0.0|0.0|0.0|1.0|1.0|0.0|0.0|0.0|0.0|0.0|1.0|0.0|0.0|1.0|1.0|0.0|0.0|0.0|1.0|0.0|0.0|good
1.918218604384463|-0.23213414417275235|-1.3199269816515316|1.0|0.0|0.0|0.0|1.0|0.0|0.0|0.0|0.0|1.0|0.0|0.0|0.0|0.0|0.0|1.0|0.0|0.0|1.0|1.0|0.0|0.0|0.0|1.0|0.0|0.0|good
-0.27660856183479393|-0.23213414417275235|-0.287994136820478|1.0|0.0|0.0|0.0|1.0|0.0|0.0|0.0|0.0|0.0|0.0|1.0|0.0|0.0|0.0|1.0|0.0|0.0|1.0|1.0|0.0|0.0|0.0|0.0|0.0|1.0|good
-0.27660856183479393|-0.23213414417275235|-0.287994136820478|1.0|0.0|0.0|0.0|1.0|0.0|0.0|0.0|0.0|1.0|0.0|0.0|0.0|0.0|0.0|1.0|0.0|0.0|1.0|1.0|0.0|0.0|0.0|0.0|0.0|1.0|good
-0.27660856183479393|0.10651673659519245|2.664969159371093|1.0|0.0|0.0|0.0|1.0|0.0|0.0|0.0|0.0|0.0|1.0|0.0|0.0|0.0|0.0|1.0|0.0|0.0|1.0|1.0|0.0|0.0|0.0|1.0|0.0|0.0|bad
-0.27660856183479393|-0.23213414417275235|0.8536527316335363|1.0|0.0|0.0|0.0|1.0|0.0|0.0|0.0|0.0|1.0|0.0|0.0|0.0|0.0|0.0|1.0|0.0|1.0|0.0|1.0|0.0|0.0|0.0|0.0|0.0|1.0|bad
4.180927023167202|-0.23213414417275235|-0.287994136820478|1.0|0.0|0.0|0.0|0.0|0.0|0.0|1.0|0.0|1.0|0.0|0.0|0.0|0.0|0.0|1.0|1.0|0.0|0.0|1.0|0.0|0.0|0.0|1.0|0.0|0.0|good
-0.2879221039287076|-0.23213414417275235|-0.287994136820478|1.0|0.0|0.0|0.0|1.0|0.0|0.0|0.0|0.0|1.0|0.0|0.0|1.0|0.0|0.0|0.0|0.0|0.0|1.0|1.0|0.0|0.0|0.0|0.0|0.0|1.0|good
-0.27660856183479393|-0.23213414417275235|-0.287994136820478|1.0|0.0|0.0|0.0|0.0|0.0|1.0|0.0|0.0|1.0|0.0|0.0|0.0|0.0|0.0|1.0|0.0|0.0|1.0|1.0|0.0|0.0|0.0|0.0|0.0|1.0|good
-0.27660856183479393|-0.23213414417275235|-0.287994136820478|1.0|0.0|0.0|0.0|1.0|0.0|0.0|0.0|0.0|1.0|0.0|0.0|0.0|0.0|0.0|1.0|0.0|0.0|1.0|1.0|0.0|0.0|0.0|1.0|0.0|0.0|good
-0.25398147764696655|-0.20606954766077445|-0.9576636961040202|1.0|0.0|0.0|0.0|1.0|0.0|0.0|0.0|0.0|1.0|0.0|0.0|0.0|0.0|0.0|1.0|0.0|0.0|1.0|1.0|0.0|0.0|0.0|0.0|0.0|1.0|bad
-0.27660856183479393|-1.3797754725326445|2.2509539758882227|1.0|0.0|0.0|0.0|1.0|0.0|0.0|0.0|0.0|0.0|1.0|0.0|0.0|0.0|0.0|1.0|0.0|1.0|0.0|1.0|0.0|0.0|0.0|0.0|0.0|1.0|bad
-0.27660856183479393|1.4507903108821243|-0.287994136820478|1.0|0.0|0.0|0.0|1.0|0.0|0.0|0.0|0.0|1.0|0.0|0.0|0.0|0.0|0.0|1.0|0.0|0.0|1.0|1.0|0.0|0.0|0.0|0.0|0.0|1.0|good
-0.27660856183479393|-0.23213414417275235|-0.2983445164075497|1.0|0.0|0.0|0.0|1.0|0.0|0.0|0.0|0.0|1.0|0.0|0.0|0.0|0.0|0.0|1.0|0.0|0.0|1.0|1.0|0.0|0.0|0.0|0.0|0.0|1.0|good
0.5040258426452511|-0.07291345678436559|-0.3035197062010856|1.0|0.0|0.0|0.0|1.0|0.0|0.0|0.0|0.0|1.0|0.0|0.0|0.0|0.0|0.0|1.0|0.0|0.0|1.0|1.0|0.0|0.0|0.0|0.0|0.0|1.0|good
0.2211872902974087|1.4391673024040963|-0.287994136820478|1.0|0.0|0.0|0.0|1.0|0.0|0.0|0.0|0.0|1.0|0.0|0.0|0.0|0.0|0.0|1.0|0.0|0.0|1.0|1.0|0.0|0.0|0.0|0.0|0.0|1.0|bad
-0.30489241706957815|-0.23213414417275235|-0.287994136820478|1.0|0.0|0.0|0.0|1.0|0.0|0.0|0.0|0.0|0.0|0.0|1.0|0.0|0.0|0.0|1.0|0.0|0.0|1.0|1.0|0.0|0.0|0.0|0.0|0.0|1.0|good
0.0797680141234875|1.3519947388188858|-0.287994136820478|0.0|0.0|0.0|1.0|1.0|0.0|0.0|0.0|0.0|0.0|0.0|1.0|0.0|0.0|0.0|1.0|0.0|0.0|1.0|1.0|0.0|0.0|0.0|0.0|0.0|1.0|good
2.483895709080148|-0.23213414417275235|-0.287994136820478|1.0|0.0|0.0|0.0|1.0|0.0|0.0|0.0|0.0|1.0|0.0|0.0|0.0|0.0|0.0|1.0|0.0|0.0|1.0|1.0|0.0|0.0|0.0|0.0|0.0|1.0|bad
-0.27660856183479393|-0.23213414417275235|-0.27143352948116317|1.0|0.0|0.0|0.0|1.0|0.0|0.0|0.0|0.0|1.0|0.0|0.0|0.0|0.0|0.0|1.0|0.0|1.0|0.0|1.0|0.0|0.0|0.0|0.0|0.0|1.0|good
-0.27660856183479393|-0.25667322082198907|-0.29523940253142816|1.0|0.0|0.0|0.0|0.0|0.0|0.0|1.0|0.0|1.0|0.0|0.0|0.0|0.0|0.0|1.0|0.0|0.0|1.0|0.0|0.0|1.0|0.0|0.0|0.0|1.0|good
-0.27660856183479393|-0.23213414417275235|-0.287994136820478|1.0|0.0|0.0|0.0|1.0|0.0|0.0|0.0|0.0|1.0|0.0|0.0|0.0|0.0|0.0|1.0|0.0|0.0|1.0|1.0|0.0|0.0|0.0|1.0|0.0|0.0|good
0.7868643949930935|-0.23213414417275235|-0.287994136820478|1.0|0.0|0.0|0.0|1.0|0.0|0.0|0.0|0.0|1.0|0.0|0.0|0.0|0.0|0.0|1.0|0.0|0.0|1.0|0.0|0.0|1.0|0.0|0.0|0.0|1.0|good
-0.27660856183479393|-0.2120553970269589|-1.1387953388777758|1.0|0.0|0.0|0.0|1.0|0.0|0.0|0.0|0.0|1.0|0.0|0.0|0.0|0.0|0.0|1.0|0.0|0.0|1.0|1.0|0.0|0.0|0.0|0.0|0.0|1.0|good
-0.27660856183479393|-0.23213414417275235|3.1824881387246804|0.0|0.0|0.0|1.0|1.0|0.0|0.0|0.0|0.0|1.0|0.0|0.0|0.0|0.0|0.0|1.0|0.0|0.0|1.0|1.0|0.0|0.0|0.0|0.0|0.0|1.0|bad
-0.27660856183479393|-0.4586520506489215|-0.287994136820478|1.0|0.0|0.0|0.0|1.0|0.0|0.0|0.0|0.0|1.0|0.0|0.0|0.0|0.0|0.0|1.0|0.0|0.0|1.0|1.0|0.0|0.0|0.0|0.0|0.0|1.0|bad
-0.27660856183479393|0.5906876835080485|-0.287994136820478|1.0|0.0|0.0|0.0|1.0|0.0|0.0|0.0|0.0|1.0|0.0|0.0|0.0|0.0|0.0|1.0|0.0|0.0|1.0|1.0|0.0|0.0|0.0|0.0|0.0|1.0|bad
-0.27660856183479393|-0.5883212389819219|-0.2683284156050416|1.0|0.0|0.0|0.0|1.0|0.0|0.0|0.0|0.0|1.0|0.0|0.0|0.0|0.0|0.0|1.0|0.0|0.0|1.0|1.0|0.0|0.0|0.0|0.0|0.0|1.0|good
-0.27660856183479393|-0.26403930244493934|-0.287994136820478|1.0|0.0|0.0|0.0|1.0|0.0|0.0|0.0|0.0|1.0|0.0|0.0|0.0|1.0|0.0|0.0|0.0|0.0|1.0|1.0|0.0|0.0|0.0|0.0|0.0|1.0|bad
-0.6273283667461186|0.061840797757772126|-0.287994136820478|1.0|0.0|0.0|0.0|1.0|0.0|0.0|0.0|0.0|0.0|1.0|0.0|1.0|0.0|0.0|0.0|0.0|0.0|1.0|1.0|0.0|0.0|0.0|1.0|0.0|0.0|good
2.483895709080148|-0.23213414417275235|-0.287994136820478|1.0|0.0|0.0|0.0|1.0|0.0|0.0|0.0|0.0|1.0|0.0|0.0|0.0|0.0|0.0|1.0|0.0|1.0|0.0|1.0|0.0|0.0|0.0|0.0|0.0|1.0|good
-0.27660856183479393|0.3821999689334203|0.31025780331226926|1.0|0.0|0.0|0.0|1.0|0.0|0.0|0.0|0.0|1.0|0.0|0.0|0.0|0.0|0.0|1.0|0.0|0.0|1.0|1.0|0.0|0.0|0.0|0.0|0.0|1.0|bad
-0.27660856183479393|-0.23213414417275235|-0.287994136820478|1.0|0.0|0.0|0.0|1.0|0.0|0.0|0.0|0.0|1.0|0.0|0.0|0.0|0.0|0.0|1.0|1.0|0.0|0.0|1.0|0.0|0.0|0.0|0.0|0.0|1.0|bad
-0.27660856183479393|-0.23213414417275235|-0.287994136820478|1.0|0.0|0.0|0.0|1.0|0.0|0.0|0.0|0.0|1.0|0.0|0.0|0.0|0.0|0.0|1.0|0.0|0.0|1.0|1.0|0.0|0.0|0.0|0.0|0.0|1.0|good
-0.2992356460226213|-0.23213414417275235|0.5172653950537043|1.0|0.0|0.0|0.0|1.0|0.0|0.0|0.0|0.0|1.0|0.0|0.0|0.0|0.0|0.0|1.0|0.0|0.0|1.0|1.0|0.0|0.0|0.0|0.0|0.0|1.0|good
-0.27660856183479393|-0.23213414417275235|-0.8800358492009821|0.0|0.0|0.0|1.0|0.0|1.0|0.0|0.0|0.0|1.0|0.0|0.0|0.0|0.0|0.0|1.0|1.0|0.0|0.0|0.0|0.0|0.0|1.0|0.0|0.0|1.0|bad
-0.27660856183479393|-0.2903363591264778|-0.287994136820478|0.0|0.0|0.0|1.0|1.0|0.0|0.0|0.0|0.0|1.0|0.0|0.0|0.0|0.0|0.0|1.0|1.0|0.0|0.0|1.0|0.0|0.0|0.0|0.0|0.0|1.0|good
1.918218604384463|-0.23213414417275235|-0.287994136820478|1.0|0.0|0.0|0.0|1.0|0.0|0.0|0.0|0.0|1.0|0.0|0.0|0.0|0.0|0.0|1.0|0.0|0.0|1.0|1.0|0.0|0.0|0.0|0.0|0.0|1.0|good
-0.27660856183479393|-0.23213414417275235|-0.287994136820478|1.0|0.0|0.0|0.0|1.0|0.0|0.0|0.0|0.0|1.0|0.0|0.0|0.0|0.0|0.0|1.0|0.0|0.0|1.0|0.0|0.0|1.0|0.0|0.0|1.0|0.0|good
-0.27660856183479393|5.495597261235886|-0.287994136820478|1.0|0.0|0.0|0.0|1.0|0.0|0.0|0.0|0.0|1.0|0.0|0.0|0.0|0.0|0.0|1.0|0.0|0.0|1.0|1.0|0.0|0.0|0.0|0.0|0.0|1.0|good
-0.27660856183479393|-0.23213414417275235|-0.31283504782945015|1.0|0.0|0.0|0.0|1.0|0.0|0.0|0.0|0.0|1.0|0.0|0.0|0.0|0.0|0.0|1.0|0.0|0.0|1.0|1.0|0.0|0.0|0.0|1.0|0.0|0.0|bad
3.049572813775833|-0.23213414417275235|3.285991934595398|1.0|0.0|0.0|0.0|1.0|0.0|0.0|0.0|0.0|1.0|0.0|0.0|0.0|0.0|0.0|1.0|1.0|0.0|0.0|1.0|0.0|0.0|0.0|0.0|0.0|1.0|good
-0.27660856183479393|-2.7571019771789684|-0.287994136820478|1.0|0.0|0.0|0.0|1.0|0.0|0.0|0.0|0.0|1.0|0.0|0.0|0.0|0.0|0.0|1.0|0.0|0.0|1.0|1.0|0.0|0.0|0.0|0.0|0.0|1.0|good
-0.2879221039287076|1.2531991667556475|-0.30972993395332865|1.0|0.0|0.0|0.0|1.0|0.0|0.0|0.0|0.0|1.0|0.0|0.0|0.0|0.0|0.0|1.0|0.0|1.0|0.0|1.0|0.0|0.0|0.0|0.0|0.0|1.0|bad
-0.27660856183479393|-0.23213414417275235|1.3194198130517651|1.0|0.0|0.0|0.0|1.0|0.0|0.0|0.0|0.0|1.0|0.0|0.0|0.0|0.0|0.0|1.0|0.0|0.0|1.0|1.0|0.0|0.0|0.0|1.0|0.0|0.0|good
-0.27660856183479393|-0.23213414417275235|-0.9317877471363409|1.0|0.0|0.0|0.0|1.0|0.0|0.0|0.0|0.0|1.0|0.0|0.0|0.0|0.0|0.0|1.0|0.0|0.0|1.0|1.0|0.0|0.0|0.0|0.0|0.0|1.0|good
-0.27660856183479393|-0.23213414417275235|-0.29420436457272103|0.0|0.0|0.0|1.0|0.0|0.0|0.0|1.0|0.0|1.0|0.0|0.0|0.0|0.0|0.0|1.0|0.0|0.0|1.0|1.0|0.0|0.0|0.0|0.0|0.0|1.0|good
-0.27660856183479393|1.5023674110033738|0.23262995640923115|1.0|0.0|0.0|0.0|1.0|0.0|0.0|0.0|0.0|1.0|0.0|0.0|0.0|0.0|0.0|1.0|0.0|0.0|1.0|1.0|0.0|0.0|0.0|1.0|0.0|0.0|good
-0.27660856183479393|-0.0953749206681548|-1.1129193899100964|1.0|0.0|0.0|0.0|1.0|0.0|0.0|0.0|0.0|1.0|0.0|0.0|0.0|0.0|0.0|1.0|0.0|0.0|1.0|1.0|0.0|0.0|0.0|0.0|0.0|1.0|good
-0.27660856183479393|-0.23213414417275235|-0.287994136820478|1.0|0.0|0.0|0.0|1.0|0.0|0.0|0.0|0.0|1.0|0.0|0.0|0.0|0.0|0.0|1.0|0.0|0.0|1.0|1.0|0.0|0.0|0.0|0.0|0.0|1.0|good
-0.27660856183479393|-0.26489649932019393|0.25850590537691054|1.0|0.0|0.0|0.0|1.0|0.0|0.0|0.0|0.0|1.0|0.0|0.0|0.0|0.0|0.0|1.0|1.0|0.0|0.0|1.0|0.0|0.0|0.0|0.0|0.0|1.0|good
-0.27660856183479393|-0.23213414417275235|-0.287994136820478|0.0|0.0|1.0|0.0|1.0|0.0|0.0|0.0|0.0|1.0|0.0|0.0|0.0|0.0|0.0|1.0|0.0|0.0|1.0|1.0|0.0|0.0|0.0|0.0|0.0|1.0|bad
-0.30489241706957815|-0.23213414417275235|-0.287994136820478|1.0|0.0|0.0|0.0|1.0|0.0|0.0|0.0|0.0|1.0|0.0|0.0|0.0|0.0|0.0|1.0|1.0|0.0|0.0|1.0|0.0|0.0|0.0|0.0|0.0|1.0|good
-0.27660856183479393|-0.23213414417275235|-0.287994136820478|1.0|0.0|0.0|0.0|1.0|0.0|0.0|0.0|0.0|1.0|0.0|0.0|0.0|0.0|0.0|1.0|0.0|0.0|1.0|1.0|0.0|0.0|0.0|0.0|0.0|1.0|good
0.7868643949930935|-0.23213414417275235|-0.287994136820478|1.0|0.0|0.0|0.0|1.0|0.0|0.0|0.0|0.0|1.0|0.0|0.0|0.0|0.0|0.0|1.0|0.0|0.0|1.0|0.0|0.0|1.0|0.0|0.0|0.0|1.0|good
-0.310549188116535|-0.23213414417275235|-0.287994136820478|1.0|0.0|0.0|0.0|1.0|0.0|0.0|0.0|0.0|1.0|0.0|0.0|1.0|0.0|0.0|0.0|0.0|0.0|1.0|0.0|0.0|0.0|1.0|0.0|0.0|1.0|bad
0.2211872902974087|-0.2891595295180775|-0.287994136820478|1.0|0.0|0.0|0.0|1.0|0.0|0.0|0.0|0.0|0.0|1.0|0.0|0.0|0.0|0.0|1.0|0.0|0.0|1.0|1.0|0.0|0.0|0.0|0.0|0.0|1.0|good
-0.27660856183479393|-0.21753273977222962|-0.287994136820478|1.0|0.0|0.0|0.0|1.0|0.0|0.0|0.0|0.0|1.0|0.0|0.0|0.0|0.0|0.0|1.0|0.0|1.0|0.0|1.0|0.0|0.0|0.0|0.0|0.0|1.0|good
-0.27660856183479393|-0.23213414417275235|-0.27971383315082055|1.0|0.0|0.0|0.0|1.0|0.0|0.0|0.0|0.0|0.0|0.0|1.0|0.0|0.0|0.0|1.0|0.0|1.0|0.0|1.0|0.0|0.0|0.0|0.0|0.0|1.0|bad
-0.27660856183479393|-0.23213414417275235|2.9754805469832455|1.0|0.0|0.0|0.0|1.0|0.0|0.0|0.0|0.0|1.0|0.0|0.0|0.0|0.0|0.0|1.0|0.0|0.0|1.0|1.0|0.0|0.0|0.0|0.0|0.0|1.0|bad
-0.33317627230436236|-0.2825053571644064|-0.26004811193538424|1.0|0.0|0.0|0.0|1.0|0.0|0.0|0.0|0.0|0.0|0.0|1.0|0.0|0.0|0.0|1.0|0.0|0.0|1.0|1.0|0.0|0.0|0.0|0.0|0.0|1.0|good
0.3626065664713299|-0.23213414417275235|-0.287994136820478|1.0|0.0|0.0|0.0|0.0|1.0|0.0|0.0|0.0|1.0|0.0|0.0|0.0|0.0|0.0|1.0|0.0|0.0|1.0|1.0|0.0|0.0|0.0|0.0|0.0|1.0|bad
-0.27660856183479393|0.7105499584377127|-0.287994136820478|1.0|0.0|0.0|0.0|0.0|1.0|0.0|0.0|0.0|1.0|0.0|0.0|0.0|0.0|0.0|1.0|0.0|0.0|1.0|1.0|0.0|0.0|0.0|0.0|0.0|1.0|good
-0.27660856183479393|-0.23213414417275235|-0.287994136820478|1.0|0.0|0.0|0.0|1.0|0.0|0.0|0.0|0.0|1.0|0.0|0.0|0.0|0.0|0.0|1.0|0.0|0.0|1.0|1.0|0.0|0.0|0.0|0.0|0.0|1.0|bad
-0.27660856183479393|-0.23213414417275235|2.7167210573064517|1.0|0.0|0.0|0.0|1.0|0.0|0.0|0.0|0.0|1.0|0.0|0.0|0.0|0.0|0.0|1.0|0.0|0.0|1.0|0.0|0.0|1.0|0.0|0.0|0.0|1.0|good
-0.27660856183479393|-0.23213414417275235|-0.31180000987074297|1.0|0.0|0.0|0.0|1.0|0.0|0.0|0.0|0.0|0.0|1.0|0.0|0.0|0.0|0.0|1.0|0.0|0.0|1.0|1.0|0.0|0.0|0.0|0.0|0.0|1.0|bad
-0.3218627302104487|-0.23213414417275235|-0.9576636961040202|1.0|0.0|0.0|0.0|0.0|1.0|0.0|0.0|0.0|1.0|0.0|0.0|0.0|1.0|0.0|0.0|1.0|0.0|0.0|1.0|0.0|0.0|0.0|0.0|0.0|1.0|good
-1.3344247476157245|-0.23213414417275235|1.2159160171810477|1.0|0.0|0.0|0.0|1.0|0.0|0.0|0.0|0.0|0.0|0.0|1.0|0.0|0.0|0.0|1.0|0.0|0.0|1.0|1.0|0.0|0.0|0.0|0.0|0.0|1.0|bad
-0.2992356460226213|-0.23213414417275235|0.36200970124762805|1.0|0.0|0.0|0.0|1.0|0.0|0.0|0.0|0.0|1.0|0.0|0.0|0.0|0.0|0.0|1.0|0.0|0.0|1.0|1.0|0.0|0.0|0.0|0.0|0.0|1.0|good
0.7868643949930935|1.3766936318346954|-0.287994136820478|0.0|0.0|0.0|1.0|1.0|0.0|0.0|0.0|0.0|1.0|0.0|0.0|0.0|0.0|0.0|1.0|0.0|0.0|1.0|1.0|0.0|0.0|0.0|0.0|0.0|1.0|good
2.483895709080148|0.8275064812478701|1.2676679151164065|1.0|0.0|0.0|0.0|1.0|0.0|0.0|0.0|0.0|1.0|0.0|0.0|0.0|0.0|0.0|1.0|0.0|0.0|1.0|1.0|0.0|0.0|0.0|1.0|0.0|0.0|bad
-0.27660856183479393|-0.23213414417275235|-0.287994136820478|1.0|0.0|0.0|0.0|1.0|0.0|0.0|0.0|0.0|1.0|0.0|0.0|0.0|0.0|0.0|1.0|0.0|0.0|1.0|0.0|0.0|1.0|0.0|1.0|0.0|0.0|good
-0.3218627302104487|-0.23213414417275235|-0.287994136820478|1.0|0.0|0.0|0.0|1.0|0.0|0.0|0.0|0.0|1.0|0.0|0.0|0.0|0.0|0.0|1.0|0.0|0.0|1.0|1.0|0.0|0.0|0.0|0.0|0.0|1.0|good
-0.3218627302104487|-0.23213414417275235|-0.287994136820478|1.0|0.0|0.0|0.0|1.0|0.0|0.0|0.0|0.0|1.0|0.0|0.0|0.0|0.0|0.0|1.0|0.0|0.0|1.0|1.0|0.0|0.0|0.0|0.0|0.0|1.0|good
-0.27660856183479393|-0.23213414417275235|-0.287994136820478|1.0|0.0|0.0|0.0|1.0|0.0|0.0|0.0|0.0|1.0|0.0|0.0|0.0|0.0|0.0|1.0|0.0|0.0|1.0|1.0|0.0|0.0|0.0|0.0|0.0|1.0|good
-0.27660856183479393|-0.23213414417275235|-0.287994136820478|1.0|0.0|0.0|0.0|0.0|1.0|0.0|0.0|0.0|1.0|0.0|0.0|1.0|0.0|0.0|0.0|0.0|0.0|1.0|1.0|0.0|0.0|0.0|0.0|0.0|1.0|bad
0.6454451188191722|-0.23213414417275235|3.3894957304661153|1.0|0.0|0.0|0.0|0.0|0.0|0.0|1.0|0.0|0.0|0.0|1.0|0.0|0.0|0.0|1.0|0.0|0.0|1.0|1.0|0.0|0.0|0.0|0.0|0.0|1.0|good
-0.27660856183479393|-0.23213414417275235|-0.2828189470269421|0.0|0.0|0.0|1.0|1.0|0.0|0.0|0.0|0.0|1.0|0.0|0.0|0.0|0.0|0.0|1.0|0.0|0.0|1.0|1.0|0.0|0.0|0.0|0.0|0.0|1.0|good
-0.27660856183479393|0.7737500670369903|-0.287994136820478|1.0|0.0|0.0|0.0|1.0|0.0|0.0|0.0|0.0|1.0|0.0|0.0|0.0|0.0|0.0|1.0|0.0|0.0|1.0|1.0|0.0|0.0|0.0|0.0|0.0|1.0|good
-0.27660856183479393|-0.23213414417275235|-0.287994136820478|1.0|0.0|0.0|0.0|1.0|0.0|0.0|0.0|0.0|0.0|1.0|0.0|0.0|0.0|0.0|1.0|0.0|0.0|1.0|1.0|0.0|0.0|0.0|0.0|0.0|1.0|bad
-0.27660856183479393|-0.250019048468318|-0.2983445164075497|1.0|0.0|0.0|0.0|1.0|0.0|0.0|0.0|0.0|1.0|0.0|0.0|0.0|0.0|0.0|1.0|0.0|0.0|1.0|1.0|0.0|0.0|0.0|0.0|0.0|1.0|good
-0.27660856183479393|0.973157306238159|-0.287994136820478|1.0|0.0|0.0|0.0|1.0|0.0|0.0|0.0|0.0|1.0|0.0|0.0|0.0|0.0|0.0|1.0|0.0|0.0|1.0|1.0|0.0|0.0|0.0|0.0|0.0|1.0|good
-0.27660856183479393|-0.23213414417275235|-0.287994136820478|1.0|0.0|0.0|0.0|1.0|0.0|0.0|0.0|0.0|0.0|0.0|1.0|1.0|0.0|0.0|0.0|0.0|0.0|1.0|1.0|0.0|0.0|0.0|0.0|0.0|1.0|good
-0.27660856183479393|-0.23213414417275235|-0.287994136820478|1.0|0.0|0.0|0.0|1.0|0.0|0.0|0.0|0.0|1.0|0.0|0.0|0.0|0.0|0.0|1.0|0.0|0.0|1.0|0.0|0.0|1.0|0.0|0.0|0.0|1.0|good
-2.1829404046592513|-0.23213414417275235|-0.287994136820478|1.0|0.0|0.0|0.0|1.0|0.0|0.0|0.0|0.0|1.0|0.0|0.0|0.0|0.0|0.0|1.0|0.0|1.0|0.0|0.0|0.0|1.0|0.0|0.0|0.0|1.0|bad
4.180927023167202|-0.23213414417275235|-0.287994136820478|1.0|0.0|0.0|0.0|1.0|0.0|0.0|0.0|0.0|1.0|0.0|0.0|0.0|0.0|1.0|0.0|0.0|0.0|1.0|0.0|0.0|1.0|0.0|0.0|0.0|1.0|good
-0.27660856183479393|-0.23213414417275235|1.2676679151164065|1.0|0.0|0.0|0.0|1.0|0.0|0.0|0.0|0.0|1.0|0.0|0.0|0.0|0.0|0.0|1.0|0.0|0.0|1.0|1.0|0.0|0.0|0.0|0.0|0.0|1.0|good
-0.27660856183479393|-0.23213414417275235|-0.31283504782945015|0.0|0.0|1.0|0.0|1.0|0.0|0.0|0.0|0.0|1.0|0.0|0.0|0.0|0.0|0.0|1.0|0.0|0.0|1.0|1.0|0.0|0.0|0.0|0.0|0.0|1.0|bad
-0.27660856183479393|2.0479223714408152|-1.8891978589404779|1.0|0.0|0.0|0.0|1.0|0.0|0.0|0.0|0.0|1.0|0.0|0.0|0.0|0.0|0.0|1.0|0.0|0.0|1.0|1.0|0.0|0.0|0.0|0.0|0.0|1.0|good
-0.310549188116535|-0.23213414417275235|-0.287994136820478|1.0|0.0|0.0|0.0|0.0|1.0|0.0|0.0|0.0|1.0|0.0|0.0|0.0|0.0|0.0|1.0|0.0|0.0|1.0|1.0|0.0|0.0|0.0|0.0|0.0|1.0|good
-0.27660856183479393|-0.23213414417275235|-0.287994136820478|1.0|0.0|0.0|0.0|1.0|0.0|0.0|0.0|0.0|1.0|0.0|0.0|0.0|0.0|0.0|1.0|0.0|0.0|1.0|1.0|0.0|0.0|0.0|0.0|0.0|1.0|good
-0.27660856183479393|-0.23213414417275235|-0.29730947844884253|1.0|0.0|0.0|0.0|0.0|0.0|0.0|1.0|0.0|1.0|0.0|0.0|0.0|0.0|0.0|1.0|0.0|0.0|1.0|1.0|0.0|0.0|0.0|0.0|1.0|0.0|good
-0.25398147764696655|-0.23213414417275235|0.9571565275042537|1.0|0.0|0.0|0.0|1.0|0.0|0.0|0.0|0.0|0.0|0.0|1.0|0.0|0.0|0.0|1.0|1.0|0.0|0.0|1.0|0.0|0.0|0.0|0.0|0.0|1.0|bad
-0.27660856183479393|-0.23213414417275235|-0.287994136820478|1.0|0.0|0.0|0.0|1.0|0.0|0.0|0.0|0.0|1.0|0.0|0.0|0.0|0.0|0.0|1.0|0.0|0.0|1.0|1.0|0.0|0.0|0.0|1.0|0.0|0.0|bad
-0.27660856183479393|-0.23213414417275235|3.700007118078268|1.0|0.0|0.0|0.0|1.0|0.0|0.0|0.0|0.0|1.0|0.0|0.0|0.0|0.0|1.0|0.0|0.0|0.0|1.0|1.0|0.0|0.0|0.0|0.0|0.0|1.0|bad
-0.27660856183479393|-0.23213414417275235|0.7242729867951394|1.0|0.0|0.0|0.0|0.0|0.0|0.0|1.0|0.0|1.0|0.0|0.0|0.0|0.0|0.0|1.0|0.0|0.0|1.0|1.0|0.0|0.0|0.0|0.0|1.0|0.0|good
-0.33317627230436236|-0.28363860049101414|-0.287994136820478|1.0|0.0|0.0|0.0|1.0|0.0|0.0|0.0|0.0|1.0|0.0|0.0|0.0|0.0|0.0|1.0|0.0|0.0|1.0|1.0|0.0|0.0|0.0|0.0|0.0|1.0|good
-0.2992356460226213|-0.25936104153253303|-0.287994136820478|1.0|0.0|0.0|0.0|0.0|0.0|0.0|1.0|0.0|1.0|0.0|0.0|0.0|0.0|0.0|1.0|0.0|0.0|1.0|1.0|0.0|0.0|0.0|0.0|0.0|1.0|good
4.180927023167202|-0.23213414417275235|-1.1646712878454553|1.0|0.0|0.0|0.0|1.0|0.0|0.0|0.0|0.0|1.0|0.0|0.0|0.0|0.0|0.0|1.0|0.0|0.0|1.0|1.0|0.0|0.0|0.0|0.0|0.0|1.0|good
1.3525414996887781|1.3701556895658047|-0.287994136820478|1.0|0.0|0.0|0.0|0.0|0.0|1.0|0.0|0.0|1.0|0.0|0.0|0.0|0.0|0.0|1.0|1.0|0.0|0.0|1.0|0.0|0.0|0.0|0.0|0.0|1.0|good
-0.310549188116535|-0.23213414417275235|-0.287994136820478|1.0|0.0|0.0|0.0|1.0|0.0|0.0|0.0|0.0|1.0|0.0|0.0|0.0|0.0|0.0|1.0|0.0|0.0|1.0|1.0|0.0|0.0|0.0|0.0|0.0|1.0|bad
1.918218604384463|1.5263398659893066|-0.31387008578815734|1.0|0.0|0.0|0.0|1.0|0.0|0.0|0.0|0.0|1.0|0.0|0.0|0.0|0.0|0.0|1.0|0.0|1.0|0.0|0.0|0.0|0.0|1.0|0.0|0.0|1.0|good
4.180927023167202|-0.23213414417275235|-0.287994136820478|1.0|0.0|0.0|0.0|1.0|0.0|0.0|0.0|0.0|1.0|0.0|0.0|0.0|0.0|0.0|1.0|0.0|0.0|1.0|1.0|0.0|0.0|0.0|0.0|0.0|1.0|good
-0.32751950125740553|-0.23213414417275235|-0.287994136820478|1.0|0.0|0.0|0.0|0.0|0.0|1.0|0.0|0.0|1.0|0.0|0.0|0.0|0.0|0.0|1.0|0.0|0.0|1.0|1.0|0.0|0.0|0.0|1.0|0.0|0.0|good
-0.2992356460226213|2.018864850245745|-0.287994136820478|1.0|0.0|0.0|0.0|1.0|0.0|0.0|0.0|0.0|1.0|0.0|0.0|0.0|0.0|0.0|1.0|0.0|1.0|0.0|1.0|0.0|0.0|0.0|0.0|0.0|1.0|good
-0.27660856183479393|-0.23213414417275235|-0.287994136820478|1.0|0.0|0.0|0.0|1.0|0.0|0.0|0.0|0.0|1.0|0.0|0.0|0.0|0.0|0.0|1.0|0.0|0.0|1.0|1.0|0.0|0.0|0.0|0.0|0.0|1.0|good
-0.27660856183479393|-0.23931135190793468|-0.287994136820478|1.0|0.0|0.0|0.0|1.0|0.0|0.0|0.0|0.0|1.0|0.0|0.0|0.0|0.0|0.0|1.0|0.0|0.0|1.0|1.0|0.0|0.0|0.0|0.0|0.0|1.0|good
-0.27660856183479393|-0.23213414417275235|-0.287994136820478|1.0|0.0|0.0|0.0|1.0|0.0|0.0|0.0|0.0|1.0|0.0|0.0|0.0|0.0|1.0|0.0|0.0|0.0|1.0|1.0|0.0|0.0|0.0|0.0|0.0|1.0|good
-0.27660856183479393|-0.23213414417275235|-0.287994136820478|1.0|0.0|0.0|0.0|1.0|0.0|0.0|0.0|0.0|1.0|0.0|0.0|1.0|0.0|0.0|0.0|1.0|0.0|0.0|1.0|0.0|0.0|0.0|0.0|0.0|1.0|good
3.049572813775833|3.066025270313085|-0.31180000987074297|1.0|0.0|0.0|0.0|1.0|0.0|0.0|0.0|0.0|1.0|0.0|0.0|0.0|0.0|0.0|1.0|0.0|0.0|1.0|0.0|0.0|1.0|0.0|0.0|0.0|1.0|bad
-0.33317627230436236|-0.23213414417275235|-0.287994136820478|1.0|0.0|0.0|0.0|1.0|0.0|0.0|0.0|0.0|1.0|0.0|0.0|0.0|0.0|0.0|1.0|0.0|0.0|1.0|0.0|0.0|0.0|1.0|1.0|0.0|0.0|good
-0.27660856183479393|-0.23213414417275235|-0.287994136820478|1.0|0.0|0.0|0.0|1.0|0.0|0.0|0.0|0.0|0.0|0.0|1.0|0.0|0.0|0.0|1.0|0.0|0.0|1.0|1.0|0.0|0.0|0.0|0.0|0.0|1.0|good
-0.27660856183479393|-0.23213414417275235|-0.287994136820478|1.0|0.0|0.0|0.0|1.0|0.0|0.0|0.0|0.0|1.0|0.0|0.0|0.0|0.0|0.0|1.0|0.0|0.0|1.0|0.0|1.0|0.0|0.0|0.0|0.0|1.0|good
-1.0515861952678822|0.34442519137982913|-1.009415594039379|1.0|0.0|0.0|0.0|1.0|0.0|0.0|0.0|0.0|0.0|1.0|0.0|0.0|0.0|0.0|1.0|0.0|0.0|1.0|1.0|0.0|0.0|0.0|1.0|0.0|0.0|bad
-0.27660856183479393|-0.23213414417275235|-0.287994136820478|1.0|0.0|0.0|0.0|1.0|0.0|0.0|0.0|0.0|1.0|0.0|0.0|1.0|0.0|0.0|0.0|0.0|0.0|1.0|1.0|0.0|0.0|0.0|0.0|0.0|1.0|good
-0.27660856183479393|-0.2943462970513975|0.3878856502153074|1.0|0.0|0.0|0.0|1.0|0.0|0.0|0.0|0.0|1.0|0.0|0.0|0.0|0.0|0.0|1.0|0.0|0.0|1.0|1.0|0.0|0.0|0.0|0.0|0.0|1.0|good
-0.27660856183479393|-0.23213414417275235|2.1474501800175054|1.0|0.0|0.0|0.0|1.0|0.0|0.0|0.0|0.0|1.0|0.0|0.0|0.0|0.0|0.0|1.0|0.0|0.0|1.0|1.0|0.0|0.0|0.0|0.0|0.0|1.0|bad
-0.27660856183479393|-0.23213414417275235|-0.287994136820478|1.0|0.0|0.0|0.0|1.0|0.0|0.0|0.0|0.0|1.0|0.0|0.0|0.0|0.0|0.0|1.0|0.0|0.0|1.0|1.0|0.0|0.0|0.0|0.0|0.0|1.0|bad
-0.27660856183479393|-0.23213414417275235|-0.287994136820478|1.0|0.0|0.0|0.0|1.0|0.0|0.0|0.0|0.0|1.0|0.0|0.0|0.0|0.0|0.0|1.0|0.0|0.0|1.0|0.0|0.0|1.0|0.0|0.0|0.0|1.0|bad
-0.27660856183479393|-0.23213414417275235|-0.287994136820478|1.0|0.0|0.0|0.0|1.0|0.0|0.0|0.0|0.0|0.0|1.0|0.0|0.0|0.0|0.0|1.0|1.0|0.0|0.0|1.0|0.0|0.0|0.0|0.0|0.0|1.0|good
-0.0616512620504337|-0.28193873550110254|-0.287994136820478|1.0|0.0|0.0|0.0|1.0|0.0|0.0|0.0|0.0|1.0|0.0|0.0|0.0|0.0|0.0|1.0|0.0|0.0|1.0|1.0|0.0|0.0|0.0|0.0|0.0|1.0|good
-0.6273283667461186|-0.23213414417275235|-0.9576636961040202|1.0|0.0|0.0|0.0|1.0|0.0|0.0|0.0|0.0|1.0|0.0|0.0|0.0|0.0|0.0|1.0|0.0|0.0|1.0|1.0|0.0|0.0|0.0|0.0|0.0|1.0|good
-0.27660856183479393|-0.23213414417275235|0.7760248847304981|1.0|0.0|0.0|0.0|1.0|0.0|0.0|0.0|0.0|1.0|0.0|0.0|0.0|0.0|0.0|1.0|0.0|0.0|1.0|1.0|0.0|0.0|0.0|0.0|0.0|1.0|good
-0.27660856183479393|-0.23213414417275235|-0.30972993395332865|1.0|0.0|0.0|0.0|1.0|0.0|0.0|0.0|0.0|1.0|0.0|0.0|0.0|0.0|0.0|1.0|0.0|0.0|1.0|1.0|0.0|0.0|0.0|0.0|0.0|1.0|bad
1.918218604384463|-0.23213414417275235|-0.287994136820478|1.0|0.0|0.0|0.0|1.0|0.0|0.0|0.0|0.0|1.0|0.0|0.0|1.0|0.0|0.0|0.0|0.0|0.0|1.0|1.0|0.0|0.0|0.0|0.0|0.0|1.0|good
-0.27660856183479393|-0.2575594752184387|-0.287994136820478|1.0|0.0|0.0|0.0|1.0|0.0|0.0|0.0|0.0|1.0|0.0|0.0|0.0|0.0|0.0|1.0|1.0|0.0|0.0|1.0|0.0|0.0|0.0|0.0|0.0|1.0|good
-0.27660856183479393|-0.23213414417275235|3.9070147098197032|1.0|0.0|0.0|0.0|0.0|0.0|0.0|1.0|0.0|1.0|0.0|0.0|0.0|0.0|0.0|1.0|0.0|0.0|1.0|1.0|0.0|0.0|0.0|0.0|0.0|1.0|bad
-0.32940509160639114|-0.23213414417275235|-0.287994136820478|1.0|0.0|0.0|0.0|1.0|0.0|0.0|0.0|0.0|1.0|0.0|0.0|0.0|0.0|0.0|1.0|0.0|0.0|1.0|1.0|0.0|0.0|0.0|0.0|0.0|1.0|good
-0.27660856183479393|-1.674346093647668|3.285991934595398|0.0|1.0|0.0|0.0|1.0|0.0|0.0|0.0|0.0|1.0|0.0|0.0|0.0|0.0|0.0|1.0|0.0|0.0|1.0|0.0|1.0|0.0|0.0|0.0|0.0|1.0|good
-0.27660856183479393|-0.23213414417275235|-0.287994136820478|1.0|0.0|0.0|0.0|1.0|0.0|0.0|0.0|0.0|1.0|0.0|0.0|0.0|0.0|0.0|1.0|0.0|0.0|1.0|1.0|0.0|0.0|0.0|1.0|0.0|0.0|good
-0.27660856183479393|-0.23213414417275235|-0.287994136820478|1.0|0.0|0.0|0.0|1.0|0.0|0.0|0.0|0.0|1.0|0.0|0.0|0.0|0.0|0.0|1.0|0.0|0.0|1.0|0.0|0.0|1.0|0.0|0.0|0.0|1.0|bad
-0.27660856183479393|-0.23213414417275235|-0.287994136820478|1.0|0.0|0.0|0.0|1.0|0.0|0.0|0.0|0.0|1.0|0.0|0.0|0.0|0.0|0.0|1.0|0.0|1.0|0.0|1.0|0.0|0.0|0.0|0.0|0.0|1.0|bad
-0.27660856183479393|-0.1802809976001497|-0.287994136820478|1.0|0.0|0.0|0.0|1.0|0.0|0.0|0.0|0.0|0.0|0.0|1.0|0.0|0.0|0.0|1.0|1.0|0.0|0.0|0.0|0.0|1.0|0.0|0.0|0.0|1.0|bad
4.180927023167202|-0.23213414417275235|-0.287994136820478|1.0|0.0|0.0|0.0|1.0|0.0|0.0|0.0|0.0|0.0|0.0|1.0|0.0|0.0|0.0|1.0|0.0|0.0|1.0|1.0|0.0|0.0|0.0|0.0|0.0|1.0|good
-0.27660856183479393|-0.23213414417275235|-0.2910992506965995|1.0|0.0|0.0|0.0|0.0|1.0|0.0|0.0|0.0|1.0|0.0|0.0|0.0|0.0|0.0|1.0|0.0|0.0|1.0|1.0|0.0|0.0|0.0|0.0|0.0|1.0|good
0.5040258426452511|-0.23213414417275235|-0.287994136820478|0.0|0.0|1.0|0.0|1.0|0.0|0.0|0.0|0.0|1.0|0.0|0.0|0.0|0.0|0.0|1.0|0.0|0.0|1.0|0.0|0.0|1.0|0.0|0.0|0.0|1.0|bad
-0.27660856183479393|-0.23213414417275235|2.664969159371093|1.0|0.0|0.0|0.0|1.0|0.0|0.0|0.0|0.0|1.0|0.0|0.0|0.0|0.0|0.0|1.0|0.0|0.0|1.0|1.0|0.0|0.0|0.0|0.0|0.0|1.0|bad
-0.27660856183479393|-0.23213414417275235|-1.423430777522249|1.0|0.0|0.0|0.0|1.0|0.0|0.0|0.0|0.0|1.0|0.0|0.0|0.0|0.0|1.0|0.0|0.0|0.0|1.0|1.0|0.0|0.0|0.0|0.0|0.0|1.0|good
-1.0515861952678822|-0.26756979127014036|-0.9835396450716997|1.0|0.0|0.0|0.0|1.0|0.0|0.0|0.0|0.0|1.0|0.0|0.0|0.0|1.0|0.0|0.0|0.0|0.0|1.0|0.0|0.0|0.0|1.0|0.0|0.0|1.0|bad
-0.27660856183479393|-0.23213414417275235|-0.2869590988617708|1.0|0.0|0.0|0.0|1.0|0.0|0.0|0.0|0.0|1.0|0.0|0.0|0.0|0.0|0.0|1.0|0.0|0.0|1.0|1.0|0.0|0.0|0.0|0.0|0.0|1.0|bad
-0.27660856183479393|-0.6231902644160061|-0.287994136820478|1.0|0.0|0.0|0.0|0.0|1.0|0.0|0.0|0.0|1.0|0.0|0.0|0.0|0.0|0.0|1.0|0.0|0.0|1.0|1.0|0.0|0.0|0.0|0.0|0.0|1.0|good
-0.33694745300233364|-0.23213414417275235|-0.287994136820478|1.0|0.0|0.0|0.0|1.0|0.0|0.0|0.0|0.0|1.0|0.0|0.0|0.0|0.0|0.0|1.0|0.0|0.0|1.0|1.0|0.0|0.0|0.0|0.0|0.0|1.0|good
-0.27660856183479393|-0.23213414417275235|-0.287994136820478|1.0|0.0|0.0|0.0|0.0|0.0|0.0|1.0|0.0|1.0|0.0|0.0|0.0|0.0|0.0|1.0|0.0|0.0|1.0|1.0|0.0|0.0|0.0|1.0|0.0|0.0|good
1.918218604384463|-0.23213414417275235|-0.287994136820478|1.0|0.0|0.0|0.0|1.0|0.0|0.0|0.0|0.0|1.0|0.0|0.0|0.0|1.0|0.0|0.0|0.0|0.0|1.0|1.0|0.0|0.0|0.0|0.0|0.0|1.0|good
-0.27660856183479393|1.579733061185248|-0.287994136820478|1.0|0.0|0.0|0.0|1.0|0.0|0.0|0.0|0.0|1.0|0.0|0.0|1.0|0.0|0.0|0.0|0.0|0.0|1.0|0.0|0.0|1.0|0.0|0.0|0.0|1.0|bad
-0.27660856183479393|-0.257893636712182|-0.287994136820478|1.0|0.0|0.0|0.0|1.0|0.0|0.0|0.0|0.0|0.0|0.0|1.0|0.0|0.0|0.0|1.0|0.0|0.0|1.0|1.0|0.0|0.0|0.0|0.0|0.0|1.0|good
0.5040258426452511|-0.23213414417275235|2.0439463841467878|1.0|0.0|0.0|0.0|1.0|0.0|0.0|0.0|0.0|0.0|1.0|0.0|0.0|0.0|0.0|1.0|0.0|0.0|1.0|1.0|0.0|0.0|0.0|0.0|0.0|1.0|bad
-1.4758440237896457|-0.2787278794090473|-0.287994136820478|1.0|0.0|0.0|0.0|0.0|0.0|0.0|0.0|1.0|0.0|0.0|1.0|0.0|0.0|0.0|1.0|0.0|0.0|1.0|0.0|0.0|1.0|0.0|0.0|0.0|1.0|good
-0.27660856183479393|-0.2516607984158395|-0.287994136820478|1.0|0.0|0.0|0.0|1.0|0.0|0.0|0.0|0.0|1.0|0.0|0.0|0.0|0.0|0.0|1.0|0.0|0.0|1.0|1.0|0.0|0.0|0.0|0.0|1.0|0.0|good
-0.27660856183479393|-0.24361186504480506|-0.287994136820478|1.0|0.0|0.0|0.0|1.0|0.0|0.0|0.0|0.0|1.0|0.0|0.0|0.0|1.0|0.0|0.0|0.0|0.0|1.0|1.0|0.0|0.0|0.0|0.0|0.0|1.0|good
-0.27660856183479393|-0.23213414417275235|-0.2662583396876273|1.0|0.0|0.0|0.0|1.0|0.0|0.0|0.0|0.0|1.0|0.0|0.0|0.0|0.0|0.0|1.0|0.0|0.0|1.0|1.0|0.0|0.0|0.0|0.0|0.0|1.0|bad
4.180927023167202|-0.7550387668386368|-0.287994136820478|0.0|0.0|1.0|0.0|1.0|0.0|0.0|0.0|0.0|1.0|0.0|0.0|0.0|0.0|0.0|1.0|0.0|0.0|1.0|1.0|0.0|0.0|0.0|0.0|0.0|1.0|good
-0.27660856183479393|-0.23213414417275235|-0.287994136820478|1.0|0.0|0.0|0.0|0.0|0.0|0.0|0.0|1.0|0.0|0.0|1.0|0.0|0.0|0.0|1.0|0.0|0.0|1.0|1.0|0.0|0.0|0.0|0.0|0.0|1.0|good
-0.27660856183479393|-0.23213414417275235|-0.287994136820478|1.0|0.0|0.0|0.0|1.0|0.0|0.0|0.0|0.0|1.0|0.0|0.0|0.0|0.0|0.0|1.0|0.0|0.0|1.0|1.0|0.0|0.0|0.0|1.0|0.0|0.0|bad
-1.2872849888910842|-0.2689064372451136|1.371171710987124|1.0|0.0|0.0|0.0|1.0|0.0|0.0|0.0|0.0|1.0|0.0|0.0|0.0|0.0|0.0|1.0|0.0|0.0|1.0|1.0|0.0|0.0|0.0|0.0|0.0|1.0|bad
4.180927023167202|-0.23213414417275235|-0.287994136820478|1.0|0.0|0.0|0.0|1.0|0.0|0.0|0.0|0.0|1.0|0.0|0.0|0.0|0.0|1.0|0.0|0.0|0.0|1.0|1.0|0.0|0.0|0.0|0.0|0.0|1.0|good
-0.27660856183479393|-0.23213414417275235|-0.287994136820478|1.0|0.0|0.0|0.0|1.0|0.0|0.0|0.0|0.0|0.0|0.0|1.0|0.0|0.0|0.0|1.0|0.0|0.0|1.0|0.0|0.0|1.0|0.0|1.0|0.0|0.0|good
-0.27660856183479393|-0.2804277443989589|0.4913894460860249|1.0|0.0|0.0|0.0|0.0|0.0|0.0|0.0|1.0|1.0|0.0|0.0|0.0|0.0|0.0|1.0|0.0|0.0|1.0|1.0|0.0|0.0|0.0|0.0|0.0|1.0|bad
-0.27660856183479393|-0.23213414417275235|-0.287994136820478|1.0|0.0|0.0|0.0|1.0|0.0|0.0|0.0|0.0|1.0|0.0|0.0|0.0|0.0|0.0|1.0|0.0|0.0|1.0|0.0|0.0|1.0|0.0|0.0|0.0|1.0|good
-0.27660856183479393|-0.23213414417275235|-0.287994136820478|1.0|0.0|0.0|0.0|1.0|0.0|0.0|0.0|0.0|1.0|0.0|0.0|0.0|0.0|0.0|1.0|0.0|0.0|1.0|1.0|0.0|0.0|0.0|0.0|0.0|1.0|good
-0.27660856183479393|-0.23213414417275235|-0.287994136820478|1.0|0.0|0.0|0.0|1.0|0.0|0.0|0.0|0.0|0.0|1.0|0.0|0.0|0.0|0.0|1.0|0.0|0.0|1.0|1.0|0.0|0.0|0.0|0.0|0.0|1.0|good
-0.27660856183479393|-0.2528085705030447|-1.0611674919747376|1.0|0.0|0.0|0.0|1.0|0.0|0.0|0.0|0.0|1.0|0.0|0.0|0.0|0.0|0.0|1.0|1.0|0.0|0.0|1.0|0.0|0.0|0.0|0.0|0.0|1.0|good
-0.27660856183479393|-0.23213414417275235|-0.287994136820478|1.0|0.0|0.0|0.0|1.0|0.0|0.0|0.0|0.0|1.0|0.0|0.0|1.0|0.0|0.0|0.0|0.0|0.0|1.0|1.0|0.0|0.0|0.0|1.0|0.0|0.0|bad
-0.27660856183479393|-0.24940884052322154|-0.287994136820478|0.0|0.0|1.0|0.0|0.0|1.0|0.0|0.0|0.0|1.0|0.0|0.0|0.0|0.0|0.0|1.0|1.0|0.0|0.0|1.0|0.0|0.0|0.0|0.0|0.0|1.0|good
-0.27660856183479393|-0.23213414417275235|-0.30869489599462147|1.0|0.0|0.0|0.0|1.0|0.0|0.0|0.0|0.0|1.0|0.0|0.0|0.0|0.0|0.0|1.0|0.0|0.0|1.0|1.0|0.0|0.0|0.0|0.0|0.0|1.0|good
-1.1930054714418032|-0.23213414417275235|-0.3076598580359143|1.0|0.0|0.0|0.0|1.0|0.0|0.0|0.0|0.0|1.0|0.0|0.0|0.0|0.0|0.0|1.0|0.0|0.0|1.0|1.0|0.0|0.0|0.0|0.0|0.0|1.0|bad
-0.27660856183479393|0.584512960254096|-0.287994136820478|0.0|0.0|0.0|1.0|1.0|0.0|0.0|0.0|0.0|0.0|1.0|0.0|0.0|0.0|1.0|0.0|0.0|0.0|1.0|0.0|0.0|1.0|0.0|0.0|0.0|1.0|bad
-0.27660856183479393|-0.23213414417275235|-0.287994136820478|1.0|0.0|0.0|0.0|1.0|0.0|0.0|0.0|0.0|1.0|0.0|0.0|1.0|0.0|0.0|0.0|0.0|0.0|1.0|1.0|0.0|0.0|0.0|0.0|0.0|1.0|good
-0.27660856183479393|0.5013358058332078|2.2509539758882227|1.0|0.0|0.0|0.0|1.0|0.0|0.0|0.0|0.0|1.0|0.0|0.0|1.0|0.0|0.0|0.0|0.0|0.0|1.0|0.0|0.0|0.0|1.0|0.0|0.0|1.0|bad
-0.31620595916349187|-0.23213414417275235|-0.8541599002333028|1.0|0.0|0.0|0.0|1.0|0.0|0.0|0.0|0.0|1.0|0.0|0.0|0.0|0.0|0.0|1.0|1.0|0.0|0.0|1.0|0.0|0.0|0.0|0.0|0.0|1.0|good
-0.27660856183479393|1.434082236194959|-0.287994136820478|1.0|0.0|0.0|0.0|1.0|0.0|0.0|0.0|0.0|1.0|0.0|0.0|0.0|0.0|0.0|1.0|0.0|0.0|1.0|1.0|0.0|0.0|0.0|0.0|0.0|1.0|good
-0.27660856183479393|-0.23213414417275235|-0.29316932661401385|1.0|0.0|0.0|0.0|1.0|0.0|0.0|0.0|0.0|1.0|0.0|0.0|0.0|0.0|1.0|0.0|0.0|0.0|1.0|1.0|0.0|0.0|0.0|0.0|0.0|1.0|good
-2.0415211284853303|-0.23213414417275235|3.492999526336833|1.0|0.0|0.0|0.0|1.0|0.0|0.0|0.0|0.0|1.0|0.0|0.0|0.0|0.0|0.0|1.0|0.0|0.0|1.0|1.0|0.0|0.0|0.0|0.0|0.0|1.0|good
0.7868643949930935|-0.23213414417275235|-0.287994136820478|1.0|0.0|0.0|0.0|1.0|0.0|0.0|0.0|0.0|0.0|1.0|0.0|0.0|0.0|0.0|1.0|1.0|0.0|0.0|1.0|0.0|0.0|0.0|0.0|0.0|1.0|good
-0.27660856183479393|-3.0901738138774597|-0.29523940253142816|1.0|0.0|0.0|0.0|1.0|0.0|0.0|0.0|0.0|1.0|0.0|0.0|0.0|0.0|0.0|1.0|0.0|0.0|1.0|1.0|0.0|0.0|0.0|0.0|0.0|1.0|good
-0.27660856183479393|-0.2818660916981149|-0.287994136820478|1.0|0.0|0.0|0.0|0.0|0.0|0.0|1.0|0.0|1.0|0.0|0.0|0.0|0.0|0.0|1.0|0.0|0.0|1.0|1.0|0.0|0.0|0.0|0.0|0.0|1.0|good
-0.27660856183479393|-0.23213414417275235|-0.287994136820478|1.0|0.0|0.0|0.0|1.0|0.0|0.0|0.0|0.0|1.0|0.0|0.0|0.0|0.0|0.0|1.0|0.0|0.0|1.0|1.0|0.0|0.0|0.0|1.0|0.0|0.0|good
2.483895709080148|-0.23213414417275235|-0.31180000987074297|1.0|0.0|0.0|0.0|1.0|0.0|0.0|0.0|0.0|1.0|0.0|0.0|0.0|0.0|0.0|1.0|0.0|0.0|1.0|0.0|0.0|1.0|0.0|0.0|0.0|1.0|good
0.7868643949930935|-0.2492199666354536|2.664969159371093|1.0|0.0|0.0|0.0|1.0|0.0|0.0|0.0|0.0|1.0|0.0|0.0|0.0|0.0|0.0|1.0|0.0|0.0|1.0|1.0|0.0|0.0|0.0|0.0|0.0|1.0|good
-0.27660856183479393|-0.7815537549291383|3.8035109139489856|1.0|0.0|0.0|0.0|1.0|0.0|0.0|0.0|0.0|0.0|1.0|0.0|0.0|0.0|0.0|1.0|0.0|0.0|1.0|1.0|0.0|0.0|0.0|0.0|0.0|1.0|good
0.5040258426452511|-0.23213414417275235|-0.287994136820478|1.0|0.0|0.0|0.0|1.0|0.0|0.0|0.0|0.0|1.0|0.0|0.0|0.0|0.0|0.0|1.0|1.0|0.0|0.0|1.0|0.0|0.0|0.0|0.0|0.0|1.0|good
-0.27660856183479393|1.0043941415228594|-0.287994136820478|1.0|0.0|0.0|0.0|1.0|0.0|0.0|0.0|0.0|1.0|0.0|0.0|0.0|0.0|0.0|1.0|0.0|0.0|1.0|1.0|0.0|0.0|0.0|0.0|0.0|1.0|good
-0.27660856183479393|-0.2807183196109096|-0.287994136820478|1.0|0.0|0.0|0.0|1.0|0.0|0.0|0.0|0.0|1.0|0.0|0.0|1.0|0.0|0.0|0.0|0.0|0.0|1.0|1.0|0.0|0.0|0.0|1.0|0.0|0.0|bad
-0.27660856183479393|-0.23213414417275235|0.5948932419567424|1.0|0.0|0.0|0.0|1.0|0.0|0.0|0.0|0.0|1.0|0.0|0.0|0.0|1.0|0.0|0.0|0.0|0.0|1.0|1.0|0.0|0.0|0.0|0.0|0.0|1.0|good
-0.2992356460226213|-0.23213414417275235|-0.287994136820478|1.0|0.0|0.0|0.0|1.0|0.0|0.0|0.0|0.0|0.0|0.0|1.0|0.0|1.0|0.0|0.0|0.0|0.0|1.0|1.0|0.0|0.0|0.0|0.0|0.0|1.0|good
-0.27660856183479393|-0.23213414417275235|0.905404629568895|1.0|0.0|0.0|0.0|1.0|0.0|0.0|0.0|0.0|1.0|0.0|0.0|0.0|0.0|0.0|1.0|0.0|0.0|1.0|1.0|0.0|0.0|0.0|0.0|0.0|1.0|good
-0.27660856183479393|-0.23213414417275235|-0.2993795543662569|0.0|0.0|1.0|0.0|1.0|0.0|0.0|0.0|0.0|1.0|0.0|0.0|0.0|0.0|0.0|1.0|0.0|0.0|1.0|1.0|0.0|0.0|0.0|0.0|0.0|1.0|good
-0.27660856183479393|0.09743626122173303|-0.287994136820478|1.0|0.0|0.0|0.0|1.0|0.0|0.0|0.0|0.0|1.0|0.0|0.0|0.0|0.0|0.0|1.0|0.0|1.0|0.0|1.0|0.0|0.0|0.0|0.0|0.0|1.0|good
-0.27660856183479393|-0.23213414417275235|-0.287994136820478|1.0|0.0|0.0|0.0|1.0|0.0|0.0|0.0|0.0|1.0|0.0|0.0|0.0|0.0|0.0|1.0|0.0|0.0|1.0|1.0|0.0|0.0|0.0|0.0|0.0|1.0|bad
-0.3218627302104487|-0.2898278525055641|-0.287994136820478|1.0|0.0|0.0|0.0|1.0|0.0|0.0|0.0|0.0|1.0|0.0|0.0|0.0|0.0|0.0|1.0|0.0|0.0|1.0|1.0|0.0|0.0|0.0|0.0|0.0|1.0|bad
-0.27660856183479393|-0.2603344684925679|-0.287994136820478|1.0|0.0|0.0|0.0|1.0|0.0|0.0|0.0|0.0|0.0|0.0|1.0|0.0|0.0|0.0|1.0|0.0|0.0|1.0|1.0|0.0|0.0|0.0|0.0|0.0|1.0|good
1.918218604384463|-0.07368348109603494|-0.9317877471363409|1.0|0.0|0.0|0.0|1.0|0.0|0.0|0.0|0.0|1.0|0.0|0.0|0.0|0.0|0.0|1.0|1.0|0.0|0.0|0.0|0.0|1.0|0.0|0.0|0.0|1.0|bad
-0.27660856183479393|-0.23213414417275235|-0.287994136820478|1.0|0.0|0.0|0.0|1.0|0.0|0.0|0.0|0.0|1.0|0.0|0.0|0.0|0.0|0.0|1.0|0.0|0.0|1.0|1.0|0.0|0.0|0.0|0.0|0.0|1.0|good
-0.2916932846266788|-0.23213414417275235|-0.287994136820478|1.0|0.0|0.0|0.0|1.0|0.0|0.0|0.0|0.0|1.0|0.0|0.0|0.0|0.0|0.0|1.0|0.0|0.0|1.0|1.0|0.0|0.0|0.0|0.0|0.0|1.0|good
2.2010571567323054|-0.23213414417275235|-0.287994136820478|1.0|0.0|0.0|0.0|1.0|0.0|0.0|0.0|0.0|1.0|0.0|0.0|0.0|0.0|1.0|0.0|0.0|0.0|1.0|1.0|0.0|0.0|0.0|0.0|0.0|1.0|good
-0.27660856183479393|-0.23213414417275235|4.42453368917329|0.0|0.0|0.0|1.0|1.0|0.0|0.0|0.0|0.0|1.0|0.0|0.0|0.0|0.0|0.0|1.0|0.0|0.0|1.0|1.0|0.0|0.0|0.0|0.0|0.0|1.0|good
0.7868643949930935|2.852815708544258|-0.29730947844884253|1.0|0.0|0.0|0.0|1.0|0.0|0.0|0.0|0.0|1.0|0.0|0.0|0.0|0.0|1.0|0.0|0.0|0.0|1.0|1.0|0.0|0.0|0.0|0.0|0.0|1.0|good
-0.27660856183479393|-0.23213414417275235|-0.287994136820478|1.0|0.0|0.0|0.0|1.0|0.0|0.0|0.0|0.0|1.0|0.0|0.0|0.0|0.0|0.0|1.0|0.0|0.0|1.0|1.0|0.0|0.0|0.0|0.0|0.0|1.0|good
-1.1930054714418032|-0.23213414417275235|-0.3066248200772071|1.0|0.0|0.0|0.0|1.0|0.0|0.0|0.0|0.0|1.0|0.0|0.0|0.0|0.0|0.0|1.0|0.0|1.0|0.0|0.0|0.0|1.0|0.0|0.0|0.0|1.0|good
-0.27660856183479393|-3.5510987438342596|-0.287994136820478|1.0|0.0|0.0|0.0|1.0|0.0|0.0|0.0|0.0|1.0|0.0|0.0|0.0|0.0|0.0|1.0|1.0|0.0|0.0|1.0|0.0|0.0|0.0|0.0|0.0|1.0|good
-0.27660856183479393|-0.23213414417275235|-0.287994136820478|1.0|0.0|0.0|0.0|1.0|0.0|0.0|0.0|0.0|0.0|1.0|0.0|0.0|0.0|0.0|1.0|0.0|0.0|1.0|1.0|0.0|0.0|0.0|0.0|0.0|1.0|good
0.7868643949930935|-0.27824843030932866|-0.287994136820478|1.0|0.0|0.0|0.0|1.0|0.0|0.0|0.0|0.0|0.0|1.0|0.0|0.0|0.0|0.0|1.0|0.0|0.0|1.0|1.0|0.0|0.0|0.0|0.0|0.0|1.0|good
-0.31620595916349187|-1.0953749838358957|1.371171710987124|1.0|0.0|0.0|0.0|0.0|0.0|0.0|0.0|1.0|1.0|0.0|0.0|0.0|0.0|0.0|1.0|0.0|0.0|1.0|1.0|0.0|0.0|0.0|0.0|0.0|1.0|good
-1.1930054714418032|-0.23213414417275235|-0.287994136820478|1.0|0.0|0.0|0.0|1.0|0.0|0.0|0.0|0.0|1.0|0.0|0.0|0.0|1.0|0.0|0.0|0.0|0.0|1.0|1.0|0.0|0.0|0.0|0.0|0.0|1.0|bad
-0.27660856183479393|-0.23213414417275235|-0.287994136820478|1.0|0.0|0.0|0.0|1.0|0.0|0.0|0.0|0.0|1.0|0.0|0.0|0.0|0.0|0.0|1.0|0.0|0.0|1.0|1.0|0.0|0.0|0.0|0.0|0.0|1.0|bad
-1.2872849888910842|-0.2507454864981948|-1.4751826754576078|0.0|0.0|1.0|0.0|1.0|0.0|0.0|0.0|0.0|1.0|0.0|0.0|0.0|0.0|0.0|1.0|0.0|1.0|0.0|1.0|0.0|0.0|0.0|0.0|0.0|1.0|good
-0.27660856183479393|-4.106823836689976|-1.423430777522249|1.0|0.0|0.0|0.0|1.0|0.0|0.0|0.0|0.0|1.0|0.0|0.0|0.0|0.0|0.0|1.0|0.0|0.0|1.0|1.0|0.0|0.0|0.0|1.0|0.0|0.0|good
-1.0515861952678822|-0.23213414417275235|-0.287994136820478|1.0|0.0|0.0|0.0|1.0|0.0|0.0|0.0|0.0|1.0|0.0|0.0|1.0|0.0|0.0|0.0|0.0|0.0|1.0|0.0|0.0|1.0|0.0|0.0|0.0|1.0|good
-0.27660856183479393|-0.23213414417275235|-0.287994136820478|1.0|0.0|0.0|0.0|1.0|0.0|0.0|0.0|0.0|1.0|0.0|0.0|0.0|0.0|0.0|1.0|1.0|0.0|0.0|1.0|0.0|0.0|0.0|0.0|0.0|1.0|good
-0.27660856183479393|-0.28529487919913316|-0.287994136820478|1.0|0.0|0.0|0.0|1.0|0.0|0.0|0.0|0.0|1.0|0.0|0.0|0.0|0.0|0.0|1.0|1.0|0.0|0.0|1.0|0.0|0.0|0.0|0.0|0.0|1.0|good
-0.27660856183479393|-0.23213414417275235|-0.287994136820478|1.0|0.0|0.0|0.0|1.0|0.0|0.0|0.0|0.0|1.0|0.0|0.0|0.0|0.0|0.0|1.0|1.0|0.0|0.0|1.0|0.0|0.0|0.0|1.0|0.0|0.0|good
-0.27660856183479393|1.0465275472557112|-0.287994136820478|1.0|0.0|0.0|0.0|1.0|0.0|0.0|0.0|0.0|1.0|0.0|0.0|1.0|0.0|0.0|0.0|1.0|0.0|0.0|1.0|0.0|0.0|0.0|0.0|0.0|1.0|good
2.483895709080148|1.0040309225079211|-0.28902917477918516|1.0|0.0|0.0|0.0|1.0|0.0|0.0|0.0|0.0|0.0|1.0|0.0|0.0|0.0|0.0|1.0|0.0|0.0|1.0|0.0|0.0|0.0|1.0|0.0|0.0|1.0|good
0.5040258426452511|-0.23213414417275235|-0.287994136820478|1.0|0.0|0.0|0.0|1.0|0.0|0.0|0.0|0.0|1.0|0.0|0.0|1.0|0.0|0.0|0.0|1.0|0.0|0.0|1.0|0.0|0.0|0.0|0.0|0.0|1.0|good
-0.27660856183479393|-1.9191557097161338|-1.2164231857808139|1.0|0.0|0.0|0.0|1.0|0.0|0.0|0.0|0.0|1.0|0.0|0.0|0.0|0.0|1.0|0.0|0.0|0.0|1.0|1.0|0.0|0.0|0.0|1.0|0.0|0.0|good
-0.27660856183479393|-0.2325700069906784|-0.31076497191203584|0.0|1.0|0.0|0.0|1.0|0.0|0.0|0.0|0.0|1.0|0.0|0.0|0.0|0.0|0.0|1.0|0.0|0.0|1.0|1.0|0.0|0.0|0.0|0.0|0.0|1.0|bad
-0.27660856183479393|-0.23213414417275235|0.9571565275042537|1.0|0.0|0.0|0.0|1.0|0.0|0.0|0.0|0.0|1.0|0.0|0.0|0.0|0.0|0.0|1.0|0.0|0.0|1.0|1.0|0.0|0.0|0.0|0.0|0.0|1.0|good
-0.27660856183479393|1.2546520428154009|-0.287994136820478|1.0|0.0|0.0|0.0|1.0|0.0|0.0|0.0|0.0|1.0|0.0|0.0|0.0|0.0|0.0|1.0|0.0|0.0|1.0|1.0|0.0|0.0|0.0|0.0|0.0|1.0|good
-0.27660856183479393|-1.4495135234008127|-0.3045547441597928|1.0|0.0|0.0|0.0|1.0|0.0|0.0|0.0|0.0|1.0|0.0|0.0|0.0|0.0|0.0|1.0|0.0|0.0|1.0|1.0|0.0|0.0|0.0|0.0|0.0|1.0|bad
-0.27660856183479393|-0.23213414417275235|-0.287994136820478|1.0|0.0|0.0|0.0|1.0|0.0|0.0|0.0|0.0|1.0|0.0|0.0|0.0|0.0|0.0|1.0|0.0|0.0|1.0|1.0|0.0|0.0|0.0|1.0|0.0|0.0|bad
-0.27660856183479393|-0.23213414417275235|-0.287994136820478|1.0|0.0|0.0|0.0|1.0|0.0|0.0|0.0|0.0|1.0|0.0|0.0|0.0|0.0|0.0|1.0|1.0|0.0|0.0|1.0|0.0|0.0|0.0|0.0|0.0|1.0|good
-0.27660856183479393|-0.23213414417275235|-0.287994136820478|1.0|0.0|0.0|0.0|0.0|0.0|0.0|1.0|0.0|1.0|0.0|0.0|0.0|0.0|0.0|1.0|0.0|0.0|1.0|1.0|0.0|0.0|0.0|0.0|0.0|1.0|bad
-0.27660856183479393|-0.23213414417275235|1.371171710987124|1.0|0.0|0.0|0.0|1.0|0.0|0.0|0.0|0.0|1.0|0.0|0.0|0.0|0.0|0.0|1.0|0.0|0.0|1.0|1.0|0.0|0.0|0.0|0.0|0.0|1.0|bad
-0.27660856183479393|-0.23213414417275235|0.6725210888597806|1.0|0.0|0.0|0.0|1.0|0.0|0.0|0.0|0.0|1.0|0.0|0.0|0.0|0.0|0.0|1.0|1.0|0.0|0.0|1.0|0.0|0.0|0.0|0.0|0.0|1.0|bad
-0.310549188116535|-0.23213414417275235|-0.287994136820478|1.0|0.0|0.0|0.0|1.0|0.0|0.0|0.0|0.0|0.0|1.0|0.0|0.0|0.0|0.0|1.0|0.0|0.0|1.0|1.0|0.0|0.0|0.0|0.0|0.0|1.0|good
-0.27660856183479393|-0.23213414417275235|-0.2983445164075497|1.0|0.0|0.0|0.0|1.0|0.0|0.0|0.0|0.0|1.0|0.0|0.0|0.0|0.0|0.0|1.0|0.0|0.0|1.0|0.0|1.0|0.0|0.0|1.0|0.0|0.0|good
-0.27660856183479393|-0.23213414417275235|-0.287994136820478|1.0|0.0|0.0|0.0|1.0|0.0|0.0|0.0|0.0|1.0|0.0|0.0|0.0|0.0|0.0|1.0|0.0|0.0|1.0|1.0|0.0|0.0|0.0|0.0|0.0|1.0|bad
-0.3218627302104487|-0.23213414417275235|0.4396375481506662|1.0|0.0|0.0|0.0|1.0|0.0|0.0|0.0|0.0|1.0|0.0|0.0|0.0|0.0|0.0|1.0|0.0|0.0|1.0|1.0|0.0|0.0|0.0|0.0|0.0|1.0|good
-0.27660856183479393|-0.23213414417275235|-0.287994136820478|1.0|0.0|0.0|0.0|0.0|0.0|1.0|0.0|0.0|1.0|0.0|0.0|0.0|0.0|0.0|1.0|0.0|0.0|1.0|1.0|0.0|0.0|0.0|0.0|0.0|1.0|bad
-0.27660856183479393|-0.23213414417275235|2.0439463841467878|1.0|0.0|0.0|0.0|1.0|0.0|0.0|0.0|0.0|1.0|0.0|0.0|0.0|0.0|0.0|1.0|0.0|0.0|1.0|1.0|0.0|0.0|0.0|0.0|0.0|1.0|bad
0.5040258426452511|-0.23213414417275235|1.8369387924053528|0.0|1.0|0.0|0.0|1.0|0.0|0.0|0.0|0.0|0.0|1.0|0.0|0.0|0.0|0.0|1.0|0.0|0.0|1.0|1.0|0.0|0.0|0.0|0.0|0.0|1.0|good
4.180927023167202|-0.23213414417275235|-0.287994136820478|1.0|0.0|0.0|0.0|1.0|0.0|0.0|0.0|0.0|1.0|0.0|0.0|0.0|0.0|0.0|1.0|0.0|0.0|1.0|1.0|0.0|0.0|0.0|0.0|0.0|1.0|bad
-0.27660856183479393|-0.23213414417275235|-1.837445961005119|1.0|0.0|0.0|0.0|1.0|0.0|0.0|0.0|0.0|0.0|0.0|1.0|0.0|0.0|0.0|1.0|0.0|0.0|1.0|1.0|0.0|0.0|0.0|0.0|0.0|1.0|good
-0.3218627302104487|-0.7895445732577825|-0.287994136820478|1.0|0.0|0.0|0.0|0.0|1.0|0.0|0.0|0.0|1.0|0.0|0.0|0.0|0.0|0.0|1.0|0.0|0.0|1.0|0.0|0.0|0.0|1.0|0.0|0.0|1.0|good
-0.2992356460226213|-0.23213414417275235|-0.31180000987074297|1.0|0.0|0.0|0.0|1.0|0.0|0.0|0.0|0.0|1.0|0.0|0.0|0.0|0.0|0.0|1.0|0.0|0.0|1.0|1.0|0.0|0.0|0.0|0.0|0.0|1.0|good
-0.7687476429200397|-0.2771151869827209|-0.287994136820478|1.0|0.0|0.0|0.0|1.0|0.0|0.0|0.0|0.0|1.0|0.0|0.0|1.0|0.0|0.0|0.0|0.0|0.0|1.0|0.0|0.0|1.0|0.0|0.0|0.0|1.0|bad
-0.27660856183479393|-0.23213414417275235|-0.287994136820478|1.0|0.0|0.0|0.0|1.0|0.0|0.0|0.0|0.0|0.0|0.0|1.0|0.0|0.0|0.0|1.0|0.0|0.0|1.0|1.0|0.0|0.0|0.0|0.0|0.0|1.0|good
0.7868643949930935|-0.23213414417275235|-0.29316932661401385|1.0|0.0|0.0|0.0|1.0|0.0|0.0|0.0|0.0|1.0|0.0|0.0|0.0|0.0|0.0|1.0|0.0|0.0|1.0|1.0|0.0|0.0|0.0|0.0|1.0|0.0|good
-0.27660856183479393|-0.27961413380549693|-0.287994136820478|1.0|0.0|0.0|0.0|1.0|0.0|0.0|0.0|0.0|1.0|0.0|0.0|0.0|0.0|0.0|1.0|0.0|0.0|1.0|1.0|0.0|0.0|0.0|1.0|0.0|0.0|good
-0.27660856183479393|-0.23213414417275235|-0.3055897821184999|1.0|0.0|0.0|0.0|1.0|0.0|0.0|0.0|0.0|1.0|0.0|0.0|0.0|0.0|0.0|1.0|0.0|1.0|0.0|1.0|0.0|0.0|0.0|0.0|0.0|1.0|bad
-0.27660856183479393|-0.5719763833096949|1.1124122213103302|0.0|0.0|0.0|1.0|1.0|0.0|0.0|0.0|0.0|0.0|1.0|0.0|0.0|0.0|0.0|1.0|0.0|0.0|1.0|1.0|0.0|0.0|0.0|0.0|0.0|1.0|bad
-0.27660856183479393|-0.23213414417275235|2.7684729552418106|1.0|0.0|0.0|0.0|1.0|0.0|0.0|0.0|0.0|1.0|0.0|0.0|0.0|0.0|0.0|1.0|0.0|0.0|1.0|0.0|1.0|0.0|0.0|0.0|0.0|1.0|good
-0.27660856183479393|-0.23213414417275235|-0.29316932661401385|1.0|0.0|0.0|0.0|1.0|0.0|0.0|0.0|0.0|1.0|0.0|0.0|0.0|0.0|0.0|1.0|0.0|0.0|1.0|1.0|0.0|0.0|0.0|0.0|0.0|1.0|bad
-0.27660856183479393|-0.23213414417275235|-0.287994136820478|1.0|0.0|0.0|0.0|0.0|1.0|0.0|0.0|0.0|1.0|0.0|0.0|0.0|0.0|0.0|1.0|0.0|0.0|1.0|1.0|0.0|0.0|0.0|0.0|0.0|1.0|good
-0.3218627302104487|-0.23213414417275235|-0.287994136820478|1.0|0.0|0.0|0.0|1.0|0.0|0.0|0.0|0.0|1.0|0.0|0.0|0.0|0.0|0.0|1.0|0.0|0.0|1.0|1.0|0.0|0.0|0.0|0.0|0.0|1.0|good
-0.27660856183479393|-0.23213414417275235|-0.287994136820478|1.0|0.0|0.0|0.0|1.0|0.0|0.0|0.0|0.0|1.0|0.0|0.0|0.0|0.0|0.0|1.0|0.0|0.0|1.0|1.0|0.0|0.0|0.0|0.0|0.0|1.0|good
-0.2992356460226213|-0.2878809985854944|-0.287994136820478|1.0|0.0|0.0|0.0|1.0|0.0|0.0|0.0|0.0|1.0|0.0|0.0|0.0|0.0|0.0|1.0|0.0|0.0|1.0|1.0|0.0|0.0|0.0|0.0|0.0|1.0|good
-0.5330488492968377|1.8125564497607474|-0.287994136820478|1.0|0.0|0.0|0.0|1.0|0.0|0.0|0.0|0.0|1.0|0.0|0.0|0.0|0.0|0.0|1.0|0.0|0.0|1.0|1.0|0.0|0.0|0.0|0.0|1.0|0.0|good
-0.27660856183479393|-0.2745726538781523|-0.287994136820478|1.0|0.0|0.0|0.0|1.0|0.0|0.0|0.0|0.0|1.0|0.0|0.0|0.0|0.0|0.0|1.0|0.0|0.0|1.0|1.0|0.0|0.0|0.0|1.0|0.0|0.0|good
4.180927023167202|-0.23213414417275235|-0.3055897821184999|1.0|0.0|0.0|0.0|1.0|0.0|0.0|0.0|0.0|1.0|0.0|0.0|0.0|0.0|0.0|1.0|0.0|0.0|1.0|1.0|0.0|0.0|0.0|0.0|0.0|1.0|good
-0.27660856183479393|-0.23213414417275235|-0.3055897821184999|1.0|0.0|0.0|0.0|1.0|0.0|0.0|0.0|0.0|1.0|0.0|0.0|0.0|0.0|0.0|1.0|0.0|0.0|1.0|0.0|0.0|1.0|0.0|0.0|0.0|1.0|bad
-0.3218627302104487|3.85239443765467|-0.287994136820478|1.0|0.0|0.0|0.0|1.0|0.0|0.0|0.0|0.0|0.0|0.0|1.0|0.0|0.0|0.0|1.0|0.0|0.0|1.0|1.0|0.0|0.0|0.0|0.0|0.0|1.0|good
-0.27660856183479393|1.9258807824215207|-0.287994136820478|1.0|0.0|0.0|0.0|1.0|0.0|0.0|0.0|0.0|1.0|0.0|0.0|0.0|0.0|0.0|1.0|1.0|0.0|0.0|0.0|0.0|0.0|1.0|0.0|0.0|1.0|bad
1.918218604384463|-0.24876957505693|-1.1387953388777758|1.0|0.0|0.0|0.0|0.0|0.0|0.0|1.0|0.0|1.0|0.0|0.0|0.0|0.0|0.0|1.0|0.0|0.0|1.0|0.0|0.0|1.0|0.0|0.0|0.0|1.0|bad
-0.310549188116535|-0.23213414417275235|-0.287994136820478|1.0|0.0|0.0|0.0|1.0|0.0|0.0|0.0|0.0|1.0|0.0|0.0|0.0|0.0|0.0|1.0|0.0|0.0|1.0|1.0|0.0|0.0|0.0|0.0|0.0|1.0|good
-0.27660856183479393|-0.27021402569889175|-0.287994136820478|1.0|0.0|0.0|0.0|1.0|0.0|0.0|0.0|0.0|1.0|0.0|0.0|0.0|0.0|0.0|1.0|0.0|0.0|1.0|1.0|0.0|0.0|0.0|0.0|0.0|1.0|bad
-1.4758440237896457|-0.23213414417275235|2.5614653635003752|1.0|0.0|0.0|0.0|1.0|0.0|0.0|0.0|0.0|1.0|0.0|0.0|0.0|0.0|0.0|1.0|0.0|0.0|1.0|0.0|0.0|1.0|0.0|0.0|0.0|1.0|bad
-0.27660856183479393|-0.23213414417275235|0.3361337522799487|1.0|0.0|0.0|0.0|1.0|0.0|0.0|0.0|0.0|1.0|0.0|0.0|0.0|0.0|0.0|1.0|0.0|0.0|1.0|0.0|1.0|0.0|0.0|0.0|0.0|1.0|bad
-0.27660856183479393|-0.23213414417275235|-0.287994136820478|1.0|0.0|0.0|0.0|0.0|1.0|0.0|0.0|0.0|0.0|1.0|0.0|0.0|0.0|0.0|1.0|0.0|0.0|1.0|1.0|0.0|0.0|0.0|1.0|0.0|0.0|good
-0.2992356460226213|-0.23213414417275235|2.613217261435734|1.0|0.0|0.0|0.0|1.0|0.0|0.0|0.0|0.0|1.0|0.0|0.0|0.0|0.0|1.0|0.0|0.0|0.0|1.0|0.0|1.0|0.0|0.0|1.0|0.0|0.0|good
-0.27660856183479393|-0.23213414417275235|-0.287994136820478|1.0|0.0|0.0|0.0|1.0|0.0|0.0|0.0|0.0|0.0|0.0|1.0|0.0|0.0|0.0|1.0|0.0|0.0|1.0|0.0|0.0|0.0|1.0|0.0|0.0|1.0|good
-0.32751950125740553|-0.23213414417275235|-0.2983445164075497|1.0|0.0|0.0|0.0|1.0|0.0|0.0|0.0|0.0|1.0|0.0|0.0|0.0|0.0|0.0|1.0|0.0|0.0|1.0|1.0|0.0|0.0|0.0|0.0|0.0|1.0|good
0.975423429891655|-0.23213414417275235|0.8277767826658569|0.0|0.0|1.0|0.0|1.0|0.0|0.0|0.0|0.0|1.0|0.0|0.0|0.0|0.0|0.0|1.0|1.0|0.0|0.0|0.0|0.0|0.0|1.0|0.0|0.0|1.0|bad
-0.2992356460226213|4.157498410202907|-0.287994136820478|1.0|0.0|0.0|0.0|1.0|0.0|0.0|0.0|0.0|0.0|0.0|1.0|0.0|0.0|1.0|0.0|1.0|0.0|0.0|1.0|0.0|0.0|0.0|0.0|0.0|1.0|good
0.2211872902974087|2.2266261267904968|-0.287994136820478|1.0|0.0|0.0|0.0|0.0|0.0|0.0|1.0|0.0|1.0|0.0|0.0|0.0|0.0|0.0|1.0|0.0|0.0|1.0|1.0|0.0|0.0|0.0|0.0|0.0|1.0|good
1.6353800520366206|1.4079304671193957|-0.287994136820478|1.0|0.0|0.0|0.0|0.0|1.0|0.0|0.0|0.0|1.0|0.0|0.0|0.0|0.0|1.0|0.0|0.0|0.0|1.0|0.0|0.0|1.0|0.0|0.0|0.0|1.0|good
-0.27660856183479393|-0.23213414417275235|-0.287994136820478|1.0|0.0|0.0|0.0|1.0|0.0|0.0|0.0|0.0|1.0|0.0|0.0|0.0|0.0|0.0|1.0|0.0|0.0|1.0|1.0|0.0|0.0|0.0|0.0|0.0|1.0|good
-0.27660856183479393|-0.23213414417275235|1.4746755068578414|1.0|0.0|0.0|0.0|0.0|0.0|0.0|1.0|0.0|1.0|0.0|0.0|1.0|0.0|0.0|0.0|0.0|0.0|1.0|1.0|0.0|0.0|0.0|0.0|0.0|1.0|bad
-0.27660856183479393|-0.23213414417275235|-0.287994136820478|1.0|0.0|0.0|0.0|1.0|0.0|0.0|0.0|0.0|1.0|0.0|0.0|0.0|0.0|0.0|1.0|0.0|0.0|1.0|1.0|0.0|0.0|0.0|1.0|0.0|0.0|good
1.0697029473409359|2.190304225296659|-0.287994136820478|1.0|0.0|0.0|0.0|1.0|0.0|0.0|0.0|0.0|1.0|0.0|0.0|0.0|0.0|0.0|1.0|0.0|0.0|1.0|1.0|0.0|0.0|0.0|0.0|0.0|1.0|good
-0.27660856183479393|-0.23213414417275235|-0.31283504782945015|1.0|0.0|0.0|0.0|1.0|0.0|0.0|0.0|0.0|1.0|0.0|0.0|0.0|0.0|0.0|1.0|0.0|0.0|1.0|1.0|0.0|0.0|0.0|0.0|0.0|1.0|bad
-0.27660856183479393|-0.23213414417275235|-0.287994136820478|1.0|0.0|0.0|0.0|1.0|0.0|0.0|0.0|0.0|1.0|0.0|0.0|0.0|0.0|0.0|1.0|0.0|0.0|1.0|1.0|0.0|0.0|0.0|0.0|0.0|1.0|good
-0.27660856183479393|2.3014492438678023|-0.287994136820478|1.0|0.0|0.0|0.0|1.0|0.0|0.0|0.0|0.0|1.0|0.0|0.0|0.0|0.0|0.0|1.0|0.0|0.0|1.0|1.0|0.0|0.0|0.0|1.0|0.0|0.0|good
-0.27660856183479393|-0.23213414417275235|-0.287994136820478|1.0|0.0|0.0|0.0|0.0|1.0|0.0|0.0|0.0|1.0|0.0|0.0|1.0|0.0|0.0|0.0|0.0|0.0|1.0|0.0|0.0|0.0|1.0|0.0|0.0|1.0|good
-0.27660856183479393|-0.23213414417275235|0.8019008336981774|1.0|0.0|0.0|0.0|0.0|1.0|0.0|0.0|0.0|1.0|0.0|0.0|0.0|0.0|0.0|1.0|0.0|0.0|1.0|1.0|0.0|0.0|0.0|0.0|0.0|1.0|good
-0.27660856183479393|2.383899960258814|4.114022301561138|1.0|0.0|0.0|0.0|1.0|0.0|0.0|0.0|0.0|1.0|0.0|0.0|0.0|0.0|0.0|1.0|0.0|0.0|1.0|1.0|0.0|0.0|0.0|0.0|0.0|1.0|good
1.918218604384463|-0.2840454057877451|-0.287994136820478|1.0|0.0|0.0|0.0|1.0|0.0|0.0|0.0|0.0|1.0|0.0|0.0|0.0|0.0|1.0|0.0|0.0|1.0|0.0|1.0|0.0|0.0|0.0|0.0|0.0|1.0|bad
-0.23135439345913913|-0.19536185110039112|-0.2993795543662569|1.0|0.0|0.0|0.0|1.0|0.0|0.0|0.0|0.0|1.0|0.0|0.0|0.0|0.0|0.0|1.0|0.0|0.0|1.0|1.0|0.0|0.0|0.0|0.0|0.0|1.0|bad
-0.27660856183479393|-0.23213414417275235|-0.287994136820478|1.0|0.0|0.0|0.0|0.0|1.0|0.0|0.0|0.0|1.0|0.0|0.0|0.0|0.0|0.0|1.0|0.0|0.0|1.0|0.0|0.0|1.0|0.0|0.0|0.0|1.0|good
-0.27660856183479393|0.15555130361187328|-0.287994136820478|1.0|0.0|0.0|0.0|1.0|0.0|0.0|0.0|0.0|1.0|0.0|0.0|0.0|0.0|0.0|1.0|0.0|0.0|1.0|1.0|0.0|0.0|0.0|0.0|0.0|1.0|good
-0.27660856183479393|-0.29043806045066056|-0.287994136820478|1.0|0.0|0.0|0.0|1.0|0.0|0.0|0.0|0.0|1.0|0.0|0.0|0.0|0.0|0.0|1.0|0.0|0.0|1.0|1.0|0.0|0.0|0.0|0.0|0.0|1.0|good
-0.27660856183479393|-0.23213414417275235|-0.287994136820478|1.0|0.0|0.0|0.0|0.0|0.0|0.0|1.0|0.0|1.0|0.0|0.0|0.0|0.0|0.0|1.0|0.0|0.0|1.0|1.0|0.0|0.0|0.0|0.0|0.0|1.0|good
-0.27660856183479393|-0.2645042227840605|-0.287994136820478|0.0|0.0|1.0|0.0|1.0|0.0|0.0|0.0|0.0|1.0|0.0|0.0|0.0|0.0|1.0|0.0|0.0|0.0|1.0|1.0|0.0|0.0|0.0|0.0|0.0|1.0|bad
2.483895709080148|-0.23213414417275235|-0.287994136820478|1.0|0.0|0.0|0.0|0.0|1.0|0.0|0.0|0.0|1.0|0.0|0.0|1.0|0.0|0.0|0.0|0.0|0.0|1.0|1.0|0.0|0.0|0.0|0.0|0.0|1.0|bad
5.312281232558572|-0.23213414417275235|-0.287994136820478|1.0|0.0|0.0|0.0|0.0|0.0|0.0|0.0|1.0|0.0|0.0|1.0|0.0|0.0|0.0|1.0|0.0|0.0|1.0|1.0|0.0|0.0|0.0|0.0|0.0|1.0|bad
-0.27660856183479393|-0.23213414417275235|-0.287994136820478|1.0|0.0|0.0|0.0|1.0|0.0|0.0|0.0|0.0|0.0|0.0|1.0|0.0|0.0|0.0|1.0|0.0|0.0|1.0|1.0|0.0|0.0|0.0|0.0|0.0|1.0|bad
1.6353800520366206|0.7603109634842704|-0.287994136820478|1.0|0.0|0.0|0.0|0.0|1.0|0.0|0.0|0.0|1.0|0.0|0.0|0.0|0.0|0.0|1.0|0.0|0.0|1.0|1.0|0.0|0.0|0.0|0.0|0.0|1.0|good
-0.27660856183479393|-0.18182104622348844|-0.287994136820478|1.0|0.0|0.0|0.0|1.0|0.0|0.0|0.0|0.0|1.0|0.0|0.0|1.0|0.0|0.0|0.0|0.0|0.0|1.0|1.0|0.0|0.0|0.0|0.0|0.0|1.0|bad
-0.2992356460226213|-0.27191389068880334|-0.287994136820478|0.0|1.0|0.0|0.0|1.0|0.0|0.0|0.0|0.0|1.0|0.0|0.0|0.0|0.0|0.0|1.0|0.0|0.0|1.0|0.0|0.0|0.0|1.0|0.0|0.0|1.0|good
-1.0515861952678822|-0.23213414417275235|0.9571565275042537|1.0|0.0|0.0|0.0|1.0|0.0|0.0|0.0|0.0|0.0|1.0|0.0|0.0|0.0|0.0|1.0|0.0|0.0|1.0|1.0|0.0|0.0|0.0|0.0|0.0|1.0|good
-0.27660856183479393|-0.23213414417275235|-0.3024846682423784|1.0|0.0|0.0|0.0|0.0|0.0|1.0|0.0|0.0|1.0|0.0|0.0|0.0|0.0|0.0|1.0|0.0|0.0|1.0|1.0|0.0|0.0|0.0|0.0|0.0|1.0|good
-0.27660856183479393|-0.23213414417275235|-0.287994136820478|1.0|0.0|0.0|0.0|1.0|0.0|0.0|0.0|0.0|1.0|0.0|0.0|0.0|0.0|1.0|0.0|0.0|0.0|1.0|1.0|0.0|0.0|0.0|0.0|0.0|1.0|good
-0.27660856183479393|-2.690996116460184|-0.287994136820478|1.0|0.0|0.0|0.0|1.0|0.0|0.0|0.0|0.0|1.0|0.0|0.0|0.0|0.0|0.0|1.0|0.0|0.0|1.0|1.0|0.0|0.0|0.0|1.0|0.0|0.0|good
-0.27660856183479393|-0.23213414417275235|2.1474501800175054|0.0|0.0|0.0|1.0|0.0|0.0|0.0|1.0|0.0|1.0|0.0|0.0|0.0|0.0|0.0|1.0|0.0|0.0|1.0|1.0|0.0|0.0|0.0|1.0|0.0|0.0|good
0.7868643949930935|-0.23213414417275235|-0.287994136820478|1.0|0.0|0.0|0.0|1.0|0.0|0.0|0.0|0.0|1.0|0.0|0.0|0.0|0.0|0.0|1.0|0.0|0.0|1.0|1.0|0.0|0.0|0.0|0.0|0.0|1.0|good
-0.31620595916349187|0.8384030516960214|0.5431413440213837|1.0|0.0|0.0|0.0|1.0|0.0|0.0|0.0|0.0|1.0|0.0|0.0|0.0|0.0|0.0|1.0|0.0|0.0|1.0|1.0|0.0|0.0|0.0|0.0|0.0|1.0|good
-0.27660856183479393|-1.0045702301013015|2.0439463841467878|1.0|0.0|0.0|0.0|1.0|0.0|0.0|0.0|0.0|1.0|0.0|0.0|0.0|0.0|0.0|1.0|0.0|0.0|1.0|1.0|0.0|0.0|0.0|0.0|0.0|1.0|good
-0.27660856183479393|-0.23213414417275235|0.4396375481506662|1.0|0.0|0.0|0.0|1.0|0.0|0.0|0.0|0.0|1.0|0.0|0.0|0.0|0.0|0.0|1.0|0.0|0.0|1.0|1.0|0.0|0.0|0.0|0.0|0.0|1.0|good
-0.27660856183479393|-0.23213414417275235|-0.2848890229443564|1.0|0.0|0.0|0.0|1.0|0.0|0.0|0.0|0.0|0.0|0.0|1.0|0.0|0.0|0.0|1.0|0.0|0.0|1.0|1.0|0.0|0.0|0.0|0.0|0.0|1.0|good
0.2211872902974087|-0.23213414417275235|-0.3045547441597928|1.0|0.0|0.0|0.0|0.0|0.0|0.0|0.0|1.0|1.0|0.0|0.0|0.0|0.0|0.0|1.0|0.0|0.0|1.0|1.0|0.0|0.0|0.0|0.0|0.0|1.0|good
-0.27660856183479393|-0.23213414417275235|-0.287994136820478|1.0|0.0|0.0|0.0|1.0|0.0|0.0|0.0|0.0|1.0|0.0|0.0|0.0|0.0|0.0|1.0|0.0|0.0|1.0|1.0|0.0|0.0|0.0|0.0|0.0|1.0|good
-0.27660856183479393|-0.23213414417275235|-0.287994136820478|1.0|0.0|0.0|0.0|1.0|0.0|0.0|0.0|0.0|1.0|0.0|0.0|0.0|0.0|0.0|1.0|0.0|0.0|1.0|1.0|0.0|0.0|0.0|0.0|0.0|1.0|good
-0.27660856183479393|0.36876086538070035|-0.287994136820478|1.0|0.0|0.0|0.0|1.0|0.0|0.0|0.0|0.0|1.0|0.0|0.0|0.0|0.0|0.0|1.0|0.0|0.0|1.0|1.0|0.0|0.0|0.0|0.0|0.0|1.0|bad
-0.27660856183479393|-0.23213414417275235|1.0606603233749714|1.0|0.0|0.0|0.0|1.0|0.0|0.0|0.0|0.0|1.0|0.0|0.0|0.0|0.0|0.0|1.0|1.0|0.0|0.0|1.0|0.0|0.0|0.0|0.0|0.0|1.0|good
