num__Czas_trwania_konta|num__Kwota_kredytu|num__Wiek|cat__Cel_kredytu_9|cat__Cel_kredytu_business|cat__Cel_kredytu_domestic-app|cat__Cel_kredytu_education|cat__Cel_kredytu_furniture|cat__Cel_kredytu_new-car|cat__Cel_kredytu_others|cat__Cel_kredytu_radio-tv|cat__Cel_kredytu_repairs|cat__Cel_kredytu_retraining|cat__Cel_kredytu_used-car|cat__Czas_zatrudnienia_9|cat__Czas_zatrudnienia_four-years|cat__Czas_zatrudnienia_one-year|cat__Czas_zatrudnienia_over-seven|cat__Czas_zatrudnienia_seven-years|cat__Czas_zatrudnienia_unemployed|cat__Plec_i_stan_cywilny_9|cat__Plec_i_stan_cywilny_female-divorced|cat__Plec_i_stan_cywilny_male-divorced|cat__Plec_i_stan_cywilny_married-male|cat__Plec_i_stan_cywilny_single-male|cat__Czas_od_zamieszkania_1.0|cat__Czas_od_zamieszkania_2.0|cat__Czas_od_zamieszkania_3.0|cat__Czas_od_zamieszkania_4.0|cat__Czas_od_zamieszkania_9.0|cat__Liczba_kredytow_w_banku_1.0|cat__Liczba_kredytow_w_banku_2.0|cat__Liczba_kredytow_w_banku_3.0|cat__Liczba_kredytow_w_banku_4.0|cat__Liczba_kredytow_w_banku_9.0|cat__Praca_9|cat__Praca_management|cat__Praca_skilled|cat__Praca_unemployed-non-resident|cat__Praca_unskilled-resident|cat__Liczb_osob_na_utrzymaniu_1.0|cat__Liczb_osob_na_utrzymaniu_2.0|cat__Liczb_osob_na_utrzymaniu_9.0|Kredyt
6.0|116900.0|67.0|0.0|0.0|0.0|0.0|0.0|0.0|0.0|1.0|0.0|0.0|0.0|0.0|1.0|0.0|0.0|0.0|0.0|0.0|0.0|0.0|0.0|1.0|0.0|0.0|0.0|1.0|0.0|0.0|1.0|0.0|0.0|0.0|0.0|0.0|1.0|0.0|0.0|0.0|0.0|1.0|good
48.0|5951.0|550.0|0.0|0.0|0.0|0.0|0.0|0.0|0.0|1.0|0.0|0.0|0.0|0.0|1.0|0.0|0.0|0.0|0.0|0.0|0.0|0.0|0.0|1.0|0.0|1.0|0.0|0.0|0.0|0.0|0.0|0.0|0.0|1.0|0.0|0.0|1.0|0.0|0.0|1.0|0.0|0.0|bad
18.0|2096.0|49.0|0.0|0.0|0.0|1.0|0.0|0.0|0.0|0.0|0.0|0.0|0.0|0.0|0.0|0.0|0.0|1.0|0.0|0.0|0.0|0.0|0.0|1.0|0.0|0.0|0.0|0.0|1.0|1.0|0.0|0.0|0.0|0.0|0.0|0.0|0.0|0.0|1.0|0.0|1.0|0.0|good
42.0|7882.0|-1125.0|0.0|0.0|0.0|0.0|0.0|0.0|0.0|1.0|0.0|0.0|0.0|0.0|0.0|0.0|0.0|1.0|0.0|0.0|0.0|0.0|0.0|1.0|0.0|0.0|0.0|0.0|1.0|1.0|0.0|0.0|0.0|0.0|0.0|0.0|1.0|0.0|0.0|1.0|0.0|0.0|good
18.0|4870.0|53.0|0.0|0.0|0.0|0.0|0.0|1.0|0.0|0.0|0.0|0.0|0.0|0.0|1.0|0.0|0.0|0.0|0.0|1.0|0.0|0.0|0.0|0.0|0.0|0.0|0.0|1.0|0.0|1.0|0.0|0.0|0.0|0.0|0.0|0.0|1.0|0.0|0.0|0.0|1.0|0.0|bad
36.0|9055.0|35.0|0.0|0.0|0.0|1.0|0.0|0.0|0.0|0.0|0.0|0.0|0.0|0.0|1.0|0.0|0.0|0.0|0.0|0.0|0.0|0.0|0.0|1.0|0.0|0.0|0.0|1.0|0.0|1.0|0.0|0.0|0.0|0.0|0.0|0.0|1.0|0.0|0.0|0.0|0.0|1.0|good
24.0|2835.0|53.0|0.0|0.0|0.0|0.0|0.0|0.0|0.0|1.0|0.0|0.0|0.0|0.0|0.0|0.0|1.0|0.0|0.0|0.0|0.0|0.0|0.0|1.0|0.0|0.0|0.0|1.0|0.0|1.0|0.0|0.0|0.0|0.0|0.0|0.0|1.0|0.0|0.0|1.0|0.0|0.0|good
36.0|6948.0|35.0|1.0|0.0|0.0|0.0|0.0|0.0|0.0|0.0|0.0|0.0|0.0|0.0|1.0|0.0|0.0|0.0|0.0|0.0|0.0|0.0|0.0|1.0|0.0|1.0|0.0|0.0|0.0|1.0|0.0|0.0|0.0|0.0|1.0|0.0|0.0|0.0|0.0|1.0|0.0|0.0|good
18.0|3059.0|61.0|0.0|0.0|0.0|0.0|0.0|0.0|0.0|1.0|0.0|0.0|0.0|0.0|0.0|0.0|0.0|1.0|0.0|0.0|0.0|1.0|0.0|0.0|0.0|0.0|0.0|1.0|0.0|1.0|0.0|0.0|0.0|0.0|0.0|0.0|0.0|0.0|1.0|0.0|0.0|1.0|good
18.0|5234.0|28.0|0.0|0.0|0.0|0.0|0.0|1.0|0.0|0.0|0.0|0.0|0.0|0.0|0.0|0.0|0.0|0.0|1.0|0.0|0.0|0.0|1.0|0.0|0.0|1.0|0.0|0.0|0.0|1.0|0.0|0.0|0.0|0.0|0.0|1.0|0.0|0.0|0.0|1.0|0.0|0.0|bad
12.0|2715.0|25.0|0.0|0.0|0.0|0.0|0.0|1.0|0.0|0.0|0.0|0.0|0.0|0.0|0.0|1.0|0.0|0.0|0.0|0.0|1.0|0.0|0.0|0.0|1.0|0.0|0.0|0.0|0.0|0.0|0.0|0.0|0.0|1.0|0.0|0.0|1.0|0.0|0.0|0.0|0.0|1.0|bad
4800.0|2715.0|24.0|0.0|1.0|0.0|0.0|0.0|0.0|0.0|0.0|0.0|0.0|0.0|1.0|0.0|0.0|0.0|0.0|0.0|0.0|1.0|0.0|0.0|0.0|0.0|0.0|0.0|0.0|1.0|0.0|0.0|0.0|0.0|1.0|0.0|0.0|1.0|0.0|0.0|0.0|0.0|1.0|bad
18.0|78350.0|22.0|0.0|0.0|0.0|0.0|0.0|0.0|0.0|1.0|0.0|0.0|0.0|0.0|1.0|0.0|0.0|0.0|0.0|0.0|1.0|0.0|0.0|0.0|1.0|0.0|0.0|0.0|0.0|0.0|0.0|0.0|0.0|1.0|1.0|0.0|0.0|0.0|0.0|1.0|0.0|0.0|good
24.0|1199.0|3000.0|0.0|0.0|0.0|0.0|0.0|1.0|0.0|0.0|0.0|0.0|0.0|0.0|1.0|0.0|0.0|0.0|0.0|0.0|0.0|0.0|0.0|1.0|0.0|0.0|0.0|1.0|0.0|0.0|1.0|0.0|0.0|0.0|0.0|0.0|0.0|0.0|1.0|1.0|0.0|0.0|bad
15.0|1403.0|28.0|1.0|0.0|0.0|0.0|0.0|0.0|0.0|0.0|0.0|0.0|0.0|0.0|1.0|0.0|0.0|0.0|0.0|0.0|1.0|0.0|0.0|0.0|0.0|0.0|0.0|1.0|0.0|1.0|0.0|0.0|0.0|0.0|1.0|0.0|0.0|0.0|0.0|1.0|0.0|0.0|good
24.0|1282.0|1600.0|0.0|0.0|0.0|0.0|0.0|0.0|0.0|1.0|0.0|0.0|0.0|0.0|1.0|0.0|0.0|0.0|0.0|1.0|0.0|0.0|0.0|0.0|0.0|1.0|0.0|0.0|0.0|1.0|0.0|0.0|0.0|0.0|0.0|0.0|1.0|0.0|0.0|1.0|0.0|0.0|bad
24.0|2424.0|53.0|0.0|0.0|0.0|0.0|0.0|0.0|0.0|1.0|0.0|0.0|0.0|0.0|0.0|0.0|1.0|0.0|0.0|0.0|0.0|0.0|0.0|1.0|0.0|0.0|0.0|0.0|1.0|0.0|0.0|0.0|0.0|1.0|0.0|0.0|1.0|0.0|0.0|0.0|0.0|1.0|good
30.0|8072.0|625.0|0.0|1.0|0.0|0.0|0.0|0.0|0.0|0.0|0.0|0.0|0.0|0.0|0.0|1.0|0.0|0.0|0.0|0.0|0.0|0.0|0.0|1.0|0.0|0.0|0.0|1.0|0.0|0.0|0.0|1.0|0.0|0.0|0.0|0.0|1.0|0.0|0.0|0.0|0.0|1.0|good
24.0|12579.0|44.0|0.0|0.0|0.0|0.0|0.0|0.0|0.0|0.0|0.0|0.0|1.0|0.0|0.0|0.0|1.0|0.0|0.0|0.0|1.0|0.0|0.0|0.0|0.0|1.0|0.0|0.0|0.0|1.0|0.0|0.0|0.0|0.0|1.0|0.0|0.0|0.0|0.0|1.0|0.0|0.0|bad
18.0|2715.0|31.0|0.0|0.0|0.0|0.0|0.0|0.0|0.0|1.0|0.0|0.0|0.0|0.0|0.0|0.0|1.0|0.0|0.0|0.0|0.0|0.0|0.0|1.0|0.0|1.0|0.0|0.0|0.0|1.0|0.0|0.0|0.0|0.0|0.0|0.0|1.0|0.0|0.0|1.0|0.0|0.0|good
9.0|106700.0|48.0|0.0|0.0|0.0|0.0|0.0|1.0|0.0|0.0|0.0|0.0|0.0|0.0|1.0|0.0|0.0|0.0|0.0|0.0|0.0|0.0|0.0|1.0|0.0|0.0|0.0|1.0|0.0|0.0|0.0|0.0|0.0|1.0|0.0|0.0|1.0|0.0|0.0|0.0|0.0|1.0|good
18.0|132350.0|44.0|1.0|0.0|0.0|0.0|0.0|0.0|0.0|0.0|0.0|0.0|0.0|0.0|1.0|0.0|0.0|0.0|0.0|0.0|0.0|0.0|0.0|1.0|0.0|0.0|0.0|1.0|0.0|1.0|0.0|0.0|0.0|0.0|0.0|0.0|1.0|0.0|0.0|1.0|0.0|0.0|good
250.0|-56025.0|48.0|0.0|0.0|0.0|0.0|0.0|0.0|0.0|1.0|0.0|0.0|0.0|1.0|0.0|0.0|0.0|0.0|0.0|0.0|0.0|0.0|0.0|1.0|0.0|0.0|1.0|0.0|0.0|0.0|1.0|0.0|0.0|0.0|1.0|0.0|0.0|0.0|0.0|0.0|1.0|0.0|good
12.0|1804.0|44.0|0.0|0.0|0.0|0.0|0.0|0.0|0.0|0.0|0.0|0.0|1.0|0.0|0.0|1.0|0.0|0.0|0.0|0.0|0.0|0.0|0.0|1.0|0.0|0.0|0.0|1.0|0.0|1.0|0.0|0.0|0.0|0.0|0.0|0.0|1.0|0.0|0.0|1.0|0.0|0.0|good
10.0|2715.0|2600.0|0.0|0.0|0.0|0.0|0.0|0.0|0.0|1.0|0.0|0.0|0.0|0.0|1.0|0.0|0.0|0.0|0.0|0.0|0.0|0.0|1.0|0.0|0.0|0.0|0.0|1.0|0.0|0.0|1.0|0.0|0.0|0.0|1.0|0.0|0.0|0.0|0.0|1.0|0.0|0.0|good
-150.0|68700.0|36.0|0.0|0.0|0.0|0.0|1.0|0.0|0.0|0.0|0.0|0.0|0.0|1.0|0.0|0.0|0.0|0.0|0.0|1.0|0.0|0.0|0.0|0.0|0.0|0.0|0.0|1.0|0.0|0.0|0.0|0.0|0.0|1.0|0.0|0.0|0.0|0.0|1.0|1.0|0.0|0.0|good
18.0|42600.0|39.0|0.0|0.0|0.0|0.0|0.0|0.0|0.0|1.0|0.0|0.0|0.0|0.0|1.0|0.0|0.0|0.0|0.0|0.0|0.0|0.0|1.0|0.0|0.0|0.0|0.0|1.0|0.0|1.0|0.0|0.0|0.0|0.0|0.0|0.0|0.0|0.0|1.0|1.0|0.0|0.0|good
12.0|409.0|42.0|0.0|0.0|0.0|0.0|0.0|0.0|0.0|1.0|0.0|0.0|0.0|0.0|1.0|0.0|0.0|0.0|0.0|1.0|0.0|0.0|0.0|0.0|0.0|0.0|0.0|1.0|0.0|0.0|1.0|0.0|0.0|0.0|0.0|0.0|1.0|0.0|0.0|0.0|0.0|1.0|good
7.0|2415.0|1700.0|0.0|0.0|0.0|0.0|0.0|0.0|0.0|1.0|0.0|0.0|0.0|1.0|0.0|0.0|0.0|0.0|0.0|0.0|0.0|0.0|0.0|1.0|0.0|0.0|0.0|1.0|0.0|1.0|0.0|0.0|0.0|0.0|0.0|0.0|1.0|0.0|0.0|1.0|0.0|0.0|good
18.0|170900.0|63.0|0.0|1.0|0.0|0.0|0.0|0.0|0.0|0.0|0.0|0.0|0.0|1.0|0.0|0.0|0.0|0.0|0.0|0.0|0.0|0.0|0.0|1.0|0.0|0.0|0.0|1.0|0.0|0.0|1.0|0.0|0.0|0.0|0.0|0.0|1.0|0.0|0.0|1.0|0.0|0.0|bad
18.0|1913.0|36.0|0.0|1.0|0.0|0.0|0.0|0.0|0.0|0.0|0.0|0.0|0.0|0.0|0.0|1.0|0.0|0.0|0.0|1.0|0.0|0.0|0.0|0.0|0.0|0.0|0.0|1.0|0.0|1.0|0.0|0.0|0.0|0.0|1.0|0.0|0.0|0.0|0.0|1.0|0.0|0.0|good
18.0|4020.0|27.0|0.0|0.0|0.0|0.0|0.0|0.0|0.0|1.0|0.0|0.0|0.0|0.0|1.0|0.0|0.0|0.0|0.0|0.0|0.0|0.0|0.0|1.0|0.0|1.0|0.0|0.0|0.0|1.0|0.0|0.0|0.0|0.0|0.0|0.0|1.0|0.0|0.0|1.0|0.0|0.0|good
18.0|5866.0|1500.0|1.0|0.0|0.0|0.0|0.0|0.0|0.0|0.0|0.0|0.0|0.0|0.0|1.0|0.0|0.0|0.0|0.0|0.0|0.0|0.0|0.0|1.0|0.0|1.0|0.0|0.0|0.0|0.0|1.0|0.0|0.0|0.0|0.0|0.0|1.0|0.0|0.0|0.0|0.0|1.0|good
12.0|2715.0|57.0|1.0|0.0|0.0|0.0|0.0|0.0|0.0|0.0|0.0|0.0|0.0|0.0|0.0|0.0|1.0|0.0|0.0|1.0|0.0|0.0|0.0|0.0|0.0|0.0|0.0|1.0|0.0|1.0|0.0|0.0|0.0|0.0|0.0|0.0|1.0|0.0|0.0|1.0|0.0|0.0|good
300.0|1474.0|33.0|1.0|0.0|0.0|0.0|0.0|0.0|0.0|0.0|0.0|0.0|0.0|0.0|0.0|1.0|0.0|0.0|0.0|1.0|0.0|0.0|0.0|0.0|1.0|0.0|0.0|0.0|0.0|1.0|0.0|0.0|0.0|0.0|0.0|1.0|0.0|0.0|0.0|1.0|0.0|0.0|good
45.0|118650.0|25.0|1.0|0.0|0.0|0.0|0.0|0.0|0.0|0.0|0.0|0.0|0.0|0.0|0.0|1.0|0.0|0.0|0.0|0.0|0.0|0.0|0.0|1.0|0.0|0.0|0.0|0.0|1.0|0.0|1.0|0.0|0.0|0.0|0.0|0.0|0.0|0.0|1.0|1.0|0.0|0.0|bad
48.0|2715.0|31.0|1.0|0.0|0.0|0.0|0.0|0.0|0.0|0.0|0.0|0.0|0.0|0.0|1.0|0.0|0.0|0.0|0.0|0.0|0.0|0.0|0.0|1.0|0.0|0.0|1.0|0.0|0.0|0.0|0.0|0.0|0.0|1.0|1.0|0.0|0.0|0.0|0.0|1.0|0.0|0.0|good
18.0|2715.0|37.0|0.0|0.0|0.0|0.0|0.0|0.0|0.0|1.0|0.0|0.0|0.0|1.0|0.0|0.0|0.0|0.0|0.0|1.0|0.0|0.0|0.0|0.0|0.0|0.0|0.0|0.0|1.0|1.0|0.0|0.0|0.0|0.0|0.0|0.0|1.0|0.0|0.0|0.0|0.0|1.0|bad
18.0|1225.0|37.0|0.0|0.0|0.0|0.0|0.0|0.0|0.0|1.0|0.0|0.0|0.0|1.0|0.0|0.0|0.0|0.0|0.0|0.0|0.0|0.0|0.0|1.0|0.0|1.0|0.0|0.0|0.0|1.0|0.0|0.0|0.0|0.0|0.0|0.0|1.0|0.0|0.0|1.0|0.0|0.0|good
9.0|458.0|24.0|0.0|0.0|0.0|0.0|0.0|0.0|0.0|1.0|0.0|0.0|0.0|0.0|1.0|0.0|0.0|0.0|0.0|0.0|0.0|0.0|0.0|1.0|0.0|0.0|1.0|0.0|0.0|1.0|0.0|0.0|0.0|0.0|0.0|0.0|1.0|0.0|0.0|1.0|0.0|0.0|good
18.0|2715.0|30.0|0.0|0.0|0.0|0.0|0.0|0.0|0.0|1.0|0.0|0.0|0.0|0.0|0.0|0.0|1.0|0.0|0.0|0.0|0.0|0.0|0.0|1.0|0.0|1.0|0.0|0.0|0.0|1.0|0.0|0.0|0.0|0.0|0.0|1.0|0.0|0.0|0.0|1.0|0.0|0.0|good
18.0|1158.0|36.0|0.0|0.0|0.0|0.0|0.0|0.0|0.0|1.0|0.0|0.0|0.0|0.0|1.0|0.0|0.0|0.0|0.0|1.0|0.0|0.0|0.0|0.0|1.0|0.0|0.0|0.0|0.0|1.0|0.0|0.0|0.0|0.0|1.0|0.0|0.0|0.0|0.0|1.0|0.0|0.0|good
450.0|2715.0|1100.0|0.0|0.0|0.0|0.0|0.0|0.0|0.0|0.0|1.0|0.0|0.0|1.0|0.0|0.0|0.0|0.0|0.0|0.0|0.0|0.0|0.0|1.0|0.0|0.0|0.0|1.0|0.0|1.0|0.0|0.0|0.0|0.0|0.0|0.0|1.0|0.0|0.0|1.0|0.0|0.0|good
30.0|6187.0|24.0|0.0|0.0|0.0|0.0|0.0|0.0|0.0|0.0|0.0|0.0|1.0|0.0|0.0|0.0|0.0|1.0|0.0|1.0|0.0|0.0|0.0|0.0|0.0|0.0|0.0|1.0|0.0|1.0|0.0|0.0|0.0|0.0|0.0|0.0|1.0|0.0|0.0|1.0|0.0|0.0|good
48.0|2715.0|58.0|0.0|0.0|0.0|0.0|0.0|0.0|0.0|0.0|0.0|0.0|1.0|0.0|0.0|0.0|1.0|0.0|0.0|0.0|1.0|0.0|0.0|0.0|0.0|0.0|0.0|0.0|1.0|0.0|1.0|0.0|0.0|0.0|0.0|0.0|0.0|0.0|1.0|1.0|0.0|0.0|bad
11.0|1393.0|36.0|0.0|0.0|0.0|0.0|0.0|1.0|0.0|0.0|0.0|0.0|0.0|0.0|0.0|1.0|0.0|0.0|0.0|0.0|1.0|0.0|0.0|0.0|0.0|0.0|0.0|1.0|0.0|1.0|0.0|0.0|0.0|0.0|0.0|0.0|1.0|0.0|0.0|1.0|0.0|0.0|good
36.0|2299.0|39.0|0.0|0.0|0.0|0.0|0.0|0.0|0.0|1.0|0.0|0.0|0.0|1.0|0.0|0.0|0.0|0.0|0.0|0.0|0.0|0.0|0.0|1.0|0.0|0.0|0.0|1.0|0.0|1.0|0.0|0.0|0.0|0.0|1.0|0.0|0.0|0.0|0.0|1.0|0.0|0.0|good
6.0|1352.0|23.0|0.0|0.0|0.0|0.0|0.0|0.0|0.0|1.0|0.0|0.0|0.0|0.0|1.0|0.0|0.0|0.0|0.0|0.0|1.0|0.0|0.0|0.0|0.0|1.0|0.0|0.0|0.0|1.0|0.0|0.0|0.0|0.0|0.0|0.0|0.0|1.0|0.0|1.0|0.0|0.0|good
11.0|7228.0|39.0|0.0|0.0|0.0|0.0|0.0|1.0|0.0|0.0|0.0|0.0|0.0|0.0|1.0|0.0|0.0|0.0|0.0|0.0|0.0|0.0|0.0|1.0|0.0|0.0|0.0|0.0|1.0|0.0|1.0|0.0|0.0|0.0|0.0|0.0|0.0|0.0|1.0|1.0|0.0|0.0|good
12.0|2073.0|36.0|0.0|0.0|0.0|0.0|0.0|0.0|0.0|1.0|0.0|0.0|0.0|0.0|1.0|0.0|0.0|0.0|0.0|0.0|1.0|0.0|0.0|0.0|0.0|1.0|0.0|0.0|0.0|1.0|0.0|0.0|0.0|0.0|0.0|0.0|1.0|0.0|0.0|1.0|0.0|0.0|good
24.0|58325.0|2900.0|0.0|0.0|0.0|0.0|1.0|0.0|0.0|0.0|0.0|0.0|0.0|0.0|0.0|1.0|0.0|0.0|0.0|0.0|0.0|0.0|0.0|1.0|0.0|1.0|0.0|0.0|0.0|1.0|0.0|0.0|0.0|0.0|0.0|0.0|0.0|0.0|1.0|1.0|0.0|0.0|good
27.0|5965.0|36.0|0.0|0.0|0.0|0.0|0.0|0.0|0.0|1.0|0.0|0.0|0.0|0.0|0.0|0.0|1.0|0.0|0.0|0.0|0.0|0.0|0.0|1.0|0.0|1.0|0.0|0.0|0.0|0.0|1.0|0.0|0.0|0.0|0.0|0.0|1.0|0.0|0.0|0.0|0.0|1.0|good
12.0|2715.0|36.0|0.0|0.0|0.0|0.0|0.0|0.0|0.0|1.0|0.0|0.0|0.0|0.0|1.0|0.0|0.0|0.0|0.0|0.0|0.0|0.0|0.0|1.0|0.0|1.0|0.0|0.0|0.0|1.0|0.0|0.0|0.0|0.0|0.0|0.0|1.0|0.0|0.0|1.0|0.0|0.0|good
18.0|2715.0|31.0|0.0|0.0|0.0|0.0|0.0|0.0|0.0|0.0|0.0|0.0|1.0|0.0|1.0|0.0|0.0|0.0|0.0|0.0|0.0|0.0|0.0|1.0|0.0|0.0|0.0|0.0|1.0|1.0|0.0|0.0|0.0|0.0|0.0|0.0|1.0|0.0|0.0|1.0|0.0|0.0|good
36.0|2225.0|57.0|0.0|0.0|0.0|0.0|0.0|1.0|0.0|0.0|0.0|0.0|0.0|0.0|0.0|0.0|1.0|0.0|0.0|0.0|0.0|0.0|0.0|1.0|0.0|0.0|0.0|1.0|0.0|1.0|0.0|0.0|0.0|0.0|0.0|0.0|1.0|0.0|0.0|0.0|0.0|1.0|bad
6.0|78300.0|26.0|0.0|0.0|0.0|0.0|0.0|1.0|0.0|0.0|0.0|0.0|0.0|0.0|1.0|0.0|0.0|0.0|0.0|0.0|0.0|0.0|0.0|1.0|0.0|1.0|0.0|0.0|0.0|1.0|0.0|0.0|0.0|0.0|0.0|0.0|1.0|0.0|0.0|1.0|0.0|0.0|good
12.0|2715.0|36.0|0.0|0.0|0.0|0.0|0.0|0.0|0.0|1.0|0.0|0.0|0.0|0.0|0.0|0.0|0.0|0.0|1.0|0.0|0.0|0.0|0.0|1.0|1.0|0.0|0.0|0.0|0.0|1.0|0.0|0.0|0.0|0.0|0.0|1.0|0.0|0.0|0.0|1.0|0.0|0.0|bad
36.0|9566.0|31.0|1.0|0.0|0.0|0.0|0.0|0.0|0.0|0.0|0.0|0.0|0.0|0.0|1.0|0.0|0.0|0.0|0.0|1.0|0.0|0.0|0.0|0.0|0.0|1.0|0.0|0.0|0.0|0.0|1.0|0.0|0.0|0.0|0.0|0.0|1.0|0.0|0.0|1.0|0.0|0.0|good
18.0|1961.0|36.0|0.0|0.0|0.0|0.0|0.0|1.0|0.0|0.0|0.0|0.0|0.0|0.0|0.0|0.0|1.0|0.0|0.0|0.0|0.0|0.0|0.0|1.0|0.0|1.0|0.0|0.0|0.0|1.0|0.0|0.0|0.0|0.0|0.0|1.0|0.0|0.0|0.0|1.0|0.0|0.0|good
3600.0|2715.0|575.0|0.0|0.0|0.0|0.0|1.0|0.0|0.0|0.0|0.0|0.0|0.0|0.0|0.0|1.0|0.0|0.0|0.0|0.0|0.0|0.0|0.0|1.0|0.0|0.0|0.0|1.0|0.0|0.0|1.0|0.0|0.0|0.0|1.0|0.0|0.0|0.0|0.0|1.0|0.0|0.0|bad
18.0|2715.0|27.0|0.0|0.0|0.0|0.0|0.0|0.0|0.0|1.0|0.0|0.0|0.0|0.0|1.0|0.0|0.0|0.0|0.0|0.0|0.0|0.0|1.0|0.0|1.0|0.0|0.0|0.0|0.0|1.0|0.0|0.0|0.0|0.0|1.0|0.0|0.0|0.0|0.0|1.0|0.0|0.0|good
750.0|1537.0|50.0|0.0|0.0|0.0|0.0|0.0|0.0|0.0|1.0|0.0|0.0|0.0|1.0|0.0|0.0|0.0|0.0|0.0|0.0|0.0|0.0|0.0|1.0|0.0|0.0|0.0|0.0|1.0|0.0|1.0|0.0|0.0|0.0|0.0|0.0|1.0|0.0|0.0|1.0|0.0|0.0|good
18.0|2715.0|61.0|0.0|1.0|0.0|0.0|0.0|0.0|0.0|0.0|0.0|0.0|0.0|0.0|0.0|0.0|1.0|0.0|0.0|0.0|0.0|0.0|0.0|1.0|0.0|0.0|0.0|1.0|0.0|1.0|0.0|0.0|0.0|0.0|1.0|0.0|0.0|0.0|0.0|1.0|0.0|0.0|bad
48.0|2715.0|36.0|0.0|1.0|0.0|0.0|0.0|0.0|0.0|0.0|0.0|0.0|0.0|0.0|1.0|0.0|0.0|0.0|0.0|1.0|0.0|0.0|0.0|0.0|0.0|0.0|0.0|1.0|0.0|1.0|0.0|0.0|0.0|0.0|1.0|0.0|0.0|0.0|0.0|1.0|0.0|0.0|bad
18.0|3181.0|26.0|0.0|0.0|0.0|0.0|0.0|0.0|0.0|1.0|0.0|0.0|0.0|0.0|0.0|1.0|0.0|0.0|0.0|0.0|0.0|0.0|0.0|1.0|0.0|0.0|0.0|1.0|0.0|1.0|0.0|0.0|0.0|0.0|0.0|0.0|1.0|0.0|0.0|1.0|0.0|0.0|good
27.0|5190.0|48.0|0.0|0.0|0.0|0.0|0.0|0.0|0.0|0.0|1.0|0.0|0.0|0.0|0.0|0.0|1.0|0.0|0.0|1.0|0.0|0.0|0.0|0.0|0.0|0.0|0.0|1.0|0.0|0.0|0.0|0.0|1.0|0.0|0.0|0.0|1.0|0.0|0.0|0.0|1.0|0.0|good
-300.0|2171.0|29.0|0.0|0.0|0.0|0.0|0.0|0.0|0.0|1.0|0.0|0.0|0.0|0.0|0.0|1.0|0.0|0.0|0.0|0.0|0.0|0.0|0.0|1.0|0.0|1.0|0.0|0.0|0.0|1.0|0.0|0.0|0.0|0.0|1.0|0.0|0.0|0.0|0.0|1.0|0.0|0.0|good
12.0|100700.0|36.0|0.0|0.0|0.0|0.0|0.0|0.0|0.0|1.0|0.0|0.0|0.0|0.0|1.0|0.0|0.0|0.0|0.0|0.0|0.0|0.0|1.0|0.0|0.0|0.0|0.0|0.0|1.0|1.0|0.0|0.0|0.0|0.0|1.0|0.0|0.0|0.0|0.0|1.0|0.0|0.0|good
36.0|1819.0|37.0|0.0|0.0|0.0|1.0|0.0|0.0|0.0|0.0|0.0|0.0|0.0|0.0|1.0|0.0|0.0|0.0|0.0|0.0|0.0|0.0|0.0|1.0|0.0|0.0|0.0|1.0|0.0|1.0|0.0|0.0|0.0|0.0|0.0|0.0|1.0|0.0|0.0|1.0|0.0|0.0|bad
36.0|59850.0|25.0|0.0|0.0|0.0|0.0|0.0|0.0|0.0|1.0|0.0|0.0|0.0|0.0|1.0|0.0|0.0|0.0|0.0|0.0|1.0|0.0|0.0|0.0|0.0|0.0|0.0|1.0|0.0|0.0|0.0|0.0|0.0|1.0|1.0|0.0|0.0|0.0|0.0|1.0|0.0|0.0|good
18.0|2715.0|30.0|0.0|0.0|0.0|0.0|0.0|0.0|0.0|0.0|0.0|0.0|1.0|0.0|1.0|0.0|0.0|0.0|0.0|0.0|1.0|0.0|0.0|0.0|0.0|0.0|0.0|1.0|0.0|1.0|0.0|0.0|0.0|0.0|0.0|0.0|1.0|0.0|0.0|0.0|0.0|1.0|good
7.0|730.0|36.0|0.0|0.0|0.0|0.0|0.0|0.0|0.0|1.0|0.0|0.0|0.0|0.0|0.0|0.0|1.0|0.0|0.0|0.0|0.0|0.0|0.0|1.0|0.0|0.0|0.0|1.0|0.0|0.0|0.0|0.0|0.0|1.0|0.0|0.0|0.0|0.0|1.0|1.0|0.0|0.0|good
-200.0|-29100.0|51.0|0.0|0.0|0.0|0.0|0.0|0.0|0.0|1.0|0.0|0.0|0.0|0.0|1.0|0.0|0.0|0.0|0.0|0.0|0.0|0.0|0.0|1.0|0.0|0.0|0.0|1.0|0.0|0.0|0.0|0.0|0.0|1.0|0.0|1.0|0.0|0.0|0.0|0.0|0.0|1.0|good
42.0|5954.0|41.0|0.0|1.0|0.0|0.0|0.0|0.0|0.0|0.0|0.0|0.0|0.0|0.0|0.0|0.0|0.0|1.0|0.0|0.0|1.0|0.0|0.0|0.0|1.0|0.0|0.0|0.0|0.0|0.0|1.0|0.0|0.0|0.0|0.0|0.0|1.0|0.0|0.0|1.0|0.0|0.0|good
36.0|2715.0|40.0|1.0|0.0|0.0|0.0|0.0|0.0|0.0|0.0|0.0|0.0|0.0|0.0|0.0|0.0|1.0|0.0|0.0|1.0|0.0|0.0|0.0|0.0|0.0|0.0|0.0|1.0|0.0|0.0|0.0|0.0|0.0|1.0|0.0|0.0|1.0|0.0|0.0|1.0|0.0|0.0|bad
300.0|1526.0|36.0|0.0|0.0|0.0|0.0|0.0|0.0|0.0|0.0|0.0|0.0|1.0|0.0|1.0|0.0|0.0|0.0|0.0|0.0|0.0|0.0|0.0|1.0|0.0|0.0|0.0|1.0|0.0|0.0|1.0|0.0|0.0|0.0|0.0|1.0|0.0|0.0|0.0|1.0|0.0|0.0|good
42.0|99125.0|34.0|0.0|0.0|0.0|0.0|0.0|0.0|0.0|1.0|0.0|0.0|0.0|0.0|0.0|1.0|0.0|0.0|0.0|0.0|0.0|0.0|0.0|1.0|0.0|0.0|0.0|1.0|0.0|1.0|0.0|0.0|0.0|0.0|0.0|0.0|1.0|0.0|0.0|1.0|0.0|0.0|bad
11.0|4771.0|51.0|0.0|0.0|0.0|0.0|0.0|0.0|0.0|1.0|0.0|0.0|0.0|0.0|0.0|0.0|0.0|1.0|0.0|0.0|0.0|0.0|0.0|1.0|0.0|0.0|0.0|1.0|0.0|0.0|0.0|0.0|0.0|1.0|0.0|0.0|1.0|0.0|0.0|1.0|0.0|0.0|good
18.0|471800.0|39.0|0.0|0.0|0.0|0.0|0.0|0.0|0.0|0.0|0.0|0.0|1.0|1.0|0.0|0.0|0.0|0.0|0.0|0.0|0.0|0.0|0.0|1.0|0.0|1.0|0.0|0.0|0.0|1.0|0.0|0.0|0.0|0.0|0.0|0.0|0.0|0.0|1.0|0.0|0.0|1.0|good
18.0|2715.0|22.0|0.0|0.0|0.0|0.0|1.0|0.0|0.0|0.0|0.0|0.0|0.0|0.0|0.0|1.0|0.0|0.0|0.0|0.0|0.0|0.0|1.0|0.0|1.0|0.0|0.0|0.0|0.0|1.0|0.0|0.0|0.0|0.0|0.0|0.0|1.0|0.0|0.0|1.0|0.0|0.0|good
24.0|5943.0|44.0|0.0|0.0|0.0|0.0|0.0|0.0|0.0|1.0|0.0|0.0|0.0|0.0|0.0|1.0|0.0|0.0|0.0|0.0|1.0|0.0|0.0|0.0|1.0|0.0|0.0|0.0|0.0|0.0|0.0|0.0|0.0|1.0|0.0|0.0|1.0|0.0|0.0|0.0|0.0|1.0|bad
18.0|30325.0|47.0|0.0|0.0|0.0|0.0|0.0|0.0|0.0|1.0|0.0|0.0|0.0|0.0|0.0|0.0|1.0|0.0|0.0|0.0|0.0|0.0|0.0|1.0|0.0|0.0|1.0|0.0|0.0|1.0|0.0|0.0|0.0|0.0|0.0|0.0|1.0|0.0|0.0|1.0|0.0|0.0|good
18.0|1568.0|2400.0|0.0|1.0|0.0|0.0|0.0|0.0|0.0|0.0|0.0|0.0|0.0|1.0|0.0|0.0|0.0|0.0|0.0|0.0|1.0|0.0|0.0|0.0|0.0|0.0|0.0|1.0|0.0|1.0|0.0|0.0|0.0|0.0|0.0|0.0|0.0|0.0|1.0|1.0|0.0|0.0|good
18.0|175500.0|-1450.0|0.0|0.0|0.0|0.0|0.0|0.0|0.0|1.0|0.0|0.0|0.0|0.0|0.0|0.0|1.0|0.0|0.0|0.0|1.0|0.0|0.0|0.0|0.0|0.0|0.0|1.0|0.0|1.0|0.0|0.0|0.0|0.0|1.0|0.0|0.0|0.0|0.0|0.0|0.0|1.0|good
10.0|2315.0|36.0|0.0|0.0|0.0|0.0|0.0|0.0|0.0|1.0|0.0|0.0|0.0|0.0|0.0|0.0|1.0|0.0|0.0|0.0|0.0|0.0|0.0|1.0|0.0|0.0|0.0|1.0|0.0|1.0|0.0|0.0|0.0|0.0|0.0|0.0|0.0|0.0|1.0|0.0|0.0|1.0|good
12.0|1412.0|29.0|1.0|0.0|0.0|0.0|0.0|0.0|0.0|0.0|0.0|0.0|0.0|0.0|1.0|0.0|0.0|0.0|0.0|1.0|0.0|0.0|0.0|0.0|0.0|0.0|0.0|1.0|0.0|0.0|0.0|0.0|0.0|1.0|0.0|1.0|0.0|0.0|0.0|1.0|0.0|0.0|good
450.0|1295.0|1350.0|0.0|0.0|0.0|0.0|1.0|0.0|0.0|0.0|0.0|0.0|0.0|1.0|0.0|0.0|0.0|0.0|0.0|1.0|0.0|0.0|0.0|0.0|0.0|0.0|0.0|1.0|0.0|0.0|1.0|0.0|0.0|0.0|0.0|0.0|1.0|0.0|0.0|1.0|0.0|0.0|good
36.0|1261200.0|47.0|0.0|0.0|0.0|1.0|0.0|0.0|0.0|0.0|0.0|0.0|0.0|0.0|1.0|0.0|0.0|0.0|0.0|0.0|0.0|0.0|0.0|1.0|0.0|0.0|0.0|1.0|0.0|1.0|0.0|0.0|0.0|0.0|0.0|0.0|1.0|0.0|0.0|1.0|0.0|0.0|bad
18.0|2249.0|30.0|0.0|0.0|0.0|0.0|0.0|1.0|0.0|0.0|0.0|0.0|0.0|0.0|0.0|0.0|0.0|1.0|0.0|0.0|0.0|0.0|0.0|1.0|0.0|0.0|1.0|0.0|0.0|1.0|0.0|0.0|0.0|0.0|0.0|1.0|0.0|0.0|0.0|0.0|1.0|0.0|good
12.0|110800.0|36.0|0.0|0.0|0.0|0.0|0.0|0.0|0.0|0.0|1.0|0.0|0.0|0.0|0.0|0.0|0.0|1.0|0.0|0.0|0.0|0.0|0.0|1.0|0.0|0.0|1.0|0.0|0.0|0.0|1.0|0.0|0.0|0.0|0.0|0.0|1.0|0.0|0.0|0.0|0.0|1.0|bad
18.0|618.0|56.0|0.0|0.0|0.0|0.0|0.0|0.0|0.0|1.0|0.0|0.0|0.0|0.0|0.0|0.0|1.0|0.0|0.0|0.0|0.0|0.0|0.0|1.0|0.0|0.0|0.0|0.0|1.0|1.0|0.0|0.0|0.0|0.0|0.0|0.0|1.0|0.0|0.0|1.0|0.0|0.0|good
300.0|1409.0|54.0|0.0|0.0|0.0|0.0|0.0|0.0|0.0|0.0|0.0|0.0|1.0|0.0|0.0|0.0|1.0|0.0|0.0|0.0|0.0|0.0|0.0|1.0|0.0|0.0|1.0|0.0|0.0|1.0|0.0|0.0|0.0|0.0|0.0|0.0|1.0|0.0|0.0|1.0|0.0|0.0|good
18.0|797.0|36.0|0.0|0.0|0.0|0.0|0.0|0.0|0.0|1.0|0.0|0.0|0.0|0.0|0.0|0.0|1.0|0.0|0.0|0.0|1.0|0.0|0.0|0.0|0.0|0.0|0.0|0.0|1.0|1.0|0.0|0.0|0.0|0.0|0.0|0.0|0.0|0.0|1.0|1.0|0.0|0.0|bad
24.0|3617.0|20.0|0.0|0.0|0.0|0.0|0.0|0.0|0.0|1.0|0.0|0.0|0.0|0.0|0.0|0.0|1.0|0.0|0.0|0.0|0.0|0.0|0.0|1.0|0.0|0.0|0.0|1.0|0.0|0.0|0.0|0.0|0.0|1.0|0.0|0.0|1.0|0.0|0.0|1.0|0.0|0.0|good
12.0|1318.0|36.0|0.0|0.0|0.0|0.0|0.0|0.0|0.0|1.0|0.0|0.0|0.0|0.0|1.0|0.0|0.0|0.0|0.0|0.0|0.0|0.0|0.0|1.0|0.0|0.0|0.0|1.0|0.0|1.0|0.0|0.0|0.0|0.0|0.0|0.0|1.0|0.0|0.0|1.0|0.0|0.0|good
18.0|2715.0|1450.0|0.0|1.0|0.0|0.0|0.0|0.0|0.0|0.0|0.0|0.0|0.0|0.0|0.0|1.0|0.0|0.0|0.0|0.0|0.0|0.0|0.0|1.0|0.0|0.0|0.0|1.0|0.0|1.0|0.0|0.0|0.0|0.0|0.0|0.0|1.0|0.0|0.0|1.0|0.0|0.0|bad
12.0|2012.0|61.0|0.0|0.0|0.0|1.0|0.0|0.0|0.0|0.0|0.0|0.0|0.0|0.0|0.0|0.0|0.0|1.0|0.0|0.0|1.0|0.0|0.0|0.0|0.0|1.0|0.0|0.0|0.0|1.0|0.0|0.0|0.0|0.0|0.0|0.0|1.0|0.0|0.0|1.0|0.0|0.0|good
18.0|2622.0|1700.0|1.0|0.0|0.0|0.0|0.0|0.0|0.0|0.0|0.0|0.0|0.0|1.0|0.0|0.0|0.0|0.0|0.0|0.0|0.0|0.0|0.0|1.0|0.0|0.0|0.0|0.0|1.0|0.0|0.0|0.0|0.0|1.0|0.0|0.0|1.0|0.0|0.0|1.0|0.0|0.0|good
900.0|2337.0|36.0|0.0|0.0|0.0|0.0|0.0|0.0|0.0|1.0|0.0|0.0|0.0|0.0|0.0|0.0|1.0|0.0|0.0|0.0|0.0|0.0|0.0|1.0|0.0|0.0|0.0|1.0|0.0|0.0|0.0|0.0|0.0|1.0|0.0|0.0|1.0|0.0|0.0|1.0|0.0|0.0|good
18.0|7057.0|36.0|0.0|0.0|0.0|0.0|0.0|0.0|0.0|0.0|0.0|0.0|1.0|0.0|1.0|0.0|0.0|0.0|0.0|0.0|0.0|0.0|0.0|1.0|0.0|0.0|0.0|1.0|0.0|1.0|0.0|0.0|0.0|0.0|0.0|0.0|1.0|0.0|0.0|0.0|1.0|0.0|good
24.0|1469.0|1025.0|0.0|0.0|0.0|0.0|0.0|1.0|0.0|0.0|0.0|0.0|0.0|0.0|0.0|0.0|1.0|0.0|0.0|1.0|0.0|0.0|0.0|0.0|0.0|0.0|0.0|1.0|0.0|0.0|0.0|0.0|0.0|1.0|1.0|0.0|0.0|0.0|0.0|1.0|0.0|0.0|good
36.0|2323.0|24.0|1.0|0.0|0.0|0.0|0.0|0.0|0.0|0.0|0.0|0.0|0.0|0.0|0.0|0.0|0.0|1.0|0.0|0.0|0.0|0.0|0.0|1.0|0.0|0.0|0.0|1.0|0.0|0.0|0.0|0.0|0.0|1.0|1.0|0.0|0.0|0.0|0.0|1.0|0.0|0.0|good
18.0|932.0|24.0|0.0|0.0|0.0|0.0|0.0|0.0|0.0|1.0|0.0|0.0|0.0|0.0|1.0|0.0|0.0|0.0|0.0|0.0|1.0|0.0|0.0|0.0|0.0|0.0|0.0|1.0|0.0|0.0|0.0|0.0|0.0|1.0|0.0|0.0|1.0|0.0|0.0|1.0|0.0|0.0|good
9.0|191900.0|35.0|0.0|0.0|0.0|0.0|1.0|0.0|0.0|0.0|0.0|0.0|0.0|0.0|0.0|0.0|0.0|1.0|0.0|0.0|0.0|0.0|0.0|1.0|0.0|0.0|0.0|0.0|1.0|1.0|0.0|0.0|0.0|0.0|0.0|0.0|1.0|0.0|0.0|1.0|0.0|0.0|good
12.0|2445.0|26.0|0.0|0.0|0.0|0.0|0.0|0.0|0.0|0.0|0.0|0.0|1.0|0.0|0.0|1.0|0.0|0.0|0.0|0.0|0.0|0.0|1.0|0.0|0.0|0.0|0.0|0.0|1.0|1.0|0.0|0.0|0.0|0.0|0.0|0.0|1.0|0.0|0.0|1.0|0.0|0.0|good
18.0|2715.0|39.0|0.0|0.0|0.0|0.0|0.0|0.0|1.0|0.0|0.0|0.0|0.0|0.0|1.0|0.0|0.0|0.0|0.0|0.0|0.0|0.0|0.0|1.0|0.0|0.0|0.0|0.0|1.0|0.0|1.0|0.0|0.0|0.0|0.0|1.0|0.0|0.0|0.0|0.0|1.0|0.0|bad
-450.0|6458.0|39.0|0.0|0.0|0.0|0.0|0.0|0.0|0.0|1.0|0.0|0.0|0.0|0.0|0.0|0.0|1.0|0.0|0.0|1.0|0.0|0.0|0.0|0.0|0.0|0.0|0.0|1.0|0.0|1.0|0.0|0.0|0.0|0.0|1.0|0.0|0.0|0.0|0.0|0.0|1.0|0.0|bad
-300.0|6078.0|36.0|0.0|0.0|0.0|0.0|0.0|1.0|0.0|0.0|0.0|0.0|0.0|0.0|0.0|0.0|0.0|1.0|0.0|0.0|0.0|0.0|0.0|1.0|0.0|0.0|0.0|0.0|1.0|1.0|0.0|0.0|0.0|0.0|1.0|0.0|0.0|0.0|0.0|1.0|0.0|0.0|good
24.0|7721.0|-750.0|0.0|0.0|0.0|0.0|0.0|0.0|0.0|1.0|0.0|0.0|0.0|0.0|1.0|0.0|0.0|0.0|0.0|1.0|0.0|0.0|0.0|0.0|0.0|0.0|0.0|1.0|0.0|1.0|0.0|0.0|0.0|0.0|0.0|0.0|1.0|0.0|0.0|0.0|0.0|1.0|good
18.0|1410.0|35.0|0.0|1.0|0.0|0.0|0.0|0.0|0.0|0.0|0.0|0.0|0.0|0.0|0.0|0.0|1.0|0.0|0.0|0.0|0.0|0.0|1.0|0.0|0.0|1.0|0.0|0.0|0.0|1.0|0.0|0.0|0.0|0.0|0.0|0.0|1.0|0.0|0.0|1.0|0.0|0.0|good
6.0|1449.0|3100.0|1.0|0.0|0.0|0.0|0.0|0.0|0.0|0.0|0.0|0.0|0.0|0.0|1.0|0.0|0.0|0.0|0.0|0.0|0.0|1.0|0.0|0.0|0.0|0.0|0.0|1.0|0.0|0.0|1.0|0.0|0.0|0.0|0.0|0.0|1.0|0.0|0.0|0.0|0.0|1.0|good
18.0|392.0|36.0|0.0|0.0|0.0|1.0|0.0|0.0|0.0|0.0|0.0|0.0|0.0|0.0|0.0|1.0|0.0|0.0|0.0|0.0|1.0|0.0|0.0|0.0|0.0|0.0|0.0|1.0|0.0|1.0|0.0|0.0|0.0|0.0|0.0|0.0|1.0|0.0|0.0|1.0|0.0|0.0|good
18.0|2715.0|28.0|0.0|0.0|0.0|0.0|0.0|1.0|0.0|0.0|0.0|0.0|0.0|0.0|1.0|0.0|0.0|0.0|0.0|0.0|0.0|0.0|0.0|1.0|0.0|0.0|1.0|0.0|0.0|1.0|0.0|0.0|0.0|0.0|1.0|0.0|0.0|0.0|0.0|1.0|0.0|0.0|good
36.0|2715.0|25.0|0.0|0.0|0.0|0.0|0.0|1.0|0.0|0.0|0.0|0.0|0.0|0.0|1.0|0.0|0.0|0.0|0.0|1.0|0.0|0.0|0.0|0.0|0.0|0.0|0.0|1.0|0.0|0.0|1.0|0.0|0.0|0.0|0.0|0.0|1.0|0.0|0.0|0.0|0.0|1.0|bad
12.0|84000.0|3500.0|0.0|0.0|0.0|0.0|0.0|0.0|0.0|1.0|0.0|0.0|0.0|0.0|0.0|0.0|1.0|0.0|0.0|0.0|0.0|0.0|1.0|0.0|1.0|0.0|0.0|0.0|0.0|1.0|0.0|0.0|0.0|0.0|0.0|0.0|1.0|0.0|0.0|1.0|0.0|0.0|good
48.0|3578.0|4700.0|0.0|0.0|0.0|0.0|0.0|0.0|0.0|1.0|0.0|0.0|0.0|0.0|0.0|0.0|1.0|0.0|0.0|0.0|0.0|0.0|0.0|1.0|1.0|0.0|0.0|0.0|0.0|1.0|0.0|0.0|0.0|0.0|0.0|0.0|1.0|0.0|0.0|1.0|0.0|0.0|good
4200.0|358700.0|30.0|0.0|0.0|0.0|0.0|0.0|0.0|0.0|1.0|0.0|0.0|0.0|1.0|0.0|0.0|0.0|0.0|0.0|0.0|1.0|0.0|0.0|0.0|0.0|0.0|0.0|1.0|0.0|1.0|0.0|0.0|0.0|0.0|0.0|1.0|0.0|0.0|0.0|1.0|0.0|0.0|bad
10.0|2132.0|2700.0|0.0|0.0|0.0|0.0|0.0|0.0|0.0|1.0|0.0|0.0|0.0|0.0|0.0|1.0|0.0|0.0|0.0|0.0|1.0|0.0|0.0|0.0|0.0|0.0|0.0|1.0|0.0|1.0|0.0|0.0|0.0|0.0|0.0|0.0|1.0|0.0|0.0|1.0|0.0|0.0|good
1650.0|4281.0|23.0|0.0|0.0|0.0|0.0|0.0|0.0|0.0|1.0|0.0|0.0|0.0|0.0|1.0|0.0|0.0|0.0|0.0|0.0|0.0|0.0|0.0|1.0|0.0|0.0|0.0|0.0|1.0|0.0|1.0|0.0|0.0|0.0|0.0|0.0|1.0|0.0|0.0|1.0|0.0|0.0|bad
12.0|2366.0|36.0|0.0|0.0|0.0|0.0|0.0|1.0|0.0|0.0|0.0|0.0|0.0|1.0|0.0|0.0|0.0|0.0|0.0|0.0|0.0|1.0|0.0|0.0|0.0|0.0|1.0|0.0|0.0|1.0|0.0|0.0|0.0|0.0|0.0|1.0|0.0|0.0|0.0|1.0|0.0|0.0|good
18.0|-45875.0|-625.0|0.0|0.0|0.0|0.0|0.0|0.0|0.0|1.0|0.0|0.0|0.0|0.0|1.0|0.0|0.0|0.0|0.0|0.0|1.0|0.0|0.0|0.0|0.0|0.0|0.0|1.0|0.0|1.0|0.0|0.0|0.0|0.0|0.0|0.0|1.0|0.0|0.0|1.0|0.0|0.0|bad
1200.0|2715.0|41.0|0.0|0.0|0.0|0.0|0.0|0.0|0.0|0.0|0.0|0.0|1.0|0.0|0.0|0.0|1.0|0.0|0.0|1.0|0.0|0.0|0.0|0.0|0.0|1.0|0.0|0.0|0.0|1.0|0.0|0.0|0.0|0.0|0.0|1.0|0.0|0.0|0.0|1.0|0.0|0.0|good
12.0|44200.0|36.0|0.0|0.0|0.0|0.0|1.0|0.0|0.0|0.0|0.0|0.0|0.0|0.0|1.0|0.0|0.0|0.0|0.0|0.0|0.0|0.0|0.0|1.0|0.0|1.0|0.0|0.0|0.0|1.0|0.0|0.0|0.0|0.0|0.0|0.0|0.0|0.0|1.0|0.0|0.0|1.0|good
500.0|781.0|6300.0|0.0|0.0|0.0|0.0|0.0|0.0|0.0|1.0|0.0|0.0|0.0|1.0|0.0|0.0|0.0|0.0|0.0|0.0|0.0|0.0|0.0|1.0|0.0|0.0|0.0|1.0|0.0|0.0|1.0|0.0|0.0|0.0|0.0|0.0|1.0|0.0|0.0|1.0|0.0|0.0|good
18.0|1924.0|27.0|1.0|0.0|0.0|0.0|0.0|0.0|0.0|0.0|0.0|0.0|0.0|0.0|1.0|0.0|0.0|0.0|0.0|0.0|1.0|0.0|0.0|0.0|0.0|0.0|0.0|0.0|1.0|1.0|0.0|0.0|0.0|0.0|0.0|0.0|1.0|0.0|0.0|1.0|0.0|0.0|bad
18.0|2121.0|36.0|0.0|0.0|0.0|0.0|0.0|1.0|0.0|0.0|0.0|0.0|0.0|0.0|1.0|0.0|0.0|0.0|0.0|0.0|0.0|0.0|0.0|1.0|0.0|1.0|0.0|0.0|0.0|0.0|1.0|0.0|0.0|0.0|0.0|0.0|1.0|0.0|0.0|1.0|0.0|0.0|good
18.0|701.0|40.0|0.0|0.0|0.0|0.0|0.0|0.0|0.0|1.0|0.0|0.0|0.0|0.0|1.0|0.0|0.0|0.0|0.0|0.0|0.0|0.0|1.0|0.0|0.0|0.0|0.0|0.0|1.0|1.0|0.0|0.0|0.0|0.0|0.0|0.0|0.0|0.0|1.0|1.0|0.0|0.0|good
12.0|63900.0|30.0|1.0|0.0|0.0|0.0|0.0|0.0|0.0|0.0|0.0|0.0|0.0|0.0|1.0|0.0|0.0|0.0|0.0|0.0|0.0|0.0|0.0|1.0|0.0|1.0|0.0|0.0|0.0|1.0|0.0|0.0|0.0|0.0|1.0|0.0|0.0|0.0|0.0|1.0|0.0|0.0|bad
12.0|1860.0|34.0|0.0|0.0|0.0|0.0|0.0|0.0|0.0|0.0|0.0|0.0|1.0|1.0|0.0|0.0|0.0|0.0|0.0|1.0|0.0|0.0|0.0|0.0|0.0|1.0|0.0|0.0|0.0|0.0|1.0|0.0|0.0|0.0|0.0|1.0|0.0|0.0|0.0|1.0|0.0|0.0|good
12.0|2715.0|29.0|0.0|0.0|0.0|0.0|0.0|1.0|0.0|0.0|0.0|0.0|0.0|0.0|1.0|0.0|0.0|0.0|0.0|0.0|1.0|0.0|0.0|0.0|0.0|0.0|0.0|1.0|0.0|1.0|0.0|0.0|0.0|0.0|0.0|0.0|1.0|0.0|0.0|0.0|0.0|1.0|bad
48.0|8487.0|24.0|0.0|0.0|0.0|0.0|0.0|1.0|0.0|0.0|0.0|0.0|0.0|0.0|0.0|0.0|0.0|1.0|0.0|0.0|1.0|0.0|0.0|0.0|0.0|1.0|0.0|0.0|0.0|1.0|0.0|0.0|0.0|0.0|0.0|0.0|1.0|0.0|0.0|1.0|0.0|0.0|good
36.0|6887.0|29.0|1.0|0.0|0.0|0.0|0.0|0.0|0.0|0.0|0.0|0.0|0.0|0.0|1.0|0.0|0.0|0.0|0.0|0.0|0.0|0.0|0.0|1.0|0.0|0.0|1.0|0.0|0.0|1.0|0.0|0.0|0.0|0.0|1.0|0.0|0.0|0.0|0.0|0.0|0.0|1.0|bad
18.0|2708.0|27.0|0.0|0.0|0.0|0.0|1.0|0.0|0.0|0.0|0.0|0.0|0.0|0.0|0.0|1.0|0.0|0.0|0.0|0.0|0.0|0.0|0.0|1.0|0.0|0.0|1.0|0.0|0.0|0.0|1.0|0.0|0.0|0.0|0.0|0.0|0.0|0.0|1.0|1.0|0.0|0.0|good
18.0|2715.0|47.0|0.0|0.0|0.0|0.0|1.0|0.0|0.0|0.0|0.0|0.0|0.0|0.0|1.0|0.0|0.0|0.0|0.0|1.0|0.0|0.0|0.0|0.0|0.0|0.0|0.0|1.0|0.0|0.0|1.0|0.0|0.0|0.0|0.0|0.0|1.0|0.0|0.0|1.0|0.0|0.0|good
60.0|10144.0|21.0|0.0|0.0|0.0|0.0|0.0|0.0|0.0|1.0|0.0|0.0|0.0|0.0|0.0|0.0|0.0|1.0|0.0|0.0|0.0|0.0|0.0|1.0|0.0|0.0|0.0|1.0|0.0|0.0|0.0|0.0|0.0|1.0|0.0|0.0|1.0|0.0|0.0|1.0|0.0|0.0|good
12.0|1240.0|38.0|0.0|0.0|0.0|0.0|0.0|0.0|0.0|1.0|0.0|0.0|0.0|0.0|0.0|0.0|1.0|0.0|0.0|0.0|0.0|0.0|0.0|1.0|0.0|1.0|0.0|0.0|0.0|0.0|1.0|0.0|0.0|0.0|0.0|0.0|1.0|0.0|0.0|1.0|0.0|0.0|good
27.0|8613.0|27.0|0.0|0.0|0.0|0.0|0.0|0.0|0.0|0.0|0.0|0.0|1.0|1.0|0.0|0.0|0.0|0.0|0.0|0.0|0.0|0.0|0.0|1.0|0.0|1.0|0.0|0.0|0.0|0.0|1.0|0.0|0.0|0.0|0.0|0.0|1.0|0.0|0.0|1.0|0.0|0.0|good
1200.0|19150.0|1650.0|1.0|0.0|0.0|0.0|0.0|0.0|0.0|0.0|0.0|0.0|0.0|0.0|1.0|0.0|0.0|0.0|0.0|0.0|0.0|0.0|0.0|1.0|0.0|0.0|0.0|0.0|1.0|0.0|0.0|0.0|0.0|1.0|0.0|0.0|0.0|0.0|1.0|1.0|0.0|0.0|bad
15.0|272800.0|35.0|0.0|0.0|0.0|0.0|0.0|0.0|0.0|1.0|0.0|0.0|0.0|0.0|0.0|0.0|0.0|1.0|0.0|0.0|0.0|0.0|0.0|1.0|0.0|1.0|0.0|0.0|0.0|0.0|0.0|1.0|0.0|0.0|0.0|0.0|1.0|0.0|0.0|1.0|0.0|0.0|good
12.0|1881.0|44.0|0.0|0.0|0.0|0.0|0.0|0.0|0.0|1.0|0.0|0.0|0.0|1.0|0.0|0.0|0.0|0.0|0.0|0.0|1.0|0.0|0.0|0.0|0.0|1.0|0.0|0.0|0.0|0.0|0.0|0.0|0.0|1.0|1.0|0.0|0.0|0.0|0.0|1.0|0.0|0.0|good
18.0|2715.0|27.0|0.0|0.0|0.0|0.0|0.0|1.0|0.0|0.0|0.0|0.0|0.0|0.0|0.0|1.0|0.0|0.0|0.0|0.0|0.0|0.0|0.0|1.0|0.0|0.0|0.0|1.0|0.0|1.0|0.0|0.0|0.0|0.0|0.0|0.0|0.0|1.0|0.0|1.0|0.0|0.0|good
36.0|2715.0|30.0|0.0|0.0|0.0|0.0|0.0|0.0|0.0|1.0|0.0|0.0|0.0|0.0|0.0|1.0|0.0|0.0|0.0|0.0|1.0|0.0|0.0|0.0|0.0|0.0|0.0|0.0|1.0|0.0|0.0|0.0|0.0|1.0|0.0|0.0|1.0|0.0|0.0|1.0|0.0|0.0|good
27.0|3416.0|36.0|0.0|0.0|0.0|0.0|0.0|0.0|0.0|1.0|0.0|0.0|0.0|0.0|1.0|0.0|0.0|0.0|0.0|0.0|0.0|0.0|0.0|1.0|0.0|1.0|0.0|0.0|0.0|0.0|0.0|0.0|0.0|1.0|0.0|0.0|1.0|0.0|0.0|1.0|0.0|0.0|good
18.0|123100.0|36.0|0.0|0.0|0.0|0.0|1.0|0.0|0.0|0.0|0.0|0.0|0.0|0.0|1.0|0.0|0.0|0.0|0.0|1.0|0.0|0.0|0.0|0.0|0.0|0.0|0.0|1.0|0.0|1.0|0.0|0.0|0.0|0.0|0.0|0.0|1.0|0.0|0.0|1.0|0.0|0.0|bad
21.0|2288.0|36.0|1.0|0.0|0.0|0.0|0.0|0.0|0.0|0.0|0.0|0.0|0.0|0.0|0.0|1.0|0.0|0.0|0.0|0.0|1.0|0.0|0.0|0.0|0.0|0.0|0.0|1.0|0.0|1.0|0.0|0.0|0.0|0.0|0.0|0.0|1.0|0.0|0.0|1.0|0.0|0.0|good
48.0|2715.0|750.0|1.0|0.0|0.0|0.0|0.0|0.0|0.0|0.0|0.0|0.0|0.0|1.0|0.0|0.0|0.0|0.0|0.0|1.0|0.0|0.0|0.0|0.0|0.0|1.0|0.0|0.0|0.0|1.0|0.0|0.0|0.0|0.0|0.0|0.0|1.0|0.0|0.0|1.0|0.0|0.0|good
150.0|860.0|39.0|1.0|0.0|0.0|0.0|0.0|0.0|0.0|0.0|0.0|0.0|0.0|0.0|1.0|0.0|0.0|0.0|0.0|0.0|1.0|0.0|0.0|0.0|0.0|0.0|0.0|1.0|0.0|1.0|0.0|0.0|0.0|0.0|0.0|0.0|1.0|0.0|0.0|1.0|0.0|0.0|good
-300.0|682.0|36.0|0.0|0.0|0.0|0.0|0.0|1.0|0.0|0.0|0.0|0.0|0.0|0.0|0.0|0.0|0.0|1.0|0.0|0.0|1.0|0.0|0.0|0.0|0.0|0.0|1.0|0.0|0.0|1.0|0.0|0.0|0.0|0.0|0.0|0.0|1.0|0.0|0.0|1.0|0.0|0.0|good
36.0|5371.0|36.0|0.0|0.0|0.0|0.0|1.0|0.0|0.0|0.0|0.0|0.0|0.0|0.0|1.0|0.0|0.0|0.0|0.0|0.0|0.0|0.0|0.0|1.0|0.0|0.0|0.0|1.0|0.0|0.0|1.0|0.0|0.0|0.0|0.0|0.0|1.0|0.0|0.0|1.0|0.0|0.0|good
900.0|1582.0|4600.0|0.0|0.0|0.0|0.0|0.0|0.0|0.0|1.0|0.0|0.0|0.0|0.0|0.0|0.0|1.0|0.0|0.0|1.0|0.0|0.0|0.0|0.0|0.0|0.0|0.0|0.0|1.0|0.0|1.0|0.0|0.0|0.0|0.0|0.0|1.0|0.0|0.0|0.0|0.0|1.0|good
6.0|1346.0|42.0|1.0|0.0|0.0|0.0|0.0|0.0|0.0|0.0|0.0|0.0|0.0|1.0|0.0|0.0|0.0|0.0|0.0|0.0|0.0|0.0|0.0|1.0|0.0|0.0|0.0|0.0|1.0|0.0|0.0|0.0|0.0|1.0|0.0|0.0|1.0|0.0|0.0|0.0|0.0|1.0|good
10.0|1924.0|38.0|0.0|0.0|0.0|0.0|0.0|0.0|0.0|1.0|0.0|0.0|0.0|0.0|1.0|0.0|0.0|0.0|0.0|0.0|0.0|0.0|0.0|1.0|0.0|0.0|0.0|1.0|0.0|1.0|0.0|0.0|0.0|0.0|0.0|0.0|1.0|0.0|0.0|1.0|0.0|0.0|good
36.0|5848.0|24.0|0.0|0.0|0.0|0.0|0.0|0.0|0.0|1.0|0.0|0.0|0.0|0.0|1.0|0.0|0.0|0.0|0.0|0.0|0.0|0.0|0.0|1.0|1.0|0.0|0.0|0.0|0.0|0.0|0.0|0.0|0.0|1.0|0.0|0.0|1.0|0.0|0.0|1.0|0.0|0.0|good
24.0|7758.0|36.0|0.0|0.0|0.0|0.0|0.0|0.0|0.0|0.0|0.0|0.0|1.0|0.0|1.0|0.0|0.0|0.0|0.0|0.0|0.0|0.0|0.0|1.0|0.0|0.0|0.0|0.0|1.0|0.0|0.0|0.0|0.0|1.0|0.0|0.0|1.0|0.0|0.0|1.0|0.0|0.0|good
24.0|6967.0|36.0|0.0|0.0|0.0|0.0|0.0|0.0|0.0|1.0|0.0|0.0|0.0|0.0|0.0|0.0|0.0|1.0|0.0|0.0|0.0|0.0|0.0|1.0|0.0|0.0|0.0|1.0|0.0|1.0|0.0|0.0|0.0|0.0|0.0|1.0|0.0|0.0|0.0|1.0|0.0|0.0|good
600.0|1282.0|20.0|0.0|0.0|0.0|0.0|1.0|0.0|0.0|0.0|0.0|0.0|0.0|0.0|1.0|0.0|0.0|0.0|0.0|0.0|1.0|0.0|0.0|0.0|0.0|0.0|0.0|1.0|0.0|1.0|0.0|0.0|0.0|0.0|1.0|0.0|0.0|0.0|0.0|1.0|0.0|0.0|bad
9.0|-32200.0|36.0|1.0|0.0|0.0|0.0|0.0|0.0|0.0|0.0|0.0|0.0|0.0|0.0|0.0|0.0|1.0|0.0|0.0|0.0|0.0|0.0|0.0|1.0|0.0|0.0|0.0|1.0|0.0|1.0|0.0|0.0|0.0|0.0|0.0|0.0|1.0|0.0|0.0|0.0|1.0|0.0|good
12.0|339.0|45.0|0.0|0.0|0.0|0.0|0.0|0.0|0.0|0.0|0.0|1.0|0.0|0.0|0.0|0.0|1.0|0.0|0.0|0.0|0.0|0.0|1.0|0.0|1.0|0.0|0.0|0.0|0.0|1.0|0.0|0.0|0.0|0.0|0.0|0.0|0.0|0.0|1.0|1.0|0.0|0.0|good
24.0|2715.0|38.0|0.0|0.0|0.0|0.0|0.0|1.0|0.0|0.0|0.0|0.0|0.0|1.0|0.0|0.0|0.0|0.0|0.0|0.0|0.0|0.0|0.0|1.0|0.0|0.0|1.0|0.0|0.0|0.0|1.0|0.0|0.0|0.0|0.0|0.0|1.0|0.0|0.0|1.0|0.0|0.0|good
6.0|1898.0|34.0|0.0|0.0|0.0|0.0|0.0|0.0|0.0|1.0|0.0|0.0|0.0|0.0|1.0|0.0|0.0|0.0|0.0|0.0|0.0|0.0|0.0|1.0|0.0|1.0|0.0|0.0|0.0|0.0|1.0|0.0|0.0|0.0|0.0|0.0|0.0|0.0|1.0|0.0|1.0|0.0|good
24.0|2872.0|36.0|0.0|0.0|0.0|0.0|0.0|0.0|0.0|1.0|0.0|0.0|0.0|0.0|0.0|0.0|1.0|0.0|0.0|0.0|0.0|0.0|0.0|1.0|0.0|0.0|0.0|1.0|0.0|1.0|0.0|0.0|0.0|0.0|0.0|0.0|1.0|0.0|0.0|0.0|1.0|0.0|good
18.0|1055.0|750.0|1.0|0.0|0.0|0.0|0.0|0.0|0.0|0.0|0.0|0.0|0.0|0.0|0.0|1.0|0.0|0.0|0.0|0.0|1.0|0.0|0.0|0.0|1.0|0.0|0.0|0.0|0.0|0.0|1.0|0.0|0.0|0.0|0.0|0.0|1.0|0.0|0.0|1.0|0.0|0.0|good
750.0|1262.0|36.0|1.0|0.0|0.0|0.0|0.0|0.0|0.0|0.0|0.0|0.0|0.0|1.0|0.0|0.0|0.0|0.0|0.0|1.0|0.0|0.0|0.0|0.0|0.0|0.0|1.0|0.0|0.0|0.0|1.0|0.0|0.0|0.0|1.0|0.0|0.0|0.0|0.0|1.0|0.0|0.0|good
10.0|2715.0|36.0|0.0|0.0|0.0|0.0|0.0|1.0|0.0|0.0|0.0|0.0|0.0|0.0|0.0|0.0|0.0|0.0|1.0|0.0|0.0|0.0|0.0|1.0|0.0|0.0|0.0|1.0|0.0|1.0|0.0|0.0|0.0|0.0|0.0|1.0|0.0|0.0|0.0|1.0|0.0|0.0|good
18.0|909.0|1800.0|0.0|0.0|0.0|0.0|0.0|0.0|0.0|1.0|0.0|0.0|0.0|1.0|0.0|0.0|0.0|0.0|0.0|0.0|0.0|0.0|0.0|1.0|0.0|0.0|0.0|1.0|0.0|1.0|0.0|0.0|0.0|0.0|0.0|0.0|1.0|0.0|0.0|1.0|0.0|0.0|good
6.0|297800.0|32.0|0.0|0.0|0.0|0.0|0.0|0.0|0.0|1.0|0.0|0.0|0.0|0.0|1.0|0.0|0.0|0.0|0.0|0.0|0.0|0.0|0.0|1.0|0.0|0.0|0.0|1.0|0.0|1.0|0.0|0.0|0.0|0.0|0.0|0.0|1.0|0.0|0.0|1.0|0.0|0.0|good
18.0|1131.0|3300.0|0.0|0.0|0.0|0.0|1.0|0.0|0.0|0.0|0.0|0.0|0.0|0.0|0.0|0.0|0.0|0.0|1.0|0.0|1.0|0.0|0.0|0.0|0.0|1.0|0.0|0.0|0.0|0.0|0.0|0.0|0.0|1.0|0.0|0.0|1.0|0.0|0.0|1.0|0.0|0.0|bad
11.0|1577.0|20.0|0.0|0.0|0.0|0.0|0.0|0.0|0.0|1.0|0.0|0.0|0.0|0.0|1.0|0.0|0.0|0.0|0.0|0.0|0.0|0.0|0.0|1.0|1.0|0.0|0.0|0.0|0.0|1.0|0.0|0.0|0.0|0.0|0.0|0.0|1.0|0.0|0.0|1.0|0.0|0.0|good
24.0|99300.0|25.0|0.0|0.0|0.0|0.0|1.0|0.0|0.0|0.0|0.0|0.0|0.0|0.0|0.0|0.0|0.0|1.0|0.0|0.0|1.0|0.0|0.0|0.0|0.0|0.0|0.0|1.0|0.0|0.0|0.0|0.0|0.0|1.0|0.0|0.0|1.0|0.0|0.0|1.0|0.0|0.0|good
24.0|2715.0|36.0|0.0|0.0|0.0|0.0|0.0|0.0|0.0|1.0|0.0|0.0|0.0|0.0|0.0|0.0|1.0|0.0|0.0|0.0|0.0|0.0|0.0|1.0|0.0|0.0|0.0|1.0|0.0|0.0|1.0|0.0|0.0|0.0|0.0|0.0|1.0|0.0|0.0|1.0|0.0|0.0|bad
15.0|2715.0|33.0|1.0|0.0|0.0|0.0|0.0|0.0|0.0|0.0|0.0|0.0|0.0|0.0|0.0|0.0|1.0|0.0|0.0|0.0|0.0|0.0|0.0|1.0|0.0|0.0|0.0|1.0|0.0|1.0|0.0|0.0|0.0|0.0|0.0|0.0|1.0|0.0|0.0|0.0|1.0|0.0|bad
12.0|2715.0|26.0|0.0|0.0|0.0|0.0|0.0|0.0|0.0|1.0|0.0|0.0|0.0|0.0|1.0|0.0|0.0|0.0|0.0|0.0|1.0|0.0|0.0|0.0|1.0|0.0|0.0|0.0|0.0|0.0|0.0|0.0|0.0|1.0|0.0|0.0|1.0|0.0|0.0|1.0|0.0|0.0|good
24.0|2715.0|34.0|1.0|0.0|0.0|0.0|0.0|0.0|0.0|0.0|0.0|0.0|0.0|0.0|0.0|0.0|0.0|0.0|1.0|1.0|0.0|0.0|0.0|0.0|0.0|1.0|0.0|0.0|0.0|1.0|0.0|0.0|0.0|0.0|1.0|0.0|0.0|0.0|0.0|1.0|0.0|0.0|bad
8.0|1414.0|33.0|0.0|0.0|0.0|0.0|0.0|0.0|0.0|1.0|0.0|0.0|0.0|1.0|0.0|0.0|0.0|0.0|0.0|0.0|0.0|0.0|0.0|1.0|0.0|1.0|0.0|0.0|0.0|1.0|0.0|0.0|0.0|0.0|0.0|0.0|1.0|0.0|0.0|1.0|0.0|0.0|good
-525.0|3414.0|26.0|0.0|0.0|0.0|0.0|0.0|0.0|0.0|1.0|0.0|0.0|0.0|0.0|0.0|1.0|0.0|0.0|0.0|1.0|0.0|0.0|0.0|0.0|1.0|0.0|0.0|0.0|0.0|0.0|0.0|0.0|0.0|1.0|0.0|0.0|1.0|0.0|0.0|1.0|0.0|0.0|bad
-750.0|374250.0|53.0|0.0|0.0|0.0|0.0|0.0|0.0|0.0|0.0|0.0|0.0|1.0|1.0|0.0|0.0|0.0|0.0|0.0|0.0|1.0|0.0|0.0|0.0|0.0|0.0|0.0|1.0|0.0|1.0|0.0|0.0|0.0|0.0|0.0|1.0|0.0|0.0|0.0|1.0|0.0|0.0|bad
12.0|2577.0|4200.0|0.0|0.0|0.0|0.0|1.0|0.0|0.0|0.0|0.0|0.0|0.0|0.0|1.0|0.0|0.0|0.0|0.0|0.0|0.0|1.0|0.0|0.0|1.0|0.0|0.0|0.0|0.0|1.0|0.0|0.0|0.0|0.0|0.0|0.0|1.0|0.0|0.0|1.0|0.0|0.0|good
6.0|2715.0|52.0|0.0|0.0|0.0|0.0|0.0|0.0|0.0|1.0|0.0|0.0|0.0|1.0|0.0|0.0|0.0|0.0|0.0|0.0|0.0|0.0|0.0|1.0|0.0|0.0|0.0|1.0|0.0|0.0|0.0|0.0|0.0|1.0|0.0|0.0|1.0|0.0|0.0|1.0|0.0|0.0|good
12.0|2715.0|31.0|0.0|0.0|0.0|0.0|0.0|0.0|0.0|1.0|0.0|0.0|0.0|0.0|0.0|0.0|0.0|1.0|0.0|0.0|0.0|0.0|0.0|1.0|0.0|1.0|0.0|0.0|0.0|0.0|1.0|0.0|0.0|0.0|0.0|0.0|1.0|0.0|0.0|0.0|1.0|0.0|good
-525.0|2715.0|1625.0|0.0|0.0|0.0|0.0|0.0|1.0|0.0|0.0|0.0|0.0|0.0|0.0|0.0|0.0|1.0|0.0|0.0|1.0|0.0|0.0|0.0|0.0|0.0|0.0|0.0|1.0|0.0|0.0|1.0|0.0|0.0|0.0|1.0|0.0|0.0|0.0|0.0|1.0|0.0|0.0|good
36.0|9572.0|28.0|1.0|0.0|0.0|0.0|0.0|0.0|0.0|0.0|0.0|0.0|0.0|0.0|0.0|1.0|0.0|0.0|0.0|0.0|0.0|0.0|0.0|1.0|0.0|0.0|0.0|1.0|0.0|0.0|0.0|0.0|0.0|1.0|0.0|0.0|1.0|0.0|0.0|0.0|0.0|1.0|bad
36.0|4455.0|36.0|1.0|0.0|0.0|0.0|0.0|0.0|0.0|0.0|0.0|0.0|0.0|0.0|1.0|0.0|0.0|0.0|0.0|0.0|0.0|1.0|0.0|0.0|0.0|1.0|0.0|0.0|0.0|0.0|1.0|0.0|0.0|0.0|0.0|1.0|0.0|0.0|0.0|0.0|0.0|1.0|bad
21.0|41175.0|40.0|1.0|0.0|0.0|0.0|0.0|0.0|0.0|0.0|0.0|0.0|0.0|0.0|1.0|0.0|0.0|0.0|0.0|0.0|0.0|0.0|0.0|1.0|0.0|0.0|0.0|1.0|0.0|1.0|0.0|0.0|0.0|0.0|0.0|0.0|1.0|0.0|0.0|1.0|0.0|0.0|bad
18.0|2715.0|36.0|0.0|0.0|0.0|0.0|1.0|0.0|0.0|0.0|0.0|0.0|0.0|0.0|1.0|0.0|0.0|0.0|0.0|0.0|0.0|0.0|0.0|1.0|0.0|0.0|0.0|1.0|0.0|0.0|0.0|0.0|0.0|1.0|0.0|0.0|1.0|0.0|0.0|0.0|0.0|1.0|good
18.0|2715.0|36.0|0.0|0.0|0.0|0.0|0.0|0.0|0.0|1.0|0.0|0.0|0.0|1.0|0.0|0.0|0.0|0.0|0.0|1.0|0.0|0.0|0.0|0.0|0.0|0.0|0.0|1.0|0.0|1.0|0.0|0.0|0.0|0.0|0.0|0.0|1.0|0.0|0.0|0.0|0.0|1.0|bad
15.0|2715.0|31.0|0.0|0.0|0.0|0.0|0.0|0.0|0.0|1.0|0.0|0.0|0.0|0.0|1.0|0.0|0.0|0.0|0.0|0.0|0.0|0.0|0.0|1.0|0.0|1.0|0.0|0.0|0.0|0.0|1.0|0.0|0.0|0.0|0.0|0.0|1.0|0.0|0.0|0.0|0.0|1.0|good
9.0|5129.0|36.0|0.0|0.0|0.0|0.0|0.0|0.0|0.0|0.0|0.0|0.0|1.0|0.0|0.0|0.0|1.0|0.0|0.0|0.0|1.0|0.0|0.0|0.0|0.0|0.0|0.0|0.0|1.0|0.0|0.0|0.0|0.0|1.0|0.0|1.0|0.0|0.0|0.0|0.0|1.0|0.0|bad
16.0|1175.0|68.0|1.0|0.0|0.0|0.0|0.0|0.0|0.0|0.0|0.0|0.0|0.0|0.0|0.0|0.0|0.0|0.0|1.0|0.0|0.0|0.0|0.0|1.0|0.0|0.0|1.0|0.0|0.0|0.0|0.0|1.0|0.0|0.0|0.0|0.0|0.0|1.0|0.0|1.0|0.0|0.0|good
12.0|674.0|20.0|0.0|0.0|0.0|0.0|0.0|0.0|0.0|1.0|0.0|0.0|0.0|0.0|0.0|0.0|0.0|1.0|0.0|0.0|0.0|0.0|1.0|0.0|0.0|0.0|0.0|1.0|0.0|1.0|0.0|0.0|0.0|0.0|0.0|0.0|1.0|0.0|0.0|0.0|0.0|1.0|bad
18.0|162200.0|33.0|0.0|0.0|0.0|0.0|1.0|0.0|0.0|0.0|0.0|0.0|0.0|0.0|1.0|0.0|0.0|0.0|0.0|0.0|1.0|0.0|0.0|0.0|0.0|0.0|0.0|0.0|1.0|0.0|1.0|0.0|0.0|0.0|0.0|0.0|1.0|0.0|0.0|1.0|0.0|0.0|good
24.0|4591.0|36.0|1.0|0.0|0.0|0.0|0.0|0.0|0.0|0.0|0.0|0.0|0.0|0.0|1.0|0.0|0.0|0.0|0.0|0.0|0.0|0.0|0.0|1.0|0.0|0.0|0.0|1.0|0.0|1.0|0.0|0.0|0.0|0.0|0.0|1.0|0.0|0.0|0.0|1.0|0.0|0.0|bad
-1200.0|384400.0|34.0|0.0|1.0|0.0|0.0|0.0|0.0|0.0|0.0|0.0|0.0|0.0|0.0|0.0|0.0|0.0|1.0|0.0|0.0|0.0|0.0|0.0|1.0|0.0|0.0|0.0|1.0|0.0|1.0|0.0|0.0|0.0|0.0|0.0|0.0|0.0|0.0|1.0|1.0|0.0|0.0|bad
675.0|2715.0|36.0|1.0|0.0|0.0|0.0|0.0|0.0|0.0|0.0|0.0|0.0|0.0|0.0|1.0|0.0|0.0|0.0|0.0|0.0|0.0|0.0|0.0|1.0|0.0|0.0|0.0|1.0|0.0|1.0|0.0|0.0|0.0|0.0|0.0|0.0|1.0|0.0|0.0|0.0|1.0|0.0|bad
600.0|2715.0|36.0|1.0|0.0|0.0|0.0|0.0|0.0|0.0|0.0|0.0|0.0|0.0|0.0|0.0|0.0|0.0|1.0|0.0|0.0|0.0|0.0|1.0|0.0|0.0|1.0|0.0|0.0|0.0|1.0|0.0|0.0|0.0|0.0|0.0|0.0|1.0|0.0|0.0|1.0|0.0|0.0|good
1125.0|2715.0|525.0|0.0|0.0|0.0|0.0|0.0|0.0|0.0|1.0|0.0|0.0|0.0|0.0|1.0|0.0|0.0|0.0|0.0|0.0|0.0|0.0|0.0|1.0|0.0|0.0|0.0|0.0|1.0|1.0|0.0|0.0|0.0|0.0|0.0|0.0|1.0|0.0|0.0|1.0|0.0|0.0|bad
9.0|1501.0|36.0|0.0|0.0|0.0|1.0|0.0|0.0|0.0|0.0|0.0|0.0|0.0|1.0|0.0|0.0|0.0|0.0|0.0|0.0|1.0|0.0|0.0|0.0|0.0|0.0|1.0|0.0|0.0|1.0|0.0|0.0|0.0|0.0|0.0|1.0|0.0|0.0|0.0|1.0|0.0|0.0|bad
6.0|1382.0|28.0|0.0|0.0|0.0|0.0|0.0|0.0|0.0|1.0|0.0|0.0|0.0|0.0|1.0|0.0|0.0|0.0|0.0|0.0|1.0|0.0|0.0|0.0|1.0|0.0|0.0|0.0|0.0|0.0|1.0|0.0|0.0|0.0|1.0|0.0|0.0|0.0|0.0|1.0|0.0|0.0|good
12.0|23775.0|36.0|0.0|0.0|0.0|0.0|1.0|0.0|0.0|0.0|0.0|0.0|0.0|0.0|0.0|1.0|0.0|0.0|0.0|0.0|1.0|0.0|0.0|0.0|0.0|0.0|0.0|1.0|0.0|0.0|0.0|0.0|1.0|0.0|0.0|0.0|1.0|0.0|0.0|1.0|0.0|0.0|bad
18.0|2760.0|36.0|0.0|0.0|0.0|0.0|0.0|0.0|0.0|0.0|0.0|0.0|1.0|0.0|0.0|0.0|1.0|0.0|0.0|0.0|0.0|0.0|0.0|1.0|0.0|0.0|0.0|1.0|0.0|1.0|0.0|0.0|0.0|0.0|1.0|0.0|0.0|0.0|0.0|1.0|0.0|0.0|good
-450.0|429700.0|40.0|0.0|0.0|0.0|0.0|1.0|0.0|0.0|0.0|0.0|0.0|0.0|0.0|0.0|0.0|1.0|0.0|0.0|0.0|0.0|1.0|0.0|0.0|0.0|0.0|1.0|0.0|0.0|0.0|0.0|0.0|0.0|1.0|0.0|1.0|0.0|0.0|0.0|1.0|0.0|0.0|bad
-225.0|936.0|52.0|0.0|0.0|0.0|1.0|0.0|0.0|0.0|0.0|0.0|0.0|0.0|1.0|0.0|0.0|0.0|0.0|0.0|0.0|0.0|0.0|0.0|1.0|0.0|1.0|0.0|0.0|0.0|0.0|1.0|0.0|0.0|0.0|0.0|0.0|1.0|0.0|0.0|0.0|0.0|1.0|good
18.0|-29200.0|27.0|0.0|0.0|0.0|0.0|0.0|1.0|0.0|0.0|0.0|0.0|0.0|0.0|1.0|0.0|0.0|0.0|0.0|0.0|0.0|0.0|1.0|0.0|0.0|0.0|0.0|1.0|0.0|1.0|0.0|0.0|0.0|0.0|0.0|0.0|0.0|0.0|1.0|1.0|0.0|0.0|good
27.0|2715.0|26.0|0.0|1.0|0.0|0.0|0.0|0.0|0.0|0.0|0.0|0.0|0.0|0.0|1.0|0.0|0.0|0.0|0.0|0.0|0.0|0.0|0.0|1.0|0.0|0.0|0.0|1.0|0.0|0.0|1.0|0.0|0.0|0.0|1.0|0.0|0.0|0.0|0.0|1.0|0.0|0.0|good
-300.0|902.0|21.0|0.0|0.0|0.0|0.0|0.0|0.0|0.0|0.0|0.0|1.0|0.0|0.0|0.0|0.0|0.0|1.0|0.0|1.0|0.0|0.0|0.0|0.0|0.0|0.0|0.0|1.0|0.0|1.0|0.0|0.0|0.0|0.0|0.0|0.0|1.0|0.0|0.0|1.0|0.0|0.0|bad
12.0|1495.0|38.0|0.0|0.0|0.0|0.0|0.0|1.0|0.0|0.0|0.0|0.0|0.0|0.0|1.0|0.0|0.0|0.0|0.0|1.0|0.0|0.0|0.0|0.0|1.0|0.0|0.0|0.0|0.0|0.0|1.0|0.0|0.0|0.0|0.0|0.0|0.0|0.0|1.0|1.0|0.0|0.0|good
750.0|2715.0|38.0|0.0|0.0|0.0|0.0|0.0|0.0|0.0|0.0|0.0|0.0|1.0|0.0|0.0|0.0|1.0|0.0|0.0|0.0|0.0|0.0|0.0|1.0|0.0|0.0|0.0|1.0|0.0|0.0|0.0|1.0|0.0|0.0|0.0|1.0|0.0|0.0|0.0|0.0|1.0|0.0|good
12.0|2715.0|43.0|0.0|0.0|0.0|0.0|1.0|0.0|0.0|0.0|0.0|0.0|0.0|0.0|0.0|0.0|1.0|0.0|0.0|1.0|0.0|0.0|0.0|0.0|0.0|0.0|0.0|1.0|0.0|0.0|0.0|1.0|0.0|0.0|0.0|0.0|1.0|0.0|0.0|0.0|0.0|1.0|good
12.0|2715.0|36.0|0.0|0.0|1.0|0.0|0.0|0.0|0.0|0.0|0.0|0.0|0.0|0.0|0.0|0.0|0.0|1.0|0.0|1.0|0.0|0.0|0.0|0.0|0.0|0.0|0.0|0.0|1.0|1.0|0.0|0.0|0.0|0.0|0.0|0.0|1.0|0.0|0.0|1.0|0.0|0.0|good
1200.0|6568.0|36.0|0.0|1.0|0.0|0.0|0.0|0.0|0.0|0.0|0.0|0.0|0.0|0.0|1.0|0.0|0.0|0.0|0.0|1.0|0.0|0.0|0.0|0.0|0.0|0.0|0.0|0.0|1.0|1.0|0.0|0.0|0.0|0.0|0.0|0.0|0.0|0.0|1.0|1.0|0.0|0.0|good
12.0|1413.0|55.0|0.0|0.0|0.0|0.0|0.0|0.0|0.0|0.0|0.0|0.0|1.0|0.0|0.0|0.0|0.0|1.0|0.0|0.0|0.0|0.0|0.0|1.0|0.0|1.0|0.0|0.0|0.0|1.0|0.0|0.0|0.0|0.0|0.0|0.0|1.0|0.0|0.0|1.0|0.0|0.0|good
900.0|3074.0|825.0|0.0|0.0|0.0|0.0|0.0|0.0|0.0|1.0|0.0|0.0|0.0|0.0|1.0|0.0|0.0|0.0|0.0|0.0|0.0|0.0|0.0|1.0|0.0|0.0|0.0|1.0|0.0|0.0|0.0|0.0|0.0|1.0|0.0|0.0|1.0|0.0|0.0|0.0|1.0|0.0|good
36.0|3835.0|45.0|0.0|0.0|0.0|0.0|0.0|0.0|0.0|1.0|0.0|0.0|0.0|0.0|1.0|0.0|0.0|0.0|0.0|0.0|0.0|0.0|0.0|1.0|0.0|0.0|0.0|1.0|0.0|0.0|0.0|0.0|0.0|1.0|1.0|0.0|0.0|0.0|0.0|1.0|0.0|0.0|good
18.0|5293.0|50.0|0.0|1.0|0.0|0.0|0.0|0.0|0.0|0.0|0.0|0.0|0.0|1.0|0.0|0.0|0.0|0.0|0.0|0.0|0.0|0.0|0.0|1.0|0.0|0.0|0.0|1.0|0.0|0.0|0.0|0.0|0.0|1.0|0.0|0.0|1.0|0.0|0.0|1.0|0.0|0.0|bad
30.0|1908.0|66.0|0.0|1.0|0.0|0.0|0.0|0.0|0.0|0.0|0.0|0.0|0.0|0.0|0.0|0.0|1.0|0.0|0.0|0.0|0.0|0.0|0.0|1.0|0.0|0.0|0.0|1.0|0.0|1.0|0.0|0.0|0.0|0.0|0.0|1.0|0.0|0.0|0.0|1.0|0.0|0.0|bad
36.0|3342.0|2550.0|0.0|0.0|0.0|0.0|0.0|0.0|0.0|1.0|0.0|0.0|0.0|0.0|0.0|0.0|1.0|0.0|0.0|0.0|0.0|0.0|0.0|1.0|0.0|1.0|0.0|0.0|0.0|1.0|0.0|0.0|0.0|0.0|0.0|0.0|1.0|0.0|0.0|0.0|0.0|1.0|good
300.0|932.0|39.0|0.0|0.0|0.0|0.0|0.0|0.0|0.0|1.0|0.0|0.0|0.0|0.0|0.0|0.0|0.0|1.0|0.0|0.0|1.0|0.0|0.0|0.0|0.0|0.0|1.0|0.0|0.0|0.0|1.0|0.0|0.0|0.0|0.0|0.0|0.0|0.0|1.0|1.0|0.0|0.0|good
18.0|310400.0|31.0|1.0|0.0|0.0|0.0|0.0|0.0|0.0|0.0|0.0|0.0|0.0|0.0|0.0|0.0|0.0|1.0|0.0|0.0|0.0|0.0|0.0|1.0|1.0|0.0|0.0|0.0|0.0|1.0|0.0|0.0|0.0|0.0|0.0|0.0|1.0|0.0|0.0|1.0|0.0|0.0|good
36.0|3913.0|23.0|0.0|0.0|0.0|0.0|0.0|0.0|0.0|1.0|0.0|0.0|0.0|0.0|1.0|0.0|0.0|0.0|0.0|0.0|0.0|0.0|0.0|1.0|0.0|1.0|0.0|0.0|0.0|1.0|0.0|0.0|0.0|0.0|1.0|0.0|0.0|0.0|0.0|1.0|0.0|0.0|good
2400.0|3021.0|24.0|1.0|0.0|0.0|0.0|0.0|0.0|0.0|0.0|0.0|0.0|0.0|0.0|1.0|0.0|0.0|0.0|0.0|0.0|0.0|1.0|0.0|0.0|0.0|0.0|0.0|1.0|0.0|1.0|0.0|0.0|0.0|0.0|0.0|0.0|0.0|0.0|1.0|0.0|0.0|1.0|good
10.0|-34100.0|36.0|0.0|0.0|0.0|0.0|0.0|1.0|0.0|0.0|0.0|0.0|0.0|0.0|1.0|0.0|0.0|0.0|0.0|0.0|1.0|0.0|0.0|0.0|0.0|0.0|0.0|1.0|0.0|1.0|0.0|0.0|0.0|0.0|0.0|0.0|1.0|0.0|0.0|1.0|0.0|0.0|good
12.0|625.0|26.0|0.0|0.0|0.0|0.0|0.0|0.0|0.0|1.0|0.0|0.0|0.0|0.0|1.0|0.0|0.0|0.0|0.0|0.0|0.0|0.0|0.0|1.0|1.0|0.0|0.0|0.0|0.0|1.0|0.0|0.0|0.0|0.0|1.0|0.0|0.0|0.0|0.0|0.0|0.0|1.0|good
600.0|2715.0|23.0|0.0|0.0|0.0|1.0|0.0|0.0|0.0|0.0|0.0|0.0|0.0|0.0|1.0|0.0|0.0|0.0|0.0|1.0|0.0|0.0|0.0|0.0|0.0|0.0|0.0|1.0|0.0|1.0|0.0|0.0|0.0|0.0|0.0|0.0|1.0|0.0|0.0|1.0|0.0|0.0|good
12.0|707.0|30.0|1.0|0.0|0.0|0.0|0.0|0.0|0.0|0.0|0.0|0.0|0.0|0.0|1.0|0.0|0.0|0.0|0.0|1.0|0.0|0.0|0.0|0.0|0.0|1.0|0.0|0.0|0.0|0.0|1.0|0.0|0.0|0.0|0.0|0.0|1.0|0.0|0.0|0.0|0.0|1.0|good
24.0|2978.0|32.0|1.0|0.0|0.0|0.0|0.0|0.0|0.0|0.0|0.0|0.0|0.0|1.0|0.0|0.0|0.0|0.0|0.0|0.0|0.0|0.0|0.0|1.0|0.0|0.0|0.0|1.0|0.0|0.0|1.0|0.0|0.0|0.0|0.0|0.0|1.0|0.0|0.0|1.0|0.0|0.0|good
15.0|4657.0|30.0|0.0|0.0|0.0|0.0|0.0|0.0|0.0|0.0|0.0|0.0|1.0|0.0|1.0|0.0|0.0|0.0|0.0|0.0|0.0|0.0|0.0|1.0|0.0|0.0|0.0|1.0|0.0|1.0|0.0|0.0|0.0|0.0|0.0|0.0|1.0|0.0|0.0|0.0|0.0|1.0|good
1800.0|2613.0|27.0|0.0|0.0|0.0|0.0|0.0|0.0|0.0|0.0|1.0|0.0|0.0|0.0|1.0|0.0|0.0|0.0|0.0|0.0|0.0|0.0|0.0|1.0|0.0|0.0|0.0|1.0|0.0|0.0|1.0|0.0|0.0|0.0|0.0|0.0|1.0|0.0|0.0|1.0|0.0|0.0|good
48.0|10961.0|1350.0|0.0|0.0|0.0|0.0|0.0|0.0|0.0|1.0|0.0|0.0|0.0|0.0|1.0|0.0|0.0|0.0|0.0|0.0|0.0|0.0|0.0|1.0|0.0|1.0|0.0|0.0|0.0|1.0|0.0|0.0|0.0|0.0|0.0|0.0|1.0|0.0|0.0|1.0|0.0|0.0|bad
12.0|7865.0|36.0|0.0|0.0|0.0|0.0|1.0|0.0|0.0|0.0|0.0|0.0|0.0|0.0|0.0|0.0|1.0|0.0|0.0|0.0|0.0|0.0|0.0|1.0|0.0|0.0|0.0|1.0|0.0|1.0|0.0|0.0|0.0|0.0|1.0|0.0|0.0|0.0|0.0|0.0|0.0|1.0|bad
9.0|1478.0|-550.0|0.0|0.0|0.0|0.0|0.0|0.0|0.0|1.0|0.0|0.0|0.0|0.0|0.0|0.0|0.0|1.0|0.0|0.0|0.0|0.0|0.0|1.0|0.0|1.0|0.0|0.0|0.0|0.0|0.0|0.0|0.0|1.0|0.0|0.0|1.0|0.0|0.0|1.0|0.0|0.0|bad
24.0|3149.0|22.0|0.0|0.0|0.0|0.0|1.0|0.0|0.0|0.0|0.0|0.0|0.0|0.0|1.0|0.0|0.0|0.0|0.0|0.0|0.0|0.0|0.0|1.0|1.0|0.0|0.0|0.0|0.0|1.0|0.0|0.0|0.0|0.0|0.0|0.0|1.0|0.0|0.0|1.0|0.0|0.0|good
36.0|4210.0|26.0|0.0|0.0|0.0|0.0|0.0|0.0|0.0|1.0|0.0|0.0|0.0|0.0|1.0|0.0|0.0|0.0|0.0|0.0|0.0|0.0|0.0|1.0|0.0|1.0|0.0|0.0|0.0|1.0|0.0|0.0|0.0|0.0|0.0|0.0|1.0|0.0|0.0|1.0|0.0|0.0|bad
450.0|2507.0|51.0|0.0|0.0|0.0|0.0|0.0|1.0|0.0|0.0|0.0|0.0|0.0|0.0|1.0|0.0|0.0|0.0|0.0|0.0|0.0|0.0|0.0|1.0|0.0|0.0|0.0|0.0|1.0|1.0|0.0|0.0|0.0|0.0|0.0|0.0|0.0|0.0|1.0|1.0|0.0|0.0|good
18.0|2141.0|35.0|0.0|0.0|0.0|0.0|0.0|0.0|0.0|1.0|0.0|0.0|0.0|0.0|0.0|0.0|0.0|1.0|0.0|0.0|0.0|0.0|0.0|1.0|1.0|0.0|0.0|0.0|0.0|0.0|0.0|0.0|0.0|1.0|0.0|0.0|1.0|0.0|0.0|0.0|0.0|1.0|good
18.0|866.0|25.0|0.0|0.0|0.0|0.0|0.0|0.0|0.0|1.0|0.0|0.0|0.0|0.0|1.0|0.0|0.0|0.0|0.0|0.0|0.0|0.0|1.0|0.0|0.0|1.0|0.0|0.0|0.0|1.0|0.0|0.0|0.0|0.0|0.0|0.0|1.0|0.0|0.0|1.0|0.0|0.0|good
200.0|2715.0|42.0|0.0|0.0|0.0|0.0|0.0|0.0|0.0|1.0|0.0|0.0|0.0|0.0|0.0|0.0|0.0|1.0|0.0|0.0|0.0|0.0|0.0|1.0|1.0|0.0|0.0|0.0|0.0|0.0|0.0|1.0|0.0|0.0|0.0|0.0|0.0|0.0|1.0|0.0|1.0|0.0|good
18.0|182300.0|30.0|0.0|0.0|0.0|0.0|0.0|0.0|0.0|1.0|0.0|0.0|0.0|1.0|0.0|0.0|0.0|0.0|0.0|0.0|0.0|0.0|0.0|1.0|0.0|0.0|0.0|1.0|0.0|1.0|0.0|0.0|0.0|0.0|0.0|1.0|0.0|0.0|0.0|1.0|0.0|0.0|bad
6.0|1455500.0|23.0|0.0|0.0|0.0|0.0|0.0|1.0|0.0|0.0|0.0|0.0|0.0|0.0|0.0|0.0|0.0|0.0|1.0|0.0|0.0|0.0|0.0|1.0|0.0|0.0|0.0|1.0|0.0|0.0|0.0|0.0|0.0|1.0|0.0|0.0|0.0|1.0|0.0|1.0|0.0|0.0|bad
2100.0|2767.0|61.0|0.0|1.0|0.0|0.0|0.0|0.0|0.0|0.0|0.0|0.0|0.0|0.0|0.0|0.0|1.0|0.0|0.0|1.0|0.0|0.0|0.0|0.0|0.0|0.0|0.0|1.0|0.0|0.0|1.0|0.0|0.0|0.0|0.0|0.0|1.0|0.0|0.0|1.0|0.0|0.0|bad
12.0|2715.0|36.0|0.0|0.0|0.0|0.0|0.0|0.0|0.0|1.0|0.0|0.0|0.0|0.0|1.0|0.0|0.0|0.0|0.0|0.0|0.0|0.0|0.0|1.0|0.0|1.0|0.0|0.0|0.0|0.0|1.0|0.0|0.0|0.0|0.0|0.0|1.0|0.0|0.0|1.0|0.0|0.0|good
30.0|2522.0|39.0|0.0|0.0|0.0|0.0|0.0|0.0|0.0|1.0|0.0|0.0|0.0|0.0|0.0|0.0|1.0|0.0|0.0|0.0|0.0|0.0|0.0|1.0|0.0|0.0|0.0|1.0|0.0|1.0|0.0|0.0|0.0|0.0|0.0|0.0|1.0|0.0|0.0|0.0|1.0|0.0|good
24.0|915.0|29.0|0.0|0.0|0.0|0.0|0.0|0.0|0.0|1.0|0.0|0.0|0.0|0.0|0.0|0.0|1.0|0.0|0.0|0.0|1.0|0.0|0.0|0.0|0.0|0.0|0.0|1.0|0.0|1.0|0.0|0.0|0.0|0.0|0.0|0.0|1.0|0.0|0.0|1.0|0.0|0.0|bad
18.0|1595.0|51.0|0.0|0.0|0.0|0.0|0.0|0.0|0.0|1.0|0.0|0.0|0.0|0.0|0.0|0.0|0.0|1.0|0.0|0.0|0.0|0.0|0.0|1.0|0.0|0.0|0.0|0.0|1.0|0.0|0.0|0.0|0.0|1.0|0.0|0.0|1.0|0.0|0.0|1.0|0.0|0.0|good
-1200.0|4605.0|24.0|0.0|0.0|0.0|0.0|0.0|0.0|0.0|0.0|0.0|0.0|1.0|0.0|1.0|0.0|0.0|0.0|0.0|0.0|0.0|0.0|0.0|1.0|0.0|0.0|0.0|1.0|0.0|0.0|1.0|0.0|0.0|0.0|0.0|0.0|1.0|0.0|0.0|0.0|0.0|1.0|bad
12.0|1185.0|27.0|1.0|0.0|0.0|0.0|0.0|0.0|0.0|0.0|0.0|0.0|0.0|0.0|1.0|0.0|0.0|0.0|0.0|0.0|1.0|0.0|0.0|0.0|0.0|1.0|0.0|0.0|0.0|0.0|1.0|0.0|0.0|0.0|0.0|0.0|1.0|0.0|0.0|1.0|0.0|0.0|good
12.0|3447.0|3500.0|0.0|0.0|0.0|0.0|0.0|0.0|0.0|1.0|0.0|0.0|0.0|1.0|0.0|0.0|0.0|0.0|0.0|0.0|0.0|0.0|0.0|1.0|0.0|0.0|1.0|0.0|0.0|1.0|0.0|0.0|0.0|0.0|0.0|0.0|0.0|0.0|1.0|0.0|1.0|0.0|good
24.0|1258.0|25.0|1.0|0.0|0.0|0.0|0.0|0.0|0.0|0.0|0.0|0.0|0.0|0.0|0.0|0.0|0.0|1.0|0.0|0.0|0.0|0.0|0.0|1.0|1.0|0.0|0.0|0.0|0.0|1.0|0.0|0.0|0.0|0.0|0.0|0.0|1.0|0.0|0.0|1.0|0.0|0.0|good
12.0|717.0|52.0|0.0|0.0|0.0|0.0|0.0|0.0|0.0|1.0|0.0|0.0|0.0|0.0|0.0|0.0|1.0|0.0|0.0|0.0|0.0|0.0|0.0|1.0|0.0|0.0|0.0|1.0|0.0|0.0|0.0|1.0|0.0|0.0|0.0|0.0|1.0|0.0|0.0|1.0|0.0|0.0|good
600.0|1204.0|35.0|1.0|0.0|0.0|0.0|0.0|0.0|0.0|0.0|0.0|0.0|0.0|1.0|0.0|0.0|0.0|0.0|0.0|0.0|0.0|0.0|0.0|1.0|1.0|0.0|0.0|0.0|0.0|1.0|0.0|0.0|0.0|0.0|0.0|0.0|1.0|0.0|0.0|1.0|0.0|0.0|good
24.0|48125.0|26.0|0.0|0.0|0.0|0.0|1.0|0.0|0.0|0.0|0.0|0.0|0.0|0.0|1.0|0.0|0.0|0.0|0.0|0.0|0.0|0.0|0.0|1.0|0.0|0.0|0.0|1.0|0.0|1.0|0.0|0.0|0.0|0.0|0.0|0.0|1.0|0.0|0.0|1.0|0.0|0.0|good
18.0|433.0|22.0|0.0|0.0|0.0|0.0|0.0|0.0|0.0|1.0|0.0|0.0|0.0|0.0|0.0|0.0|0.0|0.0|1.0|1.0|0.0|0.0|0.0|0.0|0.0|0.0|0.0|1.0|0.0|1.0|0.0|0.0|0.0|0.0|1.0|0.0|0.0|0.0|0.0|1.0|0.0|0.0|bad
6.0|666.0|39.0|0.0|0.0|0.0|0.0|0.0|0.0|0.0|1.0|0.0|0.0|0.0|0.0|1.0|0.0|0.0|0.0|0.0|0.0|1.0|0.0|0.0|0.0|0.0|0.0|0.0|1.0|0.0|0.0|1.0|0.0|0.0|0.0|0.0|0.0|0.0|0.0|1.0|0.0|0.0|1.0|good
12.0|2251.0|46.0|1.0|0.0|0.0|0.0|0.0|0.0|0.0|0.0|0.0|0.0|0.0|0.0|1.0|0.0|0.0|0.0|0.0|0.0|1.0|0.0|0.0|0.0|0.0|1.0|0.0|0.0|0.0|1.0|0.0|0.0|0.0|0.0|0.0|0.0|0.0|0.0|1.0|1.0|0.0|0.0|good
18.0|2150.0|24.0|1.0|0.0|0.0|0.0|0.0|0.0|0.0|0.0|0.0|0.0|0.0|0.0|1.0|0.0|0.0|0.0|0.0|0.0|0.0|0.0|0.0|1.0|0.0|1.0|0.0|0.0|0.0|0.0|0.0|0.0|0.0|1.0|0.0|0.0|1.0|0.0|0.0|1.0|0.0|0.0|bad
18.0|4151.0|35.0|0.0|0.0|0.0|0.0|0.0|0.0|0.0|1.0|0.0|0.0|0.0|0.0|1.0|0.0|0.0|0.0|0.0|0.0|0.0|0.0|0.0|1.0|0.0|0.0|0.0|1.0|0.0|1.0|0.0|0.0|0.0|0.0|0.0|0.0|1.0|0.0|0.0|0.0|0.0|1.0|good
9.0|2715.0|600.0|0.0|0.0|0.0|0.0|1.0|0.0|0.0|0.0|0.0|0.0|0.0|0.0|0.0|0.0|0.0|1.0|0.0|0.0|0.0|0.0|0.0|1.0|1.0|0.0|0.0|0.0|0.0|0.0|0.0|0.0|0.0|1.0|0.0|0.0|1.0|0.0|0.0|1.0|0.0|0.0|good
18.0|2715.0|1350.0|0.0|0.0|0.0|0.0|0.0|0.0|0.0|1.0|0.0|0.0|0.0|0.0|1.0|0.0|0.0|0.0|0.0|0.0|0.0|0.0|0.0|1.0|1.0|0.0|0.0|0.0|0.0|0.0|0.0|0.0|0.0|1.0|0.0|0.0|1.0|0.0|0.0|1.0|0.0|0.0|good
18.0|2684.0|35.0|0.0|0.0|0.0|0.0|0.0|0.0|0.0|1.0|0.0|0.0|0.0|1.0|0.0|0.0|0.0|0.0|0.0|0.0|0.0|0.0|0.0|1.0|0.0|0.0|0.0|0.0|1.0|0.0|1.0|0.0|0.0|0.0|0.0|0.0|1.0|0.0|0.0|1.0|0.0|0.0|good
300.0|2149.0|36.0|0.0|0.0|0.0|0.0|0.0|0.0|0.0|1.0|0.0|0.0|0.0|0.0|1.0|0.0|0.0|0.0|0.0|0.0|0.0|0.0|0.0|1.0|0.0|0.0|0.0|1.0|0.0|1.0|0.0|0.0|0.0|0.0|0.0|0.0|1.0|0.0|0.0|1.0|0.0|0.0|bad
15.0|2715.0|23.0|0.0|0.0|0.0|0.0|0.0|0.0|0.0|1.0|0.0|0.0|0.0|1.0|0.0|0.0|0.0|0.0|0.0|0.0|1.0|0.0|0.0|0.0|0.0|0.0|0.0|0.0|1.0|1.0|0.0|0.0|0.0|0.0|1.0|0.0|0.0|0.0|0.0|1.0|0.0|0.0|good
-275.0|1154.0|57.0|0.0|0.0|0.0|0.0|0.0|0.0|0.0|1.0|0.0|0.0|0.0|1.0|0.0|0.0|0.0|0.0|0.0|0.0|1.0|0.0|0.0|0.0|0.0|0.0|0.0|1.0|0.0|0.0|0.0|1.0|0.0|0.0|0.0|0.0|1.0|0.0|0.0|1.0|0.0|0.0|good
18.0|1657.0|36.0|0.0|0.0|0.0|0.0|1.0|0.0|0.0|0.0|0.0|0.0|0.0|0.0|1.0|0.0|0.0|0.0|0.0|0.0|0.0|0.0|0.0|1.0|0.0|0.0|0.0|0.0|1.0|1.0|0.0|0.0|0.0|0.0|0.0|0.0|1.0|0.0|0.0|1.0|0.0|0.0|good
24.0|1603.0|-1375.0|0.0|0.0|0.0|0.0|0.0|0.0|0.0|1.0|0.0|0.0|0.0|0.0|0.0|0.0|1.0|0.0|0.0|0.0|1.0|0.0|0.0|0.0|0.0|0.0|0.0|1.0|0.0|1.0|0.0|0.0|0.0|0.0|1.0|0.0|0.0|0.0|0.0|1.0|0.0|0.0|good
18.0|2715.0|36.0|1.0|0.0|0.0|0.0|0.0|0.0|0.0|0.0|0.0|0.0|0.0|0.0|0.0|0.0|1.0|0.0|0.0|0.0|0.0|0.0|0.0|1.0|0.0|0.0|0.0|1.0|0.0|0.0|0.0|0.0|0.0|1.0|0.0|1.0|0.0|0.0|0.0|1.0|0.0|0.0|good
1200.0|2748.0|57.0|0.0|0.0|0.0|1.0|0.0|0.0|0.0|0.0|0.0|0.0|0.0|0.0|1.0|0.0|0.0|0.0|0.0|0.0|1.0|0.0|0.0|0.0|0.0|0.0|0.0|0.0|1.0|0.0|0.0|1.0|0.0|0.0|0.0|0.0|0.0|0.0|1.0|1.0|0.0|0.0|good
10.0|2715.0|32.0|0.0|0.0|0.0|0.0|0.0|1.0|0.0|0.0|0.0|0.0|0.0|0.0|0.0|0.0|1.0|0.0|0.0|1.0|0.0|0.0|0.0|0.0|0.0|0.0|0.0|0.0|1.0|1.0|0.0|0.0|0.0|0.0|0.0|0.0|0.0|0.0|1.0|0.0|0.0|1.0|good
15.0|80200.0|37.0|0.0|0.0|0.0|0.0|0.0|0.0|0.0|1.0|0.0|0.0|0.0|0.0|0.0|0.0|1.0|0.0|0.0|1.0|0.0|0.0|0.0|0.0|0.0|0.0|0.0|0.0|1.0|1.0|0.0|0.0|0.0|0.0|1.0|0.0|0.0|0.0|0.0|0.0|1.0|0.0|bad
36.0|6304.0|36.0|1.0|0.0|0.0|0.0|0.0|0.0|0.0|0.0|0.0|0.0|0.0|0.0|0.0|0.0|1.0|0.0|0.0|0.0|0.0|0.0|0.0|1.0|0.0|0.0|0.0|1.0|0.0|1.0|0.0|0.0|0.0|0.0|0.0|0.0|1.0|0.0|0.0|1.0|0.0|0.0|good
24.0|38325.0|38.0|0.0|0.0|0.0|0.0|0.0|0.0|0.0|1.0|0.0|0.0|0.0|0.0|1.0|0.0|0.0|0.0|0.0|1.0|0.0|0.0|0.0|0.0|0.0|0.0|1.0|0.0|0.0|0.0|0.0|0.0|0.0|1.0|0.0|0.0|1.0|0.0|0.0|1.0|0.0|0.0|good
18.0|8978.0|45.0|0.0|0.0|0.0|0.0|0.0|0.0|0.0|1.0|0.0|0.0|0.0|0.0|0.0|0.0|1.0|0.0|0.0|1.0|0.0|0.0|0.0|0.0|0.0|0.0|0.0|1.0|0.0|1.0|0.0|0.0|0.0|0.0|0.0|1.0|0.0|0.0|0.0|1.0|0.0|0.0|bad
18.0|2715.0|36.0|0.0|0.0|0.0|0.0|0.0|0.0|0.0|1.0|0.0|0.0|0.0|0.0|1.0|0.0|0.0|0.0|0.0|0.0|0.0|0.0|0.0|1.0|0.0|0.0|0.0|0.0|1.0|0.0|1.0|0.0|0.0|0.0|1.0|0.0|0.0|0.0|0.0|1.0|0.0|0.0|good
18.0|66550.0|32.0|0.0|0.0|0.0|0.0|0.0|1.0|0.0|0.0|0.0|0.0|0.0|0.0|0.0|0.0|0.0|1.0|0.0|0.0|0.0|0.0|0.0|1.0|0.0|0.0|0.0|1.0|0.0|1.0|0.0|0.0|0.0|0.0|0.0|0.0|1.0|0.0|0.0|1.0|0.0|0.0|good
12.0|70100.0|36.0|1.0|0.0|0.0|0.0|0.0|0.0|0.0|0.0|0.0|0.0|0.0|0.0|1.0|0.0|0.0|0.0|0.0|0.0|0.0|0.0|0.0|1.0|0.0|0.0|0.0|1.0|0.0|1.0|0.0|0.0|0.0|0.0|0.0|0.0|1.0|0.0|0.0|1.0|0.0|0.0|good
2400.0|1216900.0|900.0|1.0|0.0|0.0|0.0|0.0|0.0|0.0|0.0|0.0|0.0|0.0|0.0|0.0|0.0|0.0|0.0|1.0|1.0|0.0|0.0|0.0|0.0|0.0|0.0|0.0|1.0|0.0|1.0|0.0|0.0|0.0|0.0|0.0|1.0|0.0|0.0|0.0|1.0|0.0|0.0|good
18.0|3060.0|28.0|0.0|0.0|0.0|0.0|0.0|0.0|0.0|1.0|0.0|0.0|0.0|0.0|0.0|0.0|0.0|1.0|0.0|0.0|0.0|0.0|0.0|1.0|0.0|0.0|0.0|1.0|0.0|0.0|1.0|0.0|0.0|0.0|0.0|0.0|1.0|0.0|0.0|1.0|0.0|0.0|bad
30.0|11998.0|34.0|1.0|0.0|0.0|0.0|0.0|0.0|0.0|0.0|0.0|0.0|0.0|0.0|0.0|1.0|0.0|0.0|0.0|0.0|0.0|1.0|0.0|0.0|1.0|0.0|0.0|0.0|0.0|1.0|0.0|0.0|0.0|0.0|0.0|0.0|0.0|0.0|1.0|1.0|0.0|0.0|bad
450.0|2715.0|32.0|1.0|0.0|0.0|0.0|0.0|0.0|0.0|0.0|0.0|0.0|0.0|0.0|1.0|0.0|0.0|0.0|0.0|0.0|0.0|0.0|0.0|1.0|0.0|1.0|0.0|0.0|0.0|1.0|0.0|0.0|0.0|0.0|0.0|0.0|1.0|0.0|0.0|0.0|1.0|0.0|good
18.0|2404.0|26.0|0.0|0.0|0.0|0.0|0.0|0.0|0.0|1.0|0.0|0.0|0.0|0.0|1.0|0.0|0.0|0.0|0.0|1.0|0.0|0.0|0.0|0.0|0.0|1.0|0.0|0.0|0.0|0.0|0.0|0.0|0.0|1.0|1.0|0.0|0.0|0.0|0.0|1.0|0.0|0.0|good
12.0|1262.0|49.0|1.0|0.0|0.0|0.0|0.0|0.0|0.0|0.0|0.0|0.0|0.0|0.0|0.0|0.0|1.0|0.0|0.0|0.0|0.0|1.0|0.0|0.0|0.0|0.0|0.0|1.0|0.0|1.0|0.0|0.0|0.0|0.0|0.0|0.0|0.0|0.0|1.0|1.0|0.0|0.0|good
18.0|4611.0|36.0|0.0|0.0|0.0|0.0|0.0|0.0|0.0|1.0|0.0|0.0|0.0|0.0|1.0|0.0|0.0|0.0|0.0|0.0|1.0|0.0|0.0|0.0|0.0|0.0|0.0|0.0|1.0|1.0|0.0|0.0|0.0|0.0|0.0|0.0|1.0|0.0|0.0|1.0|0.0|0.0|bad
18.0|2715.0|29.0|0.0|0.0|0.0|0.0|0.0|0.0|0.0|1.0|0.0|0.0|0.0|0.0|1.0|0.0|0.0|0.0|0.0|1.0|0.0|0.0|0.0|0.0|0.0|0.0|0.0|0.0|1.0|1.0|0.0|0.0|0.0|0.0|0.0|1.0|0.0|0.0|0.0|1.0|0.0|0.0|good
15.0|3368.0|23.0|0.0|0.0|0.0|0.0|0.0|0.0|0.0|0.0|0.0|0.0|1.0|0.0|0.0|0.0|1.0|0.0|0.0|0.0|0.0|0.0|0.0|1.0|0.0|0.0|0.0|1.0|0.0|0.0|1.0|0.0|0.0|0.0|0.0|0.0|1.0|0.0|0.0|1.0|0.0|0.0|good
12.0|78700.0|50.0|0.0|0.0|0.0|0.0|1.0|0.0|0.0|0.0|0.0|0.0|0.0|0.0|1.0|0.0|0.0|0.0|0.0|0.0|0.0|0.0|0.0|1.0|0.0|1.0|0.0|0.0|0.0|1.0|0.0|0.0|0.0|0.0|0.0|0.0|1.0|0.0|0.0|1.0|0.0|0.0|good
18.0|2715.0|1225.0|0.0|0.0|0.0|0.0|0.0|0.0|0.0|1.0|0.0|0.0|0.0|0.0|1.0|0.0|0.0|0.0|0.0|0.0|0.0|0.0|0.0|1.0|0.0|0.0|0.0|1.0|0.0|1.0|0.0|0.0|0.0|0.0|0.0|0.0|0.0|0.0|1.0|1.0|0.0|0.0|good
15.0|1520.0|6300.0|0.0|0.0|0.0|0.0|1.0|0.0|0.0|0.0|0.0|0.0|0.0|0.0|0.0|0.0|1.0|0.0|0.0|0.0|0.0|0.0|0.0|1.0|0.0|0.0|0.0|1.0|0.0|1.0|0.0|0.0|0.0|0.0|0.0|0.0|1.0|0.0|0.0|1.0|0.0|0.0|good
24.0|3878.0|37.0|0.0|0.0|0.0|0.0|0.0|1.0|0.0|0.0|0.0|0.0|0.0|1.0|0.0|0.0|0.0|0.0|0.0|0.0|0.0|1.0|0.0|0.0|0.0|1.0|0.0|0.0|0.0|1.0|0.0|0.0|0.0|0.0|0.0|0.0|1.0|0.0|0.0|1.0|0.0|0.0|good
4700.0|536100.0|35.0|0.0|0.0|0.0|0.0|0.0|0.0|0.0|1.0|0.0|0.0|0.0|0.0|0.0|1.0|0.0|0.0|0.0|1.0|0.0|0.0|0.0|0.0|1.0|0.0|0.0|0.0|0.0|1.0|0.0|0.0|0.0|0.0|0.0|0.0|0.0|0.0|1.0|1.0|0.0|0.0|good
48.0|478800.0|26.0|0.0|0.0|0.0|0.0|0.0|0.0|0.0|1.0|0.0|0.0|0.0|0.0|0.0|0.0|0.0|1.0|0.0|0.0|0.0|0.0|0.0|1.0|0.0|0.0|1.0|0.0|0.0|0.0|0.0|0.0|0.0|1.0|0.0|0.0|1.0|0.0|0.0|0.0|1.0|0.0|good
4800.0|7582.0|31.0|0.0|0.0|0.0|0.0|0.0|0.0|1.0|0.0|0.0|0.0|0.0|1.0|0.0|0.0|0.0|0.0|0.0|0.0|0.0|0.0|0.0|1.0|0.0|0.0|0.0|0.0|1.0|0.0|0.0|0.0|0.0|1.0|0.0|1.0|0.0|0.0|0.0|1.0|0.0|0.0|good
-300.0|1092.0|49.0|0.0|0.0|0.0|0.0|0.0|0.0|0.0|1.0|0.0|0.0|0.0|0.0|1.0|0.0|0.0|0.0|0.0|0.0|1.0|0.0|0.0|0.0|0.0|0.0|0.0|1.0|0.0|0.0|1.0|0.0|0.0|0.0|0.0|0.0|1.0|0.0|0.0|1.0|0.0|0.0|good
24.0|1024.0|48.0|0.0|0.0|0.0|0.0|0.0|0.0|0.0|1.0|0.0|0.0|0.0|1.0|0.0|0.0|0.0|0.0|0.0|0.0|0.0|0.0|1.0|0.0|0.0|0.0|0.0|1.0|0.0|0.0|0.0|0.0|0.0|1.0|1.0|0.0|0.0|0.0|0.0|1.0|0.0|0.0|bad
12.0|26900.0|26.0|1.0|0.0|0.0|0.0|0.0|0.0|0.0|0.0|0.0|0.0|0.0|0.0|1.0|0.0|0.0|0.0|0.0|0.0|0.0|0.0|0.0|1.0|0.0|1.0|0.0|0.0|0.0|1.0|0.0|0.0|0.0|0.0|0.0|0.0|1.0|0.0|0.0|1.0|0.0|0.0|good
3600.0|9398.0|28.0|0.0|0.0|0.0|0.0|0.0|0.0|0.0|0.0|0.0|0.0|1.0|0.0|0.0|1.0|0.0|0.0|0.0|0.0|0.0|0.0|1.0|0.0|0.0|0.0|0.0|1.0|0.0|1.0|0.0|0.0|0.0|0.0|1.0|0.0|0.0|0.0|0.0|1.0|0.0|0.0|bad
24.0|6419.0|44.0|0.0|0.0|0.0|0.0|0.0|0.0|0.0|1.0|0.0|0.0|0.0|0.0|0.0|0.0|1.0|0.0|0.0|0.0|1.0|0.0|0.0|0.0|0.0|0.0|0.0|1.0|0.0|1.0|0.0|0.0|0.0|0.0|0.0|1.0|0.0|0.0|0.0|0.0|0.0|1.0|good
18.0|4796.0|56.0|0.0|0.0|0.0|0.0|0.0|0.0|0.0|0.0|0.0|0.0|1.0|0.0|1.0|0.0|0.0|0.0|0.0|1.0|0.0|0.0|0.0|0.0|0.0|0.0|0.0|1.0|0.0|1.0|0.0|0.0|0.0|0.0|1.0|0.0|0.0|0.0|0.0|1.0|0.0|0.0|good
18.0|2715.0|36.0|1.0|0.0|0.0|0.0|0.0|0.0|0.0|0.0|0.0|0.0|0.0|0.0|1.0|0.0|0.0|0.0|0.0|1.0|0.0|0.0|0.0|0.0|0.0|0.0|0.0|0.0|1.0|0.0|0.0|0.0|0.0|1.0|1.0|0.0|0.0|0.0|0.0|0.0|1.0|0.0|good
48.0|9960.0|26.0|0.0|0.0|0.0|0.0|1.0|0.0|0.0|0.0|0.0|0.0|0.0|1.0|0.0|0.0|0.0|0.0|0.0|0.0|1.0|0.0|0.0|0.0|0.0|1.0|0.0|0.0|0.0|1.0|0.0|0.0|0.0|0.0|0.0|0.0|1.0|0.0|0.0|1.0|0.0|0.0|bad
12.0|116875.0|36.0|0.0|0.0|0.0|0.0|0.0|0.0|0.0|1.0|0.0|0.0|0.0|0.0|0.0|1.0|0.0|0.0|0.0|0.0|1.0|0.0|0.0|0.0|0.0|0.0|0.0|1.0|0.0|0.0|0.0|0.0|0.0|1.0|0.0|0.0|1.0|0.0|0.0|1.0|0.0|0.0|good
10.0|1287.0|45.0|0.0|0.0|0.0|0.0|0.0|1.0|0.0|0.0|0.0|0.0|0.0|0.0|0.0|0.0|1.0|0.0|0.0|0.0|0.0|0.0|0.0|1.0|0.0|0.0|0.0|0.0|1.0|1.0|0.0|0.0|0.0|0.0|0.0|0.0|1.0|0.0|0.0|1.0|0.0|0.0|good
450.0|2515.0|2150.0|0.0|0.0|0.0|0.0|1.0|0.0|0.0|0.0|0.0|0.0|0.0|0.0|1.0|0.0|0.0|0.0|0.0|0.0|0.0|0.0|0.0|1.0|0.0|0.0|0.0|1.0|0.0|1.0|0.0|0.0|0.0|0.0|0.0|0.0|1.0|0.0|0.0|1.0|0.0|0.0|good
525.0|2745.0|32.0|0.0|0.0|0.0|0.0|1.0|0.0|0.0|0.0|0.0|0.0|0.0|0.0|0.0|0.0|0.0|1.0|0.0|0.0|0.0|0.0|0.0|1.0|0.0|1.0|0.0|0.0|0.0|0.0|1.0|0.0|0.0|0.0|0.0|0.0|1.0|0.0|0.0|1.0|0.0|0.0|good
300.0|672.0|54.0|0.0|0.0|0.0|0.0|0.0|1.0|0.0|0.0|0.0|0.0|0.0|0.0|0.0|0.0|0.0|0.0|1.0|1.0|0.0|0.0|0.0|0.0|0.0|0.0|0.0|1.0|0.0|1.0|0.0|0.0|0.0|0.0|0.0|0.0|0.0|1.0|0.0|1.0|0.0|0.0|good
36.0|3804.0|36.0|0.0|0.0|0.0|0.0|0.0|0.0|0.0|1.0|0.0|0.0|0.0|0.0|1.0|0.0|0.0|0.0|0.0|0.0|1.0|0.0|0.0|0.0|1.0|0.0|0.0|0.0|0.0|1.0|0.0|0.0|0.0|0.0|1.0|0.0|0.0|0.0|0.0|1.0|0.0|0.0|bad
24.0|1344.0|3700.0|0.0|0.0|0.0|0.0|0.0|1.0|0.0|0.0|0.0|0.0|0.0|0.0|0.0|0.0|0.0|1.0|0.0|1.0|0.0|0.0|0.0|0.0|0.0|1.0|0.0|0.0|0.0|0.0|1.0|0.0|0.0|0.0|0.0|0.0|0.0|0.0|1.0|1.0|0.0|0.0|bad
500.0|51900.0|49.0|0.0|0.0|0.0|0.0|0.0|1.0|0.0|0.0|0.0|0.0|0.0|0.0|0.0|0.0|0.0|1.0|0.0|0.0|0.0|0.0|0.0|1.0|0.0|0.0|1.0|0.0|0.0|1.0|0.0|0.0|0.0|0.0|0.0|0.0|1.0|0.0|0.0|1.0|0.0|0.0|good
48.0|10127.0|44.0|0.0|0.0|0.0|0.0|0.0|1.0|0.0|0.0|0.0|0.0|0.0|0.0|1.0|0.0|0.0|0.0|0.0|0.0|0.0|0.0|0.0|1.0|0.0|1.0|0.0|0.0|0.0|0.0|0.0|0.0|0.0|1.0|0.0|0.0|1.0|0.0|0.0|1.0|0.0|0.0|bad
6.0|1543.0|33.0|0.0|0.0|0.0|0.0|1.0|0.0|0.0|0.0|0.0|0.0|0.0|0.0|1.0|0.0|0.0|0.0|0.0|0.0|0.0|1.0|0.0|0.0|0.0|0.0|0.0|0.0|1.0|1.0|0.0|0.0|0.0|0.0|0.0|0.0|1.0|0.0|0.0|1.0|0.0|0.0|good
30.0|481100.0|600.0|1.0|0.0|0.0|0.0|0.0|0.0|0.0|0.0|0.0|0.0|0.0|0.0|0.0|0.0|0.0|1.0|0.0|0.0|1.0|0.0|0.0|0.0|0.0|0.0|0.0|1.0|0.0|1.0|0.0|0.0|0.0|0.0|0.0|0.0|0.0|0.0|1.0|1.0|0.0|0.0|good
18.0|727.0|36.0|0.0|0.0|0.0|0.0|0.0|0.0|0.0|1.0|0.0|0.0|0.0|0.0|0.0|1.0|0.0|0.0|0.0|0.0|0.0|0.0|0.0|1.0|0.0|0.0|1.0|0.0|0.0|0.0|0.0|0.0|0.0|1.0|1.0|0.0|0.0|0.0|0.0|0.0|0.0|1.0|bad
8.0|1237.0|36.0|0.0|0.0|0.0|0.0|1.0|0.0|0.0|0.0|0.0|0.0|0.0|0.0|1.0|0.0|0.0|0.0|0.0|0.0|1.0|0.0|0.0|0.0|0.0|0.0|0.0|1.0|0.0|0.0|0.0|0.0|0.0|1.0|1.0|0.0|0.0|0.0|0.0|1.0|0.0|0.0|bad
900.0|276.0|2200.0|0.0|0.0|0.0|0.0|0.0|0.0|0.0|1.0|0.0|0.0|0.0|0.0|1.0|0.0|0.0|0.0|0.0|0.0|0.0|0.0|1.0|0.0|0.0|0.0|0.0|1.0|0.0|1.0|0.0|0.0|0.0|0.0|1.0|0.0|0.0|0.0|0.0|0.0|0.0|1.0|good
4800.0|269050.0|40.0|0.0|0.0|0.0|0.0|0.0|0.0|1.0|0.0|0.0|0.0|0.0|0.0|1.0|0.0|0.0|0.0|0.0|0.0|0.0|0.0|0.0|1.0|0.0|0.0|0.0|1.0|0.0|1.0|0.0|0.0|0.0|0.0|0.0|0.0|1.0|0.0|0.0|1.0|0.0|0.0|good
24.0|2715.0|1250.0|0.0|0.0|0.0|0.0|1.0|0.0|0.0|0.0|0.0|0.0|0.0|0.0|1.0|0.0|0.0|0.0|0.0|1.0|0.0|0.0|0.0|0.0|0.0|0.0|0.0|0.0|1.0|0.0|0.0|0.0|0.0|1.0|1.0|0.0|0.0|0.0|0.0|1.0|0.0|0.0|good
24.0|2715.0|26.0|0.0|0.0|0.0|0.0|0.0|0.0|0.0|1.0|0.0|0.0|0.0|0.0|0.0|1.0|0.0|0.0|0.0|0.0|1.0|0.0|0.0|0.0|0.0|0.0|0.0|0.0|1.0|1.0|0.0|0.0|0.0|0.0|0.0|0.0|1.0|0.0|0.0|1.0|0.0|0.0|good
18.0|34250.0|25.0|1.0|0.0|0.0|0.0|0.0|0.0|0.0|0.0|0.0|0.0|0.0|0.0|0.0|0.0|0.0|1.0|0.0|0.0|0.0|0.0|0.0|1.0|0.0|0.0|1.0|0.0|0.0|1.0|0.0|0.0|0.0|0.0|0.0|0.0|0.0|0.0|1.0|1.0|0.0|0.0|bad
4.0|1494.0|36.0|0.0|0.0|0.0|0.0|0.0|1.0|0.0|0.0|0.0|0.0|0.0|0.0|0.0|1.0|0.0|0.0|0.0|0.0|0.0|0.0|0.0|1.0|0.0|1.0|0.0|0.0|0.0|1.0|0.0|0.0|0.0|0.0|1.0|0.0|0.0|0.0|0.0|0.0|0.0|1.0|good
18.0|2715.0|3100.0|0.0|0.0|0.0|0.0|1.0|0.0|0.0|0.0|0.0|0.0|0.0|0.0|0.0|0.0|1.0|0.0|0.0|0.0|0.0|0.0|0.0|1.0|0.0|0.0|0.0|1.0|0.0|0.0|0.0|0.0|0.0|1.0|0.0|0.0|1.0|0.0|0.0|1.0|0.0|0.0|bad
18.0|708.0|38.0|0.0|0.0|0.0|0.0|0.0|0.0|0.0|1.0|0.0|0.0|0.0|0.0|1.0|0.0|0.0|0.0|0.0|0.0|0.0|0.0|0.0|1.0|0.0|0.0|1.0|0.0|0.0|0.0|0.0|0.0|0.0|1.0|0.0|0.0|0.0|0.0|1.0|0.0|1.0|0.0|good
24.0|4351.0|36.0|0.0|0.0|0.0|0.0|1.0|0.0|0.0|0.0|0.0|0.0|0.0|0.0|1.0|0.0|0.0|0.0|0.0|0.0|0.0|0.0|0.0|1.0|0.0|0.0|0.0|1.0|0.0|1.0|0.0|0.0|0.0|0.0|0.0|0.0|1.0|0.0|0.0|0.0|0.0|1.0|good
12.0|701.0|32.0|0.0|0.0|0.0|1.0|0.0|0.0|0.0|0.0|0.0|0.0|0.0|0.0|1.0|0.0|0.0|0.0|0.0|0.0|0.0|0.0|0.0|1.0|0.0|1.0|0.0|0.0|0.0|0.0|1.0|0.0|0.0|0.0|0.0|0.0|1.0|0.0|0.0|1.0|0.0|0.0|good
15.0|2715.0|27.0|0.0|0.0|0.0|0.0|1.0|0.0|0.0|0.0|0.0|0.0|0.0|0.0|0.0|0.0|1.0|0.0|0.0|1.0|0.0|0.0|0.0|0.0|0.0|0.0|0.0|1.0|0.0|0.0|1.0|0.0|0.0|0.0|0.0|0.0|0.0|0.0|1.0|1.0|0.0|0.0|good
3000.0|4249.0|28.0|0.0|0.0|0.0|0.0|0.0|0.0|0.0|1.0|0.0|0.0|0.0|0.0|1.0|0.0|0.0|0.0|0.0|0.0|0.0|0.0|1.0|0.0|0.0|0.0|0.0|0.0|1.0|0.0|1.0|0.0|0.0|0.0|0.0|1.0|0.0|0.0|0.0|1.0|0.0|0.0|bad
24.0|1938.0|32.0|0.0|0.0|0.0|0.0|0.0|0.0|0.0|1.0|0.0|0.0|0.0|1.0|0.0|0.0|0.0|0.0|0.0|0.0|0.0|0.0|0.0|1.0|0.0|0.0|0.0|1.0|0.0|1.0|0.0|0.0|0.0|0.0|0.0|0.0|1.0|0.0|0.0|1.0|0.0|0.0|bad
1200.0|2715.0|36.0|0.0|0.0|0.0|0.0|0.0|0.0|0.0|0.0|0.0|0.0|1.0|1.0|0.0|0.0|0.0|0.0|0.0|0.0|0.0|0.0|0.0|1.0|1.0|0.0|0.0|0.0|0.0|1.0|0.0|0.0|0.0|0.0|0.0|1.0|0.0|0.0|0.0|1.0|0.0|0.0|good
18.0|2715.0|28.0|0.0|0.0|0.0|0.0|1.0|0.0|0.0|0.0|0.0|0.0|0.0|0.0|1.0|0.0|0.0|0.0|0.0|0.0|0.0|0.0|0.0|1.0|0.0|0.0|0.0|1.0|0.0|0.0|0.0|0.0|0.0|1.0|0.0|0.0|1.0|0.0|0.0|1.0|0.0|0.0|good
18.0|2715.0|3600.0|0.0|0.0|0.0|0.0|0.0|1.0|0.0|0.0|0.0|0.0|0.0|0.0|1.0|0.0|0.0|0.0|0.0|0.0|1.0|0.0|0.0|0.0|0.0|0.0|1.0|0.0|0.0|0.0|0.0|0.0|0.0|1.0|0.0|0.0|1.0|0.0|0.0|1.0|0.0|0.0|good
-200.0|3398.0|36.0|0.0|0.0|0.0|0.0|0.0|1.0|0.0|0.0|0.0|0.0|0.0|0.0|0.0|0.0|0.0|1.0|0.0|1.0|0.0|0.0|0.0|0.0|0.0|0.0|0.0|0.0|1.0|1.0|0.0|0.0|0.0|0.0|1.0|0.0|0.0|0.0|0.0|1.0|0.0|0.0|good
18.0|290050.0|49.0|0.0|0.0|0.0|0.0|1.0|0.0|0.0|0.0|0.0|0.0|0.0|1.0|0.0|0.0|0.0|0.0|0.0|0.0|0.0|0.0|0.0|1.0|0.0|0.0|0.0|1.0|0.0|1.0|0.0|0.0|0.0|0.0|0.0|0.0|1.0|0.0|0.0|1.0|0.0|0.0|good
2400.0|1525.0|34.0|0.0|0.0|0.0|0.0|0.0|1.0|0.0|0.0|0.0|0.0|0.0|0.0|0.0|0.0|0.0|1.0|0.0|1.0|0.0|0.0|0.0|0.0|0.0|0.0|0.0|1.0|0.0|1.0|0.0|0.0|0.0|0.0|0.0|0.0|1.0|0.0|0.0|1.0|0.0|0.0|good
900.0|4473.0|31.0|0.0|0.0|0.0|0.0|0.0|0.0|0.0|1.0|0.0|0.0|0.0|0.0|0.0|0.0|1.0|0.0|0.0|1.0|0.0|0.0|0.0|0.0|0.0|1.0|0.0|0.0|0.0|1.0|0.0|0.0|0.0|0.0|0.0|0.0|1.0|0.0|0.0|0.0|0.0|1.0|good
6.0|1068.0|28.0|0.0|0.0|0.0|0.0|0.0|0.0|0.0|1.0|0.0|0.0|0.0|0.0|1.0|0.0|0.0|0.0|0.0|1.0|0.0|0.0|0.0|0.0|0.0|0.0|0.0|1.0|0.0|1.0|0.0|0.0|0.0|0.0|1.0|0.0|0.0|0.0|0.0|0.0|1.0|0.0|good
18.0|661500.0|75.0|1.0|0.0|0.0|0.0|0.0|0.0|0.0|0.0|0.0|0.0|0.0|1.0|0.0|0.0|0.0|0.0|0.0|0.0|0.0|0.0|0.0|1.0|0.0|0.0|0.0|1.0|0.0|0.0|0.0|0.0|0.0|1.0|0.0|1.0|0.0|0.0|0.0|1.0|0.0|0.0|good
18.0|1864.0|36.0|0.0|0.0|0.0|1.0|0.0|0.0|0.0|0.0|0.0|0.0|0.0|0.0|1.0|0.0|0.0|0.0|0.0|0.0|0.0|0.0|0.0|1.0|0.0|1.0|0.0|0.0|0.0|1.0|0.0|0.0|0.0|0.0|0.0|0.0|1.0|0.0|0.0|1.0|0.0|0.0|bad
18.0|2715.0|36.0|0.0|0.0|0.0|0.0|0.0|0.0|0.0|1.0|0.0|0.0|0.0|0.0|0.0|1.0|0.0|0.0|0.0|0.0|1.0|0.0|0.0|0.0|0.0|1.0|0.0|0.0|0.0|1.0|0.0|0.0|0.0|0.0|0.0|0.0|1.0|0.0|0.0|1.0|0.0|0.0|bad
48.0|11590.0|24.0|0.0|0.0|0.0|0.0|0.0|0.0|0.0|0.0|0.0|0.0|1.0|1.0|0.0|0.0|0.0|0.0|0.0|0.0|1.0|0.0|0.0|0.0|0.0|0.0|0.0|1.0|0.0|0.0|1.0|0.0|0.0|0.0|0.0|0.0|0.0|0.0|1.0|0.0|0.0|1.0|bad
600.0|4110.0|23.0|0.0|0.0|0.0|0.0|1.0|0.0|0.0|0.0|0.0|0.0|0.0|1.0|0.0|0.0|0.0|0.0|0.0|0.0|0.0|0.0|0.0|1.0|0.0|0.0|0.0|1.0|0.0|0.0|1.0|0.0|0.0|0.0|0.0|0.0|1.0|0.0|0.0|0.0|0.0|1.0|bad
18.0|3384.0|44.0|0.0|0.0|0.0|0.0|1.0|0.0|0.0|0.0|0.0|0.0|0.0|1.0|0.0|0.0|0.0|0.0|0.0|0.0|0.0|0.0|0.0|1.0|0.0|0.0|0.0|1.0|0.0|1.0|0.0|0.0|0.0|0.0|0.0|1.0|0.0|0.0|0.0|0.0|0.0|1.0|bad
13.0|2101.0|36.0|0.0|0.0|0.0|0.0|0.0|0.0|0.0|1.0|0.0|0.0|0.0|0.0|0.0|1.0|0.0|0.0|0.0|0.0|1.0|0.0|0.0|0.0|0.0|0.0|0.0|0.0|1.0|1.0|0.0|0.0|0.0|0.0|1.0|0.0|0.0|0.0|0.0|0.0|0.0|1.0|good
15.0|2715.0|24.0|0.0|0.0|1.0|0.0|0.0|0.0|0.0|0.0|0.0|0.0|0.0|0.0|1.0|0.0|0.0|0.0|0.0|0.0|1.0|0.0|0.0|0.0|0.0|0.0|0.0|1.0|0.0|1.0|0.0|0.0|0.0|0.0|0.0|0.0|1.0|0.0|0.0|0.0|0.0|1.0|bad
2400.0|4169.0|2800.0|0.0|0.0|0.0|0.0|1.0|0.0|0.0|0.0|0.0|0.0|0.0|0.0|1.0|0.0|0.0|0.0|0.0|0.0|0.0|0.0|0.0|1.0|0.0|0.0|0.0|1.0|0.0|1.0|0.0|0.0|0.0|0.0|0.0|0.0|1.0|0.0|0.0|1.0|0.0|0.0|good
10.0|152100.0|36.0|0.0|0.0|0.0|0.0|1.0|0.0|0.0|0.0|0.0|0.0|0.0|0.0|1.0|0.0|0.0|0.0|0.0|0.0|0.0|1.0|0.0|0.0|0.0|1.0|0.0|0.0|0.0|1.0|0.0|0.0|0.0|0.0|0.0|0.0|0.0|0.0|1.0|1.0|0.0|0.0|good
18.0|2715.0|2400.0|1.0|0.0|0.0|0.0|0.0|0.0|0.0|0.0|0.0|0.0|0.0|0.0|1.0|0.0|0.0|0.0|0.0|0.0|1.0|0.0|0.0|0.0|0.0|0.0|0.0|1.0|0.0|0.0|1.0|0.0|0.0|0.0|0.0|0.0|1.0|0.0|0.0|0.0|0.0|1.0|good
21.0|3599.0|1300.0|0.0|0.0|0.0|0.0|1.0|0.0|0.0|0.0|0.0|0.0|0.0|0.0|1.0|0.0|0.0|0.0|0.0|0.0|1.0|0.0|0.0|0.0|0.0|0.0|0.0|1.0|0.0|1.0|0.0|0.0|0.0|0.0|0.0|0.0|1.0|0.0|0.0|1.0|0.0|0.0|good
18.0|2715.0|36.0|0.0|0.0|0.0|0.0|0.0|0.0|0.0|1.0|0.0|0.0|0.0|0.0|0.0|1.0|0.0|0.0|0.0|0.0|0.0|0.0|1.0|0.0|0.0|0.0|0.0|1.0|0.0|1.0|0.0|0.0|0.0|0.0|0.0|0.0|1.0|0.0|0.0|0.0|0.0|1.0|good
18.0|4439.0|36.0|0.0|1.0|0.0|0.0|0.0|0.0|0.0|0.0|0.0|0.0|0.0|0.0|0.0|0.0|1.0|0.0|0.0|0.0|0.0|0.0|0.0|1.0|0.0|0.0|0.0|1.0|0.0|1.0|0.0|0.0|0.0|0.0|0.0|1.0|0.0|0.0|0.0|1.0|0.0|0.0|good
10.0|394900.0|37.0|0.0|0.0|0.0|0.0|0.0|1.0|0.0|0.0|0.0|0.0|0.0|1.0|0.0|0.0|0.0|0.0|0.0|0.0|0.0|0.0|0.0|1.0|0.0|0.0|0.0|0.0|1.0|1.0|0.0|0.0|0.0|0.0|0.0|0.0|1.0|0.0|0.0|0.0|1.0|0.0|good
15.0|-36475.0|43.0|0.0|0.0|0.0|0.0|0.0|0.0|0.0|1.0|0.0|0.0|0.0|0.0|1.0|0.0|0.0|0.0|0.0|0.0|1.0|0.0|0.0|0.0|0.0|0.0|0.0|0.0|1.0|1.0|0.0|0.0|0.0|0.0|0.0|0.0|1.0|0.0|0.0|1.0|0.0|0.0|good
18.0|882.0|23.0|0.0|0.0|0.0|0.0|0.0|0.0|0.0|1.0|0.0|0.0|0.0|0.0|1.0|0.0|0.0|0.0|0.0|0.0|0.0|0.0|0.0|1.0|0.0|0.0|0.0|1.0|0.0|0.0|1.0|0.0|0.0|0.0|1.0|0.0|0.0|0.0|0.0|1.0|0.0|0.0|good
24.0|3758.0|23.0|0.0|0.0|0.0|0.0|0.0|0.0|0.0|1.0|0.0|0.0|0.0|0.0|0.0|0.0|0.0|0.0|1.0|0.0|1.0|0.0|0.0|0.0|0.0|0.0|0.0|0.0|1.0|1.0|0.0|0.0|0.0|0.0|0.0|0.0|0.0|1.0|0.0|1.0|0.0|0.0|good
18.0|1743.0|34.0|0.0|1.0|0.0|0.0|0.0|0.0|0.0|0.0|0.0|0.0|0.0|0.0|1.0|0.0|0.0|0.0|0.0|0.0|0.0|0.0|0.0|1.0|0.0|1.0|0.0|0.0|0.0|0.0|1.0|0.0|0.0|0.0|0.0|0.0|0.0|0.0|1.0|1.0|0.0|0.0|good
9.0|1136.0|32.0|0.0|0.0|0.0|0.0|0.0|0.0|0.0|1.0|0.0|0.0|0.0|0.0|0.0|0.0|1.0|0.0|0.0|0.0|0.0|0.0|0.0|1.0|0.0|0.0|1.0|0.0|0.0|1.0|0.0|0.0|0.0|0.0|0.0|0.0|1.0|0.0|0.0|0.0|1.0|0.0|bad
9.0|1236.0|23.0|0.0|0.0|1.0|0.0|0.0|0.0|0.0|0.0|0.0|0.0|0.0|0.0|0.0|1.0|0.0|0.0|0.0|1.0|0.0|0.0|0.0|0.0|0.0|0.0|0.0|0.0|1.0|1.0|0.0|0.0|0.0|0.0|0.0|0.0|1.0|0.0|0.0|1.0|0.0|0.0|good
9.0|959.0|29.0|0.0|0.0|0.0|0.0|1.0|0.0|0.0|0.0|0.0|0.0|0.0|1.0|0.0|0.0|0.0|0.0|0.0|0.0|1.0|0.0|0.0|0.0|0.0|1.0|0.0|0.0|0.0|1.0|0.0|0.0|0.0|0.0|0.0|0.0|1.0|0.0|0.0|1.0|0.0|0.0|bad
18.0|3229.0|3800.0|0.0|0.0|0.0|0.0|0.0|0.0|0.0|1.0|0.0|0.0|0.0|0.0|1.0|0.0|0.0|0.0|0.0|0.0|0.0|0.0|0.0|1.0|0.0|0.0|0.0|0.0|1.0|1.0|0.0|0.0|0.0|0.0|0.0|1.0|0.0|0.0|0.0|1.0|0.0|0.0|good
12.0|2715.0|28.0|0.0|0.0|0.0|0.0|0.0|0.0|0.0|1.0|0.0|0.0|0.0|0.0|1.0|0.0|0.0|0.0|0.0|0.0|0.0|0.0|0.0|1.0|0.0|0.0|0.0|1.0|0.0|0.0|0.0|0.0|0.0|1.0|0.0|0.0|1.0|0.0|0.0|1.0|0.0|0.0|bad
18.0|727.0|36.0|0.0|0.0|0.0|1.0|0.0|0.0|0.0|0.0|0.0|0.0|0.0|1.0|0.0|0.0|0.0|0.0|0.0|0.0|0.0|0.0|0.0|1.0|0.0|0.0|0.0|1.0|0.0|1.0|0.0|0.0|0.0|0.0|0.0|0.0|1.0|0.0|0.0|1.0|0.0|0.0|good
24.0|1246.0|23.0|0.0|0.0|0.0|0.0|0.0|0.0|0.0|1.0|0.0|0.0|0.0|0.0|0.0|1.0|0.0|0.0|0.0|1.0|0.0|0.0|0.0|0.0|0.0|0.0|0.0|0.0|1.0|1.0|0.0|0.0|0.0|0.0|0.0|0.0|0.0|0.0|1.0|1.0|0.0|0.0|bad
12.0|2331.0|36.0|0.0|0.0|0.0|0.0|0.0|0.0|0.0|1.0|0.0|0.0|0.0|0.0|0.0|0.0|1.0|0.0|0.0|0.0|0.0|0.0|0.0|1.0|0.0|0.0|0.0|1.0|0.0|1.0|0.0|0.0|0.0|0.0|0.0|0.0|1.0|0.0|0.0|1.0|0.0|0.0|good
18.0|223150.0|36.0|0.0|0.0|0.0|0.0|0.0|0.0|0.0|1.0|0.0|0.0|0.0|0.0|1.0|0.0|0.0|0.0|0.0|0.0|0.0|0.0|0.0|1.0|0.0|1.0|0.0|0.0|0.0|0.0|1.0|0.0|0.0|0.0|0.0|1.0|0.0|0.0|0.0|1.0|0.0|0.0|bad
12.0|776.0|28.0|1.0|0.0|0.0|0.0|0.0|0.0|0.0|0.0|0.0|0.0|0.0|0.0|1.0|0.0|0.0|0.0|0.0|0.0|0.0|0.0|1.0|0.0|0.0|0.0|0.0|0.0|1.0|1.0|0.0|0.0|0.0|0.0|0.0|0.0|1.0|0.0|0.0|1.0|0.0|0.0|good
30.0|-60150.0|2300.0|0.0|0.0|0.0|0.0|1.0|0.0|0.0|0.0|0.0|0.0|0.0|0.0|0.0|0.0|0.0|1.0|0.0|0.0|1.0|0.0|0.0|0.0|0.0|0.0|0.0|1.0|0.0|1.0|0.0|0.0|0.0|0.0|0.0|0.0|1.0|0.0|0.0|1.0|0.0|0.0|bad
18.0|1239.0|-1525.0|1.0|0.0|0.0|0.0|0.0|0.0|0.0|0.0|0.0|0.0|0.0|0.0|1.0|0.0|0.0|0.0|0.0|0.0|0.0|0.0|0.0|1.0|0.0|0.0|0.0|1.0|0.0|1.0|0.0|0.0|0.0|0.0|0.0|0.0|1.0|0.0|0.0|1.0|0.0|0.0|good
300.0|3399.0|37.0|1.0|0.0|0.0|0.0|0.0|0.0|0.0|0.0|0.0|0.0|0.0|0.0|0.0|0.0|1.0|0.0|0.0|0.0|0.0|0.0|0.0|1.0|0.0|0.0|1.0|0.0|0.0|1.0|0.0|0.0|0.0|0.0|0.0|1.0|0.0|0.0|0.0|1.0|0.0|0.0|good
12.0|2247.0|36.0|0.0|0.0|0.0|0.0|0.0|1.0|0.0|0.0|0.0|0.0|0.0|0.0|1.0|0.0|0.0|0.0|0.0|0.0|0.0|0.0|0.0|1.0|0.0|1.0|0.0|0.0|0.0|0.0|1.0|0.0|0.0|0.0|0.0|0.0|1.0|0.0|0.0|1.0|0.0|0.0|good
6.0|-44150.0|525.0|0.0|0.0|0.0|0.0|1.0|0.0|0.0|0.0|0.0|0.0|0.0|0.0|1.0|0.0|0.0|0.0|0.0|0.0|0.0|0.0|1.0|0.0|0.0|1.0|0.0|0.0|0.0|1.0|0.0|0.0|0.0|0.0|0.0|0.0|1.0|0.0|0.0|1.0|0.0|0.0|good
18.0|2473.0|25.0|0.0|0.0|0.0|0.0|0.0|0.0|0.0|1.0|0.0|0.0|0.0|0.0|1.0|0.0|0.0|0.0|0.0|0.0|0.0|0.0|0.0|1.0|1.0|0.0|0.0|0.0|0.0|1.0|0.0|0.0|0.0|0.0|0.0|0.0|1.0|0.0|0.0|1.0|0.0|0.0|bad
12.0|77100.0|36.0|1.0|0.0|0.0|0.0|0.0|0.0|0.0|0.0|0.0|0.0|0.0|1.0|0.0|0.0|0.0|0.0|0.0|1.0|0.0|0.0|0.0|0.0|0.0|0.0|0.0|0.0|1.0|1.0|0.0|0.0|0.0|0.0|0.0|0.0|1.0|0.0|0.0|1.0|0.0|0.0|good
18.0|2715.0|36.0|0.0|0.0|0.0|0.0|0.0|0.0|0.0|0.0|0.0|0.0|1.0|1.0|0.0|0.0|0.0|0.0|0.0|0.0|0.0|0.0|0.0|1.0|1.0|0.0|0.0|0.0|0.0|0.0|1.0|0.0|0.0|0.0|0.0|0.0|1.0|0.0|0.0|1.0|0.0|0.0|good
18.0|3650.0|22.0|0.0|0.0|0.0|0.0|1.0|0.0|0.0|0.0|0.0|0.0|0.0|0.0|0.0|1.0|0.0|0.0|0.0|1.0|0.0|0.0|0.0|0.0|0.0|0.0|0.0|1.0|0.0|1.0|0.0|0.0|0.0|0.0|0.0|0.0|1.0|0.0|0.0|1.0|0.0|0.0|good
18.0|3446.0|42.0|0.0|0.0|0.0|0.0|1.0|0.0|0.0|0.0|0.0|0.0|0.0|0.0|1.0|0.0|0.0|0.0|0.0|0.0|0.0|0.0|0.0|1.0|0.0|1.0|0.0|0.0|0.0|0.0|0.0|0.0|0.0|1.0|0.0|0.0|1.0|0.0|0.0|0.0|1.0|0.0|bad
18.0|2715.0|40.0|0.0|0.0|0.0|0.0|1.0|0.0|0.0|0.0|0.0|0.0|0.0|0.0|0.0|0.0|0.0|1.0|0.0|0.0|1.0|0.0|0.0|0.0|0.0|0.0|0.0|1.0|0.0|1.0|0.0|0.0|0.0|0.0|0.0|0.0|1.0|0.0|0.0|0.0|0.0|1.0|good
1800.0|3079.0|36.0|0.0|0.0|0.0|0.0|0.0|1.0|0.0|0.0|0.0|0.0|0.0|0.0|1.0|0.0|0.0|0.0|0.0|0.0|0.0|0.0|0.0|1.0|0.0|0.0|0.0|0.0|1.0|1.0|0.0|0.0|0.0|0.0|0.0|0.0|1.0|0.0|0.0|1.0|0.0|0.0|good
18.0|151750.0|36.0|0.0|0.0|0.0|0.0|0.0|0.0|0.0|1.0|0.0|0.0|0.0|1.0|0.0|0.0|0.0|0.0|0.0|0.0|0.0|0.0|0.0|1.0|0.0|0.0|0.0|0.0|1.0|1.0|0.0|0.0|0.0|0.0|0.0|0.0|1.0|0.0|0.0|1.0|0.0|0.0|good
10.0|2146.0|36.0|1.0|0.0|0.0|0.0|0.0|0.0|0.0|0.0|0.0|0.0|0.0|0.0|0.0|1.0|0.0|0.0|0.0|1.0|0.0|0.0|0.0|0.0|0.0|0.0|1.0|0.0|0.0|0.0|1.0|0.0|0.0|0.0|0.0|0.0|1.0|0.0|0.0|0.0|0.0|1.0|good
60.0|13756.0|36.0|0.0|0.0|0.0|0.0|0.0|1.0|0.0|0.0|0.0|0.0|0.0|0.0|0.0|0.0|1.0|0.0|0.0|0.0|0.0|0.0|0.0|1.0|0.0|0.0|0.0|1.0|0.0|1.0|0.0|0.0|0.0|0.0|0.0|0.0|1.0|0.0|0.0|1.0|0.0|0.0|good
18.0|739100.0|60.0|0.0|0.0|0.0|0.0|0.0|0.0|1.0|0.0|0.0|0.0|0.0|0.0|0.0|0.0|1.0|0.0|0.0|1.0|0.0|0.0|0.0|0.0|0.0|0.0|0.0|1.0|0.0|0.0|0.0|0.0|0.0|1.0|0.0|0.0|1.0|0.0|0.0|1.0|0.0|0.0|bad
48.0|7685.0|925.0|0.0|1.0|0.0|0.0|0.0|0.0|0.0|0.0|0.0|0.0|0.0|0.0|0.0|0.0|0.0|1.0|0.0|0.0|0.0|0.0|0.0|1.0|0.0|0.0|0.0|1.0|0.0|1.0|0.0|0.0|0.0|0.0|1.0|0.0|0.0|0.0|0.0|1.0|0.0|0.0|bad
18.0|2320.0|34.0|1.0|0.0|0.0|0.0|0.0|0.0|0.0|0.0|0.0|0.0|0.0|0.0|0.0|0.0|0.0|0.0|1.0|0.0|0.0|0.0|1.0|0.0|0.0|0.0|0.0|0.0|1.0|0.0|1.0|0.0|0.0|0.0|0.0|0.0|1.0|0.0|0.0|1.0|0.0|0.0|good
7.0|846.0|36.0|0.0|0.0|0.0|0.0|0.0|0.0|0.0|1.0|0.0|0.0|0.0|0.0|0.0|0.0|1.0|0.0|0.0|0.0|0.0|0.0|0.0|1.0|0.0|0.0|0.0|1.0|0.0|1.0|0.0|0.0|0.0|0.0|0.0|0.0|1.0|0.0|0.0|1.0|0.0|0.0|good
36.0|14318.0|36.0|0.0|0.0|0.0|0.0|0.0|1.0|0.0|0.0|0.0|0.0|0.0|0.0|0.0|0.0|1.0|0.0|0.0|1.0|0.0|0.0|0.0|0.0|0.0|1.0|0.0|0.0|0.0|1.0|0.0|0.0|0.0|0.0|0.0|1.0|0.0|0.0|0.0|1.0|0.0|0.0|bad
6.0|362.0|52.0|0.0|0.0|0.0|0.0|0.0|1.0|0.0|0.0|0.0|0.0|0.0|0.0|1.0|0.0|0.0|0.0|0.0|1.0|0.0|0.0|0.0|0.0|0.0|0.0|0.0|1.0|0.0|1.0|0.0|0.0|0.0|0.0|0.0|0.0|1.0|0.0|0.0|1.0|0.0|0.0|good
20.0|2212.0|39.0|0.0|0.0|0.0|0.0|1.0|0.0|0.0|0.0|0.0|0.0|0.0|0.0|0.0|0.0|0.0|1.0|0.0|0.0|0.0|0.0|0.0|1.0|0.0|0.0|0.0|1.0|0.0|1.0|0.0|0.0|0.0|0.0|0.0|0.0|1.0|0.0|0.0|1.0|0.0|0.0|good
18.0|12976.0|38.0|0.0|0.0|0.0|0.0|0.0|0.0|0.0|0.0|0.0|0.0|1.0|0.0|0.0|0.0|0.0|0.0|1.0|0.0|1.0|0.0|0.0|0.0|0.0|0.0|0.0|1.0|0.0|1.0|0.0|0.0|0.0|0.0|0.0|1.0|0.0|0.0|0.0|1.0|0.0|0.0|bad
22.0|1283.0|25.0|0.0|0.0|0.0|0.0|0.0|1.0|0.0|0.0|0.0|0.0|0.0|0.0|0.0|0.0|0.0|1.0|0.0|0.0|1.0|0.0|0.0|0.0|0.0|0.0|0.0|1.0|0.0|1.0|0.0|0.0|0.0|0.0|0.0|0.0|1.0|0.0|0.0|1.0|0.0|0.0|good
18.0|1330.0|36.0|0.0|0.0|0.0|0.0|0.0|1.0|0.0|0.0|0.0|0.0|0.0|0.0|0.0|1.0|0.0|0.0|0.0|0.0|0.0|0.0|0.0|1.0|1.0|0.0|0.0|0.0|0.0|1.0|0.0|0.0|0.0|0.0|0.0|0.0|1.0|0.0|0.0|1.0|0.0|0.0|good
30.0|4272.0|36.0|1.0|0.0|0.0|0.0|0.0|0.0|0.0|0.0|0.0|0.0|0.0|0.0|1.0|0.0|0.0|0.0|0.0|0.0|0.0|0.0|0.0|1.0|0.0|1.0|0.0|0.0|0.0|0.0|1.0|0.0|0.0|0.0|0.0|0.0|0.0|0.0|1.0|1.0|0.0|0.0|good
18.0|2238.0|25.0|0.0|0.0|0.0|0.0|0.0|0.0|0.0|1.0|0.0|0.0|0.0|0.0|1.0|0.0|0.0|0.0|0.0|0.0|1.0|0.0|0.0|0.0|1.0|0.0|0.0|0.0|0.0|0.0|1.0|0.0|0.0|0.0|0.0|0.0|1.0|0.0|0.0|1.0|0.0|0.0|good
18.0|1126.0|1050.0|0.0|0.0|0.0|0.0|0.0|0.0|0.0|1.0|0.0|0.0|0.0|0.0|0.0|1.0|0.0|0.0|0.0|0.0|1.0|0.0|0.0|0.0|0.0|0.0|0.0|1.0|0.0|1.0|0.0|0.0|0.0|0.0|0.0|0.0|1.0|0.0|0.0|1.0|0.0|0.0|good
18.0|-184350.0|40.0|0.0|0.0|0.0|0.0|1.0|0.0|0.0|0.0|0.0|0.0|0.0|0.0|0.0|0.0|0.0|0.0|1.0|0.0|0.0|0.0|0.0|1.0|0.0|0.0|0.0|1.0|0.0|0.0|1.0|0.0|0.0|0.0|0.0|0.0|1.0|0.0|0.0|1.0|0.0|0.0|good
18.0|2326.0|36.0|0.0|1.0|0.0|0.0|0.0|0.0|0.0|0.0|0.0|0.0|0.0|0.0|1.0|0.0|0.0|0.0|0.0|0.0|0.0|0.0|0.0|1.0|0.0|0.0|0.0|1.0|0.0|1.0|0.0|0.0|0.0|0.0|0.0|0.0|1.0|0.0|0.0|1.0|0.0|0.0|good
9.0|1449.0|36.0|0.0|1.0|0.0|0.0|0.0|0.0|0.0|0.0|0.0|0.0|0.0|0.0|0.0|0.0|0.0|1.0|0.0|1.0|0.0|0.0|0.0|0.0|0.0|1.0|0.0|0.0|0.0|0.0|0.0|0.0|0.0|1.0|0.0|0.0|1.0|0.0|0.0|1.0|0.0|0.0|good
18.0|1820.0|3000.0|0.0|0.0|0.0|0.0|0.0|1.0|0.0|0.0|0.0|0.0|0.0|0.0|1.0|0.0|0.0|0.0|0.0|0.0|0.0|0.0|1.0|0.0|0.0|1.0|0.0|0.0|0.0|1.0|0.0|0.0|0.0|0.0|0.0|1.0|0.0|0.0|0.0|0.0|0.0|1.0|good
300.0|983.0|36.0|0.0|0.0|0.0|0.0|1.0|0.0|0.0|0.0|0.0|0.0|0.0|1.0|0.0|0.0|0.0|0.0|0.0|0.0|1.0|0.0|0.0|0.0|0.0|0.0|0.0|0.0|1.0|1.0|0.0|0.0|0.0|0.0|0.0|0.0|1.0|0.0|0.0|1.0|0.0|0.0|good
3600.0|324900.0|39.0|0.0|0.0|0.0|0.0|0.0|1.0|0.0|0.0|0.0|0.0|0.0|0.0|0.0|0.0|0.0|1.0|0.0|0.0|0.0|0.0|0.0|1.0|0.0|0.0|0.0|1.0|0.0|1.0|0.0|0.0|0.0|0.0|0.0|1.0|0.0|0.0|0.0|0.0|1.0|0.0|good
18.0|-48925.0|31.0|0.0|0.0|0.0|0.0|0.0|0.0|0.0|1.0|0.0|0.0|0.0|0.0|0.0|0.0|0.0|1.0|0.0|0.0|1.0|0.0|0.0|0.0|0.0|0.0|0.0|1.0|0.0|1.0|0.0|0.0|0.0|0.0|0.0|0.0|1.0|0.0|0.0|1.0|0.0|0.0|good
9.0|2406.0|31.0|0.0|0.0|0.0|0.0|1.0|0.0|0.0|0.0|0.0|0.0|0.0|0.0|0.0|0.0|0.0|0.0|1.0|0.0|0.0|0.0|0.0|1.0|0.0|0.0|0.0|1.0|0.0|1.0|0.0|0.0|0.0|0.0|1.0|0.0|0.0|0.0|0.0|1.0|0.0|0.0|good
39.0|11760.0|800.0|0.0|0.0|0.0|0.0|0.0|0.0|0.0|1.0|0.0|0.0|0.0|0.0|0.0|0.0|0.0|1.0|0.0|0.0|0.0|0.0|0.0|1.0|0.0|0.0|1.0|0.0|0.0|1.0|0.0|0.0|0.0|0.0|0.0|0.0|1.0|0.0|0.0|1.0|0.0|0.0|good
12.0|-64450.0|55.0|0.0|0.0|0.0|0.0|1.0|0.0|0.0|0.0|0.0|0.0|0.0|0.0|0.0|0.0|0.0|0.0|1.0|0.0|1.0|0.0|0.0|0.0|0.0|0.0|0.0|1.0|0.0|1.0|0.0|0.0|0.0|0.0|0.0|0.0|1.0|0.0|0.0|0.0|0.0|1.0|good
36.0|2348.0|46.0|0.0|0.0|0.0|0.0|0.0|0.0|0.0|1.0|0.0|0.0|0.0|0.0|1.0|0.0|0.0|0.0|0.0|0.0|0.0|0.0|1.0|0.0|0.0|1.0|0.0|0.0|0.0|0.0|0.0|0.0|0.0|1.0|0.0|0.0|1.0|0.0|0.0|1.0|0.0|0.0|good
1200.0|2715.0|2300.0|1.0|0.0|0.0|0.0|0.0|0.0|0.0|0.0|0.0|0.0|0.0|0.0|1.0|0.0|0.0|0.0|0.0|1.0|0.0|0.0|0.0|0.0|1.0|0.0|0.0|0.0|0.0|1.0|0.0|0.0|0.0|0.0|0.0|0.0|1.0|0.0|0.0|1.0|0.0|0.0|bad
24.0|2715.0|36.0|0.0|0.0|0.0|0.0|0.0|0.0|0.0|1.0|0.0|0.0|0.0|1.0|0.0|0.0|0.0|0.0|0.0|0.0|1.0|0.0|0.0|0.0|1.0|0.0|0.0|0.0|0.0|0.0|0.0|0.0|0.0|1.0|0.0|0.0|0.0|0.0|1.0|1.0|0.0|0.0|good
18.0|1473.0|39.0|0.0|0.0|0.0|0.0|0.0|0.0|0.0|1.0|0.0|0.0|0.0|1.0|0.0|0.0|0.0|0.0|0.0|0.0|0.0|0.0|1.0|0.0|0.0|0.0|0.0|1.0|0.0|1.0|0.0|0.0|0.0|0.0|1.0|0.0|0.0|0.0|0.0|1.0|0.0|0.0|good
18.0|1887.0|28.0|0.0|1.0|0.0|0.0|0.0|0.0|0.0|0.0|0.0|0.0|0.0|1.0|0.0|0.0|0.0|0.0|0.0|0.0|0.0|0.0|1.0|0.0|0.0|0.0|0.0|0.0|1.0|0.0|0.0|0.0|0.0|1.0|0.0|0.0|1.0|0.0|0.0|1.0|0.0|0.0|good
24.0|8648.0|36.0|0.0|1.0|0.0|0.0|0.0|0.0|0.0|0.0|0.0|0.0|0.0|1.0|0.0|0.0|0.0|0.0|0.0|1.0|0.0|0.0|0.0|0.0|0.0|1.0|0.0|0.0|0.0|1.0|0.0|0.0|0.0|0.0|0.0|0.0|1.0|0.0|0.0|1.0|0.0|0.0|bad
14.0|802.0|27.0|0.0|0.0|0.0|0.0|0.0|0.0|0.0|1.0|0.0|0.0|0.0|0.0|1.0|0.0|0.0|0.0|0.0|1.0|0.0|0.0|0.0|0.0|0.0|1.0|0.0|0.0|0.0|1.0|0.0|0.0|0.0|0.0|0.0|0.0|0.0|0.0|1.0|0.0|0.0|1.0|good
18.0|2899.0|43.0|0.0|0.0|0.0|0.0|0.0|1.0|0.0|0.0|0.0|0.0|0.0|1.0|0.0|0.0|0.0|0.0|0.0|0.0|0.0|0.0|0.0|1.0|0.0|0.0|0.0|1.0|0.0|1.0|0.0|0.0|0.0|0.0|0.0|0.0|1.0|0.0|0.0|1.0|0.0|0.0|good
18.0|-50975.0|22.0|0.0|0.0|0.0|0.0|0.0|0.0|0.0|1.0|0.0|0.0|0.0|1.0|0.0|0.0|0.0|0.0|0.0|0.0|0.0|0.0|1.0|0.0|1.0|0.0|0.0|0.0|0.0|1.0|0.0|0.0|0.0|0.0|1.0|0.0|0.0|0.0|0.0|0.0|0.0|1.0|bad
24.0|2197.0|43.0|0.0|0.0|0.0|0.0|0.0|0.0|0.0|0.0|0.0|0.0|1.0|1.0|0.0|0.0|0.0|0.0|0.0|0.0|0.0|0.0|0.0|1.0|0.0|0.0|0.0|1.0|0.0|0.0|1.0|0.0|0.0|0.0|0.0|0.0|1.0|0.0|0.0|1.0|0.0|0.0|good
15.0|2715.0|27.0|0.0|0.0|0.0|0.0|0.0|0.0|0.0|1.0|0.0|0.0|0.0|0.0|0.0|1.0|0.0|0.0|0.0|0.0|0.0|0.0|1.0|0.0|0.0|1.0|0.0|0.0|0.0|0.0|0.0|0.0|0.0|1.0|0.0|0.0|1.0|0.0|0.0|0.0|0.0|1.0|good
2400.0|161750.0|26.0|0.0|0.0|0.0|0.0|0.0|0.0|0.0|1.0|0.0|0.0|0.0|0.0|0.0|0.0|1.0|0.0|0.0|0.0|0.0|1.0|0.0|0.0|0.0|0.0|0.0|1.0|0.0|1.0|0.0|0.0|0.0|0.0|0.0|1.0|0.0|0.0|0.0|1.0|0.0|0.0|good
12.0|2715.0|28.0|1.0|0.0|0.0|0.0|0.0|0.0|0.0|0.0|0.0|0.0|0.0|1.0|0.0|0.0|0.0|0.0|0.0|0.0|0.0|0.0|1.0|0.0|0.0|1.0|0.0|0.0|0.0|0.0|0.0|0.0|0.0|1.0|1.0|0.0|0.0|0.0|0.0|1.0|0.0|0.0|bad
24.0|2715.0|20.0|0.0|0.0|0.0|0.0|0.0|0.0|0.0|1.0|0.0|0.0|0.0|1.0|0.0|0.0|0.0|0.0|0.0|0.0|0.0|0.0|0.0|1.0|0.0|0.0|0.0|1.0|0.0|1.0|0.0|0.0|0.0|0.0|1.0|0.0|0.0|0.0|0.0|1.0|0.0|0.0|good
-825.0|2715.0|36.0|0.0|0.0|0.0|0.0|0.0|0.0|0.0|0.0|0.0|0.0|1.0|0.0|1.0|0.0|0.0|0.0|0.0|0.0|0.0|0.0|0.0|1.0|0.0|1.0|0.0|0.0|0.0|0.0|0.0|0.0|0.0|1.0|0.0|1.0|0.0|0.0|0.0|1.0|0.0|0.0|good
12.0|2292.0|42.0|0.0|1.0|0.0|0.0|0.0|0.0|0.0|0.0|0.0|0.0|0.0|0.0|0.0|0.0|0.0|0.0|1.0|1.0|0.0|0.0|0.0|0.0|0.0|0.0|0.0|1.0|0.0|1.0|0.0|0.0|0.0|0.0|0.0|1.0|0.0|0.0|0.0|1.0|0.0|0.0|bad
10.0|1597.0|40.0|0.0|0.0|0.0|0.0|0.0|1.0|0.0|0.0|0.0|0.0|0.0|1.0|0.0|0.0|0.0|0.0|0.0|0.0|0.0|0.0|0.0|1.0|0.0|1.0|0.0|0.0|0.0|0.0|0.0|0.0|0.0|1.0|0.0|0.0|0.0|0.0|1.0|0.0|1.0|0.0|good
24.0|69050.0|35.0|0.0|0.0|0.0|0.0|0.0|1.0|0.0|0.0|0.0|0.0|0.0|1.0|0.0|0.0|0.0|0.0|0.0|0.0|1.0|0.0|0.0|0.0|0.0|0.0|0.0|0.0|1.0|0.0|0.0|0.0|0.0|1.0|0.0|0.0|1.0|0.0|0.0|1.0|0.0|0.0|bad
36.0|2715.0|36.0|0.0|0.0|0.0|0.0|0.0|0.0|0.0|0.0|0.0|0.0|1.0|0.0|1.0|0.0|0.0|0.0|0.0|0.0|0.0|0.0|0.0|1.0|0.0|1.0|0.0|0.0|0.0|0.0|1.0|0.0|0.0|0.0|0.0|0.0|1.0|0.0|0.0|1.0|0.0|0.0|good
18.0|128950.0|33.0|0.0|0.0|0.0|0.0|0.0|1.0|0.0|0.0|0.0|0.0|0.0|0.0|1.0|0.0|0.0|0.0|0.0|0.0|0.0|0.0|0.0|1.0|1.0|0.0|0.0|0.0|0.0|1.0|0.0|0.0|0.0|0.0|0.0|0.0|0.0|0.0|1.0|0.0|0.0|1.0|bad
18.0|2715.0|23.0|0.0|0.0|0.0|0.0|0.0|0.0|0.0|1.0|0.0|0.0|0.0|1.0|0.0|0.0|0.0|0.0|0.0|0.0|1.0|0.0|0.0|0.0|0.0|1.0|0.0|0.0|0.0|0.0|1.0|0.0|0.0|0.0|1.0|0.0|0.0|0.0|0.0|1.0|0.0|0.0|good
21.0|2782.0|3100.0|0.0|0.0|0.0|0.0|0.0|1.0|0.0|0.0|0.0|0.0|0.0|0.0|1.0|0.0|0.0|0.0|0.0|0.0|1.0|0.0|0.0|0.0|0.0|1.0|0.0|0.0|0.0|1.0|0.0|0.0|0.0|0.0|0.0|1.0|0.0|0.0|0.0|1.0|0.0|0.0|good
900.0|2715.0|825.0|0.0|0.0|0.0|0.0|0.0|1.0|0.0|0.0|0.0|0.0|0.0|0.0|1.0|0.0|0.0|0.0|0.0|0.0|1.0|0.0|0.0|0.0|0.0|1.0|0.0|0.0|0.0|1.0|0.0|0.0|0.0|0.0|0.0|0.0|1.0|0.0|0.0|1.0|0.0|0.0|bad
15.0|3186.0|36.0|1.0|0.0|0.0|0.0|0.0|0.0|0.0|0.0|0.0|0.0|0.0|1.0|0.0|0.0|0.0|0.0|0.0|0.0|1.0|0.0|0.0|0.0|0.0|0.0|0.0|1.0|0.0|1.0|0.0|0.0|0.0|0.0|0.0|0.0|1.0|0.0|0.0|1.0|0.0|0.0|good
18.0|2028.0|30.0|0.0|0.0|0.0|0.0|0.0|0.0|0.0|0.0|0.0|0.0|1.0|0.0|1.0|0.0|0.0|0.0|0.0|0.0|0.0|0.0|0.0|1.0|0.0|1.0|0.0|0.0|0.0|1.0|0.0|0.0|0.0|0.0|0.0|0.0|1.0|0.0|0.0|0.0|0.0|1.0|good
600.0|958.0|47.0|1.0|0.0|0.0|0.0|0.0|0.0|0.0|0.0|0.0|0.0|0.0|1.0|0.0|0.0|0.0|0.0|0.0|0.0|0.0|0.0|0.0|1.0|0.0|0.0|1.0|0.0|0.0|0.0|1.0|0.0|0.0|0.0|0.0|0.0|0.0|0.0|1.0|0.0|1.0|0.0|good
18.0|1591.0|34.0|0.0|0.0|0.0|0.0|0.0|0.0|0.0|1.0|0.0|0.0|0.0|0.0|1.0|0.0|0.0|0.0|0.0|0.0|0.0|0.0|0.0|1.0|0.0|0.0|1.0|0.0|0.0|0.0|1.0|0.0|0.0|0.0|0.0|1.0|0.0|0.0|0.0|1.0|0.0|0.0|good
12.0|2762.0|25.0|1.0|0.0|0.0|0.0|0.0|0.0|0.0|0.0|0.0|0.0|0.0|0.0|1.0|0.0|0.0|0.0|0.0|0.0|1.0|0.0|0.0|0.0|0.0|1.0|0.0|0.0|0.0|1.0|0.0|0.0|0.0|0.0|1.0|0.0|0.0|0.0|0.0|1.0|0.0|0.0|bad
18.0|2779.0|21.0|0.0|0.0|0.0|0.0|0.0|0.0|0.0|1.0|0.0|0.0|0.0|0.0|1.0|0.0|0.0|0.0|0.0|0.0|0.0|0.0|1.0|0.0|0.0|0.0|0.0|0.0|1.0|1.0|0.0|0.0|0.0|0.0|0.0|0.0|1.0|0.0|0.0|0.0|0.0|1.0|good
28.0|2715.0|29.0|0.0|0.0|0.0|0.0|0.0|0.0|0.0|1.0|0.0|0.0|0.0|0.0|0.0|0.0|1.0|0.0|0.0|0.0|0.0|0.0|0.0|1.0|0.0|0.0|0.0|1.0|0.0|0.0|1.0|0.0|0.0|0.0|0.0|0.0|1.0|0.0|0.0|0.0|0.0|1.0|good
450.0|2715.0|46.0|0.0|0.0|0.0|0.0|0.0|0.0|0.0|1.0|0.0|0.0|0.0|1.0|0.0|0.0|0.0|0.0|0.0|0.0|0.0|0.0|0.0|1.0|0.0|0.0|1.0|0.0|0.0|1.0|0.0|0.0|0.0|0.0|1.0|0.0|0.0|0.0|0.0|1.0|0.0|0.0|good
9.0|131300.0|20.0|0.0|0.0|0.0|0.0|1.0|0.0|0.0|0.0|0.0|0.0|0.0|0.0|0.0|0.0|1.0|0.0|0.0|0.0|0.0|0.0|0.0|1.0|0.0|0.0|0.0|1.0|0.0|1.0|0.0|0.0|0.0|0.0|1.0|0.0|0.0|0.0|0.0|1.0|0.0|0.0|good
18.0|1190.0|-1375.0|0.0|0.0|0.0|0.0|0.0|0.0|0.0|1.0|0.0|0.0|0.0|0.0|0.0|0.0|0.0|0.0|1.0|0.0|1.0|0.0|0.0|0.0|0.0|0.0|0.0|1.0|0.0|1.0|0.0|0.0|0.0|0.0|0.0|0.0|0.0|1.0|0.0|0.0|1.0|0.0|bad
-125.0|3448.0|3700.0|0.0|1.0|0.0|0.0|0.0|0.0|0.0|0.0|0.0|0.0|0.0|1.0|0.0|0.0|0.0|0.0|0.0|0.0|0.0|0.0|0.0|1.0|0.0|0.0|0.0|1.0|0.0|1.0|0.0|0.0|0.0|0.0|0.0|0.0|0.0|0.0|1.0|0.0|0.0|1.0|good
24.0|2715.0|29.0|0.0|0.0|0.0|0.0|0.0|0.0|0.0|1.0|0.0|0.0|0.0|1.0|0.0|0.0|0.0|0.0|0.0|0.0|0.0|0.0|0.0|1.0|0.0|0.0|0.0|1.0|0.0|0.0|1.0|0.0|0.0|0.0|0.0|1.0|0.0|0.0|0.0|0.0|0.0|1.0|bad
600.0|2715.0|-900.0|1.0|0.0|0.0|0.0|0.0|0.0|0.0|0.0|0.0|0.0|0.0|0.0|0.0|0.0|0.0|0.0|1.0|0.0|0.0|0.0|0.0|1.0|0.0|0.0|0.0|1.0|0.0|0.0|0.0|0.0|0.0|1.0|0.0|1.0|0.0|0.0|0.0|1.0|0.0|0.0|good
18.0|2715.0|33.0|0.0|0.0|0.0|0.0|0.0|0.0|0.0|0.0|1.0|0.0|0.0|0.0|1.0|0.0|0.0|0.0|0.0|0.0|0.0|1.0|0.0|0.0|0.0|1.0|0.0|0.0|0.0|0.0|0.0|0.0|0.0|1.0|1.0|0.0|0.0|0.0|0.0|1.0|0.0|0.0|good
18.0|2136.0|36.0|0.0|0.0|0.0|0.0|1.0|0.0|0.0|0.0|0.0|0.0|0.0|0.0|1.0|0.0|0.0|0.0|0.0|0.0|0.0|0.0|0.0|1.0|0.0|1.0|0.0|0.0|0.0|1.0|0.0|0.0|0.0|0.0|0.0|0.0|1.0|0.0|0.0|1.0|0.0|0.0|good
12.0|1484.0|25.0|0.0|0.0|0.0|0.0|0.0|0.0|0.0|1.0|0.0|0.0|0.0|0.0|1.0|0.0|0.0|0.0|0.0|0.0|0.0|0.0|0.0|1.0|1.0|0.0|0.0|0.0|0.0|1.0|0.0|0.0|0.0|0.0|0.0|0.0|1.0|0.0|0.0|0.0|0.0|1.0|bad
6.0|660.0|23.0|0.0|0.0|0.0|0.0|0.0|0.0|0.0|0.0|1.0|0.0|0.0|0.0|0.0|0.0|0.0|1.0|0.0|0.0|0.0|0.0|0.0|1.0|0.0|0.0|0.0|1.0|0.0|1.0|0.0|0.0|0.0|0.0|0.0|0.0|1.0|0.0|0.0|1.0|0.0|0.0|good
24.0|1287.0|37.0|0.0|0.0|0.0|0.0|0.0|1.0|0.0|0.0|0.0|0.0|0.0|0.0|0.0|0.0|1.0|0.0|0.0|0.0|1.0|0.0|0.0|0.0|0.0|0.0|0.0|1.0|0.0|0.0|1.0|0.0|0.0|0.0|0.0|0.0|1.0|0.0|0.0|1.0|0.0|0.0|good
18.0|3394.0|36.0|0.0|0.0|0.0|0.0|0.0|0.0|0.0|0.0|1.0|0.0|0.0|1.0|0.0|0.0|0.0|0.0|0.0|0.0|0.0|0.0|0.0|1.0|0.0|0.0|0.0|1.0|0.0|0.0|1.0|0.0|0.0|0.0|1.0|0.0|0.0|0.0|0.0|0.0|0.0|1.0|good
-300.0|609.0|26.0|0.0|1.0|0.0|0.0|0.0|0.0|0.0|0.0|0.0|0.0|0.0|0.0|0.0|1.0|0.0|0.0|0.0|1.0|0.0|0.0|0.0|0.0|1.0|0.0|0.0|0.0|0.0|1.0|0.0|0.0|0.0|0.0|1.0|0.0|0.0|0.0|0.0|1.0|0.0|0.0|bad
12.0|1884.0|39.0|0.0|0.0|0.0|0.0|0.0|1.0|0.0|0.0|0.0|0.0|0.0|0.0|0.0|0.0|1.0|0.0|0.0|0.0|0.0|0.0|0.0|1.0|0.0|0.0|0.0|1.0|0.0|1.0|0.0|0.0|0.0|0.0|0.0|1.0|0.0|0.0|0.0|1.0|0.0|0.0|good
12.0|2715.0|30.0|1.0|0.0|0.0|0.0|0.0|0.0|0.0|0.0|0.0|0.0|0.0|0.0|1.0|0.0|0.0|0.0|0.0|0.0|1.0|0.0|0.0|0.0|0.0|0.0|1.0|0.0|0.0|0.0|0.0|0.0|0.0|1.0|0.0|0.0|1.0|0.0|0.0|1.0|0.0|0.0|good
20.0|2629.0|29.0|0.0|0.0|0.0|0.0|0.0|0.0|1.0|0.0|0.0|0.0|0.0|0.0|1.0|0.0|0.0|0.0|0.0|0.0|0.0|0.0|0.0|1.0|0.0|0.0|1.0|0.0|0.0|0.0|1.0|0.0|0.0|0.0|0.0|0.0|1.0|0.0|0.0|0.0|0.0|1.0|good
12.0|719.0|41.0|0.0|0.0|0.0|1.0|0.0|0.0|0.0|0.0|0.0|0.0|0.0|0.0|0.0|0.0|1.0|0.0|0.0|0.0|0.0|0.0|0.0|1.0|0.0|0.0|0.0|1.0|0.0|1.0|0.0|0.0|0.0|0.0|0.0|0.0|0.0|0.0|1.0|0.0|1.0|0.0|bad
48.0|2715.0|36.0|0.0|0.0|0.0|0.0|1.0|0.0|0.0|0.0|0.0|0.0|0.0|0.0|1.0|0.0|0.0|0.0|0.0|0.0|1.0|0.0|0.0|0.0|0.0|0.0|1.0|0.0|0.0|0.0|0.0|0.0|0.0|1.0|0.0|1.0|0.0|0.0|0.0|1.0|0.0|0.0|bad
18.0|1244.0|41.0|0.0|0.0|0.0|1.0|0.0|0.0|0.0|0.0|0.0|0.0|0.0|1.0|0.0|0.0|0.0|0.0|0.0|0.0|1.0|0.0|0.0|0.0|0.0|0.0|0.0|1.0|0.0|1.0|0.0|0.0|0.0|0.0|0.0|0.0|0.0|0.0|1.0|1.0|0.0|0.0|good
1800.0|1842.0|34.0|0.0|0.0|0.0|0.0|0.0|0.0|0.0|1.0|0.0|0.0|0.0|0.0|0.0|1.0|0.0|0.0|0.0|0.0|1.0|0.0|0.0|0.0|0.0|0.0|0.0|0.0|1.0|1.0|0.0|0.0|0.0|0.0|0.0|0.0|1.0|0.0|0.0|1.0|0.0|0.0|bad
350.0|2576.0|875.0|0.0|0.0|0.0|0.0|0.0|0.0|0.0|1.0|0.0|0.0|0.0|0.0|1.0|0.0|0.0|0.0|0.0|0.0|0.0|0.0|0.0|1.0|0.0|1.0|0.0|0.0|0.0|1.0|0.0|0.0|0.0|0.0|0.0|0.0|1.0|0.0|0.0|0.0|0.0|1.0|good
18.0|1424.0|55.0|0.0|0.0|0.0|0.0|1.0|0.0|0.0|0.0|0.0|0.0|0.0|0.0|0.0|0.0|1.0|0.0|0.0|0.0|0.0|0.0|0.0|1.0|0.0|0.0|0.0|1.0|0.0|1.0|0.0|0.0|0.0|0.0|0.0|1.0|0.0|0.0|0.0|1.0|0.0|0.0|good
15.0|1512.0|61.0|1.0|0.0|0.0|0.0|0.0|0.0|0.0|0.0|0.0|0.0|0.0|0.0|1.0|0.0|0.0|0.0|0.0|1.0|0.0|0.0|0.0|0.0|0.0|0.0|1.0|0.0|0.0|0.0|1.0|0.0|0.0|0.0|0.0|0.0|1.0|0.0|0.0|1.0|0.0|0.0|bad
36.0|11054.0|30.0|0.0|0.0|0.0|0.0|0.0|0.0|0.0|1.0|0.0|0.0|0.0|0.0|1.0|0.0|0.0|0.0|0.0|0.0|0.0|0.0|0.0|1.0|0.0|0.0|0.0|1.0|0.0|1.0|0.0|0.0|0.0|0.0|0.0|0.0|1.0|0.0|0.0|1.0|0.0|0.0|good
600.0|518.0|29.0|0.0|0.0|0.0|0.0|0.0|0.0|0.0|1.0|0.0|0.0|0.0|0.0|1.0|0.0|0.0|0.0|0.0|0.0|1.0|0.0|0.0|0.0|0.0|0.0|0.0|1.0|0.0|1.0|0.0|0.0|0.0|0.0|0.0|0.0|1.0|0.0|0.0|1.0|0.0|0.0|good
12.0|2759.0|850.0|0.0|0.0|0.0|0.0|1.0|0.0|0.0|0.0|0.0|0.0|0.0|0.0|0.0|0.0|1.0|0.0|0.0|0.0|0.0|0.0|0.0|1.0|0.0|0.0|0.0|0.0|1.0|1.0|0.0|0.0|0.0|0.0|0.0|0.0|1.0|0.0|0.0|1.0|0.0|0.0|good
24.0|2670.0|35.0|0.0|0.0|0.0|0.0|0.0|0.0|0.0|0.0|0.0|0.0|1.0|0.0|1.0|0.0|0.0|0.0|0.0|0.0|0.0|0.0|0.0|1.0|0.0|0.0|0.0|1.0|0.0|1.0|0.0|0.0|0.0|0.0|0.0|1.0|0.0|0.0|0.0|1.0|0.0|0.0|good
24.0|4817.0|31.0|1.0|0.0|0.0|0.0|0.0|0.0|0.0|0.0|0.0|0.0|0.0|0.0|0.0|0.0|0.0|1.0|0.0|1.0|0.0|0.0|0.0|0.0|0.0|0.0|0.0|1.0|0.0|1.0|0.0|0.0|0.0|0.0|0.0|0.0|1.0|0.0|0.0|1.0|0.0|0.0|bad
-600.0|2679.0|29.0|0.0|0.0|0.0|0.0|0.0|0.0|0.0|0.0|0.0|0.0|1.0|0.0|1.0|0.0|0.0|0.0|0.0|0.0|0.0|0.0|0.0|1.0|1.0|0.0|0.0|0.0|0.0|1.0|0.0|0.0|0.0|0.0|0.0|0.0|1.0|0.0|0.0|0.0|0.0|1.0|good
11.0|-97625.0|900.0|0.0|0.0|0.0|0.0|0.0|1.0|0.0|0.0|0.0|0.0|0.0|0.0|1.0|0.0|0.0|0.0|0.0|0.0|0.0|0.0|0.0|1.0|0.0|1.0|0.0|0.0|0.0|0.0|0.0|0.0|0.0|1.0|0.0|0.0|1.0|0.0|0.0|0.0|1.0|0.0|good
18.0|2715.0|35.0|1.0|0.0|0.0|0.0|0.0|0.0|0.0|0.0|0.0|0.0|0.0|0.0|1.0|0.0|0.0|0.0|0.0|1.0|0.0|0.0|0.0|0.0|0.0|0.0|0.0|1.0|0.0|1.0|0.0|0.0|0.0|0.0|0.0|0.0|1.0|0.0|0.0|1.0|0.0|0.0|bad
6.0|8575.0|27.0|0.0|0.0|1.0|0.0|0.0|0.0|0.0|0.0|0.0|0.0|0.0|0.0|1.0|0.0|0.0|0.0|0.0|0.0|1.0|0.0|0.0|0.0|1.0|0.0|0.0|0.0|0.0|1.0|0.0|0.0|0.0|0.0|0.0|0.0|1.0|0.0|0.0|1.0|0.0|0.0|good
18.0|4594.0|32.0|0.0|0.0|0.0|0.0|0.0|0.0|0.0|1.0|0.0|0.0|0.0|1.0|0.0|0.0|0.0|0.0|0.0|0.0|0.0|0.0|0.0|1.0|0.0|1.0|0.0|0.0|0.0|0.0|0.0|0.0|0.0|1.0|0.0|0.0|1.0|0.0|0.0|0.0|0.0|1.0|good
36.0|2715.0|37.0|0.0|0.0|0.0|0.0|1.0|0.0|0.0|0.0|0.0|0.0|0.0|0.0|1.0|0.0|0.0|0.0|0.0|0.0|0.0|0.0|0.0|1.0|0.0|1.0|0.0|0.0|0.0|1.0|0.0|0.0|0.0|0.0|0.0|0.0|1.0|0.0|0.0|0.0|1.0|0.0|good
15.0|1721.0|36.0|1.0|0.0|0.0|0.0|0.0|0.0|0.0|0.0|0.0|0.0|0.0|0.0|0.0|1.0|0.0|0.0|0.0|1.0|0.0|0.0|0.0|0.0|0.0|0.0|0.0|0.0|1.0|1.0|0.0|0.0|0.0|0.0|0.0|0.0|1.0|0.0|0.0|1.0|0.0|0.0|good
12.0|3017.0|-850.0|0.0|0.0|0.0|0.0|0.0|0.0|0.0|1.0|0.0|0.0|0.0|0.0|0.0|1.0|0.0|0.0|0.0|0.0|1.0|0.0|0.0|0.0|1.0|0.0|0.0|0.0|0.0|1.0|0.0|0.0|0.0|0.0|0.0|1.0|0.0|0.0|0.0|1.0|0.0|0.0|good
300.0|2715.0|38.0|0.0|0.0|0.0|0.0|0.0|0.0|0.0|0.0|0.0|1.0|0.0|0.0|1.0|0.0|0.0|0.0|0.0|0.0|0.0|0.0|0.0|1.0|0.0|0.0|0.0|1.0|0.0|1.0|0.0|0.0|0.0|0.0|0.0|0.0|1.0|0.0|0.0|1.0|0.0|0.0|good
18.0|1950.0|-850.0|1.0|0.0|0.0|0.0|0.0|0.0|0.0|0.0|0.0|0.0|0.0|0.0|1.0|0.0|0.0|0.0|0.0|0.0|0.0|0.0|0.0|1.0|1.0|0.0|0.0|0.0|0.0|0.0|1.0|0.0|0.0|0.0|0.0|0.0|1.0|0.0|0.0|1.0|0.0|0.0|good
24.0|2924.0|63.0|0.0|0.0|0.0|0.0|0.0|0.0|0.0|1.0|0.0|0.0|0.0|0.0|1.0|0.0|0.0|0.0|0.0|0.0|0.0|0.0|0.0|1.0|0.0|0.0|0.0|0.0|1.0|1.0|0.0|0.0|0.0|0.0|1.0|0.0|0.0|0.0|0.0|0.0|0.0|1.0|good
24.0|1659.0|29.0|1.0|0.0|0.0|0.0|0.0|0.0|0.0|0.0|0.0|0.0|0.0|0.0|0.0|1.0|0.0|0.0|0.0|0.0|0.0|0.0|0.0|1.0|0.0|1.0|0.0|0.0|0.0|1.0|0.0|0.0|0.0|0.0|0.0|0.0|0.0|0.0|1.0|1.0|0.0|0.0|bad
48.0|7238.0|32.0|0.0|0.0|0.0|0.0|0.0|0.0|0.0|1.0|0.0|0.0|0.0|0.0|1.0|0.0|0.0|0.0|0.0|0.0|0.0|0.0|0.0|1.0|0.0|0.0|1.0|0.0|0.0|0.0|1.0|0.0|0.0|0.0|0.0|0.0|1.0|0.0|0.0|0.0|1.0|0.0|good
33.0|2764.0|36.0|0.0|1.0|0.0|0.0|0.0|0.0|0.0|0.0|0.0|0.0|0.0|0.0|1.0|0.0|0.0|0.0|0.0|0.0|1.0|0.0|0.0|0.0|0.0|1.0|0.0|0.0|0.0|1.0|0.0|0.0|0.0|0.0|0.0|0.0|1.0|0.0|0.0|1.0|0.0|0.0|good
24.0|2715.0|35.0|0.0|0.0|0.0|0.0|0.0|0.0|0.0|1.0|0.0|0.0|0.0|0.0|0.0|0.0|0.0|1.0|0.0|1.0|0.0|0.0|0.0|0.0|0.0|0.0|1.0|0.0|0.0|0.0|1.0|0.0|0.0|0.0|0.0|0.0|0.0|0.0|1.0|1.0|0.0|0.0|good
24.0|77300.0|22.0|0.0|0.0|0.0|0.0|0.0|0.0|0.0|1.0|0.0|0.0|0.0|0.0|0.0|1.0|0.0|0.0|0.0|0.0|0.0|0.0|0.0|1.0|0.0|1.0|0.0|0.0|0.0|0.0|0.0|0.0|0.0|1.0|0.0|0.0|1.0|0.0|0.0|1.0|0.0|0.0|bad
6.0|11200.0|36.0|0.0|0.0|0.0|1.0|0.0|0.0|0.0|0.0|0.0|0.0|0.0|0.0|0.0|1.0|0.0|0.0|0.0|0.0|0.0|0.0|0.0|1.0|0.0|0.0|0.0|1.0|0.0|0.0|0.0|0.0|0.0|1.0|0.0|0.0|1.0|0.0|0.0|1.0|0.0|0.0|bad
9.0|654.0|28.0|0.0|0.0|0.0|0.0|0.0|1.0|0.0|0.0|0.0|0.0|0.0|1.0|0.0|0.0|0.0|0.0|0.0|0.0|0.0|0.0|0.0|1.0|0.0|0.0|0.0|0.0|1.0|1.0|0.0|0.0|0.0|0.0|0.0|0.0|0.0|0.0|1.0|1.0|0.0|0.0|bad
6.0|1238.0|36.0|0.0|0.0|0.0|0.0|0.0|0.0|0.0|1.0|0.0|0.0|0.0|0.0|1.0|0.0|0.0|0.0|0.0|0.0|0.0|0.0|0.0|1.0|0.0|0.0|0.0|0.0|1.0|1.0|0.0|0.0|0.0|0.0|0.0|1.0|0.0|0.0|0.0|0.0|1.0|0.0|good
-450.0|62250.0|33.0|0.0|0.0|0.0|0.0|0.0|0.0|0.0|1.0|0.0|0.0|0.0|0.0|1.0|0.0|0.0|0.0|0.0|0.0|0.0|0.0|0.0|1.0|0.0|0.0|0.0|0.0|1.0|1.0|0.0|0.0|0.0|0.0|0.0|0.0|1.0|0.0|0.0|0.0|0.0|1.0|bad
18.0|2715.0|26.0|0.0|0.0|0.0|0.0|1.0|0.0|0.0|0.0|0.0|0.0|0.0|0.0|0.0|1.0|0.0|0.0|0.0|0.0|0.0|0.0|0.0|1.0|0.0|0.0|0.0|0.0|1.0|1.0|0.0|0.0|0.0|0.0|0.0|0.0|1.0|0.0|0.0|1.0|0.0|0.0|bad
18.0|2569.0|36.0|1.0|0.0|0.0|0.0|0.0|0.0|0.0|0.0|0.0|0.0|0.0|0.0|1.0|0.0|0.0|0.0|0.0|0.0|0.0|0.0|0.0|1.0|0.0|0.0|0.0|1.0|0.0|1.0|0.0|0.0|0.0|0.0|0.0|0.0|1.0|0.0|0.0|1.0|0.0|0.0|good
24.0|5152.0|25.0|0.0|0.0|0.0|0.0|0.0|0.0|0.0|1.0|0.0|0.0|0.0|0.0|0.0|0.0|0.0|1.0|0.0|0.0|0.0|0.0|0.0|1.0|0.0|0.0|0.0|0.0|1.0|1.0|0.0|0.0|0.0|0.0|0.0|0.0|1.0|0.0|0.0|1.0|0.0|0.0|good
12.0|1037.0|39.0|0.0|1.0|0.0|0.0|0.0|0.0|0.0|0.0|0.0|0.0|0.0|0.0|0.0|0.0|0.0|1.0|0.0|0.0|0.0|0.0|0.0|1.0|0.0|0.0|0.0|1.0|0.0|1.0|0.0|0.0|0.0|0.0|0.0|0.0|0.0|0.0|1.0|1.0|0.0|0.0|good
15.0|2715.0|36.0|0.0|0.0|0.0|0.0|1.0|0.0|0.0|0.0|0.0|0.0|0.0|0.0|0.0|0.0|1.0|0.0|0.0|0.0|0.0|0.0|0.0|1.0|0.0|0.0|0.0|1.0|0.0|0.0|1.0|0.0|0.0|0.0|0.0|0.0|1.0|0.0|0.0|0.0|1.0|0.0|good
12.0|357300.0|-575.0|0.0|0.0|0.0|0.0|0.0|0.0|0.0|1.0|0.0|0.0|0.0|0.0|1.0|0.0|0.0|0.0|0.0|1.0|0.0|0.0|0.0|0.0|1.0|0.0|0.0|0.0|0.0|1.0|0.0|0.0|0.0|0.0|0.0|0.0|0.0|0.0|1.0|1.0|0.0|0.0|good
18.0|1201.0|-650.0|0.0|0.0|0.0|0.0|0.0|1.0|0.0|0.0|0.0|0.0|0.0|0.0|0.0|1.0|0.0|0.0|0.0|0.0|0.0|0.0|0.0|1.0|0.0|0.0|0.0|0.0|1.0|1.0|0.0|0.0|0.0|0.0|0.0|0.0|1.0|0.0|0.0|0.0|0.0|1.0|good
-750.0|2715.0|57.0|0.0|0.0|0.0|0.0|1.0|0.0|0.0|0.0|0.0|0.0|0.0|0.0|0.0|0.0|1.0|0.0|0.0|0.0|0.0|0.0|0.0|1.0|0.0|0.0|0.0|1.0|0.0|0.0|1.0|0.0|0.0|0.0|0.0|0.0|1.0|0.0|0.0|0.0|0.0|1.0|good
18.0|2715.0|1500.0|0.0|0.0|0.0|0.0|1.0|0.0|0.0|0.0|0.0|0.0|0.0|0.0|1.0|0.0|0.0|0.0|0.0|0.0|1.0|0.0|0.0|0.0|0.0|1.0|0.0|0.0|0.0|0.0|1.0|0.0|0.0|0.0|0.0|0.0|1.0|0.0|0.0|1.0|0.0|0.0|good
12.0|1163.0|36.0|0.0|0.0|0.0|0.0|0.0|1.0|0.0|0.0|0.0|0.0|0.0|0.0|1.0|0.0|0.0|0.0|0.0|1.0|0.0|0.0|0.0|0.0|0.0|0.0|0.0|0.0|1.0|1.0|0.0|0.0|0.0|0.0|0.0|0.0|1.0|0.0|0.0|1.0|0.0|0.0|good
18.0|1209.0|47.0|0.0|0.0|0.0|0.0|0.0|1.0|0.0|0.0|0.0|0.0|0.0|1.0|0.0|0.0|0.0|0.0|0.0|0.0|0.0|0.0|0.0|1.0|0.0|0.0|0.0|1.0|0.0|1.0|0.0|0.0|0.0|0.0|0.0|1.0|0.0|0.0|0.0|1.0|0.0|0.0|bad
12.0|2715.0|52.0|0.0|0.0|0.0|0.0|0.0|0.0|0.0|1.0|0.0|0.0|0.0|0.0|1.0|0.0|0.0|0.0|0.0|1.0|0.0|0.0|0.0|0.0|0.0|0.0|0.0|0.0|1.0|1.0|0.0|0.0|0.0|0.0|0.0|0.0|1.0|0.0|0.0|1.0|0.0|0.0|good
24.0|3757.0|62.0|0.0|0.0|0.0|0.0|0.0|0.0|0.0|1.0|0.0|0.0|0.0|1.0|0.0|0.0|0.0|0.0|0.0|1.0|0.0|0.0|0.0|0.0|0.0|0.0|0.0|1.0|0.0|1.0|0.0|0.0|0.0|0.0|0.0|0.0|1.0|0.0|0.0|0.0|0.0|1.0|good
18.0|1418.0|36.0|0.0|0.0|0.0|0.0|0.0|1.0|0.0|0.0|0.0|0.0|0.0|0.0|1.0|0.0|0.0|0.0|0.0|0.0|0.0|0.0|0.0|1.0|0.0|0.0|0.0|1.0|0.0|1.0|0.0|0.0|0.0|0.0|0.0|0.0|1.0|0.0|0.0|1.0|0.0|0.0|good
6.0|3518.0|26.0|0.0|0.0|0.0|0.0|0.0|1.0|0.0|0.0|0.0|0.0|0.0|0.0|1.0|0.0|0.0|0.0|0.0|0.0|0.0|0.0|0.0|1.0|0.0|0.0|0.0|1.0|0.0|1.0|0.0|0.0|0.0|0.0|1.0|0.0|0.0|0.0|0.0|0.0|0.0|1.0|good
12.0|1934.0|2600.0|0.0|0.0|0.0|0.0|0.0|0.0|0.0|1.0|0.0|0.0|0.0|0.0|0.0|0.0|1.0|0.0|0.0|0.0|0.0|0.0|0.0|1.0|0.0|0.0|0.0|0.0|1.0|0.0|1.0|0.0|0.0|0.0|1.0|0.0|0.0|0.0|0.0|1.0|0.0|0.0|good
18.0|2715.0|42.0|0.0|1.0|0.0|0.0|0.0|0.0|0.0|0.0|0.0|0.0|0.0|0.0|1.0|0.0|0.0|0.0|0.0|0.0|1.0|0.0|0.0|0.0|0.0|0.0|0.0|0.0|1.0|0.0|1.0|0.0|0.0|0.0|0.0|1.0|0.0|0.0|0.0|0.0|0.0|1.0|bad
6.0|2715.0|27.0|0.0|0.0|0.0|0.0|0.0|0.0|0.0|1.0|0.0|0.0|0.0|0.0|1.0|0.0|0.0|0.0|0.0|0.0|1.0|0.0|0.0|0.0|1.0|0.0|0.0|0.0|0.0|0.0|1.0|0.0|0.0|0.0|0.0|0.0|1.0|0.0|0.0|1.0|0.0|0.0|good
18.0|9200.0|36.0|0.0|0.0|0.0|0.0|0.0|0.0|0.0|1.0|0.0|0.0|0.0|0.0|0.0|0.0|1.0|0.0|0.0|0.0|0.0|0.0|0.0|1.0|0.0|0.0|0.0|1.0|0.0|1.0|0.0|0.0|0.0|0.0|0.0|0.0|1.0|0.0|0.0|1.0|0.0|0.0|good
18.0|2715.0|39.0|0.0|0.0|0.0|0.0|0.0|1.0|0.0|0.0|0.0|0.0|0.0|0.0|1.0|0.0|0.0|0.0|0.0|0.0|0.0|0.0|0.0|1.0|0.0|1.0|0.0|0.0|0.0|0.0|1.0|0.0|0.0|0.0|0.0|0.0|0.0|0.0|1.0|0.0|0.0|1.0|good
18.0|2996.0|2000.0|0.0|0.0|0.0|0.0|1.0|0.0|0.0|0.0|0.0|0.0|0.0|0.0|1.0|0.0|0.0|0.0|0.0|1.0|0.0|0.0|0.0|0.0|0.0|0.0|0.0|1.0|0.0|1.0|0.0|0.0|0.0|0.0|1.0|0.0|0.0|0.0|0.0|1.0|0.0|0.0|bad
18.0|-225850.0|29.0|1.0|0.0|0.0|0.0|0.0|0.0|0.0|0.0|0.0|0.0|0.0|0.0|0.0|1.0|0.0|0.0|0.0|0.0|0.0|0.0|0.0|1.0|1.0|0.0|0.0|0.0|0.0|1.0|0.0|0.0|0.0|0.0|0.0|0.0|1.0|0.0|0.0|1.0|0.0|0.0|bad
24.0|2715.0|36.0|0.0|0.0|0.0|0.0|0.0|0.0|0.0|1.0|0.0|0.0|0.0|0.0|0.0|0.0|0.0|1.0|0.0|1.0|0.0|0.0|0.0|0.0|0.0|0.0|0.0|0.0|1.0|0.0|1.0|0.0|0.0|0.0|0.0|0.0|1.0|0.0|0.0|1.0|0.0|0.0|good
18.0|130100.0|32.0|0.0|0.0|0.0|0.0|0.0|0.0|0.0|1.0|0.0|0.0|0.0|0.0|0.0|0.0|1.0|0.0|0.0|0.0|0.0|0.0|1.0|0.0|0.0|0.0|0.0|1.0|0.0|0.0|0.0|0.0|0.0|1.0|0.0|0.0|0.0|0.0|1.0|1.0|0.0|0.0|good
300.0|-33075.0|28.0|0.0|0.0|0.0|0.0|0.0|0.0|0.0|1.0|0.0|0.0|0.0|0.0|0.0|0.0|1.0|0.0|0.0|0.0|0.0|1.0|0.0|0.0|0.0|0.0|0.0|1.0|0.0|0.0|0.0|0.0|0.0|1.0|0.0|0.0|1.0|0.0|0.0|0.0|1.0|0.0|good
2400.0|3123.0|27.0|0.0|0.0|0.0|0.0|0.0|1.0|0.0|0.0|0.0|0.0|0.0|1.0|0.0|0.0|0.0|0.0|0.0|0.0|1.0|0.0|0.0|0.0|1.0|0.0|0.0|0.0|0.0|1.0|0.0|0.0|0.0|0.0|1.0|0.0|0.0|0.0|0.0|1.0|0.0|0.0|bad
1800.0|5493.0|2100.0|0.0|0.0|0.0|0.0|0.0|0.0|0.0|0.0|0.0|0.0|1.0|0.0|1.0|0.0|0.0|0.0|0.0|1.0|0.0|0.0|0.0|0.0|0.0|0.0|0.0|0.0|1.0|1.0|0.0|0.0|0.0|0.0|0.0|0.0|1.0|0.0|0.0|1.0|0.0|0.0|good
18.0|1126.0|49.0|1.0|0.0|0.0|0.0|0.0|0.0|0.0|0.0|0.0|0.0|0.0|0.0|0.0|0.0|1.0|0.0|0.0|1.0|0.0|0.0|0.0|0.0|0.0|0.0|0.0|1.0|0.0|1.0|0.0|0.0|0.0|0.0|0.0|0.0|1.0|0.0|0.0|1.0|0.0|0.0|good
24.0|1216.0|38.0|1.0|0.0|0.0|0.0|0.0|0.0|0.0|0.0|0.0|0.0|0.0|0.0|0.0|1.0|0.0|0.0|0.0|1.0|0.0|0.0|0.0|0.0|0.0|0.0|0.0|1.0|0.0|0.0|1.0|0.0|0.0|0.0|0.0|0.0|1.0|0.0|0.0|0.0|0.0|1.0|bad
24.0|1207.0|24.0|0.0|0.0|0.0|0.0|0.0|1.0|0.0|0.0|0.0|0.0|0.0|1.0|0.0|0.0|0.0|0.0|0.0|0.0|1.0|0.0|0.0|0.0|0.0|0.0|0.0|0.0|1.0|1.0|0.0|0.0|0.0|0.0|0.0|0.0|1.0|0.0|0.0|1.0|0.0|0.0|bad
10.0|1309.0|27.0|1.0|0.0|0.0|0.0|0.0|0.0|0.0|0.0|0.0|0.0|0.0|1.0|0.0|0.0|0.0|0.0|0.0|0.0|0.0|0.0|0.0|1.0|0.0|0.0|0.0|1.0|0.0|1.0|0.0|0.0|0.0|0.0|0.0|0.0|1.0|0.0|0.0|1.0|0.0|0.0|bad
15.0|2360.0|3600.0|0.0|0.0|0.0|0.0|0.0|0.0|0.0|1.0|0.0|0.0|0.0|1.0|0.0|0.0|0.0|0.0|0.0|0.0|0.0|0.0|0.0|1.0|0.0|1.0|0.0|0.0|0.0|1.0|0.0|0.0|0.0|0.0|0.0|0.0|1.0|0.0|0.0|0.0|0.0|1.0|good
15.0|6850.0|34.0|1.0|0.0|0.0|0.0|0.0|0.0|0.0|0.0|0.0|0.0|0.0|0.0|0.0|0.0|0.0|0.0|1.0|0.0|0.0|0.0|0.0|1.0|0.0|0.0|0.0|1.0|0.0|1.0|0.0|0.0|0.0|0.0|0.0|1.0|0.0|0.0|0.0|0.0|1.0|0.0|bad
24.0|1413.0|28.0|0.0|0.0|0.0|0.0|0.0|0.0|0.0|1.0|0.0|0.0|0.0|1.0|0.0|0.0|0.0|0.0|0.0|0.0|0.0|0.0|0.0|1.0|0.0|1.0|0.0|0.0|0.0|0.0|0.0|0.0|0.0|1.0|0.0|0.0|1.0|0.0|0.0|0.0|0.0|1.0|good
39.0|8588.0|45.0|0.0|0.0|0.0|0.0|0.0|0.0|0.0|1.0|0.0|0.0|0.0|0.0|0.0|0.0|1.0|0.0|0.0|0.0|0.0|0.0|0.0|1.0|0.0|0.0|0.0|0.0|1.0|1.0|0.0|0.0|0.0|0.0|0.0|0.0|1.0|0.0|0.0|0.0|0.0|1.0|good
18.0|2715.0|26.0|0.0|0.0|0.0|0.0|0.0|1.0|0.0|0.0|0.0|0.0|0.0|0.0|0.0|0.0|0.0|1.0|0.0|0.0|0.0|0.0|0.0|1.0|0.0|1.0|0.0|0.0|0.0|1.0|0.0|0.0|0.0|0.0|1.0|0.0|0.0|0.0|0.0|1.0|0.0|0.0|bad
36.0|4686.0|36.0|0.0|0.0|0.0|0.0|0.0|0.0|0.0|0.0|0.0|0.0|1.0|0.0|1.0|0.0|0.0|0.0|0.0|0.0|0.0|0.0|0.0|1.0|0.0|1.0|0.0|0.0|0.0|0.0|0.0|0.0|0.0|1.0|0.0|0.0|1.0|0.0|0.0|1.0|0.0|0.0|good
15.0|2687.0|36.0|1.0|0.0|0.0|0.0|0.0|0.0|0.0|0.0|0.0|0.0|0.0|0.0|0.0|0.0|0.0|1.0|0.0|0.0|0.0|0.0|0.0|1.0|0.0|0.0|0.0|1.0|0.0|1.0|0.0|0.0|0.0|0.0|0.0|0.0|1.0|0.0|0.0|1.0|0.0|0.0|good
12.0|585.0|20.0|0.0|0.0|0.0|0.0|0.0|0.0|0.0|1.0|0.0|0.0|0.0|0.0|1.0|0.0|0.0|0.0|0.0|0.0|0.0|0.0|0.0|1.0|0.0|0.0|0.0|1.0|0.0|1.0|0.0|0.0|0.0|0.0|0.0|0.0|1.0|0.0|0.0|1.0|0.0|0.0|good
24.0|2255.0|54.0|0.0|0.0|0.0|0.0|0.0|1.0|0.0|0.0|0.0|0.0|0.0|0.0|1.0|0.0|0.0|0.0|0.0|0.0|0.0|0.0|0.0|1.0|1.0|0.0|0.0|0.0|0.0|0.0|0.0|0.0|0.0|1.0|0.0|0.0|1.0|0.0|0.0|1.0|0.0|0.0|good
-150.0|609.0|36.0|1.0|0.0|0.0|0.0|0.0|0.0|0.0|0.0|0.0|0.0|0.0|0.0|0.0|0.0|0.0|1.0|0.0|0.0|1.0|0.0|0.0|0.0|0.0|0.0|0.0|1.0|0.0|1.0|0.0|0.0|0.0|0.0|0.0|0.0|1.0|0.0|0.0|1.0|0.0|0.0|good
6.0|2715.0|40.0|1.0|0.0|0.0|0.0|0.0|0.0|0.0|0.0|0.0|0.0|0.0|0.0|0.0|1.0|0.0|0.0|0.0|0.0|0.0|0.0|0.0|1.0|0.0|0.0|0.0|1.0|0.0|0.0|0.0|0.0|0.0|1.0|0.0|0.0|0.0|0.0|1.0|0.0|1.0|0.0|good
36.0|7127.0|23.0|0.0|0.0|0.0|0.0|0.0|0.0|0.0|1.0|0.0|0.0|0.0|0.0|1.0|0.0|0.0|0.0|0.0|0.0|1.0|0.0|0.0|0.0|0.0|0.0|0.0|1.0|0.0|1.0|0.0|0.0|0.0|0.0|0.0|0.0|1.0|0.0|0.0|1.0|0.0|0.0|bad
6.0|2715.0|43.0|1.0|0.0|0.0|0.0|0.0|0.0|0.0|0.0|0.0|0.0|0.0|1.0|0.0|0.0|0.0|0.0|0.0|1.0|0.0|0.0|0.0|0.0|0.0|1.0|0.0|0.0|0.0|1.0|0.0|0.0|0.0|0.0|0.0|0.0|1.0|0.0|0.0|1.0|0.0|0.0|good
600.0|2715.0|36.0|0.0|0.0|0.0|0.0|0.0|0.0|0.0|1.0|0.0|0.0|0.0|0.0|1.0|0.0|0.0|0.0|0.0|0.0|0.0|0.0|0.0|1.0|0.0|0.0|0.0|1.0|0.0|0.0|0.0|0.0|0.0|1.0|0.0|0.0|1.0|0.0|0.0|1.0|0.0|0.0|good
24.0|5507.0|2200.0|0.0|0.0|0.0|0.0|0.0|0.0|0.0|0.0|1.0|0.0|0.0|0.0|0.0|0.0|1.0|0.0|0.0|0.0|0.0|0.0|0.0|1.0|0.0|0.0|0.0|1.0|0.0|0.0|1.0|0.0|0.0|0.0|1.0|0.0|0.0|0.0|0.0|0.0|0.0|1.0|good
18.0|3190.0|36.0|1.0|0.0|0.0|0.0|0.0|0.0|0.0|0.0|0.0|0.0|0.0|0.0|1.0|0.0|0.0|0.0|0.0|0.0|1.0|0.0|0.0|0.0|0.0|0.0|0.0|1.0|0.0|1.0|0.0|0.0|0.0|0.0|0.0|0.0|1.0|0.0|0.0|0.0|0.0|1.0|bad
18.0|7119.0|53.0|0.0|0.0|0.0|0.0|1.0|0.0|0.0|0.0|0.0|0.0|0.0|0.0|1.0|0.0|0.0|0.0|0.0|1.0|0.0|0.0|0.0|0.0|0.0|0.0|0.0|1.0|0.0|1.0|0.0|0.0|0.0|0.0|1.0|0.0|0.0|0.0|0.0|0.0|1.0|0.0|bad
24.0|348800.0|36.0|0.0|0.0|0.0|0.0|0.0|0.0|0.0|0.0|0.0|0.0|1.0|0.0|0.0|0.0|0.0|1.0|0.0|0.0|1.0|0.0|0.0|0.0|0.0|0.0|0.0|0.0|1.0|1.0|0.0|0.0|0.0|0.0|0.0|0.0|1.0|0.0|0.0|1.0|0.0|0.0|good
18.0|1113.0|26.0|0.0|0.0|0.0|0.0|0.0|0.0|0.0|1.0|0.0|0.0|0.0|0.0|1.0|0.0|0.0|0.0|0.0|0.0|1.0|0.0|0.0|0.0|0.0|0.0|0.0|1.0|0.0|1.0|0.0|0.0|0.0|0.0|0.0|0.0|0.0|0.0|1.0|0.0|0.0|1.0|good
26.0|7966.0|30.0|0.0|0.0|0.0|0.0|0.0|0.0|0.0|0.0|0.0|0.0|1.0|0.0|0.0|1.0|0.0|0.0|0.0|0.0|0.0|0.0|0.0|1.0|0.0|0.0|0.0|1.0|0.0|0.0|1.0|0.0|0.0|0.0|0.0|0.0|1.0|0.0|0.0|1.0|0.0|0.0|good
1500.0|2715.0|31.0|0.0|0.0|0.0|1.0|0.0|0.0|0.0|0.0|0.0|0.0|0.0|0.0|1.0|0.0|0.0|0.0|0.0|0.0|1.0|0.0|0.0|0.0|0.0|0.0|1.0|0.0|0.0|1.0|0.0|0.0|0.0|0.0|0.0|0.0|1.0|0.0|0.0|1.0|0.0|0.0|good
4.0|1503.0|42.0|0.0|0.0|0.0|0.0|0.0|0.0|0.0|1.0|0.0|0.0|0.0|0.0|1.0|0.0|0.0|0.0|0.0|0.0|0.0|0.0|0.0|1.0|0.0|0.0|0.0|0.0|1.0|0.0|1.0|0.0|0.0|0.0|0.0|0.0|0.0|0.0|1.0|0.0|1.0|0.0|good
36.0|2302.0|31.0|0.0|0.0|0.0|0.0|0.0|0.0|0.0|1.0|0.0|0.0|0.0|1.0|0.0|0.0|0.0|0.0|0.0|0.0|0.0|1.0|0.0|0.0|0.0|0.0|0.0|0.0|1.0|1.0|0.0|0.0|0.0|0.0|0.0|0.0|1.0|0.0|0.0|1.0|0.0|0.0|bad
6.0|662.0|41.0|0.0|0.0|0.0|0.0|0.0|1.0|0.0|0.0|0.0|0.0|0.0|0.0|0.0|1.0|0.0|0.0|0.0|0.0|0.0|0.0|0.0|1.0|0.0|0.0|0.0|1.0|0.0|1.0|0.0|0.0|0.0|0.0|0.0|0.0|0.0|0.0|1.0|0.0|1.0|0.0|good
18.0|2273.0|32.0|0.0|0.0|0.0|1.0|0.0|0.0|0.0|0.0|0.0|0.0|0.0|0.0|1.0|0.0|0.0|0.0|0.0|0.0|0.0|0.0|0.0|1.0|0.0|0.0|0.0|1.0|0.0|0.0|1.0|0.0|0.0|0.0|0.0|0.0|1.0|0.0|0.0|0.0|0.0|1.0|good
15.0|2631.0|28.0|0.0|0.0|0.0|0.0|0.0|1.0|0.0|0.0|0.0|0.0|0.0|0.0|1.0|0.0|0.0|0.0|0.0|0.0|1.0|0.0|0.0|0.0|0.0|0.0|0.0|1.0|0.0|0.0|1.0|0.0|0.0|0.0|0.0|0.0|1.0|0.0|0.0|1.0|0.0|0.0|bad
12.0|1503.0|4100.0|0.0|0.0|0.0|0.0|0.0|0.0|0.0|0.0|0.0|0.0|1.0|0.0|1.0|0.0|0.0|0.0|0.0|0.0|0.0|0.0|0.0|1.0|0.0|0.0|0.0|1.0|0.0|1.0|0.0|0.0|0.0|0.0|1.0|0.0|0.0|0.0|0.0|1.0|0.0|0.0|good
24.0|1311.0|1300.0|0.0|0.0|0.0|0.0|0.0|0.0|0.0|1.0|0.0|0.0|0.0|0.0|1.0|0.0|0.0|0.0|0.0|0.0|0.0|0.0|0.0|1.0|0.0|0.0|0.0|0.0|1.0|1.0|0.0|0.0|0.0|0.0|0.0|0.0|1.0|0.0|0.0|1.0|0.0|0.0|good
24.0|2715.0|25.0|0.0|0.0|0.0|0.0|0.0|0.0|0.0|1.0|0.0|0.0|0.0|0.0|0.0|1.0|0.0|0.0|0.0|0.0|0.0|0.0|0.0|1.0|0.0|1.0|0.0|0.0|0.0|0.0|1.0|0.0|0.0|0.0|0.0|0.0|1.0|0.0|0.0|1.0|0.0|0.0|good
21.0|-57975.0|33.0|0.0|0.0|0.0|1.0|0.0|0.0|0.0|0.0|0.0|0.0|0.0|0.0|0.0|1.0|0.0|0.0|0.0|0.0|0.0|1.0|0.0|0.0|0.0|0.0|0.0|1.0|0.0|1.0|0.0|0.0|0.0|0.0|0.0|0.0|1.0|0.0|0.0|1.0|0.0|0.0|bad
6.0|1374.0|75.0|1.0|0.0|0.0|0.0|0.0|0.0|0.0|0.0|0.0|0.0|0.0|0.0|0.0|0.0|0.0|0.0|1.0|0.0|1.0|0.0|0.0|0.0|0.0|0.0|1.0|0.0|0.0|0.0|0.0|0.0|0.0|1.0|0.0|1.0|0.0|0.0|0.0|1.0|0.0|0.0|good
18.0|3612.0|925.0|0.0|0.0|0.0|0.0|1.0|0.0|0.0|0.0|0.0|0.0|0.0|0.0|0.0|0.0|1.0|0.0|0.0|0.0|1.0|0.0|0.0|0.0|0.0|0.0|0.0|1.0|0.0|1.0|0.0|0.0|0.0|0.0|0.0|0.0|1.0|0.0|0.0|1.0|0.0|0.0|good
18.0|2715.0|42.0|0.0|0.0|0.0|0.0|0.0|1.0|0.0|0.0|0.0|0.0|0.0|0.0|1.0|0.0|0.0|0.0|0.0|0.0|0.0|0.0|0.0|1.0|0.0|0.0|0.0|1.0|0.0|1.0|0.0|0.0|0.0|0.0|0.0|1.0|0.0|0.0|0.0|1.0|0.0|0.0|bad
18.0|3049.0|45.0|1.0|0.0|0.0|0.0|0.0|0.0|0.0|0.0|0.0|0.0|0.0|0.0|0.0|1.0|0.0|0.0|0.0|0.0|0.0|0.0|0.0|1.0|1.0|0.0|0.0|0.0|0.0|1.0|0.0|0.0|0.0|0.0|0.0|0.0|0.0|0.0|1.0|1.0|0.0|0.0|good
12.0|1534.0|23.0|0.0|0.0|0.0|0.0|0.0|0.0|0.0|1.0|0.0|0.0|0.0|0.0|1.0|0.0|0.0|0.0|0.0|0.0|0.0|0.0|1.0|0.0|1.0|0.0|0.0|0.0|0.0|1.0|0.0|0.0|0.0|0.0|1.0|0.0|0.0|0.0|0.0|1.0|0.0|0.0|bad
24.0|2032.0|60.0|1.0|0.0|0.0|0.0|0.0|0.0|0.0|0.0|0.0|0.0|0.0|1.0|0.0|0.0|0.0|0.0|0.0|0.0|0.0|0.0|0.0|1.0|0.0|0.0|0.0|1.0|0.0|0.0|1.0|0.0|0.0|0.0|0.0|0.0|1.0|0.0|0.0|1.0|0.0|0.0|good
30.0|6350.0|1550.0|0.0|0.0|0.0|0.0|1.0|0.0|0.0|0.0|0.0|0.0|0.0|0.0|0.0|0.0|1.0|0.0|0.0|1.0|0.0|0.0|0.0|0.0|0.0|0.0|0.0|0.0|1.0|1.0|0.0|0.0|0.0|0.0|0.0|0.0|1.0|0.0|0.0|1.0|0.0|0.0|bad
18.0|2864.0|34.0|0.0|0.0|0.0|0.0|1.0|0.0|0.0|0.0|0.0|0.0|0.0|0.0|1.0|0.0|0.0|0.0|0.0|0.0|0.0|0.0|0.0|1.0|0.0|0.0|0.0|0.0|1.0|1.0|0.0|0.0|0.0|0.0|0.0|0.0|1.0|0.0|0.0|0.0|1.0|0.0|bad
12.0|1255.0|1525.0|0.0|0.0|0.0|0.0|0.0|1.0|0.0|0.0|0.0|0.0|0.0|0.0|0.0|0.0|1.0|0.0|0.0|0.0|0.0|0.0|0.0|1.0|0.0|0.0|0.0|1.0|0.0|0.0|0.0|0.0|0.0|1.0|0.0|0.0|1.0|0.0|0.0|1.0|0.0|0.0|good
24.0|2715.0|43.0|0.0|0.0|0.0|0.0|0.0|0.0|0.0|1.0|0.0|0.0|0.0|1.0|0.0|0.0|0.0|0.0|0.0|0.0|0.0|0.0|0.0|1.0|0.0|1.0|0.0|0.0|0.0|0.0|1.0|0.0|0.0|0.0|0.0|0.0|1.0|0.0|0.0|0.0|0.0|1.0|bad
1200.0|101100.0|3700.0|0.0|0.0|0.0|0.0|0.0|1.0|0.0|0.0|0.0|0.0|0.0|0.0|1.0|0.0|0.0|0.0|0.0|0.0|0.0|0.0|0.0|1.0|0.0|0.0|0.0|1.0|0.0|1.0|0.0|0.0|0.0|0.0|0.0|0.0|1.0|0.0|0.0|1.0|0.0|0.0|good
18.0|2715.0|36.0|0.0|0.0|0.0|0.0|0.0|0.0|0.0|1.0|0.0|0.0|0.0|0.0|0.0|0.0|0.0|1.0|0.0|0.0|0.0|0.0|0.0|1.0|1.0|0.0|0.0|0.0|0.0|1.0|0.0|0.0|0.0|0.0|0.0|0.0|1.0|0.0|0.0|0.0|0.0|1.0|good
12.0|626.0|24.0|1.0|0.0|0.0|0.0|0.0|0.0|0.0|0.0|0.0|0.0|0.0|0.0|1.0|0.0|0.0|0.0|0.0|0.0|1.0|0.0|0.0|0.0|0.0|0.0|0.0|1.0|0.0|1.0|0.0|0.0|0.0|0.0|0.0|0.0|0.0|0.0|1.0|1.0|0.0|0.0|bad
48.0|8858.0|35.0|0.0|0.0|0.0|0.0|0.0|0.0|0.0|0.0|0.0|0.0|1.0|0.0|1.0|0.0|0.0|0.0|0.0|0.0|0.0|0.0|0.0|1.0|1.0|0.0|0.0|0.0|0.0|1.0|0.0|0.0|0.0|0.0|0.0|0.0|1.0|0.0|0.0|1.0|0.0|0.0|good
12.0|996.0|23.0|1.0|0.0|0.0|0.0|0.0|0.0|0.0|0.0|0.0|0.0|0.0|1.0|0.0|0.0|0.0|0.0|0.0|0.0|1.0|0.0|0.0|0.0|0.0|0.0|0.0|1.0|0.0|0.0|0.0|0.0|0.0|1.0|1.0|0.0|0.0|0.0|0.0|1.0|0.0|0.0|good
6.0|2715.0|4500.0|0.0|0.0|0.0|0.0|0.0|0.0|0.0|1.0|0.0|0.0|0.0|0.0|1.0|0.0|0.0|0.0|0.0|0.0|0.0|0.0|0.0|1.0|0.0|0.0|0.0|1.0|0.0|1.0|0.0|0.0|0.0|0.0|0.0|0.0|0.0|0.0|1.0|0.0|1.0|0.0|good
48.0|6999.0|-850.0|0.0|0.0|0.0|0.0|0.0|0.0|0.0|1.0|0.0|0.0|0.0|1.0|0.0|0.0|0.0|0.0|0.0|1.0|0.0|0.0|0.0|0.0|1.0|0.0|0.0|0.0|0.0|1.0|0.0|0.0|0.0|0.0|0.0|0.0|1.0|0.0|0.0|1.0|0.0|0.0|bad
12.0|99750.0|27.0|1.0|0.0|0.0|0.0|0.0|0.0|0.0|0.0|0.0|0.0|0.0|0.0|0.0|1.0|0.0|0.0|0.0|1.0|0.0|0.0|0.0|0.0|0.0|0.0|0.0|0.0|1.0|1.0|0.0|0.0|0.0|0.0|0.0|0.0|1.0|0.0|0.0|1.0|0.0|0.0|good
9.0|2715.0|36.0|0.0|0.0|0.0|0.0|0.0|0.0|0.0|1.0|0.0|0.0|0.0|0.0|0.0|0.0|0.0|1.0|0.0|1.0|0.0|0.0|0.0|0.0|0.0|0.0|0.0|1.0|0.0|0.0|1.0|0.0|0.0|0.0|0.0|1.0|0.0|0.0|0.0|1.0|0.0|0.0|good
12.0|1331.0|22.0|0.0|0.0|0.0|0.0|0.0|0.0|0.0|1.0|0.0|0.0|0.0|0.0|0.0|1.0|0.0|0.0|0.0|0.0|0.0|0.0|0.0|1.0|0.0|0.0|0.0|0.0|1.0|1.0|0.0|0.0|0.0|0.0|0.0|0.0|1.0|0.0|0.0|1.0|0.0|0.0|bad
18.0|2278.0|28.0|0.0|0.0|0.0|0.0|0.0|1.0|0.0|0.0|0.0|0.0|0.0|0.0|0.0|1.0|0.0|0.0|0.0|0.0|1.0|0.0|0.0|0.0|0.0|0.0|0.0|0.0|1.0|0.0|0.0|0.0|0.0|1.0|0.0|0.0|1.0|0.0|0.0|1.0|0.0|0.0|bad
21.0|5003.0|29.0|0.0|0.0|0.0|0.0|0.0|1.0|0.0|0.0|0.0|0.0|0.0|0.0|1.0|0.0|0.0|0.0|0.0|0.0|1.0|0.0|0.0|0.0|0.0|0.0|0.0|1.0|0.0|1.0|0.0|0.0|0.0|0.0|0.0|0.0|1.0|0.0|0.0|1.0|0.0|0.0|bad
24.0|3552.0|1350.0|0.0|0.0|0.0|0.0|1.0|0.0|0.0|0.0|0.0|0.0|0.0|1.0|0.0|0.0|0.0|0.0|0.0|0.0|0.0|0.0|0.0|1.0|0.0|0.0|0.0|1.0|0.0|1.0|0.0|0.0|0.0|0.0|0.0|0.0|1.0|0.0|0.0|1.0|0.0|0.0|bad
18.0|2715.0|36.0|0.0|0.0|0.0|0.0|1.0|0.0|0.0|0.0|0.0|0.0|0.0|0.0|0.0|1.0|0.0|0.0|0.0|0.0|0.0|0.0|0.0|1.0|0.0|1.0|0.0|0.0|0.0|0.0|1.0|0.0|0.0|0.0|1.0|0.0|0.0|0.0|0.0|1.0|0.0|0.0|bad
18.0|2964.0|49.0|0.0|0.0|0.0|0.0|0.0|0.0|0.0|1.0|0.0|0.0|0.0|0.0|0.0|0.0|1.0|0.0|0.0|0.0|0.0|0.0|0.0|1.0|0.0|0.0|0.0|1.0|0.0|1.0|0.0|0.0|0.0|0.0|0.0|0.0|1.0|0.0|0.0|1.0|0.0|0.0|good
24.0|1546.0|36.0|0.0|0.0|0.0|0.0|0.0|0.0|0.0|1.0|0.0|0.0|0.0|1.0|0.0|0.0|0.0|0.0|0.0|0.0|0.0|0.0|0.0|1.0|0.0|0.0|0.0|1.0|0.0|1.0|0.0|0.0|0.0|0.0|0.0|0.0|0.0|0.0|1.0|1.0|0.0|0.0|bad
6.0|2715.0|29.0|0.0|0.0|0.0|0.0|0.0|0.0|0.0|1.0|0.0|0.0|0.0|0.0|1.0|0.0|0.0|0.0|0.0|1.0|0.0|0.0|0.0|0.0|1.0|0.0|0.0|0.0|0.0|1.0|0.0|0.0|0.0|0.0|0.0|0.0|1.0|0.0|0.0|1.0|0.0|0.0|good
36.0|12389.0|37.0|0.0|0.0|0.0|0.0|0.0|1.0|0.0|0.0|0.0|0.0|0.0|0.0|1.0|0.0|0.0|0.0|0.0|0.0|0.0|0.0|0.0|1.0|0.0|0.0|0.0|1.0|0.0|1.0|0.0|0.0|0.0|0.0|0.0|0.0|1.0|0.0|0.0|1.0|0.0|0.0|bad
24.0|2715.0|37.0|1.0|0.0|0.0|0.0|0.0|0.0|0.0|0.0|0.0|0.0|0.0|0.0|1.0|0.0|0.0|0.0|0.0|0.0|0.0|0.0|0.0|1.0|0.0|1.0|0.0|0.0|0.0|0.0|1.0|0.0|0.0|0.0|1.0|0.0|0.0|0.0|0.0|1.0|0.0|0.0|good
24.0|1553.0|575.0|0.0|0.0|0.0|0.0|0.0|0.0|0.0|1.0|0.0|0.0|0.0|0.0|1.0|0.0|0.0|0.0|0.0|0.0|1.0|0.0|0.0|0.0|0.0|0.0|0.0|1.0|0.0|0.0|1.0|0.0|0.0|0.0|0.0|0.0|1.0|0.0|0.0|1.0|0.0|0.0|good
18.0|68600.0|36.0|0.0|0.0|0.0|0.0|0.0|0.0|0.0|1.0|0.0|0.0|0.0|1.0|0.0|0.0|0.0|0.0|0.0|0.0|0.0|1.0|0.0|0.0|0.0|0.0|0.0|0.0|1.0|1.0|0.0|0.0|0.0|0.0|0.0|0.0|1.0|0.0|0.0|0.0|0.0|1.0|bad
18.0|2578.0|1700.0|0.0|0.0|0.0|0.0|0.0|0.0|0.0|1.0|0.0|0.0|0.0|0.0|0.0|0.0|1.0|0.0|0.0|0.0|0.0|0.0|0.0|1.0|0.0|1.0|0.0|0.0|0.0|1.0|0.0|0.0|0.0|0.0|1.0|0.0|0.0|0.0|0.0|1.0|0.0|0.0|good
48.0|2715.0|36.0|0.0|0.0|0.0|0.0|0.0|0.0|0.0|1.0|0.0|0.0|0.0|0.0|0.0|0.0|0.0|1.0|0.0|1.0|0.0|0.0|0.0|0.0|1.0|0.0|0.0|0.0|0.0|0.0|1.0|0.0|0.0|0.0|0.0|0.0|1.0|0.0|0.0|0.0|1.0|0.0|good
18.0|6758.0|36.0|0.0|0.0|0.0|0.0|0.0|0.0|0.0|1.0|0.0|0.0|0.0|0.0|1.0|0.0|0.0|0.0|0.0|0.0|0.0|0.0|0.0|1.0|0.0|0.0|0.0|1.0|0.0|0.0|0.0|0.0|0.0|1.0|0.0|0.0|1.0|0.0|0.0|1.0|0.0|0.0|bad
24.0|3234.0|23.0|0.0|0.0|0.0|0.0|1.0|0.0|0.0|0.0|0.0|0.0|0.0|0.0|0.0|1.0|0.0|0.0|0.0|0.0|1.0|0.0|0.0|0.0|0.0|0.0|0.0|1.0|0.0|1.0|0.0|0.0|0.0|0.0|0.0|0.0|0.0|0.0|1.0|1.0|0.0|0.0|bad
30.0|5954.0|36.0|0.0|0.0|0.0|0.0|0.0|0.0|0.0|1.0|0.0|0.0|0.0|1.0|0.0|0.0|0.0|0.0|0.0|0.0|0.0|0.0|0.0|1.0|0.0|0.0|0.0|1.0|0.0|0.0|0.0|0.0|0.0|1.0|1.0|0.0|0.0|0.0|0.0|1.0|0.0|0.0|good
24.0|5433.0|26.0|0.0|0.0|0.0|0.0|0.0|0.0|0.0|1.0|0.0|0.0|0.0|0.0|0.0|0.0|0.0|0.0|1.0|0.0|0.0|0.0|0.0|1.0|0.0|0.0|0.0|1.0|0.0|1.0|0.0|0.0|0.0|0.0|1.0|0.0|0.0|0.0|0.0|0.0|0.0|1.0|good
15.0|20150.0|22.0|0.0|1.0|0.0|0.0|0.0|0.0|0.0|0.0|0.0|0.0|0.0|0.0|1.0|0.0|0.0|0.0|0.0|0.0|1.0|0.0|0.0|0.0|0.0|0.0|0.0|0.0|1.0|0.0|0.0|0.0|0.0|1.0|0.0|0.0|0.0|0.0|1.0|0.0|0.0|1.0|good
-225.0|27050.0|27.0|0.0|0.0|0.0|0.0|0.0|0.0|0.0|1.0|0.0|0.0|0.0|0.0|0.0|0.0|1.0|0.0|0.0|1.0|0.0|0.0|0.0|0.0|0.0|0.0|0.0|0.0|1.0|1.0|0.0|0.0|0.0|0.0|0.0|0.0|0.0|0.0|1.0|1.0|0.0|0.0|good
15.0|2788.0|24.0|0.0|0.0|0.0|0.0|1.0|0.0|0.0|0.0|0.0|0.0|0.0|0.0|1.0|0.0|0.0|0.0|0.0|1.0|0.0|0.0|0.0|0.0|0.0|0.0|1.0|0.0|0.0|0.0|1.0|0.0|0.0|0.0|0.0|0.0|1.0|0.0|0.0|1.0|0.0|0.0|good
12.0|2930.0|36.0|0.0|0.0|0.0|0.0|0.0|0.0|0.0|1.0|0.0|0.0|0.0|0.0|1.0|0.0|0.0|0.0|0.0|0.0|1.0|0.0|0.0|0.0|1.0|0.0|0.0|0.0|0.0|1.0|0.0|0.0|0.0|0.0|1.0|0.0|0.0|0.0|0.0|1.0|0.0|0.0|good
600.0|2715.0|33.0|0.0|0.0|0.0|1.0|0.0|0.0|0.0|0.0|0.0|0.0|0.0|0.0|1.0|0.0|0.0|0.0|0.0|1.0|0.0|0.0|0.0|0.0|0.0|1.0|0.0|0.0|0.0|0.0|1.0|0.0|0.0|0.0|0.0|0.0|1.0|0.0|0.0|0.0|0.0|1.0|good
36.0|2820.0|27.0|0.0|0.0|0.0|0.0|0.0|0.0|0.0|1.0|0.0|0.0|0.0|0.0|0.0|1.0|0.0|0.0|0.0|0.0|0.0|1.0|0.0|0.0|0.0|0.0|0.0|0.0|1.0|0.0|1.0|0.0|0.0|0.0|0.0|0.0|1.0|0.0|0.0|1.0|0.0|0.0|bad
24.0|2715.0|36.0|0.0|0.0|0.0|0.0|0.0|0.0|0.0|0.0|0.0|1.0|0.0|0.0|0.0|1.0|0.0|0.0|0.0|0.0|0.0|0.0|1.0|0.0|0.0|0.0|1.0|0.0|0.0|0.0|1.0|0.0|0.0|0.0|0.0|0.0|0.0|0.0|1.0|1.0|0.0|0.0|good
18.0|2715.0|36.0|0.0|0.0|0.0|0.0|0.0|0.0|0.0|1.0|0.0|0.0|0.0|0.0|1.0|0.0|0.0|0.0|0.0|0.0|0.0|0.0|0.0|1.0|0.0|0.0|1.0|0.0|0.0|0.0|1.0|0.0|0.0|0.0|0.0|0.0|1.0|0.0|0.0|0.0|0.0|1.0|bad
12.0|3124.0|49.0|0.0|0.0|0.0|0.0|0.0|1.0|0.0|0.0|0.0|0.0|0.0|0.0|1.0|0.0|0.0|0.0|0.0|0.0|0.0|0.0|0.0|1.0|0.0|0.0|0.0|1.0|0.0|0.0|1.0|0.0|0.0|0.0|1.0|0.0|0.0|0.0|0.0|0.0|1.0|0.0|good
9.0|-34700.0|36.0|1.0|0.0|0.0|0.0|0.0|0.0|0.0|0.0|0.0|0.0|0.0|0.0|1.0|0.0|0.0|0.0|0.0|0.0|1.0|0.0|0.0|0.0|0.0|1.0|0.0|0.0|0.0|1.0|0.0|0.0|0.0|0.0|0.0|0.0|1.0|0.0|0.0|1.0|0.0|0.0|good
36.0|2384.0|33.0|0.0|0.0|0.0|0.0|0.0|0.0|0.0|0.0|1.0|0.0|0.0|0.0|0.0|1.0|0.0|0.0|0.0|0.0|0.0|0.0|0.0|1.0|1.0|0.0|0.0|0.0|0.0|1.0|0.0|0.0|0.0|0.0|0.0|0.0|0.0|0.0|1.0|1.0|0.0|0.0|bad
12.0|2715.0|36.0|1.0|0.0|0.0|0.0|0.0|0.0|0.0|0.0|0.0|0.0|0.0|0.0|0.0|0.0|1.0|0.0|0.0|0.0|1.0|0.0|0.0|0.0|0.0|0.0|0.0|0.0|1.0|1.0|0.0|0.0|0.0|0.0|0.0|0.0|1.0|0.0|0.0|1.0|0.0|0.0|good
18.0|2039.0|1000.0|0.0|0.0|0.0|0.0|1.0|0.0|0.0|0.0|0.0|0.0|0.0|0.0|1.0|0.0|0.0|0.0|0.0|0.0|1.0|0.0|0.0|0.0|0.0|0.0|0.0|1.0|0.0|1.0|0.0|0.0|0.0|0.0|0.0|0.0|1.0|0.0|0.0|1.0|0.0|0.0|bad
9.0|2799.0|1800.0|0.0|0.0|0.0|0.0|0.0|1.0|0.0|0.0|0.0|0.0|0.0|0.0|1.0|0.0|0.0|0.0|0.0|0.0|0.0|0.0|0.0|1.0|0.0|1.0|0.0|0.0|0.0|0.0|0.0|0.0|0.0|1.0|0.0|0.0|1.0|0.0|0.0|1.0|0.0|0.0|good
18.0|1289.0|525.0|0.0|0.0|0.0|0.0|1.0|0.0|0.0|0.0|0.0|0.0|0.0|0.0|1.0|0.0|0.0|0.0|0.0|1.0|0.0|0.0|0.0|0.0|1.0|0.0|0.0|0.0|0.0|1.0|0.0|0.0|0.0|0.0|0.0|0.0|1.0|0.0|0.0|1.0|0.0|0.0|good
18.0|1217.0|47.0|0.0|0.0|1.0|0.0|0.0|0.0|0.0|0.0|0.0|0.0|0.0|0.0|1.0|0.0|0.0|0.0|0.0|0.0|0.0|0.0|0.0|1.0|0.0|0.0|1.0|0.0|0.0|1.0|0.0|0.0|0.0|0.0|0.0|0.0|0.0|0.0|1.0|1.0|0.0|0.0|bad
600.0|2246.0|60.0|0.0|0.0|0.0|0.0|1.0|0.0|0.0|0.0|0.0|0.0|0.0|1.0|0.0|0.0|0.0|0.0|0.0|0.0|0.0|0.0|0.0|1.0|0.0|0.0|0.0|1.0|0.0|0.0|1.0|0.0|0.0|0.0|1.0|0.0|0.0|0.0|0.0|1.0|0.0|0.0|bad
12.0|2715.0|36.0|1.0|0.0|0.0|0.0|0.0|0.0|0.0|0.0|0.0|0.0|0.0|0.0|0.0|0.0|0.0|1.0|0.0|1.0|0.0|0.0|0.0|0.0|0.0|0.0|1.0|0.0|0.0|0.0|0.0|0.0|0.0|1.0|0.0|0.0|0.0|0.0|1.0|0.0|0.0|1.0|good
24.0|1965.0|42.0|0.0|0.0|0.0|0.0|0.0|1.0|0.0|0.0|0.0|0.0|0.0|0.0|1.0|0.0|0.0|0.0|0.0|0.0|1.0|0.0|0.0|0.0|0.0|0.0|0.0|1.0|0.0|0.0|1.0|0.0|0.0|0.0|1.0|0.0|0.0|0.0|0.0|1.0|0.0|0.0|good
21.0|39300.0|36.0|0.0|0.0|0.0|0.0|0.0|0.0|0.0|1.0|0.0|0.0|0.0|1.0|0.0|0.0|0.0|0.0|0.0|0.0|0.0|0.0|0.0|1.0|0.0|0.0|0.0|1.0|0.0|1.0|0.0|0.0|0.0|0.0|1.0|0.0|0.0|0.0|0.0|1.0|0.0|0.0|good
18.0|2718.0|1000.0|1.0|0.0|0.0|0.0|0.0|0.0|0.0|0.0|0.0|0.0|0.0|0.0|1.0|0.0|0.0|0.0|0.0|0.0|1.0|0.0|0.0|0.0|0.0|0.0|0.0|0.0|1.0|0.0|0.0|0.0|0.0|1.0|1.0|0.0|0.0|0.0|0.0|1.0|0.0|0.0|bad
18.0|2715.0|1000.0|0.0|0.0|0.0|0.0|0.0|0.0|1.0|0.0|0.0|0.0|0.0|0.0|0.0|0.0|1.0|0.0|0.0|0.0|0.0|0.0|0.0|1.0|0.0|0.0|1.0|0.0|0.0|1.0|0.0|0.0|0.0|0.0|0.0|1.0|0.0|0.0|0.0|0.0|0.0|1.0|bad
6.0|931.0|32.0|0.0|0.0|0.0|0.0|0.0|1.0|0.0|0.0|0.0|0.0|0.0|0.0|1.0|0.0|0.0|0.0|0.0|0.0|1.0|0.0|0.0|0.0|0.0|0.0|0.0|0.0|1.0|1.0|0.0|0.0|0.0|0.0|0.0|0.0|1.0|0.0|0.0|1.0|0.0|0.0|bad
24.0|1442.0|23.0|1.0|0.0|0.0|0.0|0.0|0.0|0.0|0.0|0.0|0.0|0.0|0.0|1.0|0.0|0.0|0.0|0.0|0.0|0.0|0.0|0.0|1.0|0.0|0.0|0.0|1.0|0.0|0.0|1.0|0.0|0.0|0.0|0.0|0.0|1.0|0.0|0.0|1.0|0.0|0.0|bad
24.0|4241.0|36.0|0.0|1.0|0.0|0.0|0.0|0.0|0.0|0.0|0.0|0.0|0.0|0.0|1.0|0.0|0.0|0.0|0.0|0.0|0.0|0.0|0.0|1.0|0.0|0.0|0.0|1.0|0.0|1.0|0.0|0.0|0.0|0.0|0.0|0.0|0.0|0.0|1.0|1.0|0.0|0.0|bad
18.0|2775.0|31.0|0.0|0.0|0.0|0.0|0.0|0.0|0.0|1.0|0.0|0.0|0.0|0.0|0.0|0.0|0.0|1.0|0.0|0.0|0.0|0.0|0.0|1.0|0.0|1.0|0.0|0.0|0.0|0.0|1.0|0.0|0.0|0.0|0.0|0.0|1.0|0.0|0.0|1.0|0.0|0.0|bad
18.0|3863.0|36.0|0.0|1.0|0.0|0.0|0.0|0.0|0.0|0.0|0.0|0.0|0.0|0.0|1.0|0.0|0.0|0.0|0.0|0.0|0.0|0.0|0.0|1.0|0.0|0.0|0.0|0.0|1.0|1.0|0.0|0.0|0.0|0.0|0.0|0.0|1.0|0.0|0.0|1.0|0.0|0.0|good
18.0|2329.0|45.0|0.0|0.0|0.0|0.0|0.0|0.0|0.0|1.0|0.0|0.0|0.0|0.0|0.0|1.0|0.0|0.0|0.0|0.0|1.0|0.0|0.0|0.0|1.0|0.0|0.0|0.0|0.0|1.0|0.0|0.0|0.0|0.0|0.0|0.0|1.0|0.0|0.0|1.0|0.0|0.0|good
9.0|45900.0|30.0|0.0|0.0|0.0|0.0|1.0|0.0|0.0|0.0|0.0|0.0|0.0|0.0|1.0|0.0|0.0|0.0|0.0|0.0|0.0|0.0|0.0|1.0|1.0|0.0|0.0|0.0|0.0|1.0|0.0|0.0|0.0|0.0|0.0|0.0|1.0|0.0|0.0|1.0|0.0|0.0|bad
600.0|1837.0|850.0|0.0|0.0|0.0|1.0|0.0|0.0|0.0|0.0|0.0|0.0|0.0|0.0|0.0|0.0|0.0|1.0|0.0|0.0|1.0|0.0|0.0|0.0|0.0|0.0|0.0|1.0|0.0|1.0|0.0|0.0|0.0|0.0|0.0|0.0|0.0|0.0|1.0|1.0|0.0|0.0|bad
-900.0|83725.0|28.0|0.0|0.0|0.0|0.0|0.0|0.0|0.0|1.0|0.0|0.0|0.0|0.0|1.0|0.0|0.0|0.0|0.0|1.0|0.0|0.0|0.0|0.0|0.0|0.0|0.0|1.0|0.0|1.0|0.0|0.0|0.0|0.0|0.0|0.0|1.0|0.0|0.0|1.0|0.0|0.0|bad
18.0|1275.0|23.0|0.0|0.0|0.0|0.0|1.0|0.0|0.0|0.0|0.0|0.0|0.0|0.0|1.0|0.0|0.0|0.0|0.0|1.0|0.0|0.0|0.0|0.0|0.0|1.0|0.0|0.0|0.0|0.0|0.0|0.0|0.0|1.0|0.0|0.0|1.0|0.0|0.0|0.0|0.0|1.0|good
24.0|2828.0|22.0|0.0|0.0|0.0|0.0|0.0|0.0|0.0|1.0|0.0|0.0|0.0|0.0|1.0|0.0|0.0|0.0|0.0|0.0|0.0|0.0|0.0|1.0|0.0|0.0|0.0|0.0|1.0|1.0|0.0|0.0|0.0|0.0|0.0|0.0|1.0|0.0|0.0|0.0|0.0|1.0|good
18.0|4526.0|3700.0|0.0|1.0|0.0|0.0|0.0|0.0|0.0|0.0|0.0|0.0|0.0|1.0|0.0|0.0|0.0|0.0|0.0|0.0|0.0|0.0|0.0|1.0|0.0|0.0|0.0|0.0|1.0|1.0|0.0|0.0|0.0|0.0|0.0|0.0|1.0|0.0|0.0|1.0|0.0|0.0|good
-900.0|2715.0|36.0|0.0|0.0|0.0|0.0|0.0|0.0|0.0|1.0|0.0|0.0|0.0|0.0|1.0|0.0|0.0|0.0|0.0|0.0|1.0|0.0|0.0|0.0|0.0|0.0|0.0|1.0|0.0|1.0|0.0|0.0|0.0|0.0|0.0|0.0|1.0|0.0|0.0|1.0|0.0|0.0|bad
18.0|2051.0|33.0|0.0|0.0|0.0|0.0|0.0|0.0|0.0|1.0|0.0|0.0|0.0|0.0|0.0|1.0|0.0|0.0|0.0|0.0|0.0|0.0|0.0|1.0|1.0|0.0|0.0|0.0|0.0|0.0|0.0|0.0|0.0|1.0|0.0|0.0|1.0|0.0|0.0|1.0|0.0|0.0|good
15.0|1300.0|45.0|0.0|0.0|0.0|0.0|0.0|0.0|0.0|0.0|0.0|0.0|1.0|0.0|0.0|0.0|1.0|0.0|0.0|0.0|0.0|0.0|0.0|1.0|0.0|0.0|0.0|0.0|1.0|0.0|0.0|0.0|0.0|1.0|0.0|0.0|1.0|0.0|0.0|0.0|1.0|0.0|good
-300.0|741.0|2200.0|0.0|0.0|0.0|0.0|0.0|0.0|0.0|1.0|0.0|0.0|0.0|0.0|1.0|0.0|0.0|0.0|0.0|0.0|1.0|0.0|0.0|0.0|0.0|0.0|0.0|0.0|1.0|1.0|0.0|0.0|0.0|0.0|0.0|0.0|1.0|0.0|0.0|1.0|0.0|0.0|bad
10.0|1240.0|48.0|1.0|0.0|0.0|0.0|0.0|0.0|0.0|0.0|0.0|0.0|0.0|0.0|0.0|0.0|1.0|0.0|0.0|0.0|1.0|0.0|0.0|0.0|0.0|0.0|0.0|1.0|0.0|1.0|0.0|0.0|0.0|0.0|0.0|0.0|0.0|0.0|1.0|0.0|1.0|0.0|bad
21.0|3357.0|29.0|0.0|0.0|0.0|0.0|0.0|0.0|0.0|1.0|0.0|0.0|0.0|0.0|0.0|1.0|0.0|0.0|0.0|1.0|0.0|0.0|0.0|0.0|0.0|1.0|0.0|0.0|0.0|0.0|0.0|0.0|0.0|1.0|0.0|0.0|1.0|0.0|0.0|1.0|0.0|0.0|good
1200.0|3632.0|550.0|0.0|0.0|0.0|0.0|0.0|0.0|0.0|0.0|0.0|0.0|1.0|0.0|1.0|0.0|0.0|0.0|0.0|0.0|1.0|0.0|0.0|0.0|0.0|0.0|0.0|0.0|1.0|1.0|0.0|0.0|0.0|0.0|0.0|0.0|1.0|0.0|0.0|1.0|0.0|0.0|good
18.0|1808.0|22.0|0.0|0.0|0.0|0.0|0.0|0.0|0.0|1.0|0.0|0.0|0.0|1.0|0.0|0.0|0.0|0.0|0.0|1.0|0.0|0.0|0.0|0.0|1.0|0.0|0.0|0.0|0.0|0.0|0.0|0.0|0.0|1.0|0.0|0.0|1.0|0.0|0.0|1.0|0.0|0.0|bad
48.0|12204.0|48.0|0.0|1.0|0.0|0.0|0.0|0.0|0.0|0.0|0.0|0.0|0.0|0.0|1.0|0.0|0.0|0.0|0.0|0.0|0.0|0.0|0.0|1.0|0.0|0.0|0.0|1.0|0.0|1.0|0.0|0.0|0.0|0.0|0.0|1.0|0.0|0.0|0.0|1.0|0.0|0.0|good
60.0|9157.0|36.0|0.0|0.0|0.0|0.0|0.0|0.0|0.0|1.0|0.0|0.0|0.0|0.0|1.0|0.0|0.0|0.0|0.0|0.0|0.0|0.0|0.0|1.0|0.0|0.0|0.0|1.0|0.0|1.0|0.0|0.0|0.0|0.0|1.0|0.0|0.0|0.0|0.0|1.0|0.0|0.0|good
6.0|3676.0|36.0|1.0|0.0|0.0|0.0|0.0|0.0|0.0|0.0|0.0|0.0|0.0|0.0|1.0|0.0|0.0|0.0|0.0|0.0|0.0|0.0|0.0|1.0|0.0|0.0|1.0|0.0|0.0|1.0|0.0|0.0|0.0|0.0|0.0|0.0|1.0|0.0|0.0|0.0|0.0|1.0|good
30.0|3441.0|21.0|0.0|0.0|0.0|0.0|1.0|0.0|0.0|0.0|0.0|0.0|0.0|0.0|1.0|0.0|0.0|0.0|0.0|0.0|1.0|0.0|0.0|0.0|0.0|0.0|0.0|1.0|0.0|1.0|0.0|0.0|0.0|0.0|0.0|0.0|1.0|0.0|0.0|0.0|0.0|1.0|bad
12.0|640.0|49.0|0.0|0.0|0.0|0.0|0.0|1.0|0.0|0.0|0.0|0.0|0.0|0.0|1.0|0.0|0.0|0.0|0.0|1.0|0.0|0.0|0.0|0.0|0.0|0.0|0.0|0.0|1.0|1.0|0.0|0.0|0.0|0.0|0.0|0.0|0.0|0.0|1.0|1.0|0.0|0.0|good
21.0|3652.0|27.0|0.0|0.0|0.0|0.0|0.0|0.0|0.0|1.0|0.0|0.0|0.0|0.0|0.0|0.0|0.0|1.0|0.0|0.0|0.0|0.0|0.0|1.0|0.0|0.0|1.0|0.0|0.0|0.0|1.0|0.0|0.0|0.0|0.0|0.0|1.0|0.0|0.0|1.0|0.0|0.0|good
18.0|1530.0|32.0|0.0|0.0|0.0|0.0|0.0|1.0|0.0|0.0|0.0|0.0|0.0|1.0|0.0|0.0|0.0|0.0|0.0|0.0|0.0|0.0|0.0|1.0|0.0|1.0|0.0|0.0|0.0|0.0|1.0|0.0|0.0|0.0|1.0|0.0|0.0|0.0|0.0|1.0|0.0|0.0|bad
1200.0|3914.0|38.0|0.0|1.0|0.0|0.0|0.0|0.0|0.0|0.0|0.0|0.0|0.0|0.0|1.0|0.0|0.0|0.0|0.0|0.0|0.0|1.0|0.0|0.0|0.0|1.0|0.0|0.0|0.0|1.0|0.0|0.0|0.0|0.0|1.0|0.0|0.0|0.0|0.0|1.0|0.0|0.0|bad
300.0|1858.0|2200.0|0.0|0.0|0.0|0.0|0.0|0.0|0.0|1.0|0.0|0.0|0.0|0.0|1.0|0.0|0.0|0.0|0.0|0.0|0.0|0.0|0.0|1.0|0.0|0.0|0.0|1.0|0.0|1.0|0.0|0.0|0.0|0.0|0.0|0.0|1.0|0.0|0.0|1.0|0.0|0.0|good
18.0|-65000.0|3250.0|0.0|0.0|0.0|0.0|0.0|0.0|0.0|1.0|0.0|0.0|0.0|0.0|1.0|0.0|0.0|0.0|0.0|0.0|0.0|0.0|0.0|1.0|0.0|0.0|0.0|1.0|0.0|0.0|1.0|0.0|0.0|0.0|0.0|0.0|1.0|0.0|0.0|1.0|0.0|0.0|bad
15.0|-49475.0|35.0|1.0|0.0|0.0|0.0|0.0|0.0|0.0|0.0|0.0|0.0|0.0|0.0|1.0|0.0|0.0|0.0|0.0|0.0|0.0|0.0|0.0|1.0|0.0|1.0|0.0|0.0|0.0|1.0|0.0|0.0|0.0|0.0|0.0|0.0|1.0|0.0|0.0|0.0|0.0|1.0|good
18.0|2116.0|41.0|1.0|0.0|0.0|0.0|0.0|0.0|0.0|0.0|0.0|0.0|0.0|0.0|1.0|0.0|0.0|0.0|0.0|0.0|0.0|0.0|0.0|1.0|0.0|1.0|0.0|0.0|0.0|1.0|0.0|0.0|0.0|0.0|0.0|0.0|1.0|0.0|0.0|1.0|0.0|0.0|good
18.0|1437.0|29.0|0.0|0.0|0.0|0.0|0.0|1.0|0.0|0.0|0.0|0.0|0.0|0.0|0.0|0.0|0.0|1.0|0.0|0.0|0.0|0.0|0.0|1.0|0.0|0.0|1.0|0.0|0.0|1.0|0.0|0.0|0.0|0.0|0.0|0.0|1.0|0.0|0.0|1.0|0.0|0.0|bad
2100.0|4042.0|36.0|0.0|0.0|0.0|0.0|1.0|0.0|0.0|0.0|0.0|0.0|0.0|1.0|0.0|0.0|0.0|0.0|0.0|1.0|0.0|0.0|0.0|0.0|0.0|0.0|0.0|1.0|0.0|0.0|1.0|0.0|0.0|0.0|0.0|0.0|1.0|0.0|0.0|1.0|0.0|0.0|good
9.0|3832.0|64.0|0.0|0.0|0.0|1.0|0.0|0.0|0.0|0.0|0.0|0.0|0.0|0.0|1.0|0.0|0.0|0.0|0.0|0.0|0.0|0.0|0.0|1.0|0.0|0.0|0.0|1.0|0.0|1.0|0.0|0.0|0.0|0.0|1.0|0.0|0.0|0.0|0.0|1.0|0.0|0.0|good
24.0|3660.0|36.0|0.0|0.0|0.0|0.0|0.0|0.0|0.0|1.0|0.0|0.0|0.0|0.0|1.0|0.0|0.0|0.0|0.0|0.0|1.0|0.0|0.0|0.0|0.0|0.0|0.0|1.0|0.0|1.0|0.0|0.0|0.0|0.0|0.0|0.0|1.0|0.0|0.0|1.0|0.0|0.0|good
18.0|1553.0|44.0|0.0|0.0|0.0|0.0|1.0|0.0|0.0|0.0|0.0|0.0|0.0|0.0|1.0|0.0|0.0|0.0|0.0|0.0|0.0|0.0|0.0|1.0|0.0|0.0|1.0|0.0|0.0|1.0|0.0|0.0|0.0|0.0|1.0|0.0|0.0|0.0|0.0|1.0|0.0|0.0|bad
15.0|2715.0|23.0|0.0|0.0|0.0|0.0|0.0|0.0|0.0|1.0|0.0|0.0|0.0|0.0|0.0|1.0|0.0|0.0|0.0|0.0|0.0|0.0|0.0|1.0|0.0|0.0|0.0|0.0|1.0|1.0|0.0|0.0|0.0|0.0|0.0|0.0|1.0|0.0|0.0|1.0|0.0|0.0|good
9.0|1980.0|19.0|0.0|0.0|0.0|0.0|0.0|0.0|0.0|1.0|0.0|0.0|0.0|0.0|1.0|0.0|0.0|0.0|0.0|1.0|0.0|0.0|0.0|0.0|0.0|1.0|0.0|0.0|0.0|0.0|1.0|0.0|0.0|0.0|1.0|0.0|0.0|0.0|0.0|1.0|0.0|0.0|bad
18.0|1355.0|-625.0|0.0|0.0|0.0|0.0|0.0|1.0|0.0|0.0|0.0|0.0|0.0|0.0|0.0|1.0|0.0|0.0|0.0|0.0|1.0|0.0|0.0|0.0|0.0|0.0|0.0|1.0|0.0|0.0|0.0|0.0|0.0|1.0|0.0|0.0|0.0|0.0|1.0|1.0|0.0|0.0|bad
-300.0|1393.0|2350.0|1.0|0.0|0.0|0.0|0.0|0.0|0.0|0.0|0.0|0.0|0.0|0.0|1.0|0.0|0.0|0.0|0.0|0.0|0.0|0.0|0.0|1.0|0.0|0.0|0.0|1.0|0.0|0.0|0.0|1.0|0.0|0.0|0.0|0.0|1.0|0.0|0.0|1.0|0.0|0.0|good
24.0|2715.0|36.0|0.0|0.0|0.0|0.0|0.0|0.0|0.0|1.0|0.0|0.0|0.0|0.0|0.0|0.0|0.0|1.0|0.0|0.0|1.0|0.0|0.0|0.0|1.0|0.0|0.0|0.0|0.0|1.0|0.0|0.0|0.0|0.0|0.0|0.0|1.0|0.0|0.0|0.0|0.0|1.0|good
60.0|15653.0|21.0|0.0|0.0|0.0|0.0|0.0|0.0|0.0|1.0|0.0|0.0|0.0|1.0|0.0|0.0|0.0|0.0|0.0|0.0|0.0|0.0|0.0|1.0|0.0|0.0|0.0|1.0|0.0|0.0|1.0|0.0|0.0|0.0|0.0|0.0|1.0|0.0|0.0|1.0|0.0|0.0|good
12.0|1493.0|34.0|1.0|0.0|0.0|0.0|0.0|0.0|0.0|0.0|0.0|0.0|0.0|0.0|0.0|1.0|0.0|0.0|0.0|0.0|0.0|0.0|0.0|1.0|0.0|0.0|0.0|1.0|0.0|1.0|0.0|0.0|0.0|0.0|0.0|0.0|1.0|0.0|0.0|0.0|1.0|0.0|good
-1050.0|4370.0|26.0|0.0|0.0|0.0|0.0|0.0|0.0|0.0|1.0|0.0|0.0|0.0|0.0|1.0|0.0|0.0|0.0|0.0|0.0|0.0|0.0|0.0|1.0|0.0|0.0|0.0|0.0|1.0|0.0|1.0|0.0|0.0|0.0|0.0|0.0|1.0|0.0|0.0|0.0|1.0|0.0|bad
18.0|750.0|27.0|0.0|0.0|0.0|1.0|0.0|0.0|0.0|0.0|0.0|0.0|0.0|0.0|0.0|0.0|0.0|0.0|1.0|0.0|1.0|0.0|0.0|0.0|1.0|0.0|0.0|0.0|0.0|1.0|0.0|0.0|0.0|0.0|0.0|0.0|0.0|1.0|0.0|1.0|0.0|0.0|bad
18.0|1308.0|36.0|0.0|0.0|0.0|0.0|0.0|0.0|0.0|0.0|1.0|0.0|0.0|0.0|1.0|0.0|0.0|0.0|0.0|1.0|0.0|0.0|0.0|0.0|0.0|0.0|0.0|1.0|0.0|0.0|1.0|0.0|0.0|0.0|0.0|0.0|0.0|0.0|1.0|1.0|0.0|0.0|good
15.0|4623.0|40.0|0.0|0.0|0.0|0.0|0.0|0.0|0.0|1.0|0.0|0.0|0.0|0.0|1.0|0.0|0.0|0.0|0.0|0.0|0.0|0.0|0.0|1.0|0.0|0.0|0.0|0.0|1.0|1.0|0.0|0.0|0.0|0.0|0.0|1.0|0.0|0.0|0.0|1.0|0.0|0.0|bad
600.0|1851.0|3300.0|0.0|0.0|0.0|0.0|0.0|0.0|0.0|1.0|0.0|0.0|0.0|0.0|0.0|0.0|0.0|1.0|0.0|0.0|0.0|0.0|1.0|0.0|0.0|1.0|0.0|0.0|0.0|0.0|1.0|0.0|0.0|0.0|0.0|0.0|1.0|0.0|0.0|1.0|0.0|0.0|good
18.0|1880.0|1600.0|0.0|0.0|0.0|0.0|0.0|0.0|0.0|1.0|0.0|0.0|0.0|0.0|0.0|0.0|0.0|1.0|0.0|0.0|0.0|0.0|1.0|0.0|0.0|0.0|0.0|1.0|0.0|1.0|0.0|0.0|0.0|0.0|0.0|1.0|0.0|0.0|0.0|1.0|0.0|0.0|good
36.0|7980.0|27.0|0.0|1.0|0.0|0.0|0.0|0.0|0.0|0.0|0.0|0.0|0.0|0.0|0.0|1.0|0.0|0.0|0.0|1.0|0.0|0.0|0.0|0.0|0.0|0.0|0.0|1.0|0.0|1.0|0.0|0.0|0.0|0.0|0.0|0.0|1.0|0.0|0.0|1.0|0.0|0.0|bad
30.0|4583.0|-800.0|1.0|0.0|0.0|0.0|0.0|0.0|0.0|0.0|0.0|0.0|0.0|1.0|0.0|0.0|0.0|0.0|0.0|0.0|0.0|1.0|0.0|0.0|0.0|0.0|0.0|1.0|0.0|0.0|1.0|0.0|0.0|0.0|0.0|0.0|1.0|0.0|0.0|1.0|0.0|0.0|good
600.0|1386.0|36.0|0.0|0.0|0.0|0.0|0.0|0.0|0.0|1.0|0.0|0.0|0.0|0.0|1.0|0.0|0.0|0.0|0.0|0.0|1.0|0.0|0.0|0.0|0.0|1.0|0.0|0.0|0.0|1.0|0.0|0.0|0.0|0.0|0.0|0.0|1.0|0.0|0.0|1.0|0.0|0.0|bad
24.0|947.0|36.0|0.0|0.0|0.0|0.0|0.0|1.0|0.0|0.0|0.0|0.0|0.0|0.0|1.0|0.0|0.0|0.0|0.0|1.0|0.0|0.0|0.0|0.0|0.0|0.0|0.0|0.0|1.0|1.0|0.0|0.0|0.0|0.0|0.0|0.0|1.0|0.0|0.0|0.0|1.0|0.0|bad
12.0|684.0|40.0|0.0|0.0|0.0|0.0|0.0|0.0|0.0|1.0|0.0|0.0|0.0|0.0|1.0|0.0|0.0|0.0|0.0|0.0|0.0|0.0|0.0|1.0|0.0|0.0|0.0|1.0|0.0|1.0|0.0|0.0|0.0|0.0|0.0|0.0|0.0|0.0|1.0|0.0|1.0|0.0|bad
48.0|2715.0|50.0|0.0|0.0|0.0|1.0|0.0|0.0|0.0|0.0|0.0|0.0|0.0|0.0|1.0|0.0|0.0|0.0|0.0|0.0|0.0|0.0|0.0|1.0|0.0|0.0|0.0|1.0|0.0|1.0|0.0|0.0|0.0|0.0|1.0|0.0|0.0|0.0|0.0|0.0|0.0|1.0|good
-300.0|192200.0|37.0|0.0|0.0|0.0|0.0|1.0|0.0|0.0|0.0|0.0|0.0|0.0|0.0|1.0|0.0|0.0|0.0|0.0|0.0|0.0|0.0|0.0|1.0|0.0|1.0|0.0|0.0|0.0|1.0|0.0|0.0|0.0|0.0|0.0|0.0|0.0|0.0|1.0|1.0|0.0|0.0|bad
24.0|2303.0|36.0|0.0|0.0|0.0|0.0|0.0|1.0|0.0|0.0|0.0|0.0|0.0|0.0|0.0|0.0|1.0|0.0|0.0|0.0|0.0|0.0|0.0|1.0|1.0|0.0|0.0|0.0|0.0|0.0|0.0|0.0|0.0|1.0|0.0|0.0|1.0|0.0|0.0|1.0|0.0|0.0|bad
36.0|8086.0|42.0|0.0|0.0|0.0|0.0|0.0|1.0|0.0|0.0|0.0|0.0|0.0|0.0|0.0|0.0|1.0|0.0|0.0|0.0|0.0|0.0|0.0|1.0|0.0|0.0|0.0|1.0|0.0|0.0|0.0|0.0|1.0|0.0|0.0|1.0|0.0|0.0|0.0|1.0|0.0|0.0|bad
24.0|2346.0|35.0|1.0|0.0|0.0|0.0|0.0|0.0|0.0|0.0|0.0|0.0|0.0|0.0|1.0|0.0|0.0|0.0|0.0|0.0|0.0|0.0|0.0|1.0|0.0|0.0|0.0|1.0|0.0|0.0|1.0|0.0|0.0|0.0|0.0|0.0|1.0|0.0|0.0|1.0|0.0|0.0|good
14.0|-99325.0|22.0|0.0|0.0|0.0|0.0|0.0|1.0|0.0|0.0|0.0|0.0|0.0|0.0|0.0|0.0|0.0|0.0|1.0|0.0|0.0|0.0|0.0|1.0|0.0|0.0|0.0|0.0|1.0|1.0|0.0|0.0|0.0|0.0|0.0|0.0|1.0|0.0|0.0|0.0|0.0|1.0|good
12.0|888.0|41.0|0.0|0.0|0.0|0.0|0.0|1.0|0.0|0.0|0.0|0.0|0.0|0.0|0.0|0.0|1.0|0.0|0.0|1.0|0.0|0.0|0.0|0.0|0.0|0.0|0.0|1.0|0.0|1.0|0.0|0.0|0.0|0.0|0.0|0.0|0.0|0.0|1.0|0.0|1.0|0.0|bad
18.0|10222.0|37.0|0.0|0.0|0.0|0.0|0.0|0.0|0.0|1.0|0.0|0.0|0.0|0.0|0.0|0.0|0.0|1.0|0.0|0.0|0.0|0.0|0.0|1.0|0.0|0.0|0.0|0.0|1.0|0.0|0.0|0.0|0.0|1.0|0.0|0.0|1.0|0.0|0.0|1.0|0.0|0.0|good
30.0|4221.0|1400.0|0.0|1.0|0.0|0.0|0.0|0.0|0.0|0.0|0.0|0.0|0.0|0.0|1.0|0.0|0.0|0.0|0.0|1.0|0.0|0.0|0.0|0.0|0.0|0.0|0.0|1.0|0.0|1.0|0.0|0.0|0.0|0.0|0.0|0.0|1.0|0.0|0.0|1.0|0.0|0.0|good
18.0|2715.0|41.0|0.0|0.0|0.0|0.0|1.0|0.0|0.0|0.0|0.0|0.0|0.0|0.0|0.0|0.0|1.0|0.0|0.0|1.0|0.0|0.0|0.0|0.0|1.0|0.0|0.0|0.0|0.0|1.0|0.0|0.0|0.0|0.0|0.0|0.0|1.0|0.0|0.0|1.0|0.0|0.0|good
18.0|1297.0|23.0|0.0|0.0|0.0|0.0|0.0|0.0|0.0|1.0|0.0|0.0|0.0|0.0|1.0|0.0|0.0|0.0|0.0|0.0|0.0|0.0|0.0|1.0|0.0|0.0|0.0|1.0|0.0|0.0|0.0|0.0|0.0|1.0|0.0|0.0|1.0|0.0|0.0|0.0|0.0|1.0|good
12.0|900.0|23.0|0.0|0.0|0.0|0.0|0.0|1.0|0.0|0.0|0.0|0.0|0.0|0.0|1.0|0.0|0.0|0.0|0.0|0.0|0.0|0.0|1.0|0.0|0.0|0.0|0.0|1.0|0.0|1.0|0.0|0.0|0.0|0.0|0.0|0.0|1.0|0.0|0.0|0.0|0.0|1.0|bad
21.0|2715.0|2500.0|0.0|0.0|0.0|0.0|1.0|0.0|0.0|0.0|0.0|0.0|0.0|0.0|0.0|0.0|1.0|0.0|0.0|0.0|0.0|0.0|0.0|1.0|0.0|1.0|0.0|0.0|0.0|0.0|1.0|0.0|0.0|0.0|0.0|0.0|1.0|0.0|0.0|1.0|0.0|0.0|good
18.0|1050.0|36.0|0.0|0.0|0.0|0.0|1.0|0.0|0.0|0.0|0.0|0.0|0.0|0.0|0.0|0.0|0.0|0.0|1.0|0.0|0.0|0.0|0.0|1.0|1.0|0.0|0.0|0.0|0.0|0.0|0.0|0.0|0.0|1.0|0.0|1.0|0.0|0.0|0.0|1.0|0.0|0.0|good
6.0|1047.0|50.0|0.0|0.0|0.0|1.0|0.0|0.0|0.0|0.0|0.0|0.0|0.0|0.0|1.0|0.0|0.0|0.0|0.0|0.0|1.0|0.0|0.0|0.0|0.0|0.0|0.0|0.0|1.0|1.0|0.0|0.0|0.0|0.0|0.0|0.0|0.0|0.0|1.0|1.0|0.0|0.0|good
24.0|6314.0|27.0|0.0|0.0|0.0|0.0|0.0|0.0|0.0|1.0|0.0|0.0|0.0|0.0|0.0|0.0|0.0|0.0|1.0|0.0|0.0|0.0|0.0|1.0|0.0|1.0|0.0|0.0|0.0|0.0|1.0|0.0|0.0|0.0|0.0|1.0|0.0|0.0|0.0|1.0|0.0|0.0|good
30.0|3496.0|34.0|0.0|0.0|0.0|0.0|1.0|0.0|0.0|0.0|0.0|0.0|0.0|0.0|1.0|0.0|0.0|0.0|0.0|1.0|0.0|0.0|0.0|0.0|0.0|1.0|0.0|0.0|0.0|1.0|0.0|0.0|0.0|0.0|0.0|0.0|1.0|0.0|0.0|0.0|1.0|0.0|good
48.0|3609.0|27.0|0.0|1.0|0.0|0.0|0.0|0.0|0.0|0.0|0.0|0.0|0.0|1.0|0.0|0.0|0.0|0.0|0.0|0.0|1.0|0.0|0.0|0.0|1.0|0.0|0.0|0.0|0.0|0.0|0.0|0.0|0.0|1.0|0.0|0.0|1.0|0.0|0.0|1.0|0.0|0.0|good
12.0|4843.0|43.0|0.0|0.0|0.0|0.0|0.0|0.0|0.0|1.0|0.0|0.0|0.0|0.0|0.0|0.0|1.0|0.0|0.0|0.0|0.0|0.0|0.0|1.0|0.0|0.0|0.0|1.0|0.0|0.0|1.0|0.0|0.0|0.0|0.0|0.0|1.0|0.0|0.0|1.0|0.0|0.0|bad
750.0|3017.0|1175.0|0.0|0.0|0.0|0.0|0.0|0.0|0.0|1.0|0.0|0.0|0.0|0.0|0.0|0.0|1.0|0.0|0.0|0.0|0.0|0.0|0.0|1.0|0.0|0.0|0.0|1.0|0.0|1.0|0.0|0.0|0.0|0.0|0.0|0.0|1.0|0.0|0.0|0.0|0.0|1.0|good
24.0|2715.0|27.0|0.0|1.0|0.0|0.0|0.0|0.0|0.0|0.0|0.0|0.0|0.0|0.0|1.0|0.0|0.0|0.0|0.0|0.0|0.0|0.0|0.0|1.0|0.0|0.0|0.0|0.0|1.0|1.0|0.0|0.0|0.0|0.0|0.0|0.0|0.0|0.0|1.0|1.0|0.0|0.0|good
36.0|2715.0|31.0|0.0|1.0|0.0|0.0|0.0|0.0|0.0|0.0|0.0|0.0|0.0|0.0|1.0|0.0|0.0|0.0|0.0|1.0|0.0|0.0|0.0|0.0|0.0|0.0|0.0|1.0|0.0|0.0|1.0|0.0|0.0|0.0|0.0|0.0|1.0|0.0|0.0|1.0|0.0|0.0|good
1500.0|10366.0|42.0|0.0|0.0|0.0|0.0|0.0|0.0|0.0|1.0|0.0|0.0|0.0|0.0|1.0|0.0|0.0|0.0|0.0|1.0|0.0|0.0|0.0|0.0|0.0|0.0|0.0|1.0|0.0|1.0|0.0|0.0|0.0|0.0|0.0|1.0|0.0|0.0|0.0|1.0|0.0|0.0|good
150.0|2080.0|36.0|1.0|0.0|0.0|0.0|0.0|0.0|0.0|0.0|0.0|0.0|0.0|0.0|1.0|0.0|0.0|0.0|0.0|0.0|0.0|0.0|1.0|0.0|0.0|1.0|0.0|0.0|0.0|1.0|0.0|0.0|0.0|0.0|1.0|0.0|0.0|0.0|0.0|1.0|0.0|0.0|good
21.0|2580.0|41.0|0.0|1.0|0.0|0.0|0.0|0.0|0.0|0.0|0.0|0.0|0.0|0.0|1.0|0.0|0.0|0.0|0.0|0.0|0.0|0.0|0.0|1.0|0.0|0.0|0.0|1.0|0.0|1.0|0.0|0.0|0.0|0.0|0.0|0.0|0.0|0.0|1.0|0.0|1.0|0.0|bad
30.0|4530.0|650.0|0.0|0.0|0.0|0.0|0.0|0.0|0.0|1.0|0.0|0.0|0.0|0.0|0.0|0.0|0.0|1.0|0.0|0.0|1.0|0.0|0.0|0.0|0.0|0.0|0.0|1.0|0.0|1.0|0.0|0.0|0.0|0.0|1.0|0.0|0.0|0.0|0.0|1.0|0.0|0.0|good
-600.0|515000.0|36.0|0.0|0.0|0.0|0.0|1.0|0.0|0.0|0.0|0.0|0.0|0.0|0.0|0.0|0.0|1.0|0.0|0.0|0.0|0.0|0.0|0.0|1.0|0.0|0.0|0.0|1.0|0.0|1.0|0.0|0.0|0.0|0.0|0.0|0.0|1.0|0.0|0.0|1.0|0.0|0.0|good
72.0|2715.0|36.0|1.0|0.0|0.0|0.0|0.0|0.0|0.0|0.0|0.0|0.0|0.0|0.0|1.0|0.0|0.0|0.0|0.0|0.0|0.0|0.0|1.0|0.0|0.0|0.0|0.0|1.0|0.0|1.0|0.0|0.0|0.0|0.0|1.0|0.0|0.0|0.0|0.0|1.0|0.0|0.0|bad
18.0|238400.0|64.0|0.0|0.0|0.0|0.0|0.0|0.0|0.0|1.0|0.0|0.0|0.0|0.0|0.0|0.0|1.0|0.0|0.0|0.0|0.0|0.0|0.0|1.0|0.0|0.0|0.0|0.0|1.0|1.0|0.0|0.0|0.0|0.0|1.0|0.0|0.0|0.0|0.0|1.0|0.0|0.0|good
18.0|1453.0|36.0|0.0|0.0|0.0|0.0|0.0|0.0|0.0|1.0|0.0|0.0|0.0|0.0|0.0|1.0|0.0|0.0|0.0|1.0|0.0|0.0|0.0|0.0|1.0|0.0|0.0|0.0|0.0|1.0|0.0|0.0|0.0|0.0|0.0|0.0|1.0|0.0|0.0|1.0|0.0|0.0|good
6.0|1538.0|36.0|0.0|0.0|0.0|1.0|0.0|0.0|0.0|0.0|0.0|0.0|0.0|1.0|0.0|0.0|0.0|0.0|0.0|0.0|1.0|0.0|0.0|0.0|0.0|1.0|0.0|0.0|0.0|1.0|0.0|0.0|0.0|0.0|0.0|0.0|1.0|0.0|0.0|1.0|0.0|0.0|good
12.0|-56975.0|37.0|0.0|0.0|0.0|0.0|0.0|0.0|0.0|1.0|0.0|0.0|0.0|0.0|1.0|0.0|0.0|0.0|0.0|0.0|0.0|0.0|0.0|1.0|0.0|0.0|0.0|1.0|0.0|1.0|0.0|0.0|0.0|0.0|0.0|0.0|1.0|0.0|0.0|1.0|0.0|0.0|good
15.0|1478.0|33.0|0.0|0.0|0.0|0.0|0.0|0.0|0.0|1.0|0.0|0.0|0.0|0.0|1.0|0.0|0.0|0.0|0.0|0.0|0.0|0.0|1.0|0.0|0.0|0.0|1.0|0.0|0.0|0.0|0.0|0.0|0.0|1.0|1.0|0.0|0.0|0.0|0.0|1.0|0.0|0.0|good
18.0|2715.0|47.0|0.0|0.0|0.0|0.0|0.0|0.0|0.0|1.0|0.0|0.0|0.0|0.0|0.0|1.0|0.0|0.0|0.0|0.0|0.0|0.0|1.0|0.0|0.0|0.0|0.0|1.0|0.0|0.0|0.0|1.0|0.0|0.0|0.0|0.0|1.0|0.0|0.0|1.0|0.0|0.0|good
36.0|9857.0|31.0|0.0|1.0|0.0|0.0|0.0|0.0|0.0|0.0|0.0|0.0|0.0|0.0|0.0|0.0|0.0|1.0|0.0|0.0|0.0|0.0|0.0|1.0|0.0|0.0|0.0|0.0|1.0|0.0|1.0|0.0|0.0|0.0|0.0|0.0|0.0|0.0|1.0|0.0|1.0|0.0|good
60.0|6527.0|34.0|0.0|0.0|0.0|0.0|0.0|0.0|0.0|1.0|0.0|0.0|0.0|0.0|1.0|0.0|0.0|0.0|0.0|1.0|0.0|0.0|0.0|0.0|0.0|0.0|0.0|1.0|0.0|1.0|0.0|0.0|0.0|0.0|0.0|0.0|1.0|0.0|0.0|0.0|1.0|0.0|good
10.0|1347.0|27.0|1.0|0.0|0.0|0.0|0.0|0.0|0.0|0.0|0.0|0.0|0.0|0.0|0.0|0.0|0.0|1.0|0.0|0.0|0.0|0.0|0.0|1.0|0.0|0.0|0.0|1.0|0.0|0.0|1.0|0.0|0.0|0.0|0.0|0.0|1.0|0.0|0.0|0.0|0.0|1.0|good
36.0|2862.0|30.0|0.0|0.0|0.0|0.0|0.0|1.0|0.0|0.0|0.0|0.0|0.0|0.0|1.0|0.0|0.0|0.0|0.0|1.0|0.0|0.0|0.0|0.0|0.0|0.0|1.0|0.0|0.0|1.0|0.0|0.0|0.0|0.0|1.0|0.0|0.0|0.0|0.0|1.0|0.0|0.0|good
9.0|-68825.0|35.0|0.0|0.0|0.0|0.0|0.0|0.0|0.0|1.0|0.0|0.0|0.0|1.0|0.0|0.0|0.0|0.0|0.0|0.0|0.0|0.0|0.0|1.0|0.0|0.0|0.0|1.0|0.0|1.0|0.0|0.0|0.0|0.0|0.0|0.0|1.0|0.0|0.0|0.0|0.0|1.0|good
18.0|3651.0|775.0|1.0|0.0|0.0|0.0|0.0|0.0|0.0|0.0|0.0|0.0|0.0|0.0|1.0|0.0|0.0|0.0|0.0|0.0|0.0|0.0|0.0|1.0|0.0|0.0|1.0|0.0|0.0|1.0|0.0|0.0|0.0|0.0|1.0|0.0|0.0|0.0|0.0|0.0|1.0|0.0|good
15.0|975.0|36.0|0.0|0.0|0.0|0.0|1.0|0.0|0.0|0.0|0.0|0.0|0.0|0.0|1.0|0.0|0.0|0.0|0.0|0.0|0.0|1.0|0.0|0.0|0.0|0.0|0.0|0.0|1.0|0.0|1.0|0.0|0.0|0.0|0.0|0.0|1.0|0.0|0.0|1.0|0.0|0.0|good
15.0|2631.0|25.0|0.0|0.0|0.0|0.0|0.0|0.0|0.0|1.0|0.0|0.0|0.0|0.0|1.0|0.0|0.0|0.0|0.0|1.0|0.0|0.0|0.0|0.0|0.0|1.0|0.0|0.0|0.0|1.0|0.0|0.0|0.0|0.0|0.0|0.0|1.0|0.0|0.0|1.0|0.0|0.0|good
18.0|2715.0|36.0|0.0|0.0|0.0|0.0|0.0|0.0|0.0|1.0|0.0|0.0|0.0|0.0|0.0|1.0|0.0|0.0|0.0|0.0|0.0|0.0|0.0|1.0|1.0|0.0|0.0|0.0|0.0|0.0|0.0|0.0|0.0|1.0|0.0|0.0|1.0|0.0|0.0|1.0|0.0|0.0|good
600.0|2715.0|44.0|0.0|0.0|0.0|0.0|0.0|1.0|0.0|0.0|0.0|0.0|0.0|0.0|0.0|1.0|0.0|0.0|0.0|0.0|0.0|0.0|0.0|1.0|0.0|0.0|0.0|0.0|1.0|0.0|1.0|0.0|0.0|0.0|0.0|0.0|0.0|0.0|1.0|1.0|0.0|0.0|good
24.0|2715.0|28.0|1.0|0.0|0.0|0.0|0.0|0.0|0.0|0.0|0.0|0.0|0.0|0.0|0.0|0.0|0.0|1.0|0.0|1.0|0.0|0.0|0.0|0.0|0.0|0.0|0.0|0.0|1.0|1.0|0.0|0.0|0.0|0.0|0.0|0.0|1.0|0.0|0.0|1.0|0.0|0.0|good
6.0|2715.0|36.0|0.0|0.0|0.0|0.0|0.0|0.0|0.0|0.0|0.0|0.0|1.0|0.0|1.0|0.0|0.0|0.0|0.0|0.0|0.0|0.0|0.0|1.0|0.0|0.0|0.0|1.0|0.0|1.0|0.0|0.0|0.0|0.0|1.0|0.0|0.0|0.0|0.0|1.0|0.0|0.0|good
18.0|110300.0|29.0|0.0|0.0|0.0|0.0|0.0|0.0|0.0|1.0|0.0|0.0|0.0|0.0|0.0|0.0|0.0|1.0|0.0|0.0|0.0|0.0|0.0|1.0|0.0|0.0|0.0|0.0|1.0|0.0|1.0|0.0|0.0|0.0|1.0|0.0|0.0|0.0|0.0|1.0|0.0|0.0|good
12.0|-23150.0|950.0|0.0|0.0|0.0|0.0|0.0|1.0|0.0|0.0|0.0|0.0|0.0|0.0|1.0|0.0|0.0|0.0|0.0|1.0|0.0|0.0|0.0|0.0|0.0|1.0|0.0|0.0|0.0|1.0|0.0|0.0|0.0|0.0|0.0|0.0|0.0|1.0|0.0|1.0|0.0|0.0|good
18.0|2715.0|24.0|0.0|0.0|0.0|0.0|0.0|0.0|0.0|1.0|0.0|0.0|0.0|0.0|1.0|0.0|0.0|0.0|0.0|0.0|0.0|0.0|0.0|1.0|0.0|0.0|0.0|1.0|0.0|0.0|1.0|0.0|0.0|0.0|0.0|0.0|1.0|0.0|0.0|1.0|0.0|0.0|good
15.0|1905.0|40.0|0.0|0.0|0.0|1.0|0.0|0.0|0.0|0.0|0.0|0.0|0.0|0.0|0.0|0.0|1.0|0.0|0.0|0.0|0.0|0.0|0.0|1.0|0.0|0.0|0.0|0.0|1.0|1.0|0.0|0.0|0.0|0.0|0.0|0.0|1.0|0.0|0.0|1.0|0.0|0.0|good
-300.0|2715.0|29.0|0.0|0.0|0.0|0.0|1.0|0.0|0.0|0.0|0.0|0.0|0.0|0.0|1.0|0.0|0.0|0.0|0.0|0.0|0.0|0.0|0.0|1.0|0.0|0.0|0.0|1.0|0.0|0.0|0.0|0.0|0.0|1.0|1.0|0.0|0.0|0.0|0.0|1.0|0.0|0.0|bad
18.0|6331.0|46.0|0.0|0.0|0.0|0.0|0.0|0.0|0.0|0.0|0.0|0.0|1.0|0.0|0.0|0.0|1.0|0.0|0.0|1.0|0.0|0.0|0.0|0.0|0.0|0.0|0.0|1.0|0.0|1.0|0.0|0.0|0.0|0.0|0.0|0.0|1.0|0.0|0.0|0.0|0.0|1.0|bad
24.0|1377.0|47.0|0.0|0.0|0.0|0.0|0.0|0.0|0.0|1.0|0.0|0.0|0.0|0.0|1.0|0.0|0.0|0.0|0.0|0.0|1.0|0.0|0.0|0.0|0.0|0.0|0.0|1.0|0.0|1.0|0.0|0.0|0.0|0.0|0.0|0.0|1.0|0.0|0.0|1.0|0.0|0.0|good
18.0|62575.0|41.0|0.0|1.0|0.0|0.0|0.0|0.0|0.0|0.0|0.0|0.0|0.0|0.0|0.0|0.0|1.0|0.0|0.0|0.0|0.0|0.0|0.0|1.0|0.0|0.0|0.0|1.0|0.0|0.0|0.0|0.0|0.0|1.0|0.0|0.0|1.0|0.0|0.0|1.0|0.0|0.0|good
18.0|2528.0|-800.0|1.0|0.0|0.0|0.0|0.0|0.0|0.0|0.0|0.0|0.0|0.0|0.0|0.0|1.0|0.0|0.0|0.0|0.0|0.0|0.0|0.0|1.0|1.0|0.0|0.0|0.0|0.0|0.0|0.0|0.0|0.0|1.0|0.0|0.0|1.0|0.0|0.0|0.0|0.0|1.0|good
15.0|2715.0|35.0|0.0|0.0|0.0|0.0|0.0|1.0|0.0|0.0|0.0|0.0|0.0|0.0|0.0|0.0|1.0|0.0|0.0|1.0|0.0|0.0|0.0|0.0|0.0|0.0|0.0|1.0|0.0|1.0|0.0|0.0|0.0|0.0|0.0|0.0|1.0|0.0|0.0|1.0|0.0|0.0|good
48.0|2715.0|36.0|0.0|0.0|0.0|0.0|0.0|1.0|0.0|0.0|0.0|0.0|0.0|0.0|0.0|0.0|0.0|1.0|0.0|0.0|0.0|0.0|0.0|1.0|0.0|0.0|0.0|0.0|1.0|1.0|0.0|0.0|0.0|0.0|0.0|0.0|1.0|0.0|0.0|1.0|0.0|0.0|bad
12.0|2969.0|25.0|0.0|0.0|0.0|0.0|1.0|0.0|0.0|0.0|0.0|0.0|0.0|0.0|0.0|1.0|0.0|0.0|0.0|1.0|0.0|0.0|0.0|0.0|0.0|0.0|0.0|1.0|0.0|0.0|1.0|0.0|0.0|0.0|1.0|0.0|0.0|0.0|0.0|1.0|0.0|0.0|bad
9.0|1206.0|36.0|0.0|0.0|0.0|0.0|0.0|0.0|0.0|1.0|0.0|0.0|0.0|1.0|0.0|0.0|0.0|0.0|0.0|1.0|0.0|0.0|0.0|0.0|0.0|0.0|0.0|1.0|0.0|1.0|0.0|0.0|0.0|0.0|0.0|0.0|1.0|0.0|0.0|1.0|0.0|0.0|good
9.0|211800.0|37.0|1.0|0.0|0.0|0.0|0.0|0.0|0.0|0.0|0.0|0.0|0.0|1.0|0.0|0.0|0.0|0.0|0.0|0.0|0.0|0.0|0.0|1.0|0.0|0.0|0.0|1.0|0.0|1.0|0.0|0.0|0.0|0.0|0.0|0.0|0.0|0.0|1.0|0.0|0.0|1.0|good
18.0|2715.0|32.0|0.0|0.0|0.0|0.0|0.0|0.0|0.0|1.0|0.0|0.0|0.0|0.0|1.0|0.0|0.0|0.0|0.0|0.0|0.0|0.0|0.0|1.0|0.0|0.0|0.0|1.0|0.0|0.0|1.0|0.0|0.0|0.0|0.0|1.0|0.0|0.0|0.0|0.0|0.0|1.0|good
18.0|1198.0|36.0|0.0|0.0|0.0|1.0|0.0|0.0|0.0|0.0|0.0|0.0|0.0|1.0|0.0|0.0|0.0|0.0|0.0|1.0|0.0|0.0|0.0|0.0|0.0|0.0|0.0|1.0|0.0|1.0|0.0|0.0|0.0|0.0|1.0|0.0|0.0|0.0|0.0|1.0|0.0|0.0|bad
21.0|2715.0|46.0|0.0|0.0|0.0|0.0|0.0|0.0|0.0|0.0|0.0|0.0|1.0|0.0|1.0|0.0|0.0|0.0|0.0|0.0|0.0|0.0|0.0|1.0|0.0|0.0|0.0|1.0|0.0|1.0|0.0|0.0|0.0|0.0|0.0|0.0|1.0|0.0|0.0|1.0|0.0|0.0|good
9.0|113800.0|36.0|0.0|0.0|0.0|0.0|0.0|0.0|0.0|1.0|0.0|0.0|0.0|0.0|1.0|0.0|0.0|0.0|0.0|0.0|0.0|0.0|0.0|1.0|0.0|0.0|0.0|1.0|0.0|0.0|1.0|0.0|0.0|0.0|1.0|0.0|0.0|0.0|0.0|1.0|0.0|0.0|good
1500.0|14027.0|2700.0|0.0|0.0|0.0|0.0|0.0|1.0|0.0|0.0|0.0|0.0|0.0|0.0|1.0|0.0|0.0|0.0|0.0|0.0|0.0|0.0|0.0|1.0|0.0|0.0|0.0|1.0|0.0|1.0|0.0|0.0|0.0|0.0|1.0|0.0|0.0|0.0|0.0|1.0|0.0|0.0|bad
18.0|7596.0|63.0|0.0|0.0|0.0|0.0|0.0|0.0|0.0|0.0|0.0|0.0|1.0|0.0|0.0|0.0|1.0|0.0|0.0|1.0|0.0|0.0|0.0|0.0|0.0|0.0|0.0|1.0|0.0|0.0|1.0|0.0|0.0|0.0|0.0|0.0|1.0|0.0|0.0|1.0|0.0|0.0|good
30.0|3077.0|4000.0|0.0|0.0|0.0|0.0|0.0|0.0|0.0|1.0|0.0|0.0|0.0|1.0|0.0|0.0|0.0|0.0|0.0|0.0|0.0|0.0|0.0|1.0|0.0|1.0|0.0|0.0|0.0|0.0|1.0|0.0|0.0|0.0|0.0|0.0|1.0|0.0|0.0|0.0|1.0|0.0|good
18.0|2715.0|32.0|0.0|0.0|0.0|0.0|0.0|0.0|0.0|1.0|0.0|0.0|0.0|0.0|1.0|0.0|0.0|0.0|0.0|0.0|0.0|0.0|0.0|1.0|0.0|1.0|0.0|0.0|0.0|0.0|0.0|0.0|0.0|1.0|0.0|0.0|1.0|0.0|0.0|1.0|0.0|0.0|good
24.0|3148.0|1550.0|0.0|0.0|0.0|0.0|0.0|0.0|0.0|1.0|0.0|0.0|0.0|0.0|1.0|0.0|0.0|0.0|0.0|0.0|0.0|0.0|0.0|1.0|0.0|0.0|0.0|1.0|0.0|0.0|1.0|0.0|0.0|0.0|0.0|0.0|1.0|0.0|0.0|0.0|0.0|1.0|good
20.0|-153700.0|36.0|1.0|0.0|0.0|0.0|0.0|0.0|0.0|0.0|0.0|0.0|0.0|0.0|0.0|0.0|1.0|0.0|0.0|0.0|0.0|0.0|1.0|0.0|0.0|0.0|0.0|1.0|0.0|0.0|1.0|0.0|0.0|0.0|1.0|0.0|0.0|0.0|0.0|0.0|0.0|1.0|good
9.0|33425.0|1700.0|0.0|0.0|0.0|0.0|0.0|0.0|0.0|1.0|0.0|0.0|0.0|0.0|0.0|1.0|0.0|0.0|0.0|1.0|0.0|0.0|0.0|0.0|0.0|1.0|0.0|0.0|0.0|0.0|1.0|0.0|0.0|0.0|1.0|0.0|0.0|0.0|0.0|1.0|0.0|0.0|bad
6.0|-10825.0|36.0|0.0|0.0|0.0|1.0|0.0|0.0|0.0|0.0|0.0|0.0|0.0|1.0|0.0|0.0|0.0|0.0|0.0|0.0|1.0|0.0|0.0|0.0|0.0|0.0|0.0|1.0|0.0|0.0|0.0|0.0|0.0|1.0|0.0|0.0|1.0|0.0|0.0|0.0|1.0|0.0|bad
12.0|1228.0|24.0|0.0|0.0|0.0|0.0|0.0|0.0|0.0|1.0|0.0|0.0|0.0|0.0|1.0|0.0|0.0|0.0|0.0|0.0|1.0|0.0|0.0|0.0|0.0|1.0|0.0|0.0|0.0|1.0|0.0|0.0|0.0|0.0|0.0|0.0|0.0|0.0|1.0|1.0|0.0|0.0|bad
9.0|2715.0|6600.0|0.0|0.0|0.0|0.0|0.0|0.0|0.0|1.0|0.0|0.0|0.0|0.0|1.0|0.0|0.0|0.0|0.0|0.0|1.0|0.0|0.0|0.0|0.0|0.0|1.0|0.0|0.0|1.0|0.0|0.0|0.0|0.0|0.0|0.0|0.0|0.0|1.0|0.0|0.0|1.0|good
-675.0|2570.0|36.0|0.0|0.0|0.0|0.0|0.0|1.0|0.0|0.0|0.0|0.0|0.0|0.0|1.0|0.0|0.0|0.0|0.0|0.0|1.0|0.0|0.0|0.0|0.0|0.0|1.0|0.0|0.0|1.0|0.0|0.0|0.0|0.0|0.0|0.0|1.0|0.0|0.0|1.0|0.0|0.0|bad
6.0|250.0|41.0|0.0|0.0|0.0|0.0|0.0|1.0|0.0|0.0|0.0|0.0|0.0|0.0|1.0|0.0|0.0|0.0|0.0|1.0|0.0|0.0|0.0|0.0|0.0|1.0|0.0|0.0|0.0|0.0|1.0|0.0|0.0|0.0|0.0|0.0|0.0|0.0|1.0|1.0|0.0|0.0|good
18.0|-32900.0|47.0|0.0|0.0|0.0|0.0|0.0|0.0|0.0|1.0|0.0|0.0|0.0|0.0|1.0|0.0|0.0|0.0|0.0|0.0|0.0|0.0|1.0|0.0|0.0|0.0|0.0|1.0|0.0|0.0|0.0|0.0|0.0|1.0|1.0|0.0|0.0|0.0|0.0|1.0|0.0|0.0|good
18.0|1882.0|36.0|0.0|0.0|0.0|0.0|0.0|0.0|0.0|1.0|0.0|0.0|0.0|0.0|1.0|0.0|0.0|0.0|0.0|0.0|0.0|0.0|0.0|1.0|0.0|0.0|0.0|1.0|0.0|0.0|1.0|0.0|0.0|0.0|0.0|0.0|1.0|0.0|0.0|1.0|0.0|0.0|bad
48.0|160400.0|-1475.0|0.0|1.0|0.0|0.0|0.0|0.0|0.0|0.0|0.0|0.0|0.0|0.0|1.0|0.0|0.0|0.0|0.0|0.0|0.0|0.0|0.0|1.0|0.0|0.0|1.0|0.0|0.0|1.0|0.0|0.0|0.0|0.0|1.0|0.0|0.0|0.0|0.0|1.0|0.0|0.0|bad
24.0|2715.0|36.0|0.0|0.0|0.0|0.0|0.0|0.0|0.0|1.0|0.0|0.0|0.0|0.0|1.0|0.0|0.0|0.0|0.0|0.0|0.0|0.0|0.0|1.0|0.0|0.0|0.0|1.0|0.0|0.0|1.0|0.0|0.0|0.0|0.0|0.0|1.0|0.0|0.0|1.0|0.0|0.0|good
-600.0|6403.0|33.0|0.0|0.0|0.0|0.0|0.0|0.0|0.0|1.0|0.0|0.0|0.0|0.0|0.0|1.0|0.0|0.0|0.0|0.0|0.0|0.0|0.0|1.0|0.0|0.0|0.0|1.0|0.0|1.0|0.0|0.0|0.0|0.0|0.0|0.0|1.0|0.0|0.0|1.0|0.0|0.0|good
24.0|1987.0|21.0|0.0|0.0|0.0|0.0|0.0|0.0|0.0|1.0|0.0|0.0|0.0|0.0|1.0|0.0|0.0|0.0|0.0|0.0|0.0|0.0|0.0|1.0|0.0|0.0|0.0|1.0|0.0|1.0|0.0|0.0|0.0|0.0|1.0|0.0|0.0|0.0|0.0|0.0|0.0|1.0|bad
18.0|76000.0|44.0|0.0|0.0|0.0|0.0|0.0|0.0|0.0|1.0|0.0|0.0|0.0|0.0|0.0|0.0|0.0|1.0|0.0|0.0|1.0|0.0|0.0|0.0|0.0|1.0|0.0|0.0|0.0|1.0|0.0|0.0|0.0|0.0|0.0|0.0|1.0|0.0|0.0|0.0|0.0|1.0|good
24.0|2603.0|28.0|0.0|0.0|0.0|0.0|0.0|0.0|0.0|0.0|0.0|0.0|1.0|0.0|1.0|0.0|0.0|0.0|0.0|0.0|0.0|0.0|0.0|1.0|0.0|0.0|0.0|1.0|0.0|1.0|0.0|0.0|0.0|0.0|0.0|0.0|1.0|0.0|0.0|1.0|0.0|0.0|good
4.0|2715.0|36.0|1.0|0.0|0.0|0.0|0.0|0.0|0.0|0.0|0.0|0.0|0.0|1.0|0.0|0.0|0.0|0.0|0.0|0.0|1.0|0.0|0.0|0.0|1.0|0.0|0.0|0.0|0.0|1.0|0.0|0.0|0.0|0.0|0.0|0.0|1.0|0.0|0.0|0.0|1.0|0.0|good
36.0|-99750.0|36.0|0.0|0.0|1.0|0.0|0.0|0.0|0.0|0.0|0.0|0.0|0.0|0.0|0.0|1.0|0.0|0.0|0.0|0.0|0.0|0.0|0.0|1.0|0.0|0.0|0.0|1.0|0.0|1.0|0.0|0.0|0.0|0.0|0.0|0.0|0.0|1.0|0.0|1.0|0.0|0.0|good
24.0|11560.0|23.0|0.0|0.0|0.0|0.0|0.0|0.0|0.0|0.0|0.0|0.0|1.0|0.0|1.0|0.0|0.0|0.0|0.0|0.0|1.0|0.0|0.0|0.0|0.0|0.0|0.0|1.0|0.0|0.0|1.0|0.0|0.0|0.0|1.0|0.0|0.0|0.0|0.0|1.0|0.0|0.0|bad
18.0|4380.0|35.0|0.0|0.0|0.0|0.0|0.0|0.0|0.0|1.0|0.0|0.0|0.0|0.0|1.0|0.0|0.0|0.0|0.0|0.0|0.0|0.0|0.0|1.0|0.0|0.0|0.0|1.0|0.0|1.0|0.0|0.0|0.0|0.0|0.0|0.0|1.0|0.0|0.0|0.0|1.0|0.0|good
6.0|2715.0|45.0|0.0|0.0|0.0|0.0|0.0|0.0|0.0|1.0|0.0|0.0|0.0|0.0|0.0|0.0|0.0|1.0|0.0|0.0|0.0|0.0|0.0|1.0|0.0|0.0|1.0|0.0|0.0|0.0|1.0|0.0|0.0|0.0|0.0|1.0|0.0|0.0|0.0|0.0|1.0|0.0|good
30.0|2715.0|26.0|0.0|1.0|0.0|0.0|0.0|0.0|0.0|0.0|0.0|0.0|0.0|0.0|1.0|0.0|0.0|0.0|0.0|0.0|1.0|0.0|0.0|0.0|0.0|0.0|0.0|1.0|0.0|0.0|1.0|0.0|0.0|0.0|1.0|0.0|0.0|0.0|0.0|1.0|0.0|0.0|bad
24.0|2325.0|32.0|0.0|0.0|0.0|0.0|0.0|0.0|0.0|1.0|0.0|0.0|0.0|0.0|0.0|0.0|0.0|1.0|0.0|0.0|0.0|0.0|0.0|1.0|0.0|0.0|0.0|1.0|0.0|1.0|0.0|0.0|0.0|0.0|0.0|0.0|1.0|0.0|0.0|1.0|0.0|0.0|good
10.0|104800.0|2300.0|0.0|0.0|0.0|0.0|0.0|0.0|0.0|1.0|0.0|0.0|0.0|1.0|0.0|0.0|0.0|0.0|0.0|0.0|0.0|0.0|0.0|1.0|0.0|0.0|0.0|1.0|0.0|1.0|0.0|0.0|0.0|0.0|0.0|0.0|0.0|0.0|1.0|1.0|0.0|0.0|good
21.0|3160.0|2050.0|1.0|0.0|0.0|0.0|0.0|0.0|0.0|0.0|0.0|0.0|0.0|0.0|0.0|0.0|1.0|0.0|0.0|0.0|0.0|0.0|0.0|1.0|0.0|0.0|1.0|0.0|0.0|1.0|0.0|0.0|0.0|0.0|0.0|0.0|1.0|0.0|0.0|1.0|0.0|0.0|good
24.0|2483.0|36.0|0.0|0.0|0.0|0.0|1.0|0.0|0.0|0.0|0.0|0.0|0.0|0.0|1.0|0.0|0.0|0.0|0.0|0.0|0.0|0.0|0.0|1.0|0.0|0.0|0.0|1.0|0.0|0.0|0.0|0.0|0.0|1.0|1.0|0.0|0.0|0.0|0.0|1.0|0.0|0.0|good
39.0|14179.0|30.0|0.0|0.0|0.0|0.0|1.0|0.0|0.0|0.0|0.0|0.0|0.0|0.0|0.0|0.0|0.0|1.0|0.0|0.0|0.0|0.0|0.0|1.0|0.0|0.0|0.0|1.0|0.0|0.0|1.0|0.0|0.0|0.0|0.0|0.0|1.0|0.0|0.0|1.0|0.0|0.0|good
13.0|1797.0|36.0|0.0|1.0|0.0|0.0|0.0|0.0|0.0|0.0|0.0|0.0|0.0|1.0|0.0|0.0|0.0|0.0|0.0|0.0|0.0|0.0|0.0|1.0|1.0|0.0|0.0|0.0|0.0|0.0|1.0|0.0|0.0|0.0|0.0|0.0|0.0|0.0|1.0|1.0|0.0|0.0|good
15.0|2715.0|2300.0|0.0|0.0|0.0|0.0|0.0|0.0|0.0|1.0|0.0|0.0|0.0|0.0|0.0|0.0|0.0|0.0|1.0|0.0|1.0|0.0|0.0|0.0|0.0|0.0|0.0|1.0|0.0|1.0|0.0|0.0|0.0|0.0|0.0|0.0|1.0|0.0|0.0|1.0|0.0|0.0|good
12.0|1274.0|1850.0|0.0|0.0|0.0|0.0|0.0|1.0|0.0|0.0|0.0|0.0|0.0|1.0|0.0|0.0|0.0|0.0|0.0|1.0|0.0|0.0|0.0|0.0|0.0|0.0|0.0|0.0|1.0|1.0|0.0|0.0|0.0|0.0|0.0|0.0|1.0|0.0|0.0|1.0|0.0|0.0|bad
18.0|2715.0|26.0|0.0|0.0|0.0|0.0|0.0|0.0|0.0|1.0|0.0|0.0|0.0|1.0|0.0|0.0|0.0|0.0|0.0|1.0|0.0|0.0|0.0|0.0|0.0|0.0|1.0|0.0|0.0|0.0|0.0|0.0|0.0|1.0|0.0|0.0|1.0|0.0|0.0|1.0|0.0|0.0|good
18.0|151450.0|36.0|1.0|0.0|0.0|0.0|0.0|0.0|0.0|0.0|0.0|0.0|0.0|0.0|0.0|0.0|0.0|1.0|0.0|0.0|0.0|0.0|0.0|1.0|0.0|1.0|0.0|0.0|0.0|1.0|0.0|0.0|0.0|0.0|0.0|0.0|1.0|0.0|0.0|1.0|0.0|0.0|good
6.0|2715.0|49.0|1.0|0.0|0.0|0.0|0.0|0.0|0.0|0.0|0.0|0.0|0.0|0.0|0.0|0.0|1.0|0.0|0.0|0.0|1.0|0.0|0.0|0.0|0.0|0.0|0.0|1.0|0.0|1.0|0.0|0.0|0.0|0.0|0.0|0.0|1.0|0.0|0.0|1.0|0.0|0.0|good
18.0|976.0|23.0|0.0|0.0|0.0|0.0|0.0|1.0|0.0|0.0|0.0|0.0|0.0|0.0|0.0|1.0|0.0|0.0|0.0|0.0|1.0|0.0|0.0|0.0|0.0|0.0|0.0|1.0|0.0|1.0|0.0|0.0|0.0|0.0|0.0|0.0|0.0|0.0|1.0|1.0|0.0|0.0|bad
12.0|841.0|23.0|0.0|1.0|0.0|0.0|0.0|0.0|0.0|0.0|0.0|0.0|0.0|0.0|0.0|0.0|0.0|1.0|0.0|0.0|1.0|0.0|0.0|0.0|0.0|0.0|0.0|1.0|0.0|1.0|0.0|0.0|0.0|0.0|0.0|0.0|0.0|0.0|1.0|1.0|0.0|0.0|good
30.0|5771.0|36.0|1.0|0.0|0.0|0.0|0.0|0.0|0.0|0.0|0.0|0.0|0.0|0.0|0.0|0.0|0.0|1.0|0.0|0.0|1.0|0.0|0.0|0.0|0.0|1.0|0.0|0.0|0.0|0.0|1.0|0.0|0.0|0.0|0.0|0.0|1.0|0.0|0.0|0.0|0.0|1.0|good
12.0|2715.0|36.0|0.0|0.0|0.0|0.0|0.0|0.0|0.0|0.0|1.0|0.0|0.0|0.0|0.0|0.0|1.0|0.0|0.0|1.0|0.0|0.0|0.0|0.0|0.0|0.0|0.0|1.0|0.0|0.0|1.0|0.0|0.0|0.0|0.0|0.0|1.0|0.0|0.0|1.0|0.0|0.0|bad
18.0|2715.0|32.0|0.0|0.0|0.0|0.0|0.0|1.0|0.0|0.0|0.0|0.0|0.0|0.0|0.0|0.0|0.0|1.0|0.0|0.0|1.0|0.0|0.0|0.0|0.0|0.0|0.0|1.0|0.0|1.0|0.0|0.0|0.0|0.0|0.0|0.0|1.0|0.0|0.0|1.0|0.0|0.0|bad
6.0|1299.0|36.0|0.0|0.0|0.0|0.0|0.0|1.0|0.0|0.0|0.0|0.0|0.0|0.0|1.0|0.0|0.0|0.0|0.0|1.0|0.0|0.0|0.0|0.0|1.0|0.0|0.0|0.0|0.0|0.0|0.0|1.0|0.0|0.0|0.0|0.0|1.0|0.0|0.0|0.0|1.0|0.0|good
15.0|1271.0|36.0|0.0|0.0|0.0|0.0|0.0|0.0|0.0|1.0|0.0|0.0|0.0|0.0|1.0|0.0|0.0|0.0|0.0|0.0|0.0|0.0|0.0|1.0|0.0|0.0|0.0|1.0|0.0|0.0|1.0|0.0|0.0|0.0|0.0|0.0|1.0|0.0|0.0|1.0|0.0|0.0|bad
18.0|1393.0|-775.0|0.0|0.0|0.0|0.0|0.0|1.0|0.0|0.0|0.0|0.0|0.0|0.0|1.0|0.0|0.0|0.0|0.0|0.0|0.0|0.0|0.0|1.0|0.0|0.0|0.0|1.0|0.0|1.0|0.0|0.0|0.0|0.0|1.0|0.0|0.0|0.0|0.0|1.0|0.0|0.0|good
12.0|691.0|35.0|0.0|0.0|0.0|0.0|0.0|1.0|0.0|0.0|0.0|0.0|0.0|1.0|0.0|0.0|0.0|0.0|0.0|0.0|0.0|0.0|0.0|1.0|0.0|0.0|1.0|0.0|0.0|0.0|1.0|0.0|0.0|0.0|0.0|0.0|1.0|0.0|0.0|0.0|0.0|1.0|bad
750.0|5045.0|59.0|0.0|0.0|0.0|0.0|0.0|0.0|0.0|1.0|0.0|0.0|0.0|0.0|0.0|0.0|1.0|0.0|0.0|0.0|1.0|0.0|0.0|0.0|0.0|0.0|0.0|1.0|0.0|1.0|0.0|0.0|0.0|0.0|0.0|0.0|1.0|0.0|0.0|1.0|0.0|0.0|good
18.0|2124.0|24.0|0.0|0.0|0.0|0.0|1.0|0.0|0.0|0.0|0.0|0.0|0.0|1.0|0.0|0.0|0.0|0.0|0.0|0.0|1.0|0.0|0.0|0.0|0.0|0.0|0.0|1.0|0.0|0.0|1.0|0.0|0.0|0.0|0.0|0.0|1.0|0.0|0.0|1.0|0.0|0.0|bad
12.0|2214.0|24.0|0.0|0.0|0.0|0.0|0.0|0.0|0.0|1.0|0.0|0.0|0.0|1.0|0.0|0.0|0.0|0.0|0.0|0.0|0.0|0.0|0.0|1.0|0.0|0.0|1.0|0.0|0.0|1.0|0.0|0.0|0.0|0.0|0.0|0.0|0.0|0.0|1.0|1.0|0.0|0.0|good
1050.0|12680.0|1500.0|0.0|0.0|0.0|0.0|0.0|1.0|0.0|0.0|0.0|0.0|0.0|0.0|1.0|0.0|0.0|0.0|0.0|0.0|0.0|0.0|0.0|1.0|0.0|0.0|0.0|1.0|0.0|1.0|0.0|0.0|0.0|0.0|0.0|1.0|0.0|0.0|0.0|1.0|0.0|0.0|bad
18.0|-61575.0|2700.0|0.0|0.0|0.0|0.0|0.0|1.0|0.0|0.0|0.0|0.0|0.0|0.0|0.0|0.0|0.0|1.0|0.0|0.0|0.0|0.0|1.0|0.0|0.0|0.0|1.0|0.0|0.0|0.0|0.0|0.0|0.0|1.0|1.0|0.0|0.0|0.0|0.0|1.0|0.0|0.0|good
18.0|28875.0|40.0|0.0|0.0|0.0|0.0|0.0|0.0|0.0|1.0|0.0|0.0|0.0|0.0|1.0|0.0|0.0|0.0|0.0|0.0|0.0|0.0|0.0|1.0|0.0|0.0|0.0|0.0|1.0|0.0|1.0|0.0|0.0|0.0|0.0|0.0|0.0|0.0|1.0|1.0|0.0|0.0|good
18.0|3108.0|31.0|0.0|0.0|0.0|0.0|1.0|0.0|0.0|0.0|0.0|0.0|0.0|0.0|0.0|1.0|0.0|0.0|0.0|0.0|0.0|0.0|0.0|1.0|0.0|0.0|0.0|1.0|0.0|1.0|0.0|0.0|0.0|0.0|0.0|0.0|0.0|0.0|1.0|1.0|0.0|0.0|bad
250.0|2901.0|31.0|0.0|0.0|0.0|0.0|0.0|0.0|0.0|0.0|0.0|0.0|1.0|0.0|0.0|1.0|0.0|0.0|0.0|0.0|1.0|0.0|0.0|0.0|0.0|0.0|0.0|1.0|0.0|0.0|0.0|0.0|0.0|1.0|0.0|0.0|1.0|0.0|0.0|1.0|0.0|0.0|good
18.0|3617.0|700.0|0.0|0.0|0.0|0.0|1.0|0.0|0.0|0.0|0.0|0.0|0.0|0.0|0.0|0.0|1.0|0.0|0.0|0.0|0.0|0.0|0.0|1.0|0.0|0.0|0.0|1.0|0.0|0.0|0.0|1.0|0.0|0.0|0.0|0.0|1.0|0.0|0.0|0.0|0.0|1.0|good
18.0|1655.0|63.0|1.0|0.0|0.0|0.0|0.0|0.0|0.0|0.0|0.0|0.0|0.0|0.0|1.0|0.0|0.0|0.0|0.0|0.0|0.0|0.0|0.0|1.0|0.0|0.0|0.0|1.0|0.0|1.0|0.0|0.0|0.0|0.0|0.0|0.0|0.0|0.0|1.0|1.0|0.0|0.0|good
24.0|2812.0|36.0|0.0|0.0|0.0|0.0|0.0|0.0|0.0|1.0|0.0|0.0|0.0|0.0|1.0|0.0|0.0|0.0|0.0|0.0|0.0|0.0|0.0|1.0|0.0|0.0|0.0|1.0|0.0|0.0|0.0|0.0|0.0|1.0|0.0|0.0|1.0|0.0|0.0|1.0|0.0|0.0|good
36.0|8065.0|36.0|0.0|0.0|0.0|0.0|0.0|0.0|0.0|1.0|0.0|0.0|0.0|0.0|1.0|0.0|0.0|0.0|0.0|0.0|0.0|0.0|0.0|1.0|0.0|0.0|0.0|1.0|0.0|0.0|1.0|0.0|0.0|0.0|0.0|1.0|0.0|0.0|0.0|0.0|0.0|1.0|bad
525.0|2715.0|36.0|0.0|0.0|0.0|0.0|0.0|0.0|0.0|1.0|0.0|0.0|0.0|0.0|0.0|0.0|1.0|0.0|0.0|0.0|0.0|0.0|0.0|1.0|0.0|0.0|0.0|1.0|0.0|1.0|0.0|0.0|0.0|0.0|0.0|1.0|0.0|0.0|0.0|1.0|0.0|0.0|good
24.0|2715.0|52.0|1.0|0.0|0.0|0.0|0.0|0.0|0.0|0.0|0.0|0.0|0.0|1.0|0.0|0.0|0.0|0.0|0.0|0.0|0.0|0.0|0.0|1.0|0.0|0.0|0.0|1.0|0.0|1.0|0.0|0.0|0.0|0.0|0.0|0.0|1.0|0.0|0.0|1.0|0.0|0.0|good
12.0|37000.0|36.0|0.0|0.0|0.0|0.0|0.0|1.0|0.0|0.0|0.0|0.0|0.0|0.0|0.0|0.0|0.0|0.0|1.0|0.0|0.0|0.0|0.0|1.0|0.0|0.0|0.0|1.0|0.0|0.0|0.0|1.0|0.0|0.0|0.0|0.0|1.0|0.0|0.0|1.0|0.0|0.0|good
24.0|2715.0|36.0|1.0|0.0|0.0|0.0|0.0|0.0|0.0|0.0|0.0|0.0|0.0|1.0|0.0|0.0|0.0|0.0|0.0|1.0|0.0|0.0|0.0|0.0|0.0|0.0|0.0|0.0|1.0|0.0|0.0|0.0|0.0|1.0|1.0|0.0|0.0|0.0|0.0|1.0|0.0|0.0|bad
36.0|2715.0|36.0|0.0|0.0|0.0|0.0|0.0|1.0|0.0|0.0|0.0|0.0|0.0|0.0|0.0|0.0|0.0|1.0|0.0|0.0|0.0|0.0|0.0|1.0|0.0|0.0|0.0|1.0|0.0|0.0|1.0|0.0|0.0|0.0|0.0|0.0|1.0|0.0|0.0|1.0|0.0|0.0|good
18.0|3509.0|25.0|0.0|0.0|0.0|0.0|0.0|0.0|0.0|1.0|0.0|0.0|0.0|1.0|0.0|0.0|0.0|0.0|0.0|0.0|0.0|0.0|0.0|1.0|1.0|0.0|0.0|0.0|0.0|1.0|0.0|0.0|0.0|0.0|0.0|0.0|1.0|0.0|0.0|1.0|0.0|0.0|good
1800.0|5711.0|38.0|1.0|0.0|0.0|0.0|0.0|0.0|0.0|0.0|0.0|0.0|0.0|0.0|0.0|0.0|1.0|0.0|0.0|0.0|0.0|0.0|0.0|1.0|0.0|1.0|0.0|0.0|0.0|0.0|0.0|0.0|0.0|1.0|0.0|1.0|0.0|0.0|0.0|1.0|0.0|0.0|good
18.0|3872.0|1675.0|0.0|0.0|0.0|0.0|0.0|0.0|0.0|0.0|1.0|0.0|0.0|1.0|0.0|0.0|0.0|0.0|0.0|0.0|1.0|0.0|0.0|0.0|0.0|0.0|0.0|1.0|0.0|0.0|0.0|0.0|0.0|1.0|0.0|0.0|1.0|0.0|0.0|1.0|0.0|0.0|good
39.0|4933.0|25.0|0.0|0.0|0.0|0.0|0.0|0.0|0.0|1.0|0.0|0.0|0.0|0.0|1.0|0.0|0.0|0.0|0.0|0.0|0.0|0.0|0.0|1.0|0.0|0.0|0.0|0.0|1.0|0.0|1.0|0.0|0.0|0.0|0.0|0.0|1.0|0.0|0.0|1.0|0.0|0.0|bad
-600.0|1940.0|60.0|0.0|0.0|0.0|0.0|0.0|0.0|0.0|1.0|0.0|0.0|0.0|0.0|0.0|0.0|1.0|0.0|0.0|0.0|0.0|0.0|0.0|1.0|0.0|0.0|0.0|1.0|0.0|1.0|0.0|0.0|0.0|0.0|0.0|0.0|1.0|0.0|0.0|1.0|0.0|0.0|good
12.0|2715.0|31.0|0.0|0.0|0.0|0.0|0.0|0.0|0.0|0.0|0.0|1.0|0.0|0.0|1.0|0.0|0.0|0.0|0.0|1.0|0.0|0.0|0.0|0.0|0.0|1.0|0.0|0.0|0.0|0.0|0.0|0.0|0.0|1.0|0.0|0.0|0.0|0.0|1.0|0.0|0.0|1.0|good
600.0|2715.0|23.0|0.0|0.0|0.0|0.0|0.0|0.0|0.0|1.0|0.0|0.0|0.0|1.0|0.0|0.0|0.0|0.0|0.0|1.0|0.0|0.0|0.0|0.0|0.0|1.0|0.0|0.0|0.0|1.0|0.0|0.0|0.0|0.0|0.0|0.0|0.0|0.0|1.0|1.0|0.0|0.0|bad
20.0|6468.0|60.0|0.0|0.0|0.0|0.0|0.0|0.0|0.0|0.0|0.0|0.0|1.0|0.0|0.0|0.0|0.0|0.0|1.0|0.0|0.0|1.0|0.0|0.0|0.0|0.0|0.0|1.0|0.0|1.0|0.0|0.0|0.0|0.0|0.0|1.0|0.0|0.0|0.0|1.0|0.0|0.0|good
18.0|1941.0|875.0|0.0|1.0|0.0|0.0|0.0|0.0|0.0|0.0|0.0|0.0|0.0|0.0|1.0|0.0|0.0|0.0|0.0|0.0|0.0|0.0|0.0|1.0|0.0|1.0|0.0|0.0|0.0|1.0|0.0|0.0|0.0|0.0|0.0|0.0|1.0|0.0|0.0|0.0|0.0|1.0|good
22.0|-66875.0|40.0|0.0|0.0|0.0|0.0|0.0|0.0|0.0|1.0|0.0|0.0|0.0|0.0|0.0|0.0|1.0|0.0|0.0|0.0|0.0|0.0|0.0|1.0|0.0|0.0|0.0|1.0|0.0|0.0|0.0|0.0|0.0|1.0|0.0|0.0|1.0|0.0|0.0|1.0|0.0|0.0|good
2400.0|2751.0|36.0|0.0|0.0|0.0|0.0|0.0|0.0|0.0|0.0|0.0|0.0|1.0|0.0|0.0|0.0|1.0|0.0|0.0|0.0|0.0|0.0|0.0|1.0|0.0|0.0|1.0|0.0|0.0|0.0|1.0|0.0|0.0|0.0|0.0|0.0|1.0|0.0|0.0|0.0|1.0|0.0|good
48.0|6224.0|50.0|1.0|0.0|0.0|0.0|0.0|0.0|0.0|0.0|0.0|0.0|0.0|1.0|0.0|0.0|0.0|0.0|0.0|0.0|0.0|0.0|0.0|1.0|0.0|0.0|0.0|1.0|0.0|1.0|0.0|0.0|0.0|0.0|1.0|0.0|0.0|0.0|0.0|0.0|0.0|1.0|bad
18.0|5998.0|27.0|0.0|0.0|0.0|1.0|0.0|0.0|0.0|0.0|0.0|0.0|0.0|0.0|1.0|0.0|0.0|0.0|0.0|0.0|0.0|0.0|0.0|1.0|0.0|0.0|0.0|1.0|0.0|1.0|0.0|0.0|0.0|0.0|1.0|0.0|0.0|0.0|0.0|1.0|0.0|0.0|bad
21.0|1188.0|39.0|0.0|0.0|0.0|0.0|0.0|0.0|0.0|1.0|0.0|0.0|0.0|0.0|0.0|0.0|1.0|0.0|0.0|0.0|1.0|0.0|0.0|0.0|0.0|0.0|0.0|1.0|0.0|0.0|0.0|0.0|0.0|1.0|0.0|0.0|1.0|0.0|0.0|0.0|1.0|0.0|bad
18.0|6313.0|4100.0|1.0|0.0|0.0|0.0|0.0|0.0|0.0|0.0|0.0|0.0|0.0|0.0|0.0|0.0|1.0|0.0|0.0|0.0|0.0|0.0|0.0|1.0|0.0|0.0|0.0|1.0|0.0|0.0|0.0|0.0|0.0|1.0|0.0|1.0|0.0|0.0|0.0|0.0|1.0|0.0|good
18.0|1221.0|36.0|0.0|0.0|0.0|0.0|1.0|0.0|0.0|0.0|0.0|0.0|0.0|0.0|1.0|0.0|0.0|0.0|0.0|0.0|0.0|0.0|1.0|0.0|0.0|1.0|0.0|0.0|0.0|1.0|0.0|0.0|0.0|0.0|1.0|0.0|0.0|0.0|0.0|1.0|0.0|0.0|good
18.0|2892.0|51.0|0.0|0.0|0.0|0.0|1.0|0.0|0.0|0.0|0.0|0.0|0.0|1.0|0.0|0.0|0.0|0.0|0.0|0.0|0.0|1.0|0.0|0.0|0.0|0.0|0.0|1.0|0.0|1.0|0.0|0.0|0.0|0.0|0.0|0.0|1.0|0.0|0.0|1.0|0.0|0.0|good
18.0|153100.0|3200.0|1.0|0.0|0.0|0.0|0.0|0.0|0.0|0.0|0.0|0.0|0.0|0.0|0.0|0.0|1.0|0.0|0.0|0.0|0.0|0.0|0.0|1.0|0.0|0.0|1.0|0.0|0.0|1.0|0.0|0.0|0.0|0.0|0.0|0.0|1.0|0.0|0.0|1.0|0.0|0.0|good
9.0|2301.0|22.0|1.0|0.0|0.0|0.0|0.0|0.0|0.0|0.0|0.0|0.0|0.0|0.0|0.0|1.0|0.0|0.0|0.0|0.0|1.0|0.0|0.0|0.0|0.0|0.0|0.0|1.0|0.0|1.0|0.0|0.0|0.0|0.0|0.0|0.0|1.0|0.0|0.0|1.0|0.0|0.0|good
18.0|7511.0|36.0|0.0|0.0|0.0|0.0|0.0|0.0|0.0|0.0|0.0|0.0|1.0|0.0|0.0|0.0|1.0|0.0|0.0|0.0|0.0|0.0|0.0|1.0|0.0|0.0|0.0|1.0|0.0|1.0|0.0|0.0|0.0|0.0|0.0|0.0|1.0|0.0|0.0|1.0|0.0|0.0|bad
12.0|-31450.0|22.0|0.0|0.0|0.0|0.0|1.0|0.0|0.0|0.0|0.0|0.0|0.0|0.0|0.0|1.0|0.0|0.0|0.0|0.0|1.0|0.0|0.0|0.0|0.0|0.0|0.0|1.0|0.0|0.0|1.0|0.0|0.0|0.0|1.0|0.0|0.0|0.0|0.0|0.0|0.0|1.0|good
18.0|2715.0|54.0|0.0|0.0|0.0|0.0|0.0|0.0|0.0|1.0|0.0|0.0|0.0|1.0|0.0|0.0|0.0|0.0|0.0|0.0|0.0|0.0|1.0|0.0|0.0|0.0|0.0|0.0|1.0|0.0|1.0|0.0|0.0|0.0|0.0|0.0|1.0|0.0|0.0|1.0|0.0|0.0|good
9.0|1549.0|35.0|0.0|0.0|0.0|0.0|0.0|1.0|0.0|0.0|0.0|0.0|0.0|0.0|0.0|1.0|0.0|0.0|0.0|0.0|0.0|0.0|0.0|1.0|0.0|0.0|0.0|1.0|0.0|1.0|0.0|0.0|0.0|0.0|0.0|0.0|0.0|1.0|0.0|1.0|0.0|0.0|good
24.0|79850.0|54.0|1.0|0.0|0.0|0.0|0.0|0.0|0.0|0.0|0.0|0.0|0.0|0.0|0.0|0.0|1.0|0.0|0.0|0.0|0.0|0.0|0.0|1.0|0.0|0.0|0.0|1.0|0.0|0.0|1.0|0.0|0.0|0.0|0.0|0.0|1.0|0.0|0.0|0.0|1.0|0.0|good
450.0|44875.0|48.0|1.0|0.0|0.0|0.0|0.0|0.0|0.0|0.0|0.0|0.0|0.0|0.0|0.0|0.0|1.0|0.0|0.0|0.0|1.0|0.0|0.0|0.0|0.0|0.0|0.0|0.0|1.0|1.0|0.0|0.0|0.0|0.0|1.0|0.0|0.0|0.0|0.0|1.0|0.0|0.0|good
18.0|106800.0|36.0|0.0|0.0|0.0|0.0|0.0|0.0|0.0|1.0|0.0|0.0|0.0|0.0|1.0|0.0|0.0|0.0|0.0|0.0|1.0|0.0|0.0|0.0|0.0|0.0|0.0|1.0|0.0|0.0|1.0|0.0|0.0|0.0|0.0|0.0|1.0|0.0|0.0|1.0|0.0|0.0|good
18.0|976.0|35.0|0.0|0.0|0.0|0.0|0.0|0.0|0.0|1.0|0.0|0.0|0.0|0.0|1.0|0.0|0.0|0.0|0.0|1.0|0.0|0.0|0.0|0.0|0.0|0.0|0.0|0.0|1.0|0.0|1.0|0.0|0.0|0.0|0.0|0.0|1.0|0.0|0.0|1.0|0.0|0.0|good
12.0|7472.0|36.0|0.0|0.0|0.0|0.0|0.0|0.0|0.0|1.0|0.0|0.0|0.0|1.0|0.0|0.0|0.0|0.0|0.0|0.0|0.0|0.0|0.0|1.0|0.0|1.0|0.0|0.0|0.0|1.0|0.0|0.0|0.0|0.0|0.0|0.0|0.0|1.0|0.0|1.0|0.0|0.0|good
36.0|9271.0|24.0|0.0|0.0|0.0|0.0|0.0|1.0|0.0|0.0|0.0|0.0|0.0|0.0|1.0|0.0|0.0|0.0|0.0|0.0|0.0|0.0|0.0|1.0|1.0|0.0|0.0|0.0|0.0|0.0|0.0|0.0|0.0|1.0|0.0|0.0|1.0|0.0|0.0|1.0|0.0|0.0|bad
6.0|2715.0|26.0|0.0|0.0|0.0|0.0|0.0|0.0|0.0|1.0|0.0|0.0|0.0|0.0|0.0|1.0|0.0|0.0|0.0|1.0|0.0|0.0|0.0|0.0|0.0|0.0|1.0|0.0|0.0|1.0|0.0|0.0|0.0|0.0|0.0|0.0|0.0|0.0|1.0|1.0|0.0|0.0|good
12.0|930.0|65.0|0.0|0.0|0.0|0.0|0.0|0.0|0.0|1.0|0.0|0.0|0.0|0.0|0.0|0.0|1.0|0.0|0.0|0.0|0.0|0.0|0.0|1.0|0.0|0.0|0.0|1.0|0.0|0.0|0.0|0.0|1.0|0.0|0.0|0.0|1.0|0.0|0.0|0.0|0.0|1.0|good
42.0|9283.0|55.0|0.0|0.0|0.0|0.0|0.0|0.0|0.0|1.0|0.0|0.0|0.0|0.0|1.0|0.0|0.0|0.0|0.0|0.0|0.0|0.0|0.0|1.0|0.0|1.0|0.0|0.0|0.0|1.0|0.0|0.0|0.0|0.0|1.0|0.0|0.0|0.0|0.0|1.0|0.0|0.0|good
15.0|1778.0|-650.0|1.0|0.0|0.0|0.0|0.0|0.0|0.0|0.0|0.0|0.0|0.0|0.0|0.0|1.0|0.0|0.0|0.0|0.0|1.0|0.0|0.0|0.0|0.0|0.0|0.0|0.0|1.0|0.0|1.0|0.0|0.0|0.0|1.0|0.0|0.0|0.0|0.0|1.0|0.0|0.0|bad
8.0|2715.0|26.0|0.0|1.0|0.0|0.0|0.0|0.0|0.0|0.0|0.0|0.0|0.0|0.0|0.0|1.0|0.0|0.0|0.0|0.0|0.0|0.0|1.0|0.0|0.0|1.0|0.0|0.0|0.0|1.0|0.0|0.0|0.0|0.0|0.0|0.0|1.0|0.0|0.0|1.0|0.0|0.0|good
6.0|2715.0|2800.0|1.0|0.0|0.0|0.0|0.0|0.0|0.0|0.0|0.0|0.0|0.0|1.0|0.0|0.0|0.0|0.0|0.0|0.0|0.0|0.0|1.0|0.0|0.0|0.0|0.0|1.0|0.0|1.0|0.0|0.0|0.0|0.0|0.0|0.0|0.0|0.0|1.0|1.0|0.0|0.0|good
18.0|9629.0|36.0|0.0|0.0|0.0|0.0|0.0|0.0|0.0|1.0|0.0|0.0|0.0|0.0|1.0|0.0|0.0|0.0|0.0|0.0|0.0|0.0|0.0|1.0|0.0|0.0|0.0|1.0|0.0|1.0|0.0|0.0|0.0|0.0|1.0|0.0|0.0|0.0|0.0|1.0|0.0|0.0|bad
48.0|3051.0|54.0|0.0|0.0|1.0|0.0|0.0|0.0|0.0|0.0|0.0|0.0|0.0|0.0|1.0|0.0|0.0|0.0|0.0|0.0|0.0|0.0|0.0|1.0|0.0|0.0|0.0|1.0|0.0|1.0|0.0|0.0|0.0|0.0|0.0|0.0|1.0|0.0|0.0|1.0|0.0|0.0|bad
48.0|3931.0|36.0|0.0|0.0|0.0|0.0|0.0|1.0|0.0|0.0|0.0|0.0|0.0|0.0|0.0|0.0|0.0|1.0|0.0|1.0|0.0|0.0|0.0|0.0|0.0|0.0|0.0|1.0|0.0|1.0|0.0|0.0|0.0|0.0|0.0|0.0|1.0|0.0|0.0|1.0|0.0|0.0|bad
18.0|2715.0|54.0|0.0|0.0|0.0|0.0|0.0|1.0|0.0|0.0|0.0|0.0|0.0|0.0|1.0|0.0|0.0|0.0|0.0|0.0|1.0|0.0|0.0|0.0|0.0|0.0|0.0|1.0|0.0|1.0|0.0|0.0|0.0|0.0|0.0|0.0|1.0|0.0|0.0|1.0|0.0|0.0|good
18.0|1338.0|62.0|0.0|0.0|0.0|0.0|0.0|0.0|0.0|1.0|0.0|0.0|0.0|0.0|1.0|0.0|0.0|0.0|0.0|0.0|0.0|1.0|0.0|0.0|0.0|0.0|0.0|0.0|1.0|1.0|0.0|0.0|0.0|0.0|0.0|0.0|1.0|0.0|0.0|1.0|0.0|0.0|good
6.0|1554.0|24.0|0.0|0.0|0.0|0.0|0.0|0.0|0.0|1.0|0.0|0.0|0.0|1.0|0.0|0.0|0.0|0.0|0.0|0.0|1.0|0.0|0.0|0.0|0.0|1.0|0.0|0.0|0.0|0.0|0.0|0.0|0.0|1.0|0.0|0.0|1.0|0.0|0.0|0.0|0.0|1.0|good
1800.0|-396425.0|36.0|0.0|0.0|0.0|0.0|0.0|0.0|0.0|1.0|0.0|0.0|0.0|0.0|0.0|0.0|0.0|0.0|1.0|0.0|0.0|1.0|0.0|0.0|0.0|0.0|0.0|1.0|0.0|1.0|0.0|0.0|0.0|0.0|1.0|0.0|0.0|0.0|0.0|0.0|0.0|1.0|good
18.0|1345.0|2600.0|0.0|0.0|0.0|0.0|0.0|0.0|0.0|1.0|0.0|0.0|0.0|0.0|1.0|0.0|0.0|0.0|0.0|1.0|0.0|0.0|0.0|0.0|0.0|0.0|0.0|0.0|1.0|1.0|0.0|0.0|0.0|0.0|0.0|0.0|1.0|0.0|0.0|1.0|0.0|0.0|bad
18.0|1101.0|27.0|0.0|0.0|0.0|0.0|0.0|1.0|0.0|0.0|0.0|0.0|0.0|0.0|1.0|0.0|0.0|0.0|0.0|0.0|0.0|0.0|0.0|1.0|0.0|1.0|0.0|0.0|0.0|1.0|0.0|0.0|0.0|0.0|0.0|0.0|1.0|0.0|0.0|1.0|0.0|0.0|good
12.0|75400.0|24.0|0.0|0.0|0.0|0.0|0.0|0.0|0.0|1.0|0.0|0.0|0.0|0.0|1.0|0.0|0.0|0.0|0.0|0.0|0.0|0.0|0.0|1.0|1.0|0.0|0.0|0.0|0.0|1.0|0.0|0.0|0.0|0.0|0.0|0.0|1.0|0.0|0.0|1.0|0.0|0.0|good
-900.0|2712.0|41.0|0.0|0.0|0.0|0.0|1.0|0.0|0.0|0.0|0.0|0.0|0.0|1.0|0.0|0.0|0.0|0.0|0.0|0.0|0.0|0.0|0.0|1.0|0.0|0.0|0.0|0.0|1.0|1.0|0.0|0.0|0.0|0.0|1.0|0.0|0.0|0.0|0.0|1.0|0.0|0.0|bad
800.0|731.0|47.0|0.0|0.0|0.0|0.0|0.0|0.0|0.0|1.0|0.0|0.0|0.0|0.0|0.0|0.0|1.0|0.0|0.0|0.0|0.0|0.0|0.0|1.0|0.0|0.0|0.0|1.0|0.0|0.0|1.0|0.0|0.0|0.0|0.0|0.0|0.0|0.0|1.0|0.0|0.0|1.0|good
-450.0|3780.0|35.0|0.0|0.0|0.0|0.0|1.0|0.0|0.0|0.0|0.0|0.0|0.0|0.0|1.0|0.0|0.0|0.0|0.0|0.0|0.0|1.0|0.0|0.0|0.0|1.0|0.0|0.0|0.0|0.0|1.0|0.0|0.0|0.0|0.0|0.0|1.0|0.0|0.0|1.0|0.0|0.0|good
525.0|1602.0|36.0|0.0|0.0|0.0|0.0|0.0|1.0|0.0|0.0|0.0|0.0|0.0|0.0|1.0|0.0|0.0|0.0|0.0|1.0|0.0|0.0|0.0|0.0|0.0|0.0|0.0|0.0|1.0|0.0|1.0|0.0|0.0|0.0|1.0|0.0|0.0|0.0|0.0|1.0|0.0|0.0|good
18.0|3966.0|33.0|0.0|0.0|0.0|0.0|0.0|0.0|0.0|1.0|0.0|0.0|0.0|0.0|0.0|0.0|1.0|0.0|0.0|0.0|1.0|0.0|0.0|0.0|0.0|0.0|0.0|1.0|0.0|0.0|0.0|1.0|0.0|0.0|0.0|0.0|1.0|0.0|0.0|1.0|0.0|0.0|bad
18.0|4165.0|36.0|1.0|0.0|0.0|0.0|0.0|0.0|0.0|0.0|0.0|0.0|0.0|0.0|1.0|0.0|0.0|0.0|0.0|0.0|0.0|0.0|0.0|1.0|0.0|1.0|0.0|0.0|0.0|0.0|1.0|0.0|0.0|0.0|0.0|0.0|1.0|0.0|0.0|1.0|0.0|0.0|bad
18.0|8335.0|47.0|0.0|0.0|0.0|0.0|0.0|0.0|0.0|1.0|0.0|0.0|0.0|1.0|0.0|0.0|0.0|0.0|0.0|0.0|0.0|0.0|0.0|1.0|0.0|0.0|0.0|1.0|0.0|1.0|0.0|0.0|0.0|0.0|0.0|0.0|1.0|0.0|0.0|1.0|0.0|0.0|bad
48.0|6681.0|38.0|0.0|1.0|0.0|0.0|0.0|0.0|0.0|0.0|0.0|0.0|0.0|0.0|1.0|0.0|0.0|0.0|0.0|0.0|0.0|0.0|0.0|1.0|0.0|0.0|0.0|1.0|0.0|1.0|0.0|0.0|0.0|0.0|1.0|0.0|0.0|0.0|0.0|1.0|0.0|0.0|good
600.0|2375.0|44.0|0.0|0.0|0.0|0.0|0.0|0.0|0.0|1.0|0.0|0.0|0.0|0.0|1.0|0.0|0.0|0.0|0.0|1.0|0.0|0.0|0.0|0.0|0.0|1.0|0.0|0.0|0.0|1.0|0.0|0.0|0.0|0.0|0.0|0.0|1.0|0.0|0.0|0.0|1.0|0.0|good
18.0|1216.0|23.0|1.0|0.0|0.0|0.0|0.0|0.0|0.0|0.0|0.0|0.0|0.0|0.0|0.0|1.0|0.0|0.0|0.0|0.0|0.0|0.0|0.0|1.0|0.0|0.0|1.0|0.0|0.0|1.0|0.0|0.0|0.0|0.0|0.0|0.0|1.0|0.0|0.0|1.0|0.0|0.0|bad
45.0|11816.0|29.0|0.0|1.0|0.0|0.0|0.0|0.0|0.0|0.0|0.0|0.0|0.0|0.0|0.0|0.0|1.0|0.0|0.0|0.0|0.0|0.0|0.0|1.0|0.0|0.0|0.0|1.0|0.0|0.0|1.0|0.0|0.0|0.0|0.0|0.0|1.0|0.0|0.0|1.0|0.0|0.0|bad
24.0|5084.0|42.0|0.0|0.0|0.0|0.0|0.0|0.0|0.0|1.0|0.0|0.0|0.0|0.0|0.0|0.0|1.0|0.0|0.0|0.0|1.0|0.0|0.0|0.0|0.0|0.0|0.0|1.0|0.0|1.0|0.0|0.0|0.0|0.0|0.0|0.0|1.0|0.0|0.0|1.0|0.0|0.0|good
375.0|2715.0|25.0|0.0|0.0|0.0|0.0|0.0|0.0|0.0|1.0|0.0|0.0|0.0|0.0|1.0|0.0|0.0|0.0|0.0|0.0|1.0|0.0|0.0|0.0|0.0|0.0|1.0|0.0|0.0|1.0|0.0|0.0|0.0|0.0|0.0|0.0|0.0|0.0|1.0|1.0|0.0|0.0|bad
12.0|27050.0|48.0|0.0|0.0|0.0|0.0|0.0|0.0|0.0|1.0|0.0|0.0|0.0|1.0|0.0|0.0|0.0|0.0|0.0|0.0|0.0|0.0|0.0|1.0|0.0|0.0|0.0|1.0|0.0|0.0|1.0|0.0|0.0|0.0|0.0|0.0|1.0|0.0|0.0|1.0|0.0|0.0|bad
12.0|2715.0|21.0|1.0|0.0|0.0|0.0|0.0|0.0|0.0|0.0|0.0|0.0|0.0|0.0|1.0|0.0|0.0|0.0|0.0|0.0|0.0|0.0|0.0|1.0|0.0|1.0|0.0|0.0|0.0|1.0|0.0|0.0|0.0|0.0|0.0|0.0|1.0|0.0|0.0|1.0|0.0|0.0|good
18.0|601.0|23.0|0.0|0.0|0.0|0.0|0.0|0.0|0.0|1.0|0.0|0.0|0.0|0.0|0.0|1.0|0.0|0.0|0.0|0.0|1.0|0.0|0.0|0.0|0.0|0.0|1.0|0.0|0.0|1.0|0.0|0.0|0.0|0.0|0.0|0.0|0.0|0.0|1.0|0.0|1.0|0.0|good
24.0|2957.0|63.0|0.0|0.0|0.0|0.0|0.0|0.0|0.0|0.0|0.0|0.0|1.0|0.0|0.0|0.0|1.0|0.0|0.0|0.0|0.0|0.0|0.0|1.0|0.0|0.0|0.0|1.0|0.0|1.0|0.0|0.0|0.0|0.0|0.0|0.0|1.0|0.0|0.0|1.0|0.0|0.0|good
24.0|130550.0|46.0|0.0|0.0|0.0|0.0|0.0|0.0|0.0|1.0|0.0|0.0|0.0|1.0|0.0|0.0|0.0|0.0|0.0|1.0|0.0|0.0|0.0|0.0|0.0|0.0|1.0|0.0|0.0|1.0|0.0|0.0|0.0|0.0|0.0|0.0|1.0|0.0|0.0|1.0|0.0|0.0|good
3600.0|5179.0|29.0|0.0|0.0|0.0|0.0|0.0|0.0|0.0|1.0|0.0|0.0|0.0|0.0|1.0|0.0|0.0|0.0|0.0|0.0|0.0|0.0|0.0|1.0|0.0|1.0|0.0|0.0|0.0|1.0|0.0|0.0|0.0|0.0|0.0|0.0|1.0|0.0|0.0|0.0|0.0|1.0|bad
2100.0|74825.0|28.0|0.0|0.0|0.0|0.0|0.0|0.0|0.0|0.0|0.0|0.0|1.0|0.0|1.0|0.0|0.0|0.0|0.0|0.0|0.0|0.0|0.0|1.0|0.0|1.0|0.0|0.0|0.0|1.0|0.0|0.0|0.0|0.0|0.0|0.0|0.0|0.0|1.0|1.0|0.0|0.0|good
18.0|2715.0|23.0|0.0|0.0|0.0|0.0|0.0|0.0|0.0|0.0|1.0|0.0|0.0|0.0|0.0|1.0|0.0|0.0|0.0|0.0|1.0|0.0|0.0|0.0|0.0|0.0|0.0|1.0|0.0|1.0|0.0|0.0|0.0|0.0|1.0|0.0|0.0|0.0|0.0|1.0|0.0|0.0|bad
18.0|1559.0|50.0|1.0|0.0|0.0|0.0|0.0|0.0|0.0|0.0|0.0|0.0|0.0|0.0|0.0|0.0|0.0|1.0|0.0|0.0|0.0|0.0|0.0|1.0|0.0|0.0|0.0|1.0|0.0|1.0|0.0|0.0|0.0|0.0|0.0|0.0|1.0|0.0|0.0|1.0|0.0|0.0|good
18.0|3422.0|36.0|1.0|0.0|0.0|0.0|0.0|0.0|0.0|0.0|0.0|0.0|0.0|0.0|0.0|0.0|1.0|0.0|0.0|0.0|0.0|0.0|0.0|1.0|0.0|0.0|0.0|1.0|0.0|0.0|0.0|1.0|0.0|0.0|0.0|0.0|1.0|0.0|0.0|0.0|1.0|0.0|good
18.0|3976.0|35.0|0.0|0.0|0.0|0.0|0.0|0.0|0.0|1.0|0.0|0.0|0.0|1.0|0.0|0.0|0.0|0.0|0.0|0.0|0.0|0.0|0.0|1.0|0.0|0.0|0.0|1.0|0.0|1.0|0.0|0.0|0.0|0.0|1.0|0.0|0.0|0.0|0.0|1.0|0.0|0.0|good
18.0|2715.0|68.0|0.0|0.0|0.0|0.0|0.0|1.0|0.0|0.0|0.0|0.0|0.0|0.0|1.0|0.0|0.0|0.0|0.0|0.0|0.0|0.0|0.0|1.0|0.0|0.0|0.0|0.0|1.0|0.0|1.0|0.0|0.0|0.0|1.0|0.0|0.0|0.0|0.0|1.0|0.0|0.0|bad
18.0|1249.0|28.0|0.0|0.0|0.0|0.0|0.0|0.0|0.0|1.0|0.0|0.0|0.0|0.0|0.0|1.0|0.0|0.0|0.0|0.0|0.0|0.0|1.0|0.0|0.0|1.0|0.0|0.0|0.0|0.0|0.0|0.0|0.0|1.0|0.0|0.0|1.0|0.0|0.0|1.0|0.0|0.0|good
9.0|1364.0|59.0|0.0|0.0|0.0|0.0|0.0|0.0|0.0|1.0|0.0|0.0|0.0|1.0|0.0|0.0|0.0|0.0|0.0|0.0|0.0|0.0|0.0|1.0|0.0|0.0|0.0|0.0|1.0|1.0|0.0|0.0|0.0|0.0|1.0|0.0|0.0|0.0|0.0|0.0|0.0|1.0|good
12.0|709.0|57.0|0.0|0.0|0.0|0.0|0.0|0.0|0.0|1.0|0.0|0.0|0.0|0.0|0.0|0.0|1.0|0.0|0.0|0.0|0.0|0.0|0.0|1.0|0.0|0.0|0.0|0.0|1.0|1.0|0.0|0.0|0.0|0.0|1.0|0.0|0.0|0.0|0.0|1.0|0.0|0.0|bad
20.0|2235.0|1650.0|1.0|0.0|0.0|0.0|0.0|0.0|0.0|0.0|0.0|0.0|0.0|0.0|1.0|0.0|0.0|0.0|0.0|0.0|0.0|0.0|1.0|0.0|0.0|0.0|0.0|0.0|1.0|0.0|1.0|0.0|0.0|0.0|0.0|0.0|1.0|0.0|0.0|1.0|0.0|0.0|bad
24.0|4042.0|36.0|0.0|0.0|0.0|0.0|0.0|0.0|0.0|0.0|0.0|0.0|1.0|0.0|0.0|0.0|0.0|1.0|0.0|0.0|0.0|0.0|0.0|1.0|0.0|0.0|0.0|1.0|0.0|0.0|1.0|0.0|0.0|0.0|0.0|0.0|1.0|0.0|0.0|1.0|0.0|0.0|good
15.0|1471.0|875.0|0.0|0.0|0.0|0.0|0.0|0.0|0.0|1.0|0.0|0.0|0.0|0.0|1.0|0.0|0.0|0.0|0.0|0.0|0.0|0.0|0.0|1.0|0.0|0.0|0.0|1.0|0.0|0.0|1.0|0.0|0.0|0.0|0.0|0.0|1.0|0.0|0.0|1.0|0.0|0.0|good
18.0|1442.0|3200.0|1.0|0.0|0.0|0.0|0.0|0.0|0.0|0.0|0.0|0.0|0.0|0.0|0.0|0.0|0.0|1.0|0.0|0.0|0.0|0.0|0.0|1.0|0.0|0.0|0.0|1.0|0.0|0.0|1.0|0.0|0.0|0.0|0.0|0.0|1.0|0.0|0.0|0.0|1.0|0.0|bad
18.0|10875.0|45.0|0.0|0.0|0.0|0.0|0.0|1.0|0.0|0.0|0.0|0.0|0.0|0.0|0.0|0.0|1.0|0.0|0.0|0.0|0.0|0.0|0.0|1.0|0.0|1.0|0.0|0.0|0.0|0.0|1.0|0.0|0.0|0.0|0.0|0.0|1.0|0.0|0.0|0.0|1.0|0.0|good
1200.0|1474.0|33.0|0.0|0.0|0.0|0.0|0.0|1.0|0.0|0.0|0.0|0.0|0.0|0.0|0.0|1.0|0.0|0.0|0.0|0.0|0.0|0.0|1.0|0.0|0.0|0.0|1.0|0.0|0.0|1.0|0.0|0.0|0.0|0.0|0.0|0.0|1.0|0.0|0.0|1.0|0.0|0.0|good
10.0|894.0|40.0|0.0|0.0|0.0|0.0|0.0|0.0|0.0|0.0|0.0|1.0|0.0|0.0|0.0|0.0|0.0|1.0|0.0|1.0|0.0|0.0|0.0|0.0|0.0|0.0|1.0|0.0|0.0|1.0|0.0|0.0|0.0|0.0|1.0|0.0|0.0|0.0|0.0|1.0|0.0|0.0|good
15.0|3343.0|28.0|0.0|0.0|0.0|0.0|1.0|0.0|0.0|0.0|0.0|0.0|0.0|0.0|1.0|0.0|0.0|0.0|0.0|0.0|0.0|0.0|0.0|1.0|0.0|0.0|0.0|0.0|1.0|1.0|0.0|0.0|0.0|0.0|0.0|0.0|1.0|0.0|0.0|1.0|0.0|0.0|good
15.0|2715.0|29.0|1.0|0.0|0.0|0.0|0.0|0.0|0.0|0.0|0.0|0.0|0.0|0.0|1.0|0.0|0.0|0.0|0.0|1.0|0.0|0.0|0.0|0.0|0.0|1.0|0.0|0.0|0.0|1.0|0.0|0.0|0.0|0.0|1.0|0.0|0.0|0.0|0.0|1.0|0.0|0.0|bad
9.0|357700.0|26.0|0.0|0.0|0.0|0.0|0.0|0.0|0.0|1.0|0.0|0.0|0.0|0.0|1.0|0.0|0.0|0.0|0.0|0.0|0.0|0.0|0.0|1.0|0.0|0.0|0.0|1.0|0.0|1.0|0.0|0.0|0.0|0.0|0.0|0.0|1.0|0.0|0.0|0.0|1.0|0.0|good
24.0|290200.0|36.0|0.0|0.0|0.0|0.0|0.0|0.0|0.0|0.0|0.0|0.0|1.0|0.0|1.0|0.0|0.0|0.0|0.0|0.0|0.0|0.0|0.0|1.0|0.0|1.0|0.0|0.0|0.0|0.0|1.0|0.0|0.0|0.0|0.0|0.0|1.0|0.0|0.0|1.0|0.0|0.0|good
18.0|2169.0|28.0|0.0|1.0|0.0|0.0|0.0|0.0|0.0|0.0|0.0|0.0|0.0|1.0|0.0|0.0|0.0|0.0|0.0|0.0|0.0|0.0|0.0|1.0|0.0|0.0|0.0|0.0|1.0|1.0|0.0|0.0|0.0|0.0|0.0|0.0|1.0|0.0|0.0|1.0|0.0|0.0|bad
18.0|2439.0|1750.0|1.0|0.0|0.0|0.0|0.0|0.0|0.0|0.0|0.0|0.0|0.0|0.0|0.0|1.0|0.0|0.0|0.0|0.0|1.0|0.0|0.0|0.0|0.0|0.0|0.0|1.0|0.0|1.0|0.0|0.0|0.0|0.0|0.0|0.0|1.0|0.0|0.0|0.0|0.0|1.0|bad
18.0|2715.0|32.0|0.0|0.0|0.0|0.0|1.0|0.0|0.0|0.0|0.0|0.0|0.0|0.0|0.0|1.0|0.0|0.0|0.0|1.0|0.0|0.0|0.0|0.0|0.0|1.0|0.0|0.0|0.0|0.0|1.0|0.0|0.0|0.0|0.0|0.0|0.0|0.0|1.0|0.0|1.0|0.0|good
10.0|110500.0|1250.0|0.0|0.0|0.0|0.0|1.0|0.0|0.0|0.0|0.0|0.0|0.0|0.0|1.0|0.0|0.0|0.0|0.0|0.0|0.0|0.0|0.0|1.0|0.0|1.0|0.0|0.0|0.0|0.0|0.0|0.0|0.0|1.0|0.0|0.0|0.0|0.0|1.0|1.0|0.0|0.0|bad
15.0|2221.0|20.0|0.0|0.0|0.0|0.0|1.0|0.0|0.0|0.0|0.0|0.0|0.0|0.0|1.0|0.0|0.0|0.0|0.0|0.0|1.0|0.0|0.0|0.0|0.0|0.0|0.0|1.0|0.0|1.0|0.0|0.0|0.0|0.0|0.0|0.0|1.0|0.0|0.0|1.0|0.0|0.0|good
18.0|2389.0|27.0|0.0|0.0|0.0|0.0|0.0|0.0|0.0|1.0|0.0|0.0|0.0|0.0|1.0|0.0|0.0|0.0|0.0|0.0|1.0|0.0|0.0|0.0|1.0|0.0|0.0|0.0|0.0|1.0|0.0|0.0|0.0|0.0|0.0|0.0|1.0|0.0|0.0|1.0|0.0|0.0|good
1200.0|3331.0|42.0|0.0|0.0|0.0|0.0|1.0|0.0|0.0|0.0|0.0|0.0|0.0|0.0|0.0|0.0|1.0|0.0|0.0|0.0|0.0|0.0|0.0|1.0|0.0|0.0|0.0|1.0|0.0|1.0|0.0|0.0|0.0|0.0|0.0|0.0|1.0|0.0|0.0|1.0|0.0|0.0|good
18.0|370450.0|37.0|0.0|1.0|0.0|0.0|0.0|0.0|0.0|0.0|0.0|0.0|0.0|0.0|1.0|0.0|0.0|0.0|0.0|0.0|0.0|0.0|0.0|1.0|0.0|1.0|0.0|0.0|0.0|0.0|0.0|0.0|0.0|1.0|1.0|0.0|0.0|0.0|0.0|1.0|0.0|0.0|good
12.0|652.0|24.0|1.0|0.0|0.0|0.0|0.0|0.0|0.0|0.0|0.0|0.0|0.0|0.0|0.0|0.0|1.0|0.0|0.0|1.0|0.0|0.0|0.0|0.0|0.0|0.0|0.0|1.0|0.0|1.0|0.0|0.0|0.0|0.0|0.0|0.0|1.0|0.0|0.0|1.0|0.0|0.0|good
36.0|7678.0|40.0|0.0|0.0|0.0|0.0|1.0|0.0|0.0|0.0|0.0|0.0|0.0|0.0|0.0|0.0|0.0|1.0|0.0|0.0|1.0|0.0|0.0|0.0|0.0|0.0|0.0|1.0|0.0|1.0|0.0|0.0|0.0|0.0|0.0|0.0|1.0|0.0|0.0|1.0|0.0|0.0|good
6.0|1343.0|46.0|0.0|0.0|0.0|0.0|0.0|1.0|0.0|0.0|0.0|0.0|0.0|0.0|0.0|0.0|1.0|0.0|0.0|1.0|0.0|0.0|0.0|0.0|0.0|0.0|0.0|1.0|0.0|0.0|1.0|0.0|0.0|0.0|0.0|0.0|1.0|0.0|0.0|1.0|0.0|0.0|good
-600.0|1382.0|26.0|1.0|0.0|0.0|0.0|0.0|0.0|0.0|0.0|0.0|0.0|0.0|0.0|0.0|0.0|0.0|1.0|0.0|0.0|0.0|0.0|0.0|1.0|1.0|0.0|0.0|0.0|0.0|1.0|0.0|0.0|0.0|0.0|0.0|0.0|1.0|0.0|0.0|0.0|0.0|1.0|good
15.0|2715.0|36.0|0.0|0.0|1.0|0.0|0.0|0.0|0.0|0.0|0.0|0.0|0.0|0.0|0.0|1.0|0.0|0.0|0.0|0.0|1.0|0.0|0.0|0.0|0.0|0.0|0.0|0.0|1.0|1.0|0.0|0.0|0.0|0.0|1.0|0.0|0.0|0.0|0.0|1.0|0.0|0.0|good
18.0|3590.0|29.0|0.0|0.0|0.0|0.0|1.0|0.0|0.0|0.0|0.0|0.0|0.0|0.0|1.0|0.0|0.0|0.0|0.0|0.0|0.0|0.0|0.0|1.0|0.0|0.0|0.0|0.0|1.0|1.0|0.0|0.0|0.0|0.0|0.0|0.0|0.0|0.0|1.0|0.0|1.0|0.0|good
11.0|1322.0|36.0|0.0|0.0|0.0|0.0|0.0|0.0|0.0|1.0|0.0|0.0|0.0|1.0|0.0|0.0|0.0|0.0|0.0|0.0|1.0|0.0|0.0|0.0|0.0|0.0|0.0|1.0|0.0|0.0|1.0|0.0|0.0|0.0|0.0|0.0|1.0|0.0|0.0|0.0|0.0|1.0|good
18.0|2715.0|36.0|0.0|0.0|0.0|0.0|0.0|0.0|0.0|1.0|0.0|0.0|0.0|0.0|0.0|1.0|0.0|0.0|0.0|0.0|0.0|0.0|0.0|1.0|0.0|0.0|0.0|1.0|0.0|1.0|0.0|0.0|0.0|0.0|0.0|1.0|0.0|0.0|0.0|1.0|0.0|0.0|good
1800.0|3595.0|28.0|1.0|0.0|0.0|0.0|0.0|0.0|0.0|0.0|0.0|0.0|0.0|1.0|0.0|0.0|0.0|0.0|0.0|0.0|0.0|0.0|0.0|1.0|0.0|0.0|0.0|1.0|0.0|1.0|0.0|0.0|0.0|0.0|0.0|0.0|1.0|0.0|0.0|1.0|0.0|0.0|good
9.0|1422.0|675.0|0.0|0.0|0.0|0.0|0.0|1.0|0.0|0.0|0.0|0.0|0.0|0.0|0.0|1.0|0.0|0.0|0.0|0.0|0.0|0.0|0.0|1.0|0.0|1.0|0.0|0.0|0.0|1.0|0.0|0.0|0.0|0.0|0.0|1.0|0.0|0.0|0.0|1.0|0.0|0.0|bad
750.0|6742.0|-900.0|1.0|0.0|0.0|0.0|0.0|0.0|0.0|0.0|0.0|0.0|0.0|1.0|0.0|0.0|0.0|0.0|0.0|1.0|0.0|0.0|0.0|0.0|0.0|0.0|0.0|1.0|0.0|0.0|1.0|0.0|0.0|0.0|1.0|0.0|0.0|0.0|0.0|1.0|0.0|0.0|good
24.0|-195350.0|38.0|0.0|0.0|0.0|0.0|0.0|0.0|0.0|0.0|0.0|0.0|1.0|0.0|0.0|0.0|0.0|1.0|0.0|0.0|0.0|0.0|0.0|1.0|0.0|0.0|1.0|0.0|0.0|0.0|0.0|0.0|0.0|1.0|0.0|0.0|1.0|0.0|0.0|1.0|0.0|0.0|good
18.0|9277.0|48.0|0.0|0.0|0.0|0.0|0.0|0.0|0.0|0.0|0.0|0.0|1.0|1.0|0.0|0.0|0.0|0.0|0.0|0.0|0.0|1.0|0.0|0.0|0.0|0.0|0.0|1.0|0.0|1.0|0.0|0.0|0.0|0.0|0.0|0.0|1.0|0.0|0.0|0.0|0.0|1.0|good
30.0|54525.0|36.0|0.0|0.0|0.0|0.0|0.0|1.0|0.0|0.0|0.0|0.0|0.0|1.0|0.0|0.0|0.0|0.0|0.0|0.0|0.0|0.0|0.0|1.0|0.0|0.0|0.0|1.0|0.0|0.0|0.0|0.0|0.0|1.0|0.0|0.0|1.0|0.0|0.0|0.0|0.0|1.0|good
18.0|109800.0|65.0|0.0|0.0|0.0|0.0|0.0|0.0|0.0|1.0|0.0|0.0|0.0|0.0|0.0|0.0|0.0|0.0|1.0|0.0|1.0|0.0|0.0|0.0|0.0|0.0|0.0|1.0|0.0|0.0|1.0|0.0|0.0|0.0|1.0|0.0|0.0|0.0|0.0|1.0|0.0|0.0|good
24.0|4057.0|43.0|0.0|0.0|0.0|0.0|1.0|0.0|0.0|0.0|0.0|0.0|0.0|0.0|1.0|0.0|0.0|0.0|0.0|0.0|0.0|0.0|0.0|1.0|0.0|0.0|1.0|0.0|0.0|1.0|0.0|0.0|0.0|0.0|0.0|0.0|1.0|0.0|0.0|1.0|0.0|0.0|bad
12.0|795.0|53.0|0.0|0.0|0.0|0.0|0.0|0.0|0.0|1.0|0.0|0.0|0.0|0.0|0.0|1.0|0.0|0.0|0.0|0.0|1.0|0.0|0.0|0.0|0.0|0.0|0.0|0.0|1.0|1.0|0.0|0.0|0.0|0.0|0.0|0.0|1.0|0.0|0.0|0.0|0.0|1.0|bad
18.0|2825.0|34.0|0.0|1.0|0.0|0.0|0.0|0.0|0.0|0.0|0.0|0.0|0.0|0.0|0.0|0.0|0.0|1.0|0.0|0.0|0.0|0.0|0.0|1.0|0.0|0.0|0.0|1.0|0.0|0.0|1.0|0.0|0.0|0.0|0.0|0.0|1.0|0.0|0.0|0.0|1.0|0.0|good
48.0|2715.0|23.0|0.0|1.0|0.0|0.0|0.0|0.0|0.0|0.0|0.0|0.0|0.0|0.0|1.0|0.0|0.0|0.0|0.0|0.0|0.0|0.0|0.0|1.0|0.0|1.0|0.0|0.0|0.0|0.0|0.0|0.0|0.0|1.0|0.0|0.0|1.0|0.0|0.0|1.0|0.0|0.0|bad
36.0|2715.0|34.0|0.0|0.0|0.0|0.0|0.0|0.0|0.0|1.0|0.0|0.0|0.0|0.0|0.0|0.0|1.0|0.0|0.0|0.0|0.0|0.0|0.0|1.0|0.0|0.0|0.0|1.0|0.0|0.0|1.0|0.0|0.0|0.0|0.0|0.0|1.0|0.0|0.0|1.0|0.0|0.0|good
18.0|7824.0|40.0|0.0|0.0|0.0|0.0|0.0|0.0|0.0|0.0|0.0|0.0|1.0|0.0|0.0|1.0|0.0|0.0|0.0|0.0|0.0|0.0|0.0|1.0|0.0|0.0|0.0|1.0|0.0|0.0|1.0|0.0|0.0|0.0|0.0|0.0|1.0|0.0|0.0|0.0|1.0|0.0|good
27.0|244200.0|36.0|0.0|0.0|0.0|0.0|0.0|0.0|0.0|1.0|0.0|0.0|0.0|0.0|1.0|0.0|0.0|0.0|0.0|0.0|0.0|0.0|0.0|1.0|0.0|0.0|0.0|1.0|0.0|1.0|0.0|0.0|0.0|0.0|0.0|1.0|0.0|0.0|0.0|0.0|1.0|0.0|good
15.0|1829.0|46.0|0.0|0.0|0.0|0.0|0.0|0.0|0.0|1.0|0.0|0.0|0.0|0.0|1.0|0.0|0.0|0.0|0.0|0.0|0.0|0.0|0.0|1.0|0.0|0.0|0.0|1.0|0.0|0.0|1.0|0.0|0.0|0.0|0.0|0.0|1.0|0.0|0.0|1.0|0.0|0.0|good
12.0|2715.0|38.0|0.0|0.0|0.0|0.0|0.0|1.0|0.0|0.0|0.0|0.0|0.0|0.0|1.0|0.0|0.0|0.0|0.0|0.0|0.0|0.0|0.0|1.0|0.0|0.0|0.0|1.0|0.0|1.0|0.0|0.0|0.0|0.0|0.0|0.0|0.0|0.0|1.0|1.0|0.0|0.0|good
36.0|5800.0|3400.0|1.0|0.0|0.0|0.0|0.0|0.0|0.0|0.0|0.0|0.0|0.0|0.0|1.0|0.0|0.0|0.0|0.0|0.0|0.0|0.0|0.0|1.0|0.0|0.0|0.0|1.0|0.0|0.0|1.0|0.0|0.0|0.0|0.0|0.0|1.0|0.0|0.0|0.0|0.0|1.0|good
900.0|1169.0|29.0|1.0|0.0|0.0|0.0|0.0|0.0|0.0|0.0|0.0|0.0|0.0|0.0|1.0|0.0|0.0|0.0|0.0|0.0|0.0|0.0|0.0|1.0|0.0|0.0|0.0|1.0|0.0|0.0|0.0|0.0|0.0|1.0|0.0|0.0|1.0|0.0|0.0|1.0|0.0|0.0|good
36.0|8947.0|-775.0|0.0|0.0|0.0|0.0|0.0|0.0|0.0|0.0|0.0|0.0|1.0|1.0|0.0|0.0|0.0|0.0|0.0|0.0|0.0|0.0|0.0|1.0|0.0|1.0|0.0|0.0|0.0|1.0|0.0|0.0|0.0|0.0|1.0|0.0|0.0|0.0|0.0|0.0|0.0|1.0|good
525.0|2606.0|28.0|0.0|0.0|0.0|0.0|0.0|0.0|0.0|1.0|0.0|0.0|0.0|0.0|0.0|1.0|0.0|0.0|0.0|0.0|1.0|0.0|0.0|0.0|0.0|0.0|0.0|0.0|1.0|0.0|0.0|0.0|0.0|1.0|0.0|1.0|0.0|0.0|0.0|1.0|0.0|0.0|good
18.0|1592.0|35.0|0.0|0.0|0.0|0.0|1.0|0.0|0.0|0.0|0.0|0.0|0.0|0.0|0.0|0.0|0.0|1.0|0.0|0.0|0.0|0.0|0.0|1.0|0.0|1.0|0.0|0.0|0.0|1.0|0.0|0.0|0.0|0.0|1.0|0.0|0.0|0.0|0.0|0.0|0.0|1.0|good
18.0|2186.0|33.0|0.0|0.0|0.0|0.0|1.0|0.0|0.0|0.0|0.0|0.0|0.0|0.0|1.0|0.0|0.0|0.0|0.0|1.0|0.0|0.0|0.0|0.0|0.0|0.0|0.0|1.0|0.0|0.0|0.0|0.0|0.0|1.0|0.0|0.0|0.0|0.0|1.0|1.0|0.0|0.0|good
18.0|4153.0|36.0|0.0|0.0|0.0|0.0|1.0|0.0|0.0|0.0|0.0|0.0|0.0|0.0|1.0|0.0|0.0|0.0|0.0|0.0|0.0|0.0|0.0|1.0|0.0|0.0|1.0|0.0|0.0|1.0|0.0|0.0|0.0|0.0|0.0|0.0|1.0|0.0|0.0|1.0|0.0|0.0|bad
800.0|2625.0|43.0|0.0|0.0|0.0|0.0|0.0|1.0|0.0|0.0|0.0|0.0|0.0|0.0|1.0|0.0|0.0|0.0|0.0|0.0|0.0|0.0|0.0|1.0|0.0|0.0|0.0|1.0|0.0|1.0|0.0|0.0|0.0|0.0|0.0|0.0|1.0|0.0|0.0|0.0|0.0|1.0|bad
20.0|2715.0|44.0|1.0|0.0|0.0|0.0|0.0|0.0|0.0|0.0|0.0|0.0|0.0|0.0|0.0|1.0|0.0|0.0|0.0|0.0|0.0|1.0|0.0|0.0|0.0|0.0|0.0|1.0|0.0|0.0|1.0|0.0|0.0|0.0|0.0|0.0|1.0|0.0|0.0|1.0|0.0|0.0|good
18.0|523850.0|-1050.0|0.0|0.0|0.0|0.0|0.0|0.0|0.0|0.0|0.0|0.0|1.0|0.0|0.0|0.0|1.0|0.0|0.0|1.0|0.0|0.0|0.0|0.0|0.0|0.0|0.0|1.0|0.0|0.0|1.0|0.0|0.0|0.0|1.0|0.0|0.0|0.0|0.0|1.0|0.0|0.0|good
15.0|69300.0|40.0|0.0|0.0|0.0|0.0|0.0|0.0|0.0|1.0|0.0|0.0|0.0|0.0|1.0|0.0|0.0|0.0|0.0|0.0|0.0|0.0|0.0|1.0|0.0|1.0|0.0|0.0|0.0|0.0|0.0|0.0|0.0|1.0|0.0|0.0|1.0|0.0|0.0|1.0|0.0|0.0|good
24.0|2715.0|36.0|0.0|0.0|0.0|0.0|0.0|0.0|0.0|1.0|0.0|0.0|0.0|0.0|0.0|0.0|1.0|0.0|0.0|0.0|0.0|0.0|0.0|1.0|0.0|0.0|0.0|1.0|0.0|1.0|0.0|0.0|0.0|0.0|0.0|1.0|0.0|0.0|0.0|1.0|0.0|0.0|good
12.0|2715.0|36.0|0.0|0.0|0.0|0.0|0.0|0.0|0.0|1.0|0.0|0.0|0.0|1.0|0.0|0.0|0.0|0.0|0.0|1.0|0.0|0.0|0.0|0.0|0.0|1.0|0.0|0.0|0.0|0.0|0.0|0.0|0.0|1.0|0.0|1.0|0.0|0.0|0.0|0.0|1.0|0.0|good
21.0|3763.0|36.0|1.0|0.0|0.0|0.0|0.0|0.0|0.0|0.0|0.0|0.0|0.0|0.0|0.0|0.0|0.0|1.0|0.0|0.0|0.0|0.0|0.0|1.0|0.0|1.0|0.0|0.0|0.0|1.0|0.0|0.0|0.0|0.0|0.0|0.0|1.0|0.0|0.0|1.0|0.0|0.0|good
36.0|3711.0|-675.0|0.0|0.0|0.0|0.0|0.0|0.0|0.0|1.0|0.0|0.0|0.0|0.0|1.0|0.0|0.0|0.0|0.0|0.0|0.0|0.0|1.0|0.0|0.0|0.0|0.0|0.0|1.0|1.0|0.0|0.0|0.0|0.0|0.0|0.0|1.0|0.0|0.0|1.0|0.0|0.0|good
15.0|3594.0|36.0|0.0|0.0|0.0|0.0|0.0|0.0|0.0|0.0|0.0|0.0|1.0|0.0|0.0|1.0|0.0|0.0|0.0|0.0|1.0|0.0|0.0|0.0|0.0|1.0|0.0|0.0|0.0|0.0|1.0|0.0|0.0|0.0|0.0|0.0|1.0|0.0|0.0|0.0|0.0|1.0|good
9.0|3195.0|825.0|0.0|0.0|0.0|0.0|0.0|1.0|0.0|0.0|0.0|0.0|0.0|0.0|1.0|0.0|0.0|0.0|0.0|0.0|1.0|0.0|0.0|0.0|0.0|0.0|0.0|0.0|1.0|1.0|0.0|0.0|0.0|0.0|0.0|0.0|0.0|0.0|1.0|1.0|0.0|0.0|good
36.0|4454.0|-850.0|0.0|0.0|0.0|0.0|0.0|0.0|0.0|1.0|0.0|0.0|0.0|0.0|1.0|0.0|0.0|0.0|0.0|0.0|1.0|0.0|0.0|0.0|0.0|0.0|0.0|1.0|0.0|0.0|1.0|0.0|0.0|0.0|0.0|0.0|1.0|0.0|0.0|1.0|0.0|0.0|good
18.0|4736.0|36.0|0.0|0.0|0.0|0.0|1.0|0.0|0.0|0.0|0.0|0.0|0.0|0.0|0.0|1.0|0.0|0.0|0.0|0.0|1.0|0.0|0.0|0.0|0.0|0.0|0.0|1.0|0.0|1.0|0.0|0.0|0.0|0.0|0.0|0.0|1.0|0.0|0.0|1.0|0.0|0.0|bad
-750.0|2991.0|25.0|0.0|0.0|0.0|0.0|0.0|0.0|0.0|1.0|0.0|0.0|0.0|1.0|0.0|0.0|0.0|0.0|0.0|1.0|0.0|0.0|0.0|0.0|0.0|0.0|0.0|1.0|0.0|1.0|0.0|0.0|0.0|0.0|0.0|0.0|1.0|0.0|0.0|1.0|0.0|0.0|good
11.0|-53550.0|36.0|0.0|1.0|0.0|0.0|0.0|0.0|0.0|0.0|0.0|0.0|0.0|0.0|1.0|0.0|0.0|0.0|0.0|0.0|0.0|1.0|0.0|0.0|0.0|0.0|0.0|0.0|1.0|1.0|0.0|0.0|0.0|0.0|0.0|0.0|1.0|0.0|0.0|1.0|0.0|0.0|good
18.0|3161.0|31.0|0.0|1.0|0.0|0.0|0.0|0.0|0.0|0.0|0.0|0.0|0.0|0.0|1.0|0.0|0.0|0.0|0.0|0.0|0.0|0.0|0.0|1.0|0.0|1.0|0.0|0.0|0.0|1.0|0.0|0.0|0.0|0.0|0.0|0.0|1.0|0.0|0.0|1.0|0.0|0.0|bad
-1200.0|2715.0|36.0|0.0|0.0|0.0|0.0|0.0|0.0|1.0|0.0|0.0|0.0|0.0|0.0|1.0|0.0|0.0|0.0|0.0|0.0|1.0|0.0|0.0|0.0|0.0|1.0|0.0|0.0|0.0|1.0|0.0|0.0|0.0|0.0|0.0|0.0|1.0|0.0|0.0|1.0|0.0|0.0|bad
10.0|284800.0|32.0|0.0|0.0|0.0|0.0|0.0|0.0|0.0|0.0|0.0|0.0|1.0|1.0|0.0|0.0|0.0|0.0|0.0|0.0|0.0|0.0|0.0|1.0|0.0|1.0|0.0|0.0|0.0|0.0|0.0|0.0|0.0|1.0|0.0|0.0|1.0|0.0|0.0|0.0|1.0|0.0|good
6.0|1489600.0|68.0|0.0|0.0|0.0|0.0|0.0|0.0|0.0|1.0|0.0|0.0|0.0|0.0|1.0|0.0|0.0|0.0|0.0|0.0|0.0|0.0|0.0|1.0|0.0|0.0|0.0|1.0|0.0|1.0|0.0|0.0|0.0|0.0|0.0|1.0|0.0|0.0|0.0|1.0|0.0|0.0|bad
24.0|2715.0|825.0|1.0|0.0|0.0|0.0|0.0|0.0|0.0|0.0|0.0|0.0|0.0|0.0|0.0|0.0|0.0|0.0|1.0|0.0|0.0|0.0|0.0|1.0|0.0|0.0|0.0|1.0|0.0|1.0|0.0|0.0|0.0|0.0|0.0|0.0|1.0|0.0|0.0|1.0|0.0|0.0|bad
24.0|2715.0|39.0|0.0|0.0|0.0|0.0|1.0|0.0|0.0|0.0|0.0|0.0|0.0|0.0|0.0|0.0|1.0|0.0|0.0|0.0|0.0|0.0|0.0|1.0|0.0|1.0|0.0|0.0|0.0|1.0|0.0|0.0|0.0|0.0|0.0|1.0|0.0|0.0|0.0|1.0|0.0|0.0|bad
18.0|1817.0|28.0|0.0|0.0|0.0|0.0|0.0|0.0|0.0|1.0|0.0|0.0|0.0|0.0|1.0|0.0|0.0|0.0|0.0|0.0|1.0|0.0|0.0|0.0|0.0|0.0|0.0|0.0|1.0|0.0|1.0|0.0|0.0|0.0|0.0|0.0|1.0|0.0|0.0|1.0|0.0|0.0|good
18.0|2715.0|3700.0|0.0|0.0|0.0|0.0|0.0|0.0|0.0|1.0|0.0|0.0|0.0|0.0|0.0|0.0|0.0|1.0|0.0|0.0|0.0|0.0|0.0|1.0|1.0|0.0|0.0|0.0|0.0|1.0|0.0|0.0|0.0|0.0|0.0|1.0|0.0|0.0|0.0|1.0|0.0|0.0|good
9.0|1366.0|22.0|0.0|0.0|0.0|0.0|0.0|0.0|0.0|1.0|0.0|0.0|0.0|0.0|0.0|1.0|0.0|0.0|0.0|0.0|1.0|0.0|0.0|0.0|0.0|0.0|0.0|1.0|0.0|0.0|0.0|0.0|0.0|1.0|0.0|0.0|1.0|0.0|0.0|1.0|0.0|0.0|bad
-300.0|2002.0|30.0|0.0|0.0|0.0|0.0|0.0|1.0|0.0|0.0|0.0|0.0|0.0|0.0|0.0|0.0|0.0|1.0|0.0|1.0|0.0|0.0|0.0|0.0|0.0|0.0|0.0|0.0|1.0|1.0|0.0|0.0|0.0|0.0|0.0|0.0|1.0|0.0|0.0|0.0|1.0|0.0|good
24.0|6872.0|55.0|0.0|0.0|0.0|0.0|1.0|0.0|0.0|0.0|0.0|0.0|0.0|0.0|0.0|1.0|0.0|0.0|0.0|0.0|0.0|1.0|0.0|0.0|1.0|0.0|0.0|0.0|0.0|1.0|0.0|0.0|0.0|0.0|0.0|0.0|1.0|0.0|0.0|1.0|0.0|0.0|bad
12.0|697.0|1150.0|0.0|0.0|0.0|0.0|0.0|1.0|0.0|0.0|0.0|0.0|0.0|0.0|0.0|1.0|0.0|0.0|0.0|0.0|0.0|0.0|0.0|1.0|0.0|1.0|0.0|0.0|0.0|0.0|0.0|0.0|0.0|1.0|0.0|0.0|1.0|0.0|0.0|1.0|0.0|0.0|bad
18.0|1049.0|21.0|0.0|0.0|0.0|0.0|0.0|0.0|0.0|1.0|0.0|0.0|0.0|0.0|1.0|0.0|0.0|0.0|0.0|0.0|0.0|0.0|0.0|1.0|0.0|0.0|0.0|0.0|1.0|1.0|0.0|0.0|0.0|0.0|0.0|0.0|1.0|0.0|0.0|1.0|0.0|0.0|good
48.0|1029700.0|36.0|0.0|0.0|0.0|0.0|0.0|0.0|0.0|1.0|0.0|0.0|0.0|0.0|0.0|0.0|0.0|1.0|0.0|1.0|0.0|0.0|0.0|0.0|0.0|0.0|0.0|1.0|0.0|0.0|0.0|0.0|0.0|1.0|0.0|0.0|1.0|0.0|0.0|0.0|0.0|1.0|bad
30.0|1867.0|58.0|0.0|0.0|0.0|0.0|0.0|0.0|0.0|1.0|0.0|0.0|0.0|0.0|0.0|0.0|1.0|0.0|0.0|0.0|0.0|0.0|0.0|1.0|0.0|0.0|0.0|1.0|0.0|1.0|0.0|0.0|0.0|0.0|0.0|0.0|1.0|0.0|0.0|1.0|0.0|0.0|good
12.0|134400.0|36.0|0.0|0.0|0.0|0.0|0.0|1.0|0.0|0.0|0.0|0.0|0.0|0.0|1.0|0.0|0.0|0.0|0.0|0.0|0.0|0.0|0.0|1.0|0.0|1.0|0.0|0.0|0.0|1.0|0.0|0.0|0.0|0.0|0.0|0.0|0.0|0.0|1.0|0.0|1.0|0.0|good
24.0|2715.0|36.0|0.0|0.0|0.0|0.0|0.0|0.0|0.0|1.0|0.0|0.0|0.0|0.0|0.0|1.0|0.0|0.0|0.0|0.0|0.0|0.0|0.0|1.0|0.0|0.0|0.0|1.0|0.0|1.0|0.0|0.0|0.0|0.0|0.0|0.0|0.0|0.0|1.0|1.0|0.0|0.0|good
9.0|2715.0|22.0|0.0|0.0|0.0|0.0|0.0|0.0|0.0|1.0|0.0|0.0|0.0|1.0|0.0|0.0|0.0|0.0|0.0|0.0|0.0|0.0|0.0|1.0|0.0|1.0|0.0|0.0|0.0|1.0|0.0|0.0|0.0|0.0|0.0|0.0|1.0|0.0|0.0|1.0|0.0|0.0|bad
9.0|-30600.0|30.0|0.0|0.0|0.0|0.0|0.0|0.0|0.0|1.0|0.0|0.0|0.0|0.0|1.0|0.0|0.0|0.0|0.0|0.0|0.0|0.0|0.0|1.0|1.0|0.0|0.0|0.0|0.0|0.0|1.0|0.0|0.0|0.0|1.0|0.0|0.0|0.0|0.0|1.0|0.0|0.0|good
18.0|522.0|-1050.0|0.0|0.0|0.0|0.0|0.0|0.0|0.0|1.0|0.0|0.0|0.0|0.0|0.0|0.0|1.0|0.0|0.0|0.0|0.0|0.0|0.0|1.0|0.0|0.0|0.0|0.0|1.0|0.0|1.0|0.0|0.0|0.0|0.0|0.0|1.0|0.0|0.0|1.0|0.0|0.0|good
-300.0|2715.0|23.0|0.0|0.0|0.0|0.0|0.0|0.0|0.0|1.0|0.0|0.0|0.0|0.0|1.0|0.0|0.0|0.0|0.0|0.0|0.0|0.0|0.0|1.0|1.0|0.0|0.0|0.0|0.0|0.0|0.0|0.0|0.0|1.0|0.0|0.0|1.0|0.0|0.0|1.0|0.0|0.0|good
30.0|1919.0|3000.0|0.0|0.0|0.0|0.0|0.0|0.0|0.0|1.0|0.0|0.0|0.0|0.0|1.0|0.0|0.0|0.0|0.0|0.0|0.0|0.0|0.0|1.0|0.0|0.0|0.0|1.0|0.0|0.0|1.0|0.0|0.0|0.0|0.0|1.0|0.0|0.0|0.0|1.0|0.0|0.0|bad
18.0|745.0|28.0|0.0|0.0|0.0|0.0|0.0|0.0|0.0|1.0|0.0|0.0|0.0|0.0|1.0|0.0|0.0|0.0|0.0|0.0|1.0|0.0|0.0|0.0|0.0|0.0|0.0|0.0|1.0|0.0|0.0|0.0|0.0|1.0|0.0|0.0|0.0|0.0|1.0|0.0|0.0|1.0|bad
150.0|2063.0|36.0|0.0|0.0|0.0|0.0|0.0|0.0|0.0|1.0|0.0|0.0|0.0|0.0|0.0|1.0|0.0|0.0|0.0|0.0|0.0|0.0|1.0|0.0|0.0|0.0|1.0|0.0|0.0|1.0|0.0|0.0|0.0|0.0|0.0|1.0|0.0|0.0|0.0|1.0|0.0|0.0|good
18.0|6288.0|42.0|0.0|0.0|0.0|1.0|0.0|0.0|0.0|0.0|0.0|0.0|0.0|0.0|1.0|0.0|0.0|0.0|0.0|0.0|0.0|0.0|0.0|1.0|0.0|0.0|0.0|1.0|0.0|0.0|0.0|0.0|0.0|1.0|0.0|0.0|1.0|0.0|0.0|1.0|0.0|0.0|bad
24.0|6842.0|46.0|0.0|0.0|0.0|0.0|0.0|0.0|0.0|0.0|0.0|0.0|1.0|0.0|1.0|0.0|0.0|0.0|0.0|0.0|0.0|0.0|0.0|1.0|0.0|0.0|0.0|1.0|0.0|1.0|0.0|0.0|0.0|0.0|1.0|0.0|0.0|0.0|0.0|0.0|0.0|1.0|good
12.0|2715.0|45.0|0.0|0.0|0.0|0.0|0.0|1.0|0.0|0.0|0.0|0.0|0.0|0.0|0.0|1.0|0.0|0.0|0.0|0.0|0.0|0.0|0.0|1.0|0.0|0.0|1.0|0.0|0.0|1.0|0.0|0.0|0.0|0.0|1.0|0.0|0.0|0.0|0.0|0.0|1.0|0.0|good
10.0|1546.0|31.0|0.0|0.0|0.0|0.0|0.0|1.0|0.0|0.0|0.0|0.0|0.0|0.0|1.0|0.0|0.0|0.0|0.0|0.0|0.0|0.0|0.0|1.0|0.0|0.0|0.0|1.0|0.0|1.0|0.0|0.0|0.0|0.0|0.0|0.0|0.0|0.0|1.0|0.0|1.0|0.0|good
24.0|2715.0|31.0|0.0|0.0|0.0|0.0|0.0|0.0|0.0|1.0|0.0|0.0|0.0|1.0|0.0|0.0|0.0|0.0|0.0|0.0|0.0|0.0|0.0|1.0|0.0|1.0|0.0|0.0|0.0|1.0|0.0|0.0|0.0|0.0|0.0|0.0|1.0|0.0|0.0|1.0|0.0|0.0|good
4.0|1455.0|42.0|1.0|0.0|0.0|0.0|0.0|0.0|0.0|0.0|0.0|0.0|0.0|0.0|0.0|0.0|0.0|1.0|0.0|0.0|0.0|0.0|0.0|1.0|0.0|0.0|0.0|1.0|0.0|1.0|0.0|0.0|0.0|0.0|1.0|0.0|0.0|0.0|0.0|0.0|1.0|0.0|good
15.0|2715.0|36.0|0.0|0.0|0.0|0.0|1.0|0.0|0.0|0.0|0.0|0.0|0.0|0.0|1.0|0.0|0.0|0.0|0.0|0.0|1.0|0.0|0.0|0.0|1.0|0.0|0.0|0.0|0.0|1.0|0.0|0.0|0.0|0.0|0.0|0.0|1.0|0.0|0.0|1.0|0.0|0.0|good
48.0|8358.0|750.0|0.0|0.0|0.0|0.0|0.0|1.0|0.0|0.0|0.0|0.0|0.0|0.0|0.0|1.0|0.0|0.0|0.0|0.0|1.0|0.0|0.0|0.0|0.0|0.0|0.0|1.0|0.0|0.0|1.0|0.0|0.0|0.0|0.0|0.0|1.0|0.0|0.0|1.0|0.0|0.0|good
2400.0|3349.0|30.0|0.0|0.0|0.0|0.0|1.0|0.0|0.0|0.0|0.0|0.0|0.0|0.0|0.0|1.0|0.0|0.0|0.0|0.0|0.0|0.0|0.0|1.0|0.0|0.0|0.0|1.0|0.0|1.0|0.0|0.0|0.0|0.0|0.0|0.0|1.0|0.0|0.0|1.0|0.0|0.0|bad
12.0|2715.0|38.0|1.0|0.0|0.0|0.0|0.0|0.0|0.0|0.0|0.0|0.0|0.0|0.0|1.0|0.0|0.0|0.0|0.0|0.0|0.0|0.0|0.0|1.0|0.0|0.0|0.0|0.0|1.0|1.0|0.0|0.0|0.0|0.0|0.0|1.0|0.0|0.0|0.0|0.0|0.0|1.0|good
18.0|76650.0|36.0|0.0|0.0|0.0|0.0|1.0|0.0|0.0|0.0|0.0|0.0|0.0|0.0|1.0|0.0|0.0|0.0|0.0|0.0|0.0|0.0|0.0|1.0|1.0|0.0|0.0|0.0|0.0|1.0|0.0|0.0|0.0|0.0|0.0|0.0|0.0|0.0|1.0|0.0|1.0|0.0|bad
600.0|3621.0|31.0|1.0|0.0|0.0|0.0|0.0|0.0|0.0|0.0|0.0|0.0|0.0|0.0|0.0|0.0|1.0|0.0|0.0|0.0|0.0|0.0|0.0|1.0|0.0|0.0|0.0|1.0|0.0|0.0|1.0|0.0|0.0|0.0|0.0|0.0|1.0|0.0|0.0|1.0|0.0|0.0|bad
1800.0|3590.0|40.0|0.0|1.0|0.0|0.0|0.0|0.0|0.0|0.0|0.0|0.0|0.0|1.0|0.0|0.0|0.0|0.0|0.0|1.0|0.0|0.0|0.0|0.0|0.0|0.0|1.0|0.0|0.0|0.0|0.0|0.0|0.0|1.0|0.0|0.0|0.0|1.0|0.0|0.0|1.0|0.0|good
36.0|2145.0|24.0|1.0|0.0|0.0|0.0|0.0|0.0|0.0|0.0|0.0|0.0|0.0|1.0|0.0|0.0|0.0|0.0|0.0|0.0|0.0|0.0|0.0|1.0|1.0|0.0|0.0|0.0|0.0|0.0|1.0|0.0|0.0|0.0|0.0|0.0|1.0|0.0|0.0|1.0|0.0|0.0|bad
24.0|205650.0|28.0|0.0|0.0|0.0|0.0|0.0|0.0|0.0|1.0|0.0|0.0|0.0|0.0|0.0|1.0|0.0|0.0|0.0|0.0|0.0|0.0|0.0|1.0|0.0|0.0|0.0|1.0|0.0|1.0|0.0|0.0|0.0|0.0|0.0|0.0|1.0|0.0|0.0|1.0|0.0|0.0|bad
36.0|10974.0|26.0|0.0|0.0|0.0|0.0|1.0|0.0|0.0|0.0|0.0|0.0|0.0|0.0|1.0|0.0|0.0|0.0|0.0|0.0|1.0|0.0|0.0|0.0|0.0|1.0|0.0|0.0|0.0|0.0|1.0|0.0|0.0|0.0|0.0|1.0|0.0|0.0|0.0|1.0|0.0|0.0|bad
1200.0|1893.0|36.0|0.0|0.0|0.0|0.0|0.0|1.0|0.0|0.0|0.0|0.0|0.0|0.0|1.0|0.0|0.0|0.0|0.0|0.0|1.0|0.0|0.0|0.0|0.0|0.0|0.0|1.0|0.0|1.0|0.0|0.0|0.0|0.0|0.0|0.0|1.0|0.0|0.0|1.0|0.0|0.0|good
24.0|30775.0|36.0|0.0|0.0|0.0|0.0|0.0|0.0|0.0|1.0|0.0|0.0|0.0|1.0|0.0|0.0|0.0|0.0|0.0|0.0|0.0|0.0|0.0|1.0|0.0|0.0|0.0|1.0|0.0|0.0|1.0|0.0|0.0|0.0|0.0|1.0|0.0|0.0|0.0|1.0|0.0|0.0|good
30.0|3656.0|49.0|0.0|0.0|0.0|0.0|0.0|0.0|0.0|1.0|0.0|0.0|0.0|0.0|0.0|0.0|1.0|0.0|0.0|0.0|0.0|0.0|0.0|1.0|0.0|0.0|0.0|1.0|0.0|0.0|1.0|0.0|0.0|0.0|0.0|0.0|0.0|0.0|1.0|1.0|0.0|0.0|good
9.0|2715.0|37.0|1.0|0.0|0.0|0.0|0.0|0.0|0.0|0.0|0.0|0.0|0.0|0.0|0.0|0.0|1.0|0.0|0.0|0.0|0.0|0.0|0.0|1.0|0.0|0.0|0.0|1.0|0.0|0.0|0.0|0.0|0.0|1.0|0.0|0.0|1.0|0.0|0.0|1.0|0.0|0.0|good
28.0|2715.0|36.0|0.0|0.0|0.0|0.0|0.0|1.0|0.0|0.0|0.0|0.0|0.0|1.0|0.0|0.0|0.0|0.0|0.0|1.0|0.0|0.0|0.0|0.0|0.0|0.0|0.0|0.0|1.0|1.0|0.0|0.0|0.0|0.0|0.0|0.0|0.0|0.0|1.0|1.0|0.0|0.0|bad
24.0|3069.0|36.0|1.0|0.0|0.0|0.0|0.0|0.0|0.0|0.0|0.0|0.0|0.0|0.0|0.0|0.0|1.0|0.0|0.0|0.0|0.0|0.0|0.0|1.0|0.0|0.0|0.0|0.0|1.0|0.0|0.0|0.0|0.0|1.0|0.0|0.0|1.0|0.0|0.0|1.0|0.0|0.0|good
6.0|1740.0|30.0|0.0|0.0|0.0|0.0|0.0|0.0|0.0|1.0|0.0|0.0|0.0|0.0|0.0|0.0|1.0|0.0|0.0|0.0|0.0|0.0|1.0|0.0|0.0|1.0|0.0|0.0|0.0|0.0|1.0|0.0|0.0|0.0|0.0|0.0|1.0|0.0|0.0|1.0|0.0|0.0|good
18.0|2715.0|47.0|0.0|0.0|0.0|0.0|0.0|1.0|0.0|0.0|0.0|0.0|0.0|0.0|1.0|0.0|0.0|0.0|0.0|0.0|0.0|0.0|0.0|1.0|0.0|0.0|0.0|1.0|0.0|0.0|1.0|0.0|0.0|0.0|0.0|0.0|1.0|0.0|0.0|1.0|0.0|0.0|good
1500.0|3556.0|29.0|0.0|0.0|0.0|0.0|0.0|0.0|0.0|1.0|0.0|0.0|0.0|0.0|1.0|0.0|0.0|0.0|0.0|0.0|0.0|0.0|0.0|1.0|0.0|1.0|0.0|0.0|0.0|1.0|0.0|0.0|0.0|0.0|0.0|0.0|1.0|0.0|0.0|1.0|0.0|0.0|good
18.0|2397.0|35.0|1.0|0.0|0.0|0.0|0.0|0.0|0.0|0.0|0.0|0.0|0.0|0.0|0.0|0.0|1.0|0.0|0.0|0.0|0.0|0.0|0.0|1.0|0.0|1.0|0.0|0.0|0.0|0.0|0.0|0.0|0.0|1.0|0.0|0.0|1.0|0.0|0.0|1.0|0.0|0.0|bad
6.0|454.0|36.0|0.0|0.0|0.0|0.0|0.0|0.0|0.0|0.0|1.0|0.0|0.0|1.0|0.0|0.0|0.0|0.0|0.0|0.0|0.0|0.0|1.0|0.0|1.0|0.0|0.0|0.0|0.0|1.0|0.0|0.0|0.0|0.0|0.0|0.0|0.0|0.0|1.0|1.0|0.0|0.0|good
30.0|1715.0|36.0|0.0|0.0|0.0|0.0|0.0|0.0|0.0|1.0|0.0|0.0|0.0|0.0|1.0|0.0|0.0|0.0|0.0|0.0|1.0|0.0|0.0|0.0|1.0|0.0|0.0|0.0|0.0|1.0|0.0|0.0|0.0|0.0|0.0|0.0|1.0|0.0|0.0|1.0|0.0|0.0|good
27.0|63000.0|23.0|0.0|0.0|0.0|0.0|0.0|0.0|0.0|1.0|0.0|0.0|0.0|0.0|1.0|0.0|0.0|0.0|0.0|1.0|0.0|0.0|0.0|0.0|0.0|0.0|0.0|1.0|0.0|0.0|1.0|0.0|0.0|0.0|1.0|0.0|0.0|0.0|0.0|1.0|0.0|0.0|bad
15.0|3568.0|1350.0|0.0|0.0|0.0|0.0|0.0|0.0|0.0|1.0|0.0|0.0|0.0|0.0|0.0|0.0|1.0|0.0|0.0|0.0|1.0|0.0|0.0|0.0|0.0|1.0|0.0|0.0|0.0|0.0|0.0|0.0|0.0|1.0|0.0|0.0|1.0|0.0|0.0|1.0|0.0|0.0|good
42.0|7166.0|29.0|0.0|0.0|0.0|0.0|0.0|0.0|0.0|1.0|0.0|0.0|0.0|0.0|0.0|0.0|0.0|1.0|0.0|0.0|0.0|0.0|1.0|0.0|0.0|0.0|0.0|1.0|0.0|1.0|0.0|0.0|0.0|0.0|0.0|0.0|1.0|0.0|0.0|1.0|0.0|0.0|good
11.0|3939.0|40.0|0.0|0.0|0.0|0.0|0.0|1.0|0.0|0.0|0.0|0.0|0.0|0.0|1.0|0.0|0.0|0.0|0.0|0.0|0.0|0.0|0.0|1.0|0.0|1.0|0.0|0.0|0.0|0.0|1.0|0.0|0.0|0.0|0.0|0.0|0.0|0.0|1.0|1.0|0.0|0.0|good
15.0|1514.0|22.0|1.0|0.0|0.0|0.0|0.0|0.0|0.0|0.0|0.0|0.0|0.0|1.0|0.0|0.0|0.0|0.0|0.0|0.0|0.0|0.0|0.0|1.0|0.0|1.0|0.0|0.0|0.0|1.0|0.0|0.0|0.0|0.0|0.0|0.0|1.0|0.0|0.0|1.0|0.0|0.0|good
24.0|7393.0|43.0|0.0|0.0|0.0|0.0|0.0|1.0|0.0|0.0|0.0|0.0|0.0|0.0|1.0|0.0|0.0|0.0|0.0|0.0|0.0|0.0|0.0|1.0|0.0|0.0|0.0|1.0|0.0|1.0|0.0|0.0|0.0|0.0|0.0|0.0|0.0|0.0|1.0|0.0|1.0|0.0|good
18.0|1193.0|29.0|0.0|0.0|0.0|0.0|0.0|1.0|0.0|0.0|0.0|0.0|0.0|1.0|0.0|0.0|0.0|0.0|0.0|0.0|1.0|0.0|0.0|0.0|0.0|0.0|0.0|1.0|0.0|0.0|1.0|0.0|0.0|0.0|0.0|0.0|0.0|1.0|0.0|1.0|0.0|0.0|bad
-1500.0|7297.0|36.0|0.0|1.0|0.0|0.0|0.0|0.0|0.0|0.0|0.0|0.0|0.0|0.0|0.0|0.0|1.0|0.0|0.0|0.0|0.0|0.0|0.0|1.0|0.0|0.0|0.0|1.0|0.0|1.0|0.0|0.0|0.0|0.0|0.0|0.0|1.0|0.0|0.0|1.0|0.0|0.0|bad
30.0|2831.0|33.0|0.0|0.0|0.0|0.0|0.0|0.0|0.0|1.0|0.0|0.0|0.0|0.0|1.0|0.0|0.0|0.0|0.0|0.0|1.0|0.0|0.0|0.0|0.0|0.0|0.0|0.0|1.0|1.0|0.0|0.0|0.0|0.0|0.0|0.0|1.0|0.0|0.0|1.0|0.0|0.0|good
18.0|2715.0|57.0|0.0|0.0|0.0|0.0|0.0|0.0|0.0|1.0|0.0|0.0|0.0|0.0|1.0|0.0|0.0|0.0|0.0|0.0|1.0|0.0|0.0|0.0|0.0|0.0|1.0|0.0|0.0|1.0|0.0|0.0|0.0|0.0|1.0|0.0|0.0|0.0|0.0|1.0|0.0|0.0|good
6.0|2715.0|36.0|0.0|0.0|0.0|0.0|0.0|0.0|0.0|1.0|0.0|0.0|0.0|0.0|1.0|0.0|0.0|0.0|0.0|0.0|1.0|0.0|0.0|0.0|0.0|0.0|1.0|0.0|0.0|1.0|0.0|0.0|0.0|0.0|0.0|0.0|1.0|0.0|0.0|1.0|0.0|0.0|good
18.0|2427.0|42.0|0.0|1.0|0.0|0.0|0.0|0.0|0.0|0.0|0.0|0.0|0.0|0.0|0.0|0.0|1.0|0.0|0.0|0.0|0.0|0.0|0.0|1.0|0.0|1.0|0.0|0.0|0.0|1.0|0.0|0.0|0.0|0.0|0.0|0.0|1.0|0.0|0.0|1.0|0.0|0.0|good
24.0|2538.0|36.0|0.0|0.0|0.0|0.0|0.0|1.0|0.0|0.0|0.0|0.0|0.0|0.0|0.0|0.0|1.0|0.0|0.0|0.0|0.0|0.0|0.0|1.0|0.0|0.0|0.0|1.0|0.0|0.0|0.0|0.0|0.0|1.0|1.0|0.0|0.0|0.0|0.0|0.0|1.0|0.0|bad
15.0|1264.0|25.0|0.0|0.0|0.0|0.0|0.0|0.0|0.0|1.0|0.0|0.0|0.0|0.0|1.0|0.0|0.0|0.0|0.0|0.0|0.0|0.0|1.0|0.0|0.0|1.0|0.0|0.0|0.0|1.0|0.0|0.0|0.0|0.0|0.0|0.0|1.0|0.0|0.0|0.0|0.0|1.0|bad
18.0|2715.0|36.0|0.0|0.0|0.0|0.0|1.0|0.0|0.0|0.0|0.0|0.0|0.0|0.0|0.0|0.0|0.0|1.0|0.0|1.0|0.0|0.0|0.0|0.0|0.0|1.0|0.0|0.0|0.0|1.0|0.0|0.0|0.0|0.0|0.0|0.0|1.0|0.0|0.0|0.0|0.0|1.0|bad
48.0|4844.0|33.0|0.0|1.0|0.0|0.0|0.0|0.0|0.0|0.0|0.0|0.0|0.0|1.0|0.0|0.0|0.0|0.0|0.0|0.0|0.0|0.0|0.0|1.0|0.0|0.0|0.0|0.0|1.0|1.0|0.0|0.0|0.0|0.0|0.0|1.0|0.0|0.0|0.0|1.0|0.0|0.0|bad
21.0|-73075.0|28.0|0.0|0.0|0.0|0.0|0.0|1.0|0.0|0.0|0.0|0.0|0.0|0.0|1.0|0.0|0.0|0.0|0.0|0.0|1.0|0.0|0.0|0.0|0.0|0.0|0.0|1.0|0.0|1.0|0.0|0.0|0.0|0.0|1.0|0.0|0.0|0.0|0.0|1.0|0.0|0.0|good
36.0|8229.0|36.0|0.0|0.0|0.0|0.0|0.0|0.0|0.0|0.0|0.0|0.0|1.0|0.0|1.0|0.0|0.0|0.0|0.0|0.0|0.0|0.0|0.0|1.0|0.0|0.0|0.0|1.0|0.0|1.0|0.0|0.0|0.0|0.0|1.0|0.0|0.0|0.0|0.0|0.0|1.0|0.0|bad
18.0|2028.0|-750.0|0.0|0.0|0.0|0.0|1.0|0.0|0.0|0.0|0.0|0.0|0.0|1.0|0.0|0.0|0.0|0.0|0.0|0.0|0.0|0.0|0.0|1.0|0.0|0.0|0.0|1.0|0.0|0.0|1.0|0.0|0.0|0.0|0.0|0.0|0.0|0.0|1.0|1.0|0.0|0.0|good
15.0|2715.0|25.0|0.0|0.0|0.0|0.0|1.0|0.0|0.0|0.0|0.0|0.0|0.0|0.0|1.0|0.0|0.0|0.0|0.0|0.0|1.0|0.0|0.0|0.0|0.0|0.0|1.0|0.0|0.0|1.0|0.0|0.0|0.0|0.0|0.0|0.0|1.0|0.0|0.0|1.0|0.0|0.0|good
42.0|628900.0|36.0|0.0|1.0|0.0|0.0|0.0|0.0|0.0|0.0|0.0|0.0|0.0|1.0|0.0|0.0|0.0|0.0|0.0|0.0|0.0|0.0|0.0|1.0|1.0|0.0|0.0|0.0|0.0|0.0|1.0|0.0|0.0|0.0|0.0|0.0|1.0|0.0|0.0|1.0|0.0|0.0|good
13.0|35225.0|64.0|0.0|0.0|0.0|0.0|0.0|0.0|0.0|1.0|0.0|0.0|0.0|0.0|0.0|0.0|0.0|0.0|1.0|0.0|1.0|0.0|0.0|0.0|0.0|0.0|0.0|1.0|0.0|1.0|0.0|0.0|0.0|0.0|0.0|0.0|1.0|0.0|0.0|0.0|0.0|1.0|good
24.0|6579.0|36.0|0.0|0.0|0.0|0.0|0.0|0.0|0.0|0.0|0.0|0.0|1.0|0.0|0.0|0.0|0.0|0.0|1.0|0.0|0.0|0.0|0.0|1.0|0.0|0.0|0.0|0.0|1.0|1.0|0.0|0.0|0.0|0.0|0.0|0.0|1.0|0.0|0.0|1.0|0.0|0.0|good
18.0|1743.0|36.0|0.0|0.0|0.0|0.0|0.0|0.0|0.0|1.0|0.0|0.0|0.0|0.0|1.0|0.0|0.0|0.0|0.0|0.0|0.0|0.0|0.0|1.0|0.0|0.0|0.0|0.0|1.0|0.0|1.0|0.0|0.0|0.0|1.0|0.0|0.0|0.0|0.0|0.0|0.0|1.0|good
12.0|3565.0|1850.0|0.0|0.0|0.0|0.0|0.0|0.0|0.0|1.0|0.0|0.0|0.0|0.0|0.0|1.0|0.0|0.0|0.0|0.0|0.0|0.0|0.0|1.0|1.0|0.0|0.0|0.0|0.0|0.0|1.0|0.0|0.0|0.0|0.0|0.0|0.0|0.0|1.0|1.0|0.0|0.0|good
15.0|-39225.0|34.0|0.0|0.0|0.0|0.0|0.0|0.0|0.0|1.0|0.0|0.0|0.0|0.0|0.0|0.0|1.0|0.0|0.0|0.0|0.0|0.0|0.0|1.0|0.0|0.0|0.0|1.0|0.0|1.0|0.0|0.0|0.0|0.0|0.0|0.0|0.0|0.0|1.0|0.0|1.0|0.0|good
18.0|1936.0|23.0|1.0|0.0|0.0|0.0|0.0|0.0|0.0|0.0|0.0|0.0|0.0|1.0|0.0|0.0|0.0|0.0|0.0|0.0|0.0|0.0|1.0|0.0|0.0|0.0|0.0|1.0|0.0|0.0|0.0|0.0|0.0|1.0|0.0|0.0|0.0|0.0|1.0|1.0|0.0|0.0|good
36.0|3959.0|30.0|0.0|0.0|0.0|0.0|1.0|0.0|0.0|0.0|0.0|0.0|0.0|0.0|1.0|0.0|0.0|0.0|0.0|0.0|0.0|0.0|0.0|1.0|0.0|0.0|1.0|0.0|0.0|1.0|0.0|0.0|0.0|0.0|0.0|0.0|1.0|0.0|0.0|1.0|0.0|0.0|good
18.0|2390.0|50.0|0.0|0.0|0.0|0.0|0.0|1.0|0.0|0.0|0.0|0.0|0.0|0.0|0.0|0.0|1.0|0.0|0.0|0.0|0.0|0.0|0.0|1.0|0.0|0.0|1.0|0.0|0.0|1.0|0.0|0.0|0.0|0.0|0.0|0.0|1.0|0.0|0.0|0.0|0.0|1.0|good
-300.0|1736.0|36.0|0.0|0.0|0.0|0.0|1.0|0.0|0.0|0.0|0.0|0.0|0.0|0.0|1.0|0.0|0.0|0.0|0.0|0.0|1.0|0.0|0.0|0.0|0.0|0.0|0.0|1.0|0.0|1.0|0.0|0.0|0.0|0.0|0.0|0.0|0.0|0.0|1.0|1.0|0.0|0.0|good
30.0|385700.0|36.0|0.0|0.0|0.0|0.0|0.0|0.0|0.0|0.0|0.0|0.0|1.0|0.0|1.0|0.0|0.0|0.0|0.0|0.0|0.0|0.0|0.0|1.0|0.0|0.0|0.0|1.0|0.0|1.0|0.0|0.0|0.0|0.0|0.0|1.0|0.0|0.0|0.0|1.0|0.0|0.0|good
1200.0|804.0|38.0|0.0|0.0|0.0|0.0|0.0|0.0|0.0|1.0|0.0|0.0|0.0|0.0|1.0|0.0|0.0|0.0|0.0|0.0|0.0|0.0|0.0|1.0|0.0|0.0|0.0|1.0|0.0|1.0|0.0|0.0|0.0|0.0|0.0|0.0|1.0|0.0|0.0|1.0|0.0|0.0|good
45.0|1845.0|1150.0|1.0|0.0|0.0|0.0|0.0|0.0|0.0|0.0|0.0|0.0|0.0|0.0|1.0|0.0|0.0|0.0|0.0|0.0|0.0|0.0|0.0|1.0|0.0|0.0|0.0|1.0|0.0|1.0|0.0|0.0|0.0|0.0|0.0|0.0|1.0|0.0|0.0|1.0|0.0|0.0|bad
18.0|4576.0|2700.0|0.0|0.0|0.0|0.0|0.0|0.0|0.0|0.0|0.0|0.0|1.0|1.0|0.0|0.0|0.0|0.0|0.0|1.0|0.0|0.0|0.0|0.0|0.0|0.0|0.0|1.0|0.0|1.0|0.0|0.0|0.0|0.0|0.0|0.0|1.0|0.0|0.0|1.0|0.0|0.0|good
