num__Czas_trwania_konta|num__Kwota_kredytu|num__Wiek|cat__Cel_kredytu_9|cat__Cel_kredytu_business|cat__Cel_kredytu_furniture|cat__Cel_kredytu_new-car|cat__Cel_kredytu_radio-tv|cat__Cel_kredytu_used-car|cat__Czas_zatrudnienia_9|cat__Czas_zatrudnienia_four-years|cat__Czas_zatrudnienia_one-year|cat__Czas_zatrudnienia_over-seven|cat__Czas_zatrudnienia_seven-years|cat__Plec_i_stan_cywilny_9|cat__Plec_i_stan_cywilny_female-divorced|cat__Plec_i_stan_cywilny_married-male|cat__Plec_i_stan_cywilny_single-male|cat__Czas_od_zamieszkania_1.0|cat__Czas_od_zamieszkania_2.0|cat__Czas_od_zamieszkania_3.0|cat__Czas_od_zamieszkania_4.0|cat__Czas_od_zamieszkania_9.0|cat__Liczba_kredytow_w_banku_1.0|cat__Liczba_kredytow_w_banku_2.0|cat__Liczba_kredytow_w_banku_9.0|cat__Praca_9|cat__Praca_management|cat__Praca_skilled|cat__Praca_unskilled-resident|cat__Liczb_osob_na_utrzymaniu_1.0|cat__Liczb_osob_na_utrzymaniu_2.0|cat__Liczb_osob_na_utrzymaniu_9.0|Kredyt
-0.20518146688049407|-0.6621683367199996|-0.1853448353574204|0.0|0.0|0.0|0.0|1.0|0.0|0.0|0.0|0.0|1.0|0.0|0.0|0.0|0.0|1.0|0.0|0.0|0.0|1.0|0.0|0.0|1.0|0.0|0.0|0.0|1.0|0.0|1.0|0.0|0.0|good
2.742828114735799|0.9524481548079069|-0.1853448353574204|1.0|0.0|0.0|0.0|0.0|0.0|1.0|0.0|0.0|0.0|0.0|0.0|1.0|0.0|0.0|0.0|0.0|0.0|1.0|0.0|1.0|0.0|0.0|1.0|0.0|0.0|0.0|1.0|0.0|0.0|bad
-0.7947833832037526|-0.3491717897425071|1.5150664981968955|0.0|0.0|0.0|0.0|1.0|0.0|0.0|0.0|0.0|0.0|1.0|0.0|0.0|0.0|1.0|0.0|0.0|1.0|0.0|0.0|1.0|0.0|0.0|0.0|0.0|0.0|1.0|0.0|1.0|0.0|good
-0.20518146688049407|-0.27995464612828275|1.0899636648083166|0.0|0.0|1.0|0.0|0.0|0.0|0.0|0.0|0.0|0.0|1.0|0.0|0.0|0.0|1.0|0.0|0.0|0.0|1.0|0.0|0.0|0.0|1.0|0.0|0.0|1.0|0.0|0.0|1.0|0.0|good
-0.20518146688049407|0.587454338968997|1.9401693315854747|0.0|0.0|0.0|0.0|1.0|0.0|0.0|1.0|0.0|0.0|0.0|0.0|0.0|0.0|1.0|0.0|0.0|0.0|1.0|0.0|0.0|1.0|0.0|0.0|0.0|1.0|0.0|0.0|1.0|0.0|bad
-0.20518146688049407|2.0004970025081628|-0.1853448353574204|0.0|0.0|0.0|0.0|1.0|0.0|0.0|1.0|0.0|0.0|0.0|0.0|0.0|0.0|1.0|0.0|0.0|0.0|1.0|0.0|1.0|0.0|0.0|0.0|0.0|0.0|1.0|0.0|1.0|0.0|good
0.3844204494427645|-0.09965242812830324|1.9401693315854747|0.0|0.0|0.0|0.0|1.0|0.0|0.0|0.0|0.0|1.0|0.0|0.0|0.0|0.0|1.0|0.0|0.0|0.0|1.0|0.0|0.0|0.0|1.0|0.0|0.0|1.0|0.0|1.0|0.0|0.0|good
1.5636242820892816|-0.27995464612828275|-0.1853448353574204|0.0|0.0|0.0|0.0|0.0|1.0|0.0|1.0|0.0|0.0|0.0|0.0|0.0|0.0|1.0|0.0|1.0|0.0|0.0|0.0|1.0|0.0|0.0|0.0|1.0|0.0|0.0|1.0|0.0|0.0|good
-0.7947833832037526|-0.27995464612828275|2.7903749983626325|0.0|0.0|0.0|0.0|1.0|0.0|0.0|0.0|0.0|0.0|1.0|0.0|0.0|0.0|1.0|0.0|0.0|0.0|0.0|1.0|0.0|0.0|1.0|0.0|0.0|0.0|1.0|1.0|0.0|0.0|good
0.9740223657660231|0.7103569744596198|-0.1853448353574204|0.0|0.0|0.0|1.0|0.0|0.0|1.0|0.0|0.0|0.0|0.0|0.0|0.0|1.0|0.0|0.0|0.0|0.0|1.0|0.0|0.0|1.0|0.0|0.0|0.0|1.0|0.0|1.0|0.0|0.0|bad
-0.7947833832037526|-0.6196251167424764|-1.0355505021345783|0.0|0.0|0.0|1.0|0.0|0.0|0.0|0.0|1.0|0.0|0.0|0.0|0.0|0.0|1.0|1.0|0.0|0.0|0.0|0.0|1.0|0.0|0.0|0.0|0.0|1.0|0.0|1.0|0.0|0.0|bad
2.742828114735799|-0.27995464612828275|-1.1418262104817232|0.0|1.0|0.0|0.0|0.0|0.0|0.0|0.0|1.0|0.0|0.0|1.0|0.0|0.0|0.0|0.0|0.0|0.0|1.0|0.0|1.0|0.0|0.0|0.0|0.0|1.0|0.0|1.0|0.0|0.0|bad
-0.20518146688049407|-0.27995464612828275|-1.3543776271760126|0.0|0.0|0.0|0.0|1.0|0.0|0.0|1.0|0.0|0.0|0.0|0.0|0.0|0.0|1.0|0.0|0.0|0.0|0.0|1.0|1.0|0.0|0.0|0.0|0.0|1.0|0.0|1.0|0.0|0.0|good
0.3844204494427645|-0.27995464612828275|2.684099290015488|0.0|0.0|0.0|1.0|0.0|0.0|0.0|1.0|0.0|0.0|0.0|0.0|0.0|0.0|1.0|0.0|0.0|0.0|1.0|0.0|0.0|1.0|0.0|0.0|0.0|0.0|1.0|1.0|0.0|0.0|bad
-0.49998242504212337|-0.583159499618885|-0.7167233770931442|0.0|0.0|0.0|1.0|0.0|0.0|1.0|0.0|0.0|0.0|0.0|1.0|0.0|0.0|0.0|0.0|0.0|0.0|1.0|0.0|1.0|0.0|0.0|1.0|0.0|0.0|0.0|1.0|0.0|0.0|good
-0.20518146688049407|-0.6240144965814273|-0.1853448353574204|0.0|0.0|0.0|0.0|1.0|0.0|1.0|0.0|0.0|0.0|0.0|0.0|1.0|0.0|0.0|0.0|0.0|0.0|0.0|1.0|1.0|0.0|0.0|0.0|0.0|0.0|1.0|1.0|0.0|0.0|bad
0.3844204494427645|-0.27995464612828275|1.9401693315854747|1.0|0.0|0.0|0.0|0.0|0.0|0.0|0.0|0.0|1.0|0.0|0.0|0.0|0.0|1.0|0.0|0.0|0.0|1.0|0.0|0.0|1.0|0.0|1.0|0.0|0.0|0.0|1.0|0.0|0.0|good
0.9740223657660231|1.6685923577628818|-0.1853448353574204|0.0|0.0|0.0|0.0|1.0|0.0|0.0|0.0|1.0|0.0|0.0|0.0|0.0|0.0|1.0|0.0|0.0|1.0|0.0|0.0|1.0|0.0|0.0|0.0|0.0|1.0|0.0|1.0|0.0|0.0|good
0.3844204494427645|3.190356583466829|0.9836879564611718|0.0|0.0|0.0|0.0|1.0|0.0|0.0|0.0|0.0|1.0|0.0|0.0|0.0|0.0|1.0|0.0|0.0|0.0|1.0|0.0|1.0|0.0|0.0|0.0|1.0|0.0|0.0|0.0|0.0|1.0|bad
0.3844204494427645|0.10124611065444547|-0.3978962520517099|0.0|0.0|0.0|0.0|1.0|0.0|0.0|0.0|0.0|1.0|0.0|0.0|0.0|0.0|1.0|0.0|1.0|0.0|0.0|0.0|1.0|0.0|0.0|1.0|0.0|0.0|0.0|0.0|1.0|0.0|good
-1.089584341365382|-0.3363412948286509|1.408790789849751|0.0|0.0|0.0|1.0|0.0|0.0|0.0|1.0|0.0|0.0|0.0|0.0|0.0|0.0|1.0|0.0|0.0|0.0|1.0|0.0|1.0|0.0|0.0|1.0|0.0|0.0|0.0|1.0|0.0|0.0|good
-1.3843852995270112|-0.1631296134915919|0.9836879564611718|0.0|0.0|0.0|0.0|1.0|0.0|0.0|1.0|0.0|0.0|0.0|0.0|0.0|0.0|1.0|0.0|0.0|0.0|1.0|0.0|1.0|0.0|0.0|0.0|0.0|1.0|0.0|0.0|0.0|1.0|good
-0.9913173553115056|-0.30021332230805575|-0.1853448353574204|0.0|0.0|0.0|1.0|0.0|0.0|0.0|0.0|1.0|0.0|0.0|0.0|0.0|0.0|1.0|0.0|0.0|1.0|0.0|0.0|0.0|1.0|0.0|0.0|0.0|1.0|0.0|0.0|1.0|0.0|good
-0.20518146688049407|-0.27995464612828275|0.9836879564611718|0.0|0.0|0.0|0.0|0.0|1.0|0.0|1.0|0.0|0.0|0.0|0.0|0.0|0.0|1.0|0.0|0.0|0.0|1.0|0.0|1.0|0.0|0.0|0.0|0.0|1.0|0.0|1.0|0.0|0.0|good
-0.9913173553115056|-0.35828819402340495|-0.9292747937874336|0.0|0.0|0.0|0.0|1.0|0.0|0.0|1.0|0.0|0.0|0.0|0.0|0.0|1.0|0.0|0.0|0.0|0.0|0.0|1.0|0.0|1.0|0.0|1.0|0.0|0.0|0.0|1.0|0.0|0.0|good
-0.20518146688049407|-0.27995464612828275|-0.1853448353574204|0.0|0.0|1.0|0.0|0.0|0.0|0.0|1.0|0.0|0.0|0.0|0.0|0.0|0.0|1.0|0.0|0.0|0.0|1.0|0.0|0.0|0.0|1.0|0.0|0.0|1.0|0.0|0.0|0.0|1.0|good
-0.20518146688049407|-0.9130382767461884|-0.1853448353574204|0.0|0.0|0.0|0.0|1.0|0.0|0.0|1.0|0.0|0.0|0.0|0.0|0.0|1.0|0.0|0.0|0.0|0.0|1.0|0.0|1.0|0.0|0.0|0.0|0.0|0.0|1.0|1.0|0.0|0.0|good
-0.7947833832037526|-0.9187782349971241|0.7711365397668823|0.0|0.0|0.0|0.0|1.0|0.0|0.0|1.0|0.0|0.0|0.0|0.0|1.0|0.0|0.0|0.0|0.0|0.0|1.0|0.0|0.0|0.0|1.0|0.0|0.0|1.0|0.0|0.0|0.0|1.0|good
-0.20518146688049407|-0.27995464612828275|-0.07906912701027567|0.0|0.0|0.0|0.0|1.0|0.0|0.0|1.0|0.0|0.0|0.0|0.0|0.0|0.0|1.0|0.0|1.0|0.0|0.0|0.0|1.0|0.0|0.0|1.0|0.0|0.0|0.0|1.0|0.0|0.0|good
3.922031947382316|1.2512636284595584|3.002926415056922|0.0|0.0|0.0|0.0|1.0|0.0|1.0|0.0|0.0|0.0|0.0|0.0|0.0|0.0|1.0|0.0|0.0|0.0|1.0|0.0|0.0|1.0|0.0|1.0|0.0|0.0|0.0|1.0|0.0|0.0|bad
-0.20518146688049407|-0.41096075209081473|0.13348228968401382|1.0|0.0|0.0|0.0|0.0|0.0|0.0|0.0|1.0|0.0|0.0|1.0|0.0|0.0|0.0|0.0|0.0|0.0|0.0|1.0|1.0|0.0|0.0|0.0|0.0|1.0|0.0|1.0|0.0|0.0|good
0.3844204494427645|0.3004564264222131|-0.1853448353574204|0.0|0.0|1.0|0.0|0.0|0.0|0.0|1.0|0.0|0.0|0.0|1.0|0.0|0.0|0.0|0.0|1.0|0.0|0.0|0.0|1.0|0.0|0.0|0.0|0.0|1.0|0.0|1.0|0.0|0.0|good
-0.20518146688049407|0.9237483635532285|-0.5041719603988547|0.0|0.0|0.0|1.0|0.0|0.0|0.0|1.0|0.0|0.0|0.0|0.0|0.0|0.0|1.0|0.0|0.0|0.0|1.0|0.0|0.0|0.0|1.0|0.0|0.0|1.0|0.0|1.0|0.0|0.0|good
-0.7947833832037526|-0.6300920994353592|2.3652721649740536|1.0|0.0|0.0|0.0|0.0|0.0|0.0|0.0|0.0|1.0|0.0|0.0|0.0|0.0|1.0|0.0|0.0|0.0|1.0|0.0|1.0|0.0|0.0|0.0|0.0|1.0|0.0|0.0|0.0|1.0|good
-0.7947833832037526|-0.27995464612828275|-0.1853448353574204|0.0|0.0|1.0|0.0|0.0|0.0|0.0|0.0|1.0|0.0|0.0|1.0|0.0|0.0|0.0|0.0|0.0|0.0|0.0|1.0|1.0|0.0|0.0|0.0|1.0|0.0|0.0|1.0|0.0|0.0|good
2.4480271565741694|-0.27995464612828275|-1.0355505021345783|0.0|0.0|0.0|0.0|1.0|0.0|0.0|0.0|1.0|0.0|0.0|0.0|0.0|0.0|1.0|0.0|1.0|0.0|0.0|0.0|0.0|1.0|0.0|0.0|0.0|0.0|1.0|1.0|0.0|0.0|bad
2.742828114735799|1.0061336466843052|-0.3978962520517099|0.0|0.0|0.0|0.0|1.0|0.0|1.0|0.0|0.0|0.0|0.0|1.0|0.0|0.0|0.0|0.0|0.0|1.0|0.0|0.0|1.0|0.0|0.0|0.0|0.0|1.0|0.0|1.0|0.0|0.0|good
-0.20518146688049407|-0.27995464612828275|0.23975799803115858|0.0|0.0|0.0|0.0|1.0|0.0|0.0|1.0|0.0|0.0|0.0|0.0|0.0|0.0|1.0|0.0|0.0|0.0|1.0|0.0|0.0|0.0|1.0|0.0|0.0|1.0|0.0|0.0|0.0|1.0|bad
-0.20518146688049407|-0.6432602389522115|-0.1853448353574204|0.0|0.0|0.0|0.0|1.0|0.0|0.0|1.0|0.0|0.0|0.0|0.0|0.0|0.0|1.0|0.0|1.0|0.0|0.0|0.0|1.0|0.0|0.0|0.0|0.0|1.0|0.0|1.0|0.0|0.0|good
-0.20518146688049407|6.675186530990778|-0.1853448353574204|0.0|0.0|0.0|0.0|1.0|0.0|0.0|1.0|0.0|0.0|0.0|0.0|0.0|0.0|1.0|0.0|0.0|1.0|0.0|0.0|1.0|0.0|0.0|0.0|0.0|1.0|0.0|1.0|0.0|0.0|good
-0.20518146688049407|-0.26915001883240386|-0.1853448353574204|0.0|0.0|0.0|0.0|1.0|0.0|0.0|0.0|0.0|1.0|0.0|0.0|0.0|0.0|1.0|0.0|1.0|0.0|0.0|0.0|1.0|0.0|0.0|0.0|1.0|0.0|0.0|1.0|0.0|0.0|good
-0.20518146688049407|-0.6658824273529581|-0.1853448353574204|0.0|0.0|0.0|0.0|1.0|0.0|0.0|1.0|0.0|0.0|0.0|0.0|0.0|0.0|1.0|1.0|0.0|0.0|0.0|0.0|1.0|0.0|0.0|0.0|0.0|1.0|0.0|1.0|0.0|0.0|good
-0.20518146688049407|-0.27995464612828275|0.9836879564611718|0.0|0.0|0.0|0.0|1.0|0.0|0.0|1.0|0.0|0.0|0.0|0.0|0.0|0.0|1.0|0.0|0.0|0.0|1.0|0.0|0.0|0.0|1.0|0.0|0.0|0.0|1.0|0.0|1.0|0.0|good
0.9740223657660231|1.032132281115014|-1.1418262104817232|0.0|0.0|0.0|0.0|1.0|0.0|0.0|0.0|0.0|0.0|1.0|0.0|0.0|1.0|0.0|0.0|0.0|0.0|1.0|0.0|0.0|1.0|0.0|0.0|0.0|1.0|0.0|1.0|0.0|0.0|good
2.742828114735799|1.0172759185831803|2.471547873321198|0.0|0.0|0.0|0.0|0.0|1.0|0.0|1.0|0.0|0.0|0.0|0.0|1.0|0.0|0.0|0.0|0.0|0.0|1.0|0.0|0.0|1.0|0.0|0.0|0.0|1.0|0.0|0.0|0.0|1.0|bad
-0.20518146688049407|-0.27995464612828275|0.02720658133686908|0.0|0.0|0.0|1.0|0.0|0.0|1.0|0.0|0.0|0.0|0.0|0.0|1.0|0.0|0.0|0.0|0.0|0.0|1.0|0.0|0.0|0.0|1.0|1.0|0.0|0.0|0.0|1.0|0.0|0.0|good
-0.20518146688049407|-0.2806299353342752|-0.1853448353574204|1.0|0.0|0.0|0.0|0.0|0.0|0.0|0.0|0.0|1.0|0.0|0.0|0.0|0.0|1.0|0.0|0.0|0.0|1.0|0.0|1.0|0.0|0.0|0.0|0.0|1.0|0.0|1.0|0.0|0.0|good
-1.3843852995270112|-0.6003793743716921|-1.248101918828868|0.0|0.0|0.0|0.0|0.0|1.0|0.0|1.0|0.0|0.0|0.0|1.0|0.0|0.0|0.0|0.0|0.0|0.0|1.0|0.0|1.0|0.0|0.0|1.0|0.0|0.0|0.0|1.0|0.0|0.0|good
-0.20518146688049407|-0.27995464612828275|-0.1853448353574204|0.0|0.0|0.0|0.0|1.0|0.0|0.0|1.0|0.0|0.0|0.0|0.0|0.0|0.0|1.0|0.0|0.0|0.0|1.0|0.0|1.0|0.0|0.0|0.0|0.0|1.0|0.0|0.0|0.0|1.0|good
-0.7947833832037526|-0.3569376156114201|-0.7167233770931442|0.0|0.0|0.0|0.0|1.0|0.0|0.0|1.0|0.0|0.0|0.0|0.0|1.0|0.0|0.0|0.0|0.0|0.0|0.0|1.0|1.0|0.0|0.0|0.0|0.0|1.0|0.0|1.0|0.0|0.0|good
0.3844204494427645|-0.26915001883240386|-0.6104476687459994|0.0|0.0|1.0|0.0|0.0|0.0|1.0|0.0|0.0|0.0|0.0|1.0|0.0|0.0|0.0|0.0|1.0|0.0|0.0|0.0|1.0|0.0|0.0|0.0|0.0|1.0|0.0|1.0|0.0|0.0|good
0.6792214076043938|0.9571751792498538|-0.5041719603988547|0.0|0.0|0.0|0.0|0.0|1.0|1.0|0.0|0.0|0.0|0.0|0.0|0.0|0.0|1.0|0.0|0.0|0.0|0.0|1.0|1.0|0.0|0.0|0.0|0.0|1.0|0.0|1.0|0.0|0.0|good
-0.7947833832037526|-0.6307673886413515|-0.1853448353574204|0.0|0.0|0.0|0.0|1.0|0.0|0.0|1.0|0.0|0.0|0.0|0.0|0.0|0.0|1.0|0.0|1.0|0.0|0.0|0.0|1.0|0.0|0.0|0.0|0.0|1.0|0.0|1.0|0.0|0.0|good
-0.20518146688049407|0.08368859129864223|-0.1853448353574204|1.0|0.0|0.0|0.0|0.0|0.0|0.0|1.0|0.0|0.0|0.0|0.0|0.0|0.0|1.0|0.0|0.0|0.0|1.0|0.0|1.0|0.0|0.0|0.0|0.0|1.0|0.0|1.0|0.0|0.0|good
-0.20518146688049407|-0.27995464612828275|2.3652721649740536|1.0|0.0|0.0|0.0|0.0|0.0|1.0|0.0|0.0|0.0|0.0|1.0|0.0|0.0|0.0|0.0|0.0|0.0|1.0|0.0|0.0|1.0|0.0|0.0|0.0|1.0|0.0|1.0|0.0|0.0|bad
-0.20518146688049407|-0.7924991534765392|-0.9292747937874336|0.0|0.0|0.0|0.0|1.0|0.0|0.0|1.0|0.0|0.0|0.0|0.0|0.0|0.0|1.0|0.0|0.0|0.0|0.0|1.0|1.0|0.0|0.0|0.0|0.0|1.0|0.0|0.0|1.0|0.0|good
-0.7947833832037526|1.1270104145569506|-0.1853448353574204|0.0|0.0|0.0|0.0|1.0|0.0|0.0|1.0|0.0|0.0|0.0|1.0|0.0|0.0|0.0|1.0|0.0|0.0|0.0|0.0|1.0|0.0|0.0|0.0|0.0|1.0|0.0|1.0|0.0|0.0|bad
-0.20518146688049407|2.173033394639229|-0.3978962520517099|0.0|0.0|0.0|0.0|1.0|0.0|0.0|1.0|0.0|0.0|0.0|0.0|1.0|0.0|0.0|0.0|1.0|0.0|0.0|0.0|1.0|0.0|0.0|0.0|0.0|1.0|0.0|1.0|0.0|0.0|good
-0.20518146688049407|-0.3947538111469963|-1.248101918828868|0.0|0.0|0.0|0.0|1.0|0.0|0.0|0.0|0.0|1.0|0.0|1.0|0.0|0.0|0.0|0.0|1.0|0.0|0.0|0.0|1.0|0.0|0.0|1.0|0.0|0.0|0.0|1.0|0.0|0.0|good
-0.20518146688049407|1.046313354440855|-1.248101918828868|0.0|0.0|1.0|0.0|0.0|0.0|0.0|0.0|1.0|0.0|0.0|0.0|1.0|0.0|0.0|0.0|0.0|0.0|1.0|0.0|0.0|1.0|0.0|0.0|0.0|0.0|1.0|0.0|0.0|1.0|bad
-1.089584341365382|-0.27995464612828275|-0.8229990854402889|0.0|1.0|0.0|0.0|0.0|0.0|0.0|1.0|0.0|0.0|0.0|0.0|0.0|1.0|0.0|0.0|0.0|0.0|0.0|1.0|1.0|0.0|0.0|0.0|0.0|1.0|0.0|1.0|0.0|0.0|good
-0.49998242504212337|-0.5379151228173921|-0.1853448353574204|0.0|0.0|0.0|0.0|1.0|0.0|0.0|0.0|0.0|1.0|0.0|0.0|0.0|0.0|1.0|0.0|0.0|0.0|1.0|0.0|0.0|1.0|0.0|0.0|0.0|1.0|0.0|1.0|0.0|0.0|good
-0.20518146688049407|-0.3974549679709661|2.7903749983626325|0.0|1.0|0.0|0.0|0.0|0.0|0.0|1.0|0.0|0.0|0.0|0.0|0.0|0.0|1.0|0.0|0.0|0.0|1.0|0.0|1.0|0.0|0.0|0.0|1.0|0.0|0.0|1.0|0.0|0.0|bad
2.742828114735799|3.8122979421858596|-1.0355505021345783|0.0|1.0|0.0|0.0|0.0|0.0|0.0|1.0|0.0|0.0|0.0|0.0|0.0|0.0|1.0|0.0|0.0|0.0|1.0|0.0|1.0|0.0|0.0|0.0|0.0|1.0|0.0|1.0|0.0|0.0|bad
0.3844204494427645|0.017172604508387607|-0.9292747937874336|1.0|0.0|0.0|0.0|0.0|0.0|0.0|1.0|0.0|0.0|0.0|0.0|0.0|0.0|1.0|0.0|0.0|0.0|1.0|0.0|1.0|0.0|0.0|0.0|0.0|1.0|0.0|1.0|0.0|0.0|good
0.6792214076043938|-0.27995464612828275|-0.1853448353574204|0.0|0.0|0.0|0.0|1.0|0.0|0.0|0.0|0.0|1.0|0.0|0.0|0.0|0.0|1.0|0.0|0.0|0.0|1.0|0.0|1.0|0.0|0.0|0.0|0.0|1.0|0.0|0.0|1.0|0.0|good
-0.20518146688049407|-0.3238484445177909|-0.6104476687459994|0.0|0.0|0.0|0.0|1.0|0.0|0.0|0.0|1.0|0.0|0.0|0.0|1.0|0.0|0.0|0.0|1.0|0.0|0.0|0.0|1.0|0.0|0.0|0.0|0.0|1.0|0.0|1.0|0.0|0.0|good
-0.20518146688049407|-0.7168667624053867|-1.3543776271760126|0.0|0.0|0.0|1.0|0.0|0.0|1.0|0.0|0.0|0.0|0.0|0.0|0.0|1.0|0.0|1.0|0.0|0.0|0.0|0.0|1.0|0.0|0.0|0.0|0.0|1.0|0.0|0.0|0.0|1.0|good
-0.20518146688049407|-0.27995464612828275|0.23975799803115858|0.0|0.0|0.0|0.0|1.0|0.0|0.0|1.0|0.0|0.0|0.0|0.0|0.0|0.0|1.0|0.0|0.0|0.0|1.0|0.0|0.0|0.0|1.0|0.0|0.0|1.0|0.0|0.0|0.0|1.0|bad
1.5636242820892816|-0.27995464612828275|-0.1853448353574204|0.0|0.0|0.0|0.0|1.0|0.0|0.0|1.0|0.0|0.0|0.0|0.0|1.0|0.0|0.0|0.0|0.0|0.0|1.0|0.0|1.0|0.0|0.0|1.0|0.0|0.0|0.0|1.0|0.0|0.0|good
-0.20518146688049407|-0.27995464612828275|-0.5041719603988547|0.0|0.0|0.0|0.0|0.0|1.0|1.0|0.0|0.0|0.0|0.0|0.0|1.0|0.0|0.0|0.0|0.0|0.0|0.0|1.0|1.0|0.0|0.0|0.0|0.0|1.0|0.0|0.0|0.0|1.0|good
-0.20518146688049407|-0.8103943174353386|-0.1853448353574204|0.0|0.0|0.0|0.0|1.0|0.0|0.0|0.0|0.0|1.0|0.0|0.0|0.0|0.0|1.0|0.0|1.0|0.0|0.0|0.0|0.0|1.0|0.0|0.0|0.0|1.0|0.0|1.0|0.0|0.0|good
-0.20518146688049407|-0.6638565597349807|1.727617914891185|0.0|0.0|0.0|0.0|1.0|0.0|1.0|0.0|0.0|0.0|0.0|0.0|0.0|0.0|1.0|0.0|0.0|0.0|1.0|0.0|0.0|1.0|0.0|0.0|1.0|0.0|0.0|1.0|0.0|0.0|good
-0.20518146688049407|-0.27995464612828275|0.6648608314197376|0.0|0.0|0.0|0.0|1.0|0.0|0.0|1.0|0.0|0.0|0.0|0.0|1.0|0.0|0.0|1.0|0.0|0.0|0.0|0.0|0.0|1.0|0.0|0.0|0.0|0.0|1.0|1.0|0.0|0.0|good
-0.20518146688049407|-0.38935149749905684|-0.1853448353574204|0.0|0.0|0.0|0.0|1.0|0.0|0.0|0.0|0.0|1.0|0.0|0.0|0.0|0.0|1.0|0.0|0.0|0.0|1.0|0.0|1.0|0.0|0.0|0.0|1.0|0.0|0.0|1.0|0.0|0.0|bad
-0.7947833832037526|-0.27995464612828275|3.3217535400983564|0.0|0.0|0.0|0.0|1.0|0.0|0.0|0.0|0.0|1.0|0.0|0.0|0.0|0.0|1.0|0.0|0.0|0.0|1.0|0.0|0.0|1.0|0.0|0.0|0.0|1.0|0.0|1.0|0.0|0.0|good
2.1532261984125403|-0.27995464612828275|-0.1853448353574204|0.0|0.0|0.0|0.0|1.0|0.0|0.0|0.0|1.0|0.0|0.0|0.0|0.0|0.0|1.0|0.0|0.0|1.0|0.0|0.0|1.0|0.0|0.0|0.0|0.0|1.0|0.0|1.0|0.0|0.0|bad
-0.8930503692576292|0.5540275232723716|1.727617914891185|0.0|0.0|0.0|0.0|1.0|0.0|0.0|0.0|0.0|0.0|1.0|1.0|0.0|0.0|0.0|0.0|0.0|0.0|0.0|1.0|1.0|0.0|0.0|0.0|0.0|1.0|0.0|1.0|0.0|0.0|good
-0.20518146688049407|2.129139596249721|0.45230941472544806|0.0|0.0|0.0|0.0|0.0|1.0|0.0|1.0|0.0|0.0|0.0|0.0|0.0|0.0|1.0|0.0|0.0|0.0|1.0|0.0|1.0|0.0|0.0|0.0|0.0|0.0|1.0|0.0|0.0|1.0|good
-0.20518146688049407|0.23697924105892446|-0.1853448353574204|0.0|0.0|1.0|0.0|0.0|0.0|1.0|0.0|0.0|0.0|0.0|1.0|0.0|0.0|0.0|1.0|0.0|0.0|0.0|0.0|1.0|0.0|0.0|0.0|0.0|1.0|0.0|1.0|0.0|0.0|good
-0.20518146688049407|0.9497469979839371|0.9836879564611718|0.0|0.0|0.0|0.0|1.0|0.0|0.0|0.0|1.0|0.0|0.0|0.0|1.0|0.0|0.0|0.0|0.0|0.0|0.0|1.0|0.0|1.0|0.0|0.0|0.0|1.0|0.0|1.0|0.0|0.0|bad
-0.49998242504212337|-0.6473119741881661|1.302515081502606|1.0|0.0|0.0|0.0|0.0|0.0|0.0|1.0|0.0|0.0|0.0|0.0|0.0|0.0|1.0|0.0|0.0|0.0|0.0|1.0|1.0|0.0|0.0|0.0|0.0|1.0|0.0|1.0|0.0|0.0|good
-0.20518146688049407|-0.27995464612828275|-0.1853448353574204|0.0|1.0|0.0|0.0|0.0|0.0|1.0|0.0|0.0|0.0|0.0|0.0|0.0|0.0|1.0|0.0|0.0|0.0|1.0|0.0|1.0|0.0|0.0|1.0|0.0|0.0|0.0|1.0|0.0|0.0|good
-0.20518146688049407|-0.4643085993642169|-0.1853448353574204|0.0|0.0|0.0|0.0|1.0|0.0|1.0|0.0|0.0|0.0|0.0|0.0|1.0|0.0|0.0|0.0|0.0|0.0|1.0|0.0|1.0|0.0|0.0|0.0|0.0|0.0|1.0|1.0|0.0|0.0|good
-0.9913173553115056|-0.27995464612828275|-0.1853448353574204|0.0|0.0|0.0|0.0|1.0|0.0|0.0|1.0|0.0|0.0|0.0|1.0|0.0|0.0|0.0|0.0|0.0|0.0|1.0|0.0|1.0|0.0|0.0|0.0|0.0|0.0|1.0|1.0|0.0|0.0|good
-0.20518146688049407|-0.5801206981919191|-0.1853448353574204|0.0|0.0|0.0|0.0|1.0|0.0|0.0|1.0|0.0|0.0|0.0|1.0|0.0|0.0|0.0|0.0|0.0|0.0|1.0|0.0|0.0|0.0|1.0|0.0|0.0|1.0|0.0|1.0|0.0|0.0|good
-0.20518146688049407|-0.6196251167424764|-0.1853448353574204|0.0|0.0|0.0|0.0|1.0|0.0|1.0|0.0|0.0|0.0|0.0|0.0|0.0|0.0|1.0|0.0|0.0|0.0|1.0|0.0|0.0|1.0|0.0|1.0|0.0|0.0|0.0|0.0|0.0|1.0|good
1.5636242820892816|3.201498855365704|-0.1853448353574204|0.0|0.0|0.0|0.0|1.0|0.0|1.0|0.0|0.0|0.0|0.0|0.0|0.0|0.0|1.0|0.0|0.0|0.0|1.0|0.0|1.0|0.0|0.0|0.0|0.0|1.0|0.0|0.0|1.0|0.0|bad
-0.20518146688049407|-0.29751216548408604|-0.5041719603988547|0.0|0.0|0.0|1.0|0.0|0.0|0.0|0.0|0.0|0.0|1.0|0.0|0.0|0.0|1.0|0.0|0.0|1.0|0.0|0.0|1.0|0.0|0.0|0.0|1.0|0.0|0.0|0.0|1.0|0.0|good
-0.20518146688049407|-0.6827646575027688|-0.7167233770931442|0.0|0.0|0.0|0.0|1.0|0.0|0.0|0.0|0.0|0.0|1.0|0.0|0.0|0.0|1.0|0.0|0.0|0.0|0.0|1.0|0.0|1.0|0.0|0.0|0.0|1.0|0.0|1.0|0.0|0.0|bad
-0.7947833832037526|-0.8482105129709149|-0.1853448353574204|0.0|0.0|0.0|0.0|1.0|0.0|0.0|1.0|0.0|0.0|0.0|0.0|0.0|0.0|1.0|0.0|0.0|0.0|1.0|0.0|1.0|0.0|0.0|0.0|0.0|1.0|0.0|1.0|0.0|0.0|good
-0.20518146688049407|-0.5811336320009077|2.0464450399326193|1.0|0.0|0.0|0.0|0.0|0.0|0.0|0.0|0.0|1.0|0.0|0.0|0.0|0.0|1.0|0.0|0.0|1.0|0.0|0.0|1.0|0.0|0.0|0.0|0.0|1.0|0.0|0.0|0.0|1.0|good
-0.7947833832037526|-0.7877721290345922|-0.1853448353574204|1.0|0.0|0.0|0.0|0.0|0.0|0.0|0.0|0.0|1.0|0.0|0.0|1.0|0.0|0.0|0.0|0.0|0.0|1.0|0.0|1.0|0.0|0.0|0.0|0.0|0.0|1.0|0.0|0.0|1.0|bad
-0.20518146688049407|0.16438565141473793|-0.1853448353574204|1.0|0.0|0.0|0.0|0.0|0.0|0.0|1.0|0.0|0.0|0.0|0.0|0.0|0.0|1.0|0.0|0.0|0.0|1.0|0.0|0.0|0.0|1.0|1.0|0.0|0.0|0.0|1.0|0.0|0.0|good
-0.20518146688049407|-0.6118592908735634|2.0464450399326193|0.0|0.0|0.0|1.0|0.0|0.0|0.0|1.0|0.0|0.0|0.0|1.0|0.0|0.0|0.0|0.0|0.0|0.0|1.0|0.0|1.0|0.0|0.0|1.0|0.0|0.0|0.0|1.0|0.0|0.0|good
3.3324300310590576|4.326868317152093|2.471547873321198|0.0|1.0|0.0|0.0|0.0|0.0|0.0|0.0|1.0|0.0|0.0|0.0|0.0|0.0|1.0|0.0|0.0|0.0|1.0|0.0|1.0|0.0|0.0|0.0|0.0|1.0|0.0|0.0|0.0|1.0|bad
-0.20518146688049407|-0.27995464612828275|-0.1853448353574204|0.0|0.0|0.0|0.0|1.0|0.0|0.0|1.0|0.0|0.0|0.0|0.0|1.0|0.0|0.0|0.0|1.0|0.0|0.0|0.0|1.0|0.0|0.0|0.0|0.0|1.0|0.0|1.0|0.0|0.0|good
-0.20518146688049407|-0.17157072856649733|-0.1853448353574204|0.0|0.0|0.0|0.0|1.0|0.0|0.0|1.0|0.0|0.0|0.0|0.0|0.0|0.0|1.0|0.0|0.0|0.0|1.0|0.0|1.0|0.0|0.0|0.0|0.0|1.0|0.0|1.0|0.0|0.0|good
1.5636242820892816|-0.267799440420419|0.13348228968401382|0.0|0.0|0.0|0.0|1.0|0.0|0.0|0.0|0.0|1.0|0.0|0.0|0.0|0.0|1.0|0.0|0.0|0.0|1.0|0.0|1.0|0.0|0.0|1.0|0.0|0.0|0.0|1.0|0.0|0.0|good
-0.20518146688049407|-0.27995464612828275|0.13348228968401382|1.0|0.0|0.0|0.0|0.0|0.0|0.0|0.0|0.0|0.0|1.0|0.0|0.0|0.0|1.0|0.0|0.0|0.0|1.0|0.0|1.0|0.0|0.0|0.0|1.0|0.0|0.0|0.0|0.0|1.0|good
0.3844204494427645|-0.5608749558211348|-0.1853448353574204|0.0|0.0|0.0|1.0|0.0|0.0|0.0|0.0|0.0|1.0|0.0|1.0|0.0|0.0|0.0|0.0|0.0|0.0|0.0|1.0|1.0|0.0|0.0|0.0|0.0|0.0|1.0|1.0|0.0|0.0|good
1.5636242820892816|-0.27995464612828275|-1.1418262104817232|0.0|0.0|0.0|0.0|1.0|0.0|1.0|0.0|0.0|0.0|0.0|0.0|0.0|0.0|1.0|0.0|0.0|0.0|1.0|0.0|1.0|0.0|0.0|0.0|0.0|1.0|0.0|1.0|0.0|0.0|good
-0.20518146688049407|-0.742190107630103|-1.1418262104817232|0.0|0.0|0.0|0.0|1.0|0.0|1.0|0.0|0.0|0.0|0.0|0.0|1.0|0.0|0.0|0.0|0.0|0.0|0.0|1.0|0.0|0.0|1.0|0.0|0.0|1.0|0.0|1.0|0.0|0.0|good
-1.089584341365382|-0.40893488447283743|0.02720658133686908|0.0|0.0|1.0|0.0|0.0|0.0|0.0|0.0|0.0|0.0|1.0|0.0|0.0|0.0|1.0|0.0|0.0|1.0|0.0|0.0|1.0|0.0|0.0|0.0|0.0|1.0|0.0|1.0|0.0|0.0|good
-0.20518146688049407|-0.2313338232968276|-0.1853448353574204|0.0|0.0|0.0|0.0|0.0|1.0|1.0|0.0|0.0|0.0|0.0|0.0|0.0|1.0|0.0|0.0|0.0|0.0|1.0|0.0|1.0|0.0|0.0|0.0|0.0|1.0|0.0|1.0|0.0|0.0|good
-0.20518146688049407|-0.27995464612828275|0.45230941472544806|0.0|0.0|0.0|0.0|1.0|0.0|0.0|1.0|0.0|0.0|0.0|0.0|0.0|0.0|1.0|0.0|0.0|0.0|1.0|0.0|0.0|1.0|0.0|0.0|1.0|0.0|0.0|0.0|0.0|1.0|bad
-0.20518146688049407|1.1236339685269885|-0.1853448353574204|0.0|0.0|0.0|1.0|0.0|0.0|1.0|0.0|0.0|0.0|0.0|0.0|0.0|0.0|1.0|0.0|0.0|0.0|0.0|1.0|1.0|0.0|0.0|0.0|0.0|1.0|0.0|1.0|0.0|0.0|bad
-0.20518146688049407|0.9953290193884263|-0.2916205437045652|0.0|0.0|0.0|1.0|0.0|0.0|0.0|0.0|0.0|0.0|1.0|0.0|0.0|0.0|1.0|0.0|1.0|0.0|0.0|0.0|0.0|0.0|1.0|0.0|0.0|1.0|0.0|1.0|0.0|0.0|good
-0.20518146688049407|-0.27995464612828275|-0.1853448353574204|0.0|0.0|1.0|0.0|0.0|0.0|1.0|0.0|0.0|0.0|0.0|0.0|0.0|0.0|1.0|0.0|0.0|0.0|1.0|0.0|1.0|0.0|0.0|0.0|0.0|1.0|0.0|1.0|0.0|0.0|good
-0.20518146688049407|-0.5807959873979115|-0.1853448353574204|0.0|0.0|0.0|0.0|1.0|0.0|0.0|0.0|0.0|1.0|0.0|0.0|0.0|1.0|0.0|0.0|0.0|0.0|0.0|1.0|1.0|0.0|0.0|0.0|0.0|1.0|0.0|0.0|0.0|1.0|good
-1.3843852995270112|-0.27995464612828275|-0.1853448353574204|0.0|1.0|0.0|0.0|0.0|0.0|0.0|0.0|0.0|1.0|0.0|0.0|0.0|0.0|1.0|0.0|1.0|0.0|0.0|0.0|0.0|1.0|0.0|0.0|0.0|1.0|0.0|0.0|1.0|0.0|good
-0.49998242504212337|-0.27995464612828275|-0.1853448353574204|0.0|0.0|0.0|0.0|1.0|0.0|0.0|0.0|1.0|0.0|0.0|0.0|1.0|0.0|0.0|0.0|0.0|0.0|1.0|0.0|1.0|0.0|0.0|0.0|0.0|1.0|0.0|1.0|0.0|0.0|good
-0.20518146688049407|-0.27995464612828275|-0.1853448353574204|0.0|0.0|0.0|1.0|0.0|0.0|0.0|0.0|0.0|0.0|1.0|0.0|0.0|0.0|1.0|0.0|0.0|1.0|0.0|0.0|0.0|0.0|1.0|0.0|0.0|1.0|0.0|1.0|0.0|0.0|good
-0.20518146688049407|1.5953234789127029|-0.1853448353574204|0.0|0.0|0.0|1.0|0.0|0.0|0.0|1.0|0.0|0.0|0.0|0.0|1.0|0.0|0.0|0.0|1.0|0.0|0.0|0.0|0.0|1.0|0.0|1.0|0.0|0.0|0.0|1.0|0.0|0.0|bad
-0.7947833832037526|-0.4896319445889331|0.02720658133686908|0.0|0.0|0.0|0.0|1.0|0.0|0.0|0.0|0.0|1.0|0.0|0.0|0.0|1.0|0.0|0.0|0.0|0.0|1.0|0.0|1.0|0.0|0.0|0.0|0.0|1.0|0.0|0.0|0.0|1.0|good
-0.20518146688049407|-0.27995464612828275|-0.1853448353574204|0.0|0.0|0.0|0.0|1.0|0.0|1.0|0.0|0.0|0.0|0.0|0.0|0.0|0.0|1.0|1.0|0.0|0.0|0.0|0.0|0.0|0.0|1.0|0.0|0.0|1.0|0.0|1.0|0.0|0.0|good
2.1532261984125403|1.3653875042722794|-0.1853448353574204|0.0|0.0|0.0|0.0|1.0|0.0|0.0|0.0|0.0|0.0|1.0|0.0|1.0|0.0|0.0|0.0|0.0|1.0|0.0|0.0|1.0|0.0|0.0|0.0|0.0|1.0|0.0|1.0|0.0|0.0|bad
-0.9913173553115056|-0.27995464612828275|-0.8229990854402889|0.0|0.0|0.0|0.0|1.0|0.0|0.0|1.0|0.0|0.0|0.0|0.0|1.0|0.0|0.0|0.0|0.0|1.0|0.0|0.0|0.0|0.0|1.0|0.0|0.0|1.0|0.0|1.0|0.0|0.0|good
1.2688233239276523|-0.27995464612828275|-1.248101918828868|1.0|0.0|0.0|0.0|0.0|0.0|0.0|1.0|0.0|0.0|0.0|0.0|1.0|0.0|0.0|0.0|0.0|0.0|1.0|0.0|0.0|0.0|1.0|0.0|0.0|1.0|0.0|1.0|0.0|0.0|bad
-0.20518146688049407|-0.27995464612828275|-0.1853448353574204|1.0|0.0|0.0|0.0|0.0|0.0|1.0|0.0|0.0|0.0|0.0|0.0|0.0|0.0|1.0|0.0|0.0|0.0|1.0|0.0|1.0|0.0|0.0|0.0|0.0|1.0|0.0|1.0|0.0|0.0|good
0.08961949128113521|-0.27995464612828275|-1.0355505021345783|0.0|0.0|0.0|0.0|1.0|0.0|0.0|1.0|0.0|0.0|0.0|1.0|0.0|0.0|0.0|0.0|0.0|0.0|0.0|1.0|0.0|1.0|0.0|0.0|0.0|1.0|0.0|1.0|0.0|0.0|bad
0.3844204494427645|-0.27995464612828275|0.6648608314197376|0.0|0.0|0.0|0.0|1.0|0.0|0.0|1.0|0.0|0.0|0.0|0.0|1.0|0.0|0.0|0.0|0.0|0.0|1.0|0.0|1.0|0.0|0.0|1.0|0.0|0.0|0.0|1.0|0.0|0.0|good
-0.20518146688049407|-0.27995464612828275|-0.1853448353574204|1.0|0.0|0.0|0.0|0.0|0.0|0.0|1.0|0.0|0.0|0.0|0.0|0.0|0.0|1.0|0.0|1.0|0.0|0.0|0.0|1.0|0.0|0.0|0.0|0.0|0.0|1.0|1.0|0.0|0.0|good
-0.9913173553115056|-0.7931744426825316|3.002926415056922|0.0|0.0|0.0|1.0|0.0|0.0|0.0|0.0|0.0|1.0|0.0|0.0|0.0|0.0|1.0|0.0|0.0|0.0|1.0|0.0|0.0|1.0|0.0|0.0|0.0|1.0|0.0|1.0|0.0|0.0|good
-0.20518146688049407|-0.4072466614578563|-0.8229990854402889|0.0|0.0|1.0|0.0|0.0|0.0|0.0|0.0|1.0|0.0|0.0|0.0|1.0|0.0|0.0|0.0|0.0|1.0|0.0|0.0|0.0|0.0|1.0|0.0|0.0|1.0|0.0|1.0|0.0|0.0|bad
-0.20518146688049407|-0.3407306746676017|-0.1853448353574204|0.0|0.0|0.0|1.0|0.0|0.0|0.0|1.0|0.0|0.0|0.0|0.0|0.0|0.0|1.0|0.0|0.0|0.0|0.0|1.0|0.0|0.0|1.0|0.0|0.0|1.0|0.0|0.0|0.0|1.0|good
-0.20518146688049407|4.860346789886115|0.5585851230725928|0.0|0.0|0.0|0.0|1.0|0.0|0.0|1.0|0.0|0.0|0.0|0.0|0.0|1.0|0.0|0.0|1.0|0.0|0.0|0.0|1.0|0.0|0.0|0.0|0.0|0.0|1.0|1.0|0.0|0.0|good
-0.20518146688049407|4.33699765524198|-0.5041719603988547|0.0|0.0|0.0|0.0|1.0|0.0|0.0|1.0|0.0|0.0|0.0|0.0|0.0|0.0|1.0|0.0|1.0|0.0|0.0|0.0|1.0|0.0|0.0|1.0|0.0|0.0|0.0|1.0|0.0|0.0|bad
-0.7947833832037526|-0.27995464612828275|-0.07906912701027567|0.0|0.0|0.0|0.0|0.0|1.0|1.0|0.0|0.0|0.0|0.0|0.0|0.0|0.0|1.0|0.0|1.0|0.0|0.0|0.0|0.0|0.0|1.0|0.0|1.0|0.0|0.0|0.0|0.0|1.0|good
-0.7947833832037526|-0.27995464612828275|-0.6104476687459994|0.0|0.0|0.0|1.0|0.0|0.0|0.0|1.0|0.0|0.0|0.0|1.0|0.0|0.0|0.0|0.0|1.0|0.0|0.0|0.0|0.0|0.0|1.0|0.0|0.0|1.0|0.0|1.0|0.0|0.0|bad
2.742828114735799|-0.27995464612828275|-1.1418262104817232|0.0|0.0|0.0|1.0|0.0|0.0|0.0|0.0|0.0|0.0|1.0|0.0|1.0|0.0|0.0|0.0|1.0|0.0|0.0|0.0|1.0|0.0|0.0|0.0|0.0|1.0|0.0|1.0|0.0|0.0|good
-0.20518146688049407|-0.27995464612828275|-0.6104476687459994|0.0|0.0|0.0|0.0|1.0|0.0|0.0|1.0|0.0|0.0|0.0|0.0|0.0|0.0|1.0|0.0|0.0|1.0|0.0|0.0|1.0|0.0|0.0|0.0|0.0|1.0|0.0|1.0|0.0|0.0|bad
-0.20518146688049407|-0.14253329270882273|-0.1853448353574204|0.0|0.0|1.0|0.0|0.0|0.0|1.0|0.0|0.0|0.0|0.0|0.0|0.0|0.0|1.0|0.0|0.0|1.0|0.0|0.0|0.0|0.0|1.0|0.0|0.0|0.0|1.0|1.0|0.0|0.0|good
-0.20518146688049407|-0.38698798527808337|1.302515081502606|0.0|0.0|0.0|0.0|1.0|0.0|0.0|1.0|0.0|0.0|0.0|1.0|0.0|0.0|0.0|0.0|0.0|0.0|1.0|0.0|1.0|0.0|0.0|0.0|0.0|1.0|0.0|1.0|0.0|0.0|good
3.922031947382316|2.368191975171042|-0.1853448353574204|1.0|0.0|0.0|0.0|0.0|0.0|0.0|0.0|0.0|0.0|1.0|0.0|1.0|0.0|0.0|0.0|0.0|0.0|0.0|1.0|0.0|0.0|1.0|0.0|0.0|1.0|0.0|1.0|0.0|0.0|good
-0.20518146688049407|-0.27995464612828275|0.34603370637830333|0.0|0.0|0.0|0.0|1.0|0.0|1.0|0.0|0.0|0.0|0.0|0.0|0.0|0.0|1.0|0.0|0.0|0.0|0.0|1.0|0.0|1.0|0.0|0.0|0.0|1.0|0.0|1.0|0.0|0.0|good
0.6792214076043938|-0.27995464612828275|-0.8229990854402889|0.0|0.0|0.0|0.0|0.0|1.0|0.0|1.0|0.0|0.0|0.0|0.0|0.0|0.0|1.0|0.0|0.0|0.0|0.0|1.0|1.0|0.0|0.0|1.0|0.0|0.0|0.0|1.0|0.0|0.0|good
-0.7947833832037526|-0.7982391117274749|-0.1853448353574204|0.0|0.0|0.0|0.0|1.0|0.0|0.0|1.0|0.0|0.0|0.0|0.0|0.0|0.0|1.0|0.0|0.0|1.0|0.0|0.0|1.0|0.0|0.0|0.0|0.0|1.0|0.0|1.0|0.0|0.0|bad
-0.49998242504212337|-0.27995464612828275|-0.1853448353574204|0.0|0.0|0.0|0.0|1.0|0.0|0.0|0.0|0.0|0.0|1.0|0.0|0.0|0.0|1.0|0.0|1.0|0.0|0.0|0.0|1.0|0.0|0.0|0.0|0.0|1.0|0.0|1.0|0.0|0.0|good
-0.20518146688049407|-0.4217653793866936|0.9836879564611718|0.0|0.0|0.0|0.0|1.0|0.0|0.0|1.0|0.0|0.0|0.0|0.0|0.0|0.0|1.0|0.0|1.0|0.0|0.0|0.0|0.0|0.0|1.0|0.0|0.0|0.0|1.0|1.0|0.0|0.0|good
-0.20518146688049407|-0.27995464612828275|-0.1853448353574204|1.0|0.0|0.0|0.0|0.0|0.0|0.0|1.0|0.0|0.0|0.0|0.0|0.0|0.0|1.0|0.0|1.0|0.0|0.0|0.0|0.0|0.0|1.0|0.0|0.0|1.0|0.0|1.0|0.0|0.0|good
1.5636242820892816|-0.27995464612828275|-0.5041719603988547|0.0|0.0|0.0|0.0|1.0|0.0|0.0|1.0|0.0|0.0|0.0|0.0|1.0|0.0|0.0|1.0|0.0|0.0|0.0|0.0|1.0|0.0|0.0|0.0|1.0|0.0|0.0|1.0|0.0|0.0|good
0.6792214076043938|-0.27995464612828275|-0.8229990854402889|0.0|0.0|0.0|0.0|1.0|0.0|0.0|1.0|0.0|0.0|0.0|0.0|0.0|0.0|1.0|0.0|1.0|0.0|0.0|0.0|1.0|0.0|0.0|0.0|1.0|0.0|0.0|0.0|0.0|1.0|good
-0.20518146688049407|-0.27995464612828275|-0.1853448353574204|0.0|0.0|1.0|0.0|0.0|0.0|0.0|1.0|0.0|0.0|0.0|1.0|0.0|0.0|0.0|0.0|0.0|0.0|0.0|1.0|1.0|0.0|0.0|0.0|0.0|1.0|0.0|1.0|0.0|0.0|bad
0.08961949128113521|-0.28434402596723357|-1.248101918828868|0.0|0.0|1.0|0.0|0.0|0.0|0.0|1.0|0.0|0.0|0.0|0.0|0.0|0.0|1.0|0.0|0.0|0.0|1.0|0.0|0.0|0.0|1.0|0.0|0.0|1.0|0.0|1.0|0.0|0.0|good
2.742828114735799|-0.27995464612828275|-0.5041719603988547|0.0|0.0|0.0|0.0|1.0|0.0|0.0|0.0|0.0|0.0|1.0|0.0|0.0|0.0|1.0|0.0|0.0|0.0|1.0|0.0|1.0|0.0|0.0|1.0|0.0|0.0|0.0|1.0|0.0|0.0|good
-0.20518146688049407|-0.27995464612828275|-0.1853448353574204|0.0|0.0|0.0|1.0|0.0|0.0|0.0|1.0|0.0|0.0|0.0|1.0|0.0|0.0|0.0|0.0|0.0|0.0|1.0|0.0|0.0|0.0|1.0|0.0|0.0|1.0|0.0|0.0|0.0|1.0|good
-0.7947833832037526|-0.826601258379157|-0.1853448353574204|0.0|0.0|0.0|1.0|0.0|0.0|0.0|0.0|0.0|0.0|1.0|0.0|0.0|0.0|1.0|0.0|0.0|1.0|0.0|0.0|1.0|0.0|0.0|0.0|0.0|1.0|0.0|1.0|0.0|0.0|good
1.5636242820892816|0.7566142850701014|-0.7167233770931442|1.0|0.0|0.0|0.0|0.0|0.0|0.0|1.0|0.0|0.0|0.0|0.0|0.0|0.0|1.0|0.0|0.0|0.0|1.0|0.0|0.0|1.0|0.0|1.0|0.0|0.0|0.0|1.0|0.0|0.0|good
-0.20518146688049407|-0.27995464612828275|1.1962393731554612|0.0|0.0|0.0|0.0|1.0|0.0|0.0|1.0|0.0|0.0|0.0|0.0|0.0|0.0|1.0|0.0|0.0|0.0|1.0|0.0|1.0|0.0|0.0|0.0|0.0|1.0|0.0|1.0|0.0|0.0|good
-1.3843852995270112|-0.27995464612828275|0.7711365397668823|0.0|0.0|0.0|0.0|1.0|0.0|0.0|1.0|0.0|0.0|0.0|0.0|0.0|0.0|1.0|0.0|0.0|0.0|0.0|1.0|1.0|0.0|0.0|0.0|0.0|1.0|0.0|1.0|0.0|0.0|good
-0.9913173553115056|-0.4072466614578563|-0.1853448353574204|0.0|0.0|0.0|0.0|1.0|0.0|0.0|1.0|0.0|0.0|0.0|0.0|0.0|0.0|1.0|0.0|0.0|0.0|1.0|0.0|1.0|0.0|0.0|0.0|0.0|1.0|0.0|1.0|0.0|0.0|good
1.5636242820892816|-0.27995464612828275|-1.1418262104817232|0.0|0.0|0.0|0.0|1.0|0.0|0.0|1.0|0.0|0.0|0.0|0.0|0.0|0.0|1.0|1.0|0.0|0.0|0.0|0.0|1.0|0.0|0.0|1.0|0.0|0.0|0.0|0.0|0.0|1.0|good
-0.20518146688049407|1.56257195242207|-0.1853448353574204|0.0|0.0|0.0|0.0|0.0|1.0|0.0|0.0|0.0|1.0|0.0|0.0|1.0|0.0|0.0|0.0|0.0|0.0|1.0|0.0|1.0|0.0|0.0|0.0|0.0|1.0|0.0|1.0|0.0|0.0|good
0.3844204494427645|1.2954950714520628|0.13348228968401382|0.0|1.0|0.0|0.0|0.0|0.0|0.0|0.0|0.0|0.0|1.0|1.0|0.0|0.0|0.0|0.0|0.0|0.0|1.0|0.0|1.0|0.0|0.0|0.0|0.0|1.0|0.0|0.0|0.0|1.0|good
-0.20518146688049407|-0.6240144965814273|-1.566929043870302|0.0|0.0|0.0|0.0|1.0|0.0|0.0|1.0|0.0|0.0|0.0|0.0|1.0|0.0|0.0|0.0|0.0|0.0|1.0|0.0|1.0|0.0|0.0|0.0|0.0|1.0|0.0|1.0|0.0|0.0|bad
-1.089584341365382|-0.62198862896345|1.408790789849751|0.0|0.0|0.0|0.0|1.0|0.0|0.0|0.0|0.0|1.0|0.0|0.0|0.0|0.0|1.0|0.0|0.0|0.0|1.0|0.0|0.0|1.0|0.0|0.0|0.0|1.0|0.0|0.0|1.0|0.0|good
-0.20518146688049407|-3.91841288801551|-0.1853448353574204|0.0|0.0|0.0|0.0|1.0|0.0|0.0|0.0|0.0|1.0|0.0|0.0|0.0|1.0|0.0|1.0|0.0|0.0|0.0|0.0|1.0|0.0|0.0|1.0|0.0|0.0|0.0|1.0|0.0|0.0|good
-0.20518146688049407|-0.27995464612828275|-0.1853448353574204|0.0|0.0|0.0|1.0|0.0|0.0|0.0|0.0|0.0|0.0|1.0|0.0|0.0|0.0|1.0|0.0|0.0|1.0|0.0|0.0|0.0|1.0|0.0|0.0|0.0|1.0|0.0|1.0|0.0|0.0|good
-0.20518146688049407|-0.27995464612828275|-0.07906912701027567|0.0|0.0|0.0|0.0|1.0|0.0|0.0|1.0|0.0|0.0|0.0|0.0|0.0|0.0|1.0|0.0|1.0|0.0|0.0|0.0|0.0|1.0|0.0|1.0|0.0|0.0|0.0|0.0|0.0|1.0|good
0.3844204494427645|-0.08715957781744324|0.13348228968401382|0.0|0.0|0.0|0.0|1.0|0.0|0.0|0.0|0.0|1.0|0.0|0.0|0.0|0.0|1.0|0.0|0.0|0.0|1.0|0.0|1.0|0.0|0.0|0.0|0.0|1.0|0.0|0.0|1.0|0.0|good
-0.20518146688049407|-0.27995464612828275|-0.1853448353574204|0.0|0.0|0.0|0.0|1.0|0.0|0.0|0.0|1.0|0.0|0.0|1.0|0.0|0.0|0.0|1.0|0.0|0.0|0.0|0.0|0.0|1.0|0.0|0.0|0.0|1.0|0.0|1.0|0.0|0.0|good
-0.49998242504212337|-0.6307673886413515|0.13348228968401382|1.0|0.0|0.0|0.0|0.0|0.0|0.0|0.0|0.0|0.0|1.0|0.0|0.0|0.0|1.0|0.0|0.0|1.0|0.0|0.0|0.0|1.0|0.0|0.0|0.0|1.0|0.0|0.0|0.0|1.0|good
-0.9913173553115056|1.4106318810737726|3.7468563734869353|0.0|0.0|0.0|1.0|0.0|0.0|0.0|1.0|0.0|0.0|0.0|0.0|0.0|0.0|1.0|0.0|0.0|0.0|1.0|0.0|0.0|0.0|1.0|1.0|0.0|0.0|0.0|0.0|0.0|1.0|good
1.5636242820892816|-0.27995464612828275|0.13348228968401382|0.0|0.0|0.0|1.0|0.0|0.0|0.0|0.0|0.0|1.0|0.0|1.0|0.0|0.0|0.0|0.0|0.0|0.0|0.0|1.0|1.0|0.0|0.0|0.0|0.0|1.0|0.0|1.0|0.0|0.0|good
-0.20518146688049407|-0.05136924989984431|-0.2916205437045652|1.0|0.0|0.0|0.0|0.0|0.0|0.0|1.0|0.0|0.0|0.0|0.0|0.0|0.0|1.0|0.0|1.0|0.0|0.0|0.0|1.0|0.0|0.0|0.0|0.0|1.0|0.0|1.0|0.0|0.0|good
-0.20518146688049407|-0.27995464612828275|-0.1853448353574204|0.0|0.0|1.0|0.0|0.0|0.0|0.0|1.0|0.0|0.0|0.0|0.0|0.0|0.0|1.0|0.0|0.0|0.0|1.0|0.0|1.0|0.0|0.0|0.0|0.0|1.0|0.0|1.0|0.0|0.0|bad
-0.8930503692576292|-0.5244093386975434|-1.566929043870302|0.0|0.0|1.0|0.0|0.0|0.0|0.0|1.0|0.0|0.0|0.0|0.0|1.0|0.0|0.0|1.0|0.0|0.0|0.0|0.0|1.0|0.0|0.0|0.0|0.0|1.0|0.0|0.0|0.0|1.0|good
-0.20518146688049407|-0.27995464612828275|-1.0355505021345783|0.0|0.0|1.0|0.0|0.0|0.0|0.0|0.0|0.0|0.0|1.0|0.0|1.0|0.0|0.0|0.0|0.0|0.0|1.0|0.0|1.0|0.0|0.0|0.0|0.0|1.0|0.0|1.0|0.0|0.0|good
-0.20518146688049407|-0.27995464612828275|-0.3978962520517099|0.0|1.0|0.0|0.0|0.0|0.0|1.0|0.0|0.0|0.0|0.0|0.0|0.0|0.0|1.0|0.0|0.0|0.0|1.0|0.0|0.0|1.0|0.0|1.0|0.0|0.0|0.0|1.0|0.0|0.0|bad
-0.49998242504212337|-0.7361125047761711|-0.1853448353574204|0.0|0.0|0.0|1.0|0.0|0.0|0.0|0.0|0.0|1.0|0.0|0.0|0.0|0.0|1.0|0.0|0.0|0.0|1.0|0.0|0.0|1.0|0.0|1.0|0.0|0.0|0.0|1.0|0.0|0.0|bad
-0.7947833832037526|-0.7992520455364636|-0.9292747937874336|0.0|0.0|1.0|0.0|0.0|0.0|0.0|1.0|0.0|0.0|0.0|0.0|1.0|0.0|0.0|0.0|0.0|0.0|1.0|0.0|0.0|0.0|1.0|0.0|0.0|1.0|0.0|1.0|0.0|0.0|good
-0.20518146688049407|-0.35997641703838607|-0.07906912701027567|1.0|0.0|0.0|0.0|0.0|0.0|0.0|1.0|0.0|0.0|0.0|0.0|1.0|0.0|0.0|0.0|1.0|0.0|0.0|0.0|1.0|0.0|0.0|0.0|1.0|0.0|0.0|1.0|0.0|0.0|bad
-1.1878513274192584|-0.5794454089859267|-0.1853448353574204|0.0|0.0|0.0|0.0|1.0|0.0|0.0|1.0|0.0|0.0|0.0|0.0|0.0|0.0|1.0|0.0|0.0|0.0|1.0|0.0|1.0|0.0|0.0|0.0|0.0|1.0|0.0|1.0|0.0|0.0|good
0.08961949128113521|0.09584379700650601|-0.9292747937874336|0.0|0.0|0.0|0.0|1.0|0.0|0.0|0.0|1.0|0.0|0.0|0.0|0.0|0.0|1.0|1.0|0.0|0.0|0.0|0.0|0.0|1.0|0.0|0.0|0.0|1.0|0.0|1.0|0.0|0.0|bad
-0.20518146688049407|1.4703949758041028|1.9401693315854747|0.0|0.0|0.0|0.0|1.0|0.0|0.0|1.0|0.0|0.0|0.0|0.0|1.0|0.0|0.0|0.0|0.0|0.0|0.0|1.0|1.0|0.0|0.0|0.0|1.0|0.0|0.0|0.0|0.0|1.0|bad
-0.20518146688049407|-0.18676473570132707|0.7711365397668823|0.0|0.0|1.0|0.0|0.0|0.0|0.0|1.0|0.0|0.0|0.0|0.0|0.0|0.0|1.0|0.0|0.0|0.0|1.0|0.0|1.0|0.0|0.0|0.0|0.0|1.0|0.0|1.0|0.0|0.0|good
-0.20518146688049407|-0.9427510018098555|1.8338936232383298|0.0|0.0|0.0|0.0|1.0|0.0|0.0|0.0|0.0|1.0|0.0|0.0|0.0|0.0|1.0|0.0|0.0|0.0|1.0|0.0|1.0|0.0|0.0|0.0|0.0|1.0|0.0|1.0|0.0|0.0|good
-0.7947833832037526|-0.27995464612828275|-0.3978962520517099|0.0|0.0|0.0|0.0|1.0|0.0|0.0|1.0|0.0|0.0|0.0|0.0|0.0|0.0|1.0|0.0|1.0|0.0|0.0|0.0|0.0|1.0|0.0|0.0|1.0|0.0|0.0|0.0|1.0|0.0|good
-0.20518146688049407|-0.27995464612828275|3.2154778317512114|1.0|0.0|0.0|0.0|0.0|0.0|0.0|0.0|0.0|1.0|0.0|1.0|0.0|0.0|0.0|0.0|0.0|0.0|0.0|1.0|0.0|0.0|1.0|0.0|0.0|1.0|0.0|1.0|0.0|0.0|good
1.5636242820892816|2.1750592622572062|-0.1853448353574204|0.0|1.0|0.0|0.0|0.0|0.0|0.0|0.0|1.0|0.0|0.0|0.0|0.0|0.0|1.0|0.0|0.0|0.0|1.0|0.0|0.0|1.0|0.0|0.0|0.0|1.0|0.0|1.0|0.0|0.0|bad
1.5636242820892816|-0.27995464612828275|-0.1853448353574204|0.0|1.0|0.0|0.0|0.0|0.0|0.0|1.0|0.0|0.0|0.0|1.0|0.0|0.0|0.0|0.0|1.0|0.0|0.0|0.0|1.0|0.0|0.0|1.0|0.0|0.0|0.0|1.0|0.0|0.0|bad
0.08961949128113521|-0.5007742164878083|0.5585851230725928|0.0|0.0|0.0|1.0|0.0|0.0|0.0|1.0|0.0|0.0|0.0|0.0|0.0|0.0|1.0|0.0|0.0|0.0|1.0|0.0|1.0|0.0|0.0|0.0|0.0|1.0|0.0|0.0|1.0|0.0|bad
0.3844204494427645|0.21840878789413254|1.6213422065440404|0.0|0.0|0.0|0.0|1.0|0.0|1.0|0.0|0.0|0.0|0.0|0.0|0.0|0.0|1.0|0.0|0.0|0.0|1.0|0.0|0.0|0.0|1.0|1.0|0.0|0.0|0.0|1.0|0.0|0.0|good
-0.20518146688049407|-0.7583970485739213|0.13348228968401382|0.0|0.0|0.0|1.0|0.0|0.0|0.0|0.0|0.0|1.0|0.0|0.0|0.0|0.0|1.0|0.0|0.0|0.0|0.0|1.0|1.0|0.0|0.0|0.0|0.0|1.0|0.0|0.0|1.0|0.0|bad
-0.49998242504212337|-0.5976782175477223|-0.1853448353574204|0.0|0.0|0.0|0.0|1.0|0.0|0.0|1.0|0.0|0.0|0.0|0.0|0.0|0.0|1.0|0.0|1.0|0.0|0.0|0.0|1.0|0.0|0.0|0.0|0.0|1.0|0.0|1.0|0.0|0.0|good
-1.089584341365382|-0.27995464612828275|4.171959206875514|1.0|0.0|0.0|0.0|0.0|0.0|0.0|1.0|0.0|0.0|0.0|0.0|1.0|0.0|0.0|0.0|0.0|0.0|0.0|1.0|1.0|0.0|0.0|0.0|0.0|1.0|0.0|0.0|1.0|0.0|bad
-0.40171543898824696|-0.6601424691020223|3.5343049567926457|0.0|0.0|0.0|1.0|0.0|0.0|0.0|1.0|0.0|0.0|0.0|0.0|0.0|0.0|1.0|0.0|0.0|1.0|0.0|0.0|1.0|0.0|0.0|1.0|0.0|0.0|0.0|0.0|0.0|1.0|good
-0.7947833832037526|-0.27995464612828275|-1.566929043870302|0.0|0.0|0.0|0.0|1.0|0.0|0.0|0.0|0.0|0.0|1.0|0.0|0.0|1.0|0.0|0.0|0.0|0.0|1.0|0.0|1.0|0.0|0.0|1.0|0.0|0.0|0.0|1.0|0.0|0.0|bad
-0.20518146688049407|-0.27995464612828275|-0.1853448353574204|0.0|0.0|1.0|0.0|0.0|0.0|0.0|1.0|0.0|0.0|0.0|0.0|1.0|0.0|0.0|0.0|0.0|0.0|1.0|0.0|0.0|0.0|1.0|0.0|0.0|1.0|0.0|1.0|0.0|0.0|good
-0.20518146688049407|0.49325149473305263|-0.1853448353574204|0.0|1.0|0.0|0.0|0.0|0.0|0.0|1.0|0.0|0.0|0.0|0.0|0.0|0.0|1.0|0.0|0.0|0.0|1.0|0.0|1.0|0.0|0.0|0.0|1.0|0.0|0.0|1.0|0.0|0.0|bad
2.742828114735799|0.24103097629487905|-0.07906912701027567|0.0|1.0|0.0|0.0|0.0|0.0|0.0|1.0|0.0|0.0|0.0|0.0|0.0|0.0|1.0|0.0|0.0|0.0|1.0|0.0|1.0|0.0|0.0|0.0|0.0|0.0|1.0|1.0|0.0|0.0|bad
0.6792214076043938|-0.27995464612828275|-0.1853448353574204|1.0|0.0|0.0|0.0|0.0|0.0|0.0|1.0|0.0|0.0|0.0|0.0|0.0|0.0|1.0|0.0|1.0|0.0|0.0|0.0|1.0|0.0|0.0|0.0|0.0|1.0|0.0|1.0|0.0|0.0|bad
-1.3843852995270112|-0.27995464612828275|-0.1853448353574204|1.0|0.0|0.0|0.0|0.0|0.0|0.0|0.0|0.0|0.0|1.0|0.0|0.0|0.0|1.0|0.0|1.0|0.0|0.0|0.0|1.0|0.0|0.0|0.0|0.0|1.0|0.0|1.0|0.0|0.0|good
2.4480271565741694|-0.27995464612828275|-1.4606533355231575|0.0|0.0|0.0|0.0|1.0|0.0|0.0|1.0|0.0|0.0|0.0|0.0|0.0|0.0|1.0|0.0|0.0|0.0|0.0|1.0|1.0|0.0|0.0|0.0|0.0|1.0|0.0|0.0|0.0|1.0|bad
-1.089584341365382|-0.27995464612828275|-0.07906912701027567|0.0|0.0|0.0|0.0|1.0|0.0|0.0|1.0|0.0|0.0|0.0|0.0|1.0|0.0|0.0|0.0|0.0|1.0|0.0|0.0|0.0|1.0|0.0|0.0|0.0|1.0|0.0|1.0|0.0|0.0|bad
-1.3843852995270112|-0.5902500362818056|-0.1853448353574204|0.0|0.0|0.0|0.0|1.0|0.0|0.0|1.0|0.0|0.0|0.0|1.0|0.0|0.0|0.0|1.0|0.0|0.0|0.0|0.0|0.0|1.0|0.0|0.0|0.0|1.0|0.0|1.0|0.0|0.0|good
-0.7947833832037526|-0.7357748601731748|-0.8229990854402889|0.0|0.0|0.0|0.0|1.0|0.0|1.0|0.0|0.0|0.0|0.0|1.0|0.0|0.0|0.0|0.0|0.0|0.0|1.0|0.0|1.0|0.0|0.0|0.0|0.0|1.0|0.0|1.0|0.0|0.0|bad
0.3844204494427645|-0.12497577335301947|0.13348228968401382|0.0|0.0|0.0|0.0|0.0|1.0|0.0|1.0|0.0|0.0|0.0|0.0|0.0|0.0|1.0|0.0|0.0|0.0|1.0|0.0|1.0|0.0|0.0|0.0|0.0|1.0|0.0|1.0|0.0|0.0|good
-0.20518146688049407|-0.27995464612828275|0.5585851230725928|0.0|0.0|1.0|0.0|0.0|0.0|0.0|0.0|0.0|1.0|0.0|0.0|0.0|0.0|1.0|0.0|0.0|0.0|1.0|0.0|1.0|0.0|0.0|0.0|1.0|0.0|0.0|1.0|0.0|0.0|bad
-0.20518146688049407|-0.27995464612828275|-0.1853448353574204|1.0|0.0|0.0|0.0|0.0|0.0|0.0|0.0|0.0|1.0|0.0|1.0|0.0|0.0|0.0|0.0|0.0|0.0|1.0|0.0|0.0|1.0|0.0|0.0|0.0|1.0|0.0|0.0|0.0|1.0|good
-0.20518146688049407|-0.6625059813229959|-0.8229990854402889|0.0|0.0|0.0|0.0|1.0|0.0|1.0|0.0|0.0|0.0|0.0|0.0|0.0|1.0|0.0|0.0|0.0|1.0|0.0|0.0|1.0|0.0|0.0|0.0|0.0|1.0|0.0|1.0|0.0|0.0|good
0.6792214076043938|-0.27995464612828275|-0.9292747937874336|0.0|1.0|0.0|0.0|0.0|0.0|1.0|0.0|0.0|0.0|0.0|1.0|0.0|0.0|0.0|0.0|0.0|0.0|1.0|0.0|0.0|1.0|0.0|0.0|0.0|1.0|0.0|1.0|0.0|0.0|good
-0.20518146688049407|-0.7523194457199894|-1.4606533355231575|0.0|0.0|0.0|0.0|1.0|0.0|0.0|1.0|0.0|0.0|0.0|0.0|0.0|1.0|0.0|0.0|0.0|0.0|1.0|0.0|1.0|0.0|0.0|0.0|0.0|1.0|0.0|0.0|0.0|1.0|bad
-0.20518146688049407|-0.27995464612828275|-0.1853448353574204|0.0|0.0|0.0|1.0|0.0|0.0|0.0|1.0|0.0|0.0|0.0|0.0|0.0|0.0|1.0|0.0|0.0|0.0|0.0|1.0|0.0|1.0|0.0|0.0|0.0|0.0|1.0|0.0|1.0|0.0|good
0.9740223657660231|2.5299237400062298|0.34603370637830333|0.0|0.0|0.0|0.0|0.0|1.0|0.0|0.0|0.0|1.0|0.0|0.0|0.0|0.0|1.0|0.0|0.0|0.0|1.0|0.0|1.0|0.0|0.0|1.0|0.0|0.0|0.0|0.0|1.0|0.0|good
-0.7947833832037526|-0.40353257082489796|-0.1853448353574204|0.0|0.0|1.0|0.0|0.0|0.0|0.0|0.0|0.0|1.0|0.0|0.0|0.0|0.0|1.0|0.0|0.0|0.0|1.0|0.0|1.0|0.0|0.0|0.0|0.0|1.0|0.0|1.0|0.0|0.0|good
-0.7947833832037526|-0.5760689629559645|-0.1853448353574204|0.0|0.0|0.0|0.0|1.0|0.0|0.0|0.0|0.0|0.0|1.0|0.0|0.0|0.0|1.0|0.0|0.0|0.0|1.0|0.0|1.0|0.0|0.0|0.0|0.0|1.0|0.0|1.0|0.0|0.0|good
0.3844204494427645|-0.27995464612828275|-1.4606533355231575|0.0|0.0|0.0|0.0|1.0|0.0|0.0|1.0|0.0|0.0|0.0|0.0|0.0|1.0|0.0|0.0|0.0|0.0|1.0|0.0|1.0|0.0|0.0|0.0|0.0|0.0|1.0|1.0|0.0|0.0|good
-0.20518146688049407|-0.5797830535889229|2.152720748279764|0.0|0.0|0.0|0.0|0.0|1.0|0.0|0.0|0.0|0.0|1.0|1.0|0.0|0.0|0.0|0.0|1.0|0.0|0.0|0.0|1.0|0.0|0.0|0.0|0.0|1.0|0.0|0.0|0.0|1.0|good
-0.20518146688049407|-0.01895536801220754|-0.1853448353574204|0.0|0.0|0.0|0.0|1.0|0.0|0.0|1.0|0.0|0.0|0.0|0.0|0.0|0.0|1.0|0.0|1.0|0.0|0.0|0.0|0.0|1.0|0.0|1.0|0.0|0.0|0.0|0.0|1.0|0.0|good
1.5636242820892816|0.2379921748679131|1.0899636648083166|0.0|0.0|0.0|0.0|1.0|0.0|0.0|0.0|0.0|1.0|0.0|1.0|0.0|0.0|0.0|0.0|0.0|0.0|1.0|0.0|1.0|0.0|0.0|0.0|0.0|0.0|1.0|0.0|0.0|1.0|good
0.6792214076043938|-0.27995464612828275|1.6213422065440404|0.0|1.0|0.0|0.0|0.0|0.0|1.0|0.0|0.0|0.0|0.0|0.0|0.0|0.0|1.0|0.0|0.0|0.0|1.0|0.0|0.0|1.0|0.0|0.0|0.0|1.0|0.0|1.0|0.0|0.0|bad
-0.20518146688049407|-0.27995464612828275|-0.1853448353574204|0.0|1.0|0.0|0.0|0.0|0.0|1.0|0.0|0.0|0.0|0.0|0.0|0.0|0.0|1.0|0.0|0.0|0.0|1.0|0.0|0.0|0.0|1.0|0.0|1.0|0.0|0.0|1.0|0.0|0.0|bad
-0.20518146688049407|-0.27995464612828275|1.727617914891185|0.0|0.0|0.0|0.0|1.0|0.0|0.0|0.0|0.0|1.0|0.0|0.0|0.0|0.0|1.0|0.0|0.0|0.0|1.0|0.0|1.0|0.0|0.0|0.0|0.0|1.0|0.0|1.0|0.0|0.0|good
-1.3843852995270112|-0.742190107630103|0.45230941472544806|0.0|0.0|0.0|0.0|1.0|0.0|0.0|0.0|0.0|0.0|1.0|0.0|1.0|0.0|0.0|0.0|0.0|0.0|0.0|1.0|0.0|1.0|0.0|0.0|0.0|0.0|1.0|1.0|0.0|0.0|good
-0.20518146688049407|-0.008826029922321052|-0.1853448353574204|1.0|0.0|0.0|0.0|0.0|0.0|0.0|0.0|0.0|0.0|1.0|0.0|0.0|0.0|1.0|0.0|0.0|0.0|1.0|0.0|1.0|0.0|0.0|0.0|0.0|1.0|0.0|1.0|0.0|0.0|good
-0.20518146688049407|-0.27995464612828275|-0.1853448353574204|0.0|0.0|0.0|0.0|1.0|0.0|1.0|0.0|0.0|0.0|0.0|0.0|0.0|0.0|1.0|0.0|1.0|0.0|0.0|0.0|0.0|0.0|1.0|0.0|0.0|1.0|0.0|1.0|0.0|0.0|good
0.3844204494427645|-0.27995464612828275|-1.1418262104817232|0.0|0.0|1.0|0.0|0.0|0.0|0.0|1.0|0.0|0.0|0.0|0.0|0.0|0.0|1.0|0.0|0.0|0.0|1.0|0.0|1.0|0.0|0.0|0.0|0.0|0.0|1.0|1.0|0.0|0.0|good
-0.20518146688049407|-0.5963276391357375|3.1092021234040668|0.0|0.0|0.0|1.0|0.0|0.0|0.0|1.0|0.0|0.0|0.0|0.0|1.0|0.0|0.0|0.0|0.0|0.0|0.0|1.0|1.0|0.0|0.0|0.0|0.0|1.0|0.0|1.0|0.0|0.0|good
-0.7947833832037526|-0.8458470007499413|-0.1853448353574204|1.0|0.0|0.0|0.0|0.0|0.0|0.0|1.0|0.0|0.0|0.0|1.0|0.0|0.0|0.0|1.0|0.0|0.0|0.0|0.0|1.0|0.0|0.0|0.0|0.0|0.0|1.0|1.0|0.0|0.0|good
-0.7947833832037526|-0.6517013540271169|-0.1853448353574204|0.0|0.0|0.0|0.0|1.0|0.0|0.0|1.0|0.0|0.0|0.0|0.0|1.0|0.0|0.0|0.0|0.0|0.0|1.0|0.0|1.0|0.0|0.0|0.0|0.0|1.0|0.0|0.0|0.0|1.0|good
-0.7947833832037526|-0.27995464612828275|-0.5041719603988547|0.0|0.0|0.0|0.0|1.0|0.0|1.0|0.0|0.0|0.0|0.0|0.0|0.0|0.0|1.0|0.0|1.0|0.0|0.0|0.0|0.0|1.0|0.0|0.0|0.0|1.0|0.0|1.0|0.0|0.0|good
0.3844204494427645|-0.05136924989984431|-0.1853448353574204|0.0|1.0|0.0|0.0|0.0|0.0|0.0|1.0|0.0|0.0|0.0|0.0|0.0|0.0|1.0|0.0|0.0|0.0|0.0|1.0|1.0|0.0|0.0|0.0|0.0|1.0|0.0|0.0|1.0|0.0|good
-0.49998242504212337|0.5155360385308029|-0.5041719603988547|0.0|0.0|0.0|0.0|1.0|0.0|0.0|1.0|0.0|0.0|0.0|0.0|0.0|0.0|1.0|0.0|0.0|0.0|1.0|0.0|1.0|0.0|0.0|0.0|0.0|1.0|0.0|1.0|0.0|0.0|good
1.5636242820892816|-0.17460952999346327|-0.8229990854402889|0.0|0.0|0.0|0.0|1.0|0.0|0.0|1.0|0.0|0.0|0.0|0.0|0.0|0.0|1.0|0.0|1.0|0.0|0.0|0.0|0.0|1.0|0.0|1.0|0.0|0.0|0.0|0.0|0.0|1.0|good
-0.20518146688049407|2.644047615818951|-0.1853448353574204|0.0|0.0|0.0|0.0|1.0|0.0|0.0|1.0|0.0|0.0|0.0|0.0|0.0|0.0|1.0|0.0|1.0|0.0|0.0|0.0|0.0|0.0|1.0|0.0|0.0|1.0|0.0|1.0|0.0|0.0|bad
-0.20518146688049407|1.598699924942665|1.9401693315854747|0.0|0.0|1.0|0.0|0.0|0.0|0.0|0.0|0.0|1.0|0.0|1.0|0.0|0.0|0.0|0.0|0.0|0.0|1.0|0.0|1.0|0.0|0.0|0.0|1.0|0.0|0.0|0.0|0.0|1.0|bad
-0.20518146688049407|-0.5578361543941688|-0.1853448353574204|0.0|0.0|0.0|0.0|1.0|0.0|0.0|0.0|0.0|0.0|1.0|1.0|0.0|0.0|0.0|0.0|1.0|0.0|0.0|0.0|1.0|0.0|0.0|0.0|0.0|1.0|0.0|1.0|0.0|0.0|bad
0.3844204494427645|-0.27995464612828275|-0.1853448353574204|0.0|0.0|1.0|0.0|0.0|0.0|0.0|0.0|1.0|0.0|0.0|0.0|0.0|0.0|1.0|1.0|0.0|0.0|0.0|0.0|1.0|0.0|0.0|0.0|0.0|1.0|0.0|1.0|0.0|0.0|good
-0.20518146688049407|0.36460890099149423|-0.1853448353574204|0.0|0.0|0.0|0.0|1.0|0.0|1.0|0.0|0.0|0.0|0.0|1.0|0.0|0.0|0.0|0.0|0.0|0.0|1.0|0.0|1.0|0.0|0.0|0.0|0.0|1.0|0.0|1.0|0.0|0.0|bad
-0.20518146688049407|-0.27995464612828275|-0.1853448353574204|0.0|0.0|0.0|1.0|0.0|0.0|1.0|0.0|0.0|0.0|0.0|0.0|0.0|0.0|1.0|0.0|0.0|0.0|0.0|1.0|1.0|0.0|0.0|0.0|0.0|0.0|1.0|1.0|0.0|0.0|good
-0.20518146688049407|-0.27995464612828275|-0.1853448353574204|0.0|0.0|0.0|0.0|1.0|0.0|0.0|0.0|0.0|0.0|1.0|1.0|0.0|0.0|0.0|0.0|0.0|0.0|0.0|1.0|1.0|0.0|0.0|0.0|0.0|1.0|0.0|1.0|0.0|0.0|good
-0.20518146688049407|-0.7644746514278532|-1.0355505021345783|0.0|0.0|0.0|0.0|1.0|0.0|0.0|1.0|0.0|0.0|0.0|0.0|0.0|0.0|1.0|0.0|1.0|0.0|0.0|0.0|1.0|0.0|0.0|0.0|0.0|1.0|0.0|1.0|0.0|0.0|good
-1.5809192716347642|-0.5355516105964185|-0.1853448353574204|0.0|0.0|0.0|0.0|1.0|0.0|0.0|0.0|0.0|0.0|1.0|0.0|0.0|0.0|1.0|0.0|0.0|0.0|0.0|1.0|1.0|0.0|0.0|0.0|0.0|0.0|1.0|0.0|0.0|1.0|good
-0.20518146688049407|-0.4413487663604742|-0.1853448353574204|0.0|0.0|0.0|0.0|1.0|0.0|0.0|1.0|0.0|0.0|0.0|0.0|0.0|0.0|1.0|0.0|1.0|0.0|0.0|0.0|1.0|0.0|0.0|0.0|1.0|0.0|0.0|0.0|0.0|1.0|bad
-1.3843852995270112|3.8575423189873526|-1.248101918828868|0.0|0.0|0.0|1.0|0.0|0.0|0.0|1.0|0.0|0.0|0.0|0.0|0.0|0.0|1.0|0.0|1.0|0.0|0.0|0.0|1.0|0.0|0.0|0.0|0.0|1.0|0.0|1.0|0.0|0.0|bad
0.08961949128113521|-0.12261226113204596|-0.1853448353574204|0.0|0.0|0.0|0.0|1.0|0.0|0.0|0.0|0.0|1.0|0.0|1.0|0.0|0.0|0.0|0.0|0.0|0.0|1.0|0.0|0.0|1.0|0.0|0.0|0.0|0.0|1.0|1.0|0.0|0.0|bad
-0.7947833832037526|-0.6209756951544613|0.02720658133686908|0.0|0.0|0.0|0.0|1.0|0.0|0.0|1.0|0.0|0.0|0.0|0.0|1.0|0.0|0.0|0.0|0.0|0.0|1.0|0.0|0.0|1.0|0.0|0.0|0.0|1.0|0.0|1.0|0.0|0.0|good
0.9740223657660231|-0.20533518886611896|0.45230941472544806|0.0|0.0|0.0|0.0|1.0|0.0|0.0|0.0|0.0|1.0|0.0|0.0|0.0|0.0|1.0|0.0|0.0|1.0|0.0|0.0|1.0|0.0|0.0|1.0|0.0|0.0|0.0|0.0|1.0|0.0|good
-0.20518146688049407|-0.27995464612828275|-0.6104476687459994|0.0|0.0|0.0|1.0|0.0|0.0|0.0|0.0|0.0|1.0|0.0|0.0|1.0|0.0|0.0|0.0|0.0|0.0|1.0|0.0|1.0|0.0|0.0|0.0|0.0|1.0|0.0|1.0|0.0|0.0|bad
-0.20518146688049407|-0.5183317358436115|1.727617914891185|0.0|0.0|0.0|0.0|1.0|0.0|0.0|1.0|0.0|0.0|0.0|1.0|0.0|0.0|0.0|0.0|1.0|0.0|0.0|0.0|0.0|0.0|1.0|0.0|0.0|1.0|0.0|0.0|1.0|0.0|good
-0.20518146688049407|-0.27995464612828275|-1.1418262104817232|0.0|0.0|0.0|0.0|0.0|1.0|0.0|1.0|0.0|0.0|0.0|0.0|0.0|0.0|1.0|0.0|0.0|0.0|1.0|0.0|0.0|1.0|0.0|0.0|0.0|1.0|0.0|0.0|0.0|1.0|bad
-0.7947833832037526|-0.27995464612828275|-0.8229990854402889|0.0|0.0|0.0|0.0|1.0|0.0|0.0|1.0|0.0|0.0|0.0|0.0|1.0|0.0|0.0|0.0|1.0|0.0|0.0|0.0|1.0|0.0|0.0|0.0|0.0|1.0|0.0|1.0|0.0|0.0|good
-0.7947833832037526|0.10698606890538115|0.02720658133686908|0.0|0.0|0.0|0.0|1.0|0.0|0.0|1.0|0.0|0.0|0.0|0.0|1.0|0.0|0.0|0.0|0.0|0.0|0.0|1.0|1.0|0.0|0.0|0.0|0.0|0.0|1.0|0.0|0.0|1.0|good
0.3844204494427645|-0.27995464612828275|-1.0355505021345783|0.0|1.0|0.0|0.0|0.0|0.0|0.0|0.0|0.0|0.0|1.0|0.0|0.0|0.0|1.0|1.0|0.0|0.0|0.0|0.0|1.0|0.0|0.0|0.0|0.0|1.0|0.0|1.0|0.0|0.0|good
-0.20518146688049407|-0.27995464612828275|-0.1853448353574204|0.0|0.0|0.0|0.0|1.0|0.0|0.0|0.0|0.0|1.0|0.0|0.0|0.0|0.0|1.0|0.0|0.0|0.0|1.0|0.0|1.0|0.0|0.0|0.0|0.0|1.0|0.0|1.0|0.0|0.0|good
-0.20518146688049407|-0.27995464612828275|0.02720658133686908|0.0|0.0|0.0|1.0|0.0|0.0|0.0|1.0|0.0|0.0|0.0|1.0|0.0|0.0|0.0|0.0|0.0|0.0|1.0|0.0|1.0|0.0|0.0|1.0|0.0|0.0|0.0|1.0|0.0|0.0|good
-0.20518146688049407|-0.40690901685486014|-0.9292747937874336|0.0|0.0|0.0|0.0|1.0|0.0|0.0|1.0|0.0|0.0|0.0|0.0|0.0|0.0|1.0|0.0|0.0|0.0|0.0|1.0|1.0|0.0|0.0|1.0|0.0|0.0|0.0|0.0|0.0|1.0|good
-0.20518146688049407|-0.9106747645252149|-1.3543776271760126|0.0|0.0|0.0|0.0|1.0|0.0|0.0|1.0|0.0|0.0|0.0|1.0|0.0|0.0|0.0|0.0|0.0|0.0|1.0|0.0|1.0|0.0|0.0|0.0|0.0|1.0|0.0|1.0|0.0|0.0|bad
-0.20518146688049407|-0.27995464612828275|0.45230941472544806|0.0|0.0|0.0|1.0|0.0|0.0|0.0|0.0|0.0|0.0|1.0|1.0|0.0|0.0|0.0|0.0|0.0|0.0|1.0|0.0|0.0|1.0|0.0|0.0|0.0|0.0|1.0|1.0|0.0|0.0|good
-0.7947833832037526|-0.2968368762780936|-0.1853448353574204|0.0|0.0|1.0|0.0|0.0|0.0|1.0|0.0|0.0|0.0|0.0|0.0|1.0|0.0|0.0|0.0|1.0|0.0|0.0|0.0|1.0|0.0|0.0|0.0|0.0|0.0|1.0|1.0|0.0|0.0|good
0.9740223657660231|-0.33093898118071147|-1.1418262104817232|0.0|0.0|0.0|1.0|0.0|0.0|1.0|0.0|0.0|0.0|0.0|1.0|0.0|0.0|0.0|0.0|1.0|0.0|0.0|0.0|1.0|0.0|0.0|0.0|0.0|1.0|0.0|1.0|0.0|0.0|bad
0.3844204494427645|0.34468786941471746|0.02720658133686908|0.0|0.0|1.0|0.0|0.0|0.0|1.0|0.0|0.0|0.0|0.0|0.0|0.0|0.0|1.0|0.0|0.0|0.0|1.0|0.0|0.0|1.0|0.0|0.0|0.0|1.0|0.0|1.0|0.0|0.0|good
-1.089584341365382|-0.3714563335402574|-1.1418262104817232|0.0|0.0|1.0|0.0|0.0|0.0|1.0|0.0|0.0|0.0|0.0|0.0|0.0|0.0|1.0|0.0|0.0|0.0|0.0|1.0|1.0|0.0|0.0|1.0|0.0|0.0|0.0|0.0|0.0|1.0|good
-0.20518146688049407|1.4477727874033564|-0.8229990854402889|0.0|0.0|0.0|0.0|1.0|0.0|0.0|1.0|0.0|0.0|0.0|0.0|0.0|0.0|1.0|0.0|0.0|0.0|0.0|1.0|1.0|0.0|0.0|0.0|0.0|0.0|1.0|1.0|0.0|0.0|good
0.3844204494427645|-0.1506367631807319|0.02720658133686908|0.0|0.0|0.0|0.0|1.0|0.0|0.0|1.0|0.0|0.0|0.0|1.0|0.0|0.0|0.0|0.0|1.0|0.0|0.0|0.0|0.0|1.0|0.0|0.0|0.0|0.0|1.0|1.0|0.0|0.0|good
-0.7947833832037526|-0.33127662578370765|-0.6104476687459994|0.0|0.0|0.0|0.0|1.0|0.0|0.0|1.0|0.0|0.0|0.0|0.0|0.0|0.0|1.0|1.0|0.0|0.0|0.0|0.0|1.0|0.0|0.0|0.0|0.0|1.0|0.0|1.0|0.0|0.0|bad
-0.49998242504212337|0.23022634899900013|-1.248101918828868|0.0|0.0|0.0|0.0|0.0|1.0|0.0|0.0|1.0|0.0|0.0|1.0|0.0|0.0|0.0|0.0|0.0|0.0|1.0|0.0|1.0|0.0|0.0|0.0|0.0|1.0|0.0|1.0|0.0|0.0|good
-0.8930503692576292|-0.6672330057649429|2.3652721649740536|0.0|0.0|0.0|0.0|1.0|0.0|1.0|0.0|0.0|0.0|0.0|0.0|1.0|0.0|0.0|0.0|0.0|0.0|1.0|0.0|0.0|0.0|1.0|0.0|0.0|0.0|1.0|1.0|0.0|0.0|good
-0.20518146688049407|-0.4973977704578461|-0.8229990854402889|1.0|0.0|0.0|0.0|0.0|0.0|1.0|0.0|0.0|0.0|0.0|0.0|0.0|0.0|1.0|0.0|1.0|0.0|0.0|0.0|1.0|0.0|0.0|0.0|0.0|1.0|0.0|0.0|0.0|1.0|good
0.3844204494427645|-0.5156305790196418|2.152720748279764|0.0|0.0|0.0|0.0|1.0|0.0|1.0|0.0|0.0|0.0|0.0|0.0|1.0|0.0|0.0|0.0|0.0|0.0|1.0|0.0|1.0|0.0|0.0|0.0|0.0|1.0|0.0|1.0|0.0|0.0|good
-0.20518146688049407|-0.27995464612828275|0.13348228968401382|1.0|0.0|0.0|0.0|0.0|0.0|1.0|0.0|0.0|0.0|0.0|0.0|0.0|0.0|1.0|0.0|0.0|0.0|1.0|0.0|1.0|0.0|0.0|0.0|1.0|0.0|0.0|0.0|0.0|1.0|good
-0.7947833832037526|-0.12902750858897408|2.3652721649740536|0.0|0.0|0.0|0.0|1.0|0.0|0.0|0.0|0.0|1.0|0.0|1.0|0.0|0.0|0.0|0.0|0.0|0.0|1.0|0.0|1.0|0.0|0.0|0.0|0.0|0.0|1.0|0.0|0.0|1.0|good
-0.9913173553115056|-0.27995464612828275|-0.2916205437045652|0.0|0.0|0.0|1.0|0.0|0.0|1.0|0.0|0.0|0.0|0.0|0.0|0.0|0.0|1.0|0.0|0.0|0.0|1.0|0.0|1.0|0.0|0.0|0.0|0.0|0.0|1.0|0.0|0.0|1.0|good
-0.49998242504212337|-0.27995464612828275|0.23975799803115858|0.0|0.0|0.0|0.0|1.0|0.0|0.0|1.0|0.0|0.0|0.0|0.0|0.0|0.0|1.0|0.0|0.0|1.0|0.0|0.0|1.0|0.0|0.0|0.0|0.0|1.0|0.0|1.0|0.0|0.0|bad
1.5636242820892816|-0.27995464612828275|-0.1853448353574204|1.0|0.0|0.0|0.0|0.0|0.0|0.0|1.0|0.0|0.0|0.0|0.0|0.0|0.0|1.0|0.0|0.0|0.0|1.0|0.0|0.0|1.0|0.0|1.0|0.0|0.0|0.0|1.0|0.0|0.0|good
0.3844204494427645|-0.5392657012293769|-0.1853448353574204|0.0|0.0|0.0|0.0|1.0|0.0|0.0|0.0|1.0|0.0|0.0|0.0|1.0|0.0|0.0|0.0|0.0|1.0|0.0|0.0|1.0|0.0|0.0|1.0|0.0|0.0|0.0|1.0|0.0|0.0|good
-0.5982494110959998|1.974498368077454|1.0899636648083166|0.0|0.0|0.0|1.0|0.0|0.0|0.0|0.0|0.0|1.0|0.0|0.0|0.0|0.0|1.0|0.0|0.0|0.0|1.0|0.0|1.0|0.0|0.0|0.0|1.0|0.0|0.0|1.0|0.0|0.0|bad
0.3844204494427645|-0.27995464612828275|-1.0355505021345783|0.0|0.0|0.0|0.0|1.0|0.0|0.0|0.0|0.0|1.0|0.0|0.0|0.0|0.0|1.0|0.0|0.0|0.0|1.0|0.0|1.0|0.0|0.0|1.0|0.0|0.0|0.0|1.0|0.0|0.0|good
-0.20518146688049407|-0.27995464612828275|-0.1853448353574204|1.0|0.0|0.0|0.0|0.0|0.0|0.0|0.0|0.0|0.0|1.0|0.0|0.0|0.0|1.0|0.0|0.0|0.0|0.0|1.0|1.0|0.0|0.0|0.0|0.0|1.0|0.0|1.0|0.0|0.0|good
-0.7947833832037526|-0.5834971442218813|-0.1853448353574204|0.0|0.0|1.0|0.0|0.0|0.0|0.0|0.0|0.0|0.0|1.0|0.0|1.0|0.0|0.0|0.0|0.0|0.0|1.0|0.0|1.0|0.0|0.0|0.0|0.0|1.0|0.0|1.0|0.0|0.0|good
2.742828114735799|-0.27995464612828275|0.13348228968401382|0.0|0.0|0.0|0.0|1.0|0.0|0.0|1.0|0.0|0.0|0.0|0.0|0.0|0.0|1.0|0.0|0.0|0.0|1.0|0.0|1.0|0.0|0.0|0.0|1.0|0.0|0.0|1.0|0.0|0.0|good
2.742828114735799|-0.02368239245415457|-0.7167233770931442|0.0|0.0|0.0|0.0|1.0|0.0|1.0|0.0|0.0|0.0|0.0|0.0|0.0|0.0|1.0|0.0|0.0|0.0|1.0|0.0|0.0|1.0|0.0|0.0|0.0|1.0|0.0|1.0|0.0|0.0|bad
0.9740223657660231|2.9941850691260274|-0.1853448353574204|0.0|0.0|0.0|0.0|1.0|0.0|1.0|0.0|0.0|0.0|0.0|0.0|0.0|0.0|1.0|1.0|0.0|0.0|0.0|0.0|0.0|0.0|1.0|0.0|0.0|1.0|0.0|1.0|0.0|0.0|bad
-1.089584341365382|-0.1462473833417811|-0.2916205437045652|0.0|0.0|0.0|0.0|1.0|0.0|0.0|1.0|0.0|0.0|0.0|0.0|0.0|0.0|1.0|0.0|0.0|0.0|1.0|0.0|1.0|0.0|0.0|0.0|0.0|1.0|0.0|0.0|1.0|0.0|good
-0.20518146688049407|-0.2451772520196725|-0.9292747937874336|0.0|0.0|0.0|0.0|1.0|0.0|1.0|0.0|0.0|0.0|0.0|0.0|1.0|0.0|0.0|0.0|1.0|0.0|0.0|0.0|0.0|1.0|0.0|0.0|0.0|1.0|0.0|1.0|0.0|0.0|good
-0.7947833832037526|-0.6307673886413515|1.5150664981968955|0.0|0.0|1.0|0.0|0.0|0.0|0.0|0.0|0.0|1.0|0.0|0.0|0.0|0.0|1.0|0.0|0.0|0.0|0.0|1.0|0.0|0.0|1.0|0.0|0.0|1.0|0.0|1.0|0.0|0.0|good
-1.3843852995270112|-0.27995464612828275|-0.2916205437045652|0.0|0.0|1.0|0.0|0.0|0.0|0.0|0.0|1.0|0.0|0.0|0.0|1.0|0.0|0.0|0.0|0.0|0.0|1.0|0.0|1.0|0.0|0.0|0.0|0.0|1.0|0.0|1.0|0.0|0.0|bad
0.3844204494427645|-0.27995464612828275|-0.6104476687459994|1.0|0.0|0.0|0.0|0.0|0.0|0.0|1.0|0.0|0.0|0.0|0.0|0.0|0.0|1.0|0.0|0.0|0.0|1.0|0.0|1.0|0.0|0.0|0.0|0.0|1.0|0.0|1.0|0.0|0.0|good
-0.49998242504212337|-0.27995464612828275|-0.1853448353574204|0.0|0.0|0.0|0.0|0.0|1.0|0.0|0.0|0.0|1.0|0.0|0.0|0.0|0.0|1.0|0.0|0.0|0.0|1.0|0.0|0.0|1.0|0.0|1.0|0.0|0.0|0.0|1.0|0.0|0.0|good
-0.7947833832037526|-0.5254222725065321|1.6213422065440404|0.0|0.0|1.0|0.0|0.0|0.0|0.0|1.0|0.0|0.0|0.0|0.0|0.0|0.0|1.0|0.0|1.0|0.0|0.0|0.0|1.0|0.0|0.0|1.0|0.0|0.0|0.0|1.0|0.0|0.0|good
-0.20518146688049407|-0.568978426293044|-0.1853448353574204|0.0|0.0|0.0|0.0|1.0|0.0|0.0|0.0|0.0|0.0|1.0|0.0|0.0|0.0|1.0|0.0|0.0|0.0|1.0|0.0|1.0|0.0|0.0|0.0|0.0|0.0|1.0|0.0|0.0|1.0|good
-0.49998242504212337|-0.27995464612828275|3.002926415056922|0.0|0.0|1.0|0.0|0.0|0.0|0.0|1.0|0.0|0.0|0.0|0.0|0.0|0.0|1.0|0.0|0.0|0.0|1.0|0.0|1.0|0.0|0.0|0.0|0.0|1.0|0.0|0.0|0.0|1.0|good
0.3844204494427645|0.2525108927967504|-0.1853448353574204|1.0|0.0|0.0|0.0|0.0|0.0|0.0|0.0|1.0|0.0|0.0|0.0|0.0|0.0|1.0|0.0|0.0|0.0|0.0|1.0|1.0|0.0|0.0|0.0|0.0|1.0|0.0|1.0|0.0|0.0|good
-0.20518146688049407|2.563350555702855|0.02720658133686908|0.0|0.0|0.0|1.0|0.0|0.0|0.0|0.0|1.0|0.0|0.0|0.0|1.0|0.0|0.0|1.0|0.0|0.0|0.0|0.0|1.0|0.0|0.0|0.0|0.0|0.0|1.0|1.0|0.0|0.0|good
-0.20518146688049407|0.5597674815233072|-0.9292747937874336|1.0|0.0|0.0|0.0|0.0|0.0|0.0|0.0|0.0|0.0|1.0|0.0|0.0|0.0|1.0|0.0|0.0|1.0|0.0|0.0|1.0|0.0|0.0|0.0|0.0|1.0|0.0|0.0|1.0|0.0|good
-0.20518146688049407|1.503146502294736|-0.1853448353574204|0.0|0.0|0.0|0.0|1.0|0.0|0.0|1.0|0.0|0.0|0.0|0.0|0.0|0.0|1.0|0.0|0.0|0.0|1.0|0.0|0.0|0.0|1.0|0.0|1.0|0.0|0.0|1.0|0.0|0.0|good
-0.20518146688049407|-0.27995464612828275|1.5150664981968955|0.0|0.0|0.0|0.0|1.0|0.0|0.0|1.0|0.0|0.0|0.0|0.0|0.0|0.0|1.0|0.0|0.0|0.0|1.0|0.0|1.0|0.0|0.0|0.0|0.0|1.0|0.0|0.0|0.0|1.0|good
0.3844204494427645|-0.7111268041544511|-0.1853448353574204|0.0|0.0|0.0|0.0|1.0|0.0|0.0|0.0|1.0|0.0|0.0|0.0|0.0|0.0|1.0|0.0|0.0|0.0|1.0|0.0|1.0|0.0|0.0|1.0|0.0|0.0|0.0|1.0|0.0|0.0|bad
-0.7947833832037526|-0.6935692847986478|-0.1853448353574204|0.0|1.0|0.0|0.0|0.0|0.0|0.0|1.0|0.0|0.0|0.0|0.0|0.0|0.0|1.0|0.0|1.0|0.0|0.0|0.0|1.0|0.0|0.0|0.0|0.0|1.0|0.0|1.0|0.0|0.0|good
1.5636242820892816|2.116309101335865|-0.7167233770931442|0.0|0.0|0.0|0.0|0.0|1.0|0.0|0.0|1.0|0.0|0.0|0.0|0.0|1.0|0.0|0.0|0.0|0.0|1.0|0.0|1.0|0.0|0.0|0.0|1.0|0.0|0.0|1.0|0.0|0.0|bad
-0.20518146688049407|1.1104658290101361|0.9836879564611718|0.0|0.0|0.0|0.0|1.0|0.0|0.0|1.0|0.0|0.0|0.0|0.0|1.0|0.0|0.0|0.0|0.0|0.0|1.0|0.0|0.0|1.0|0.0|0.0|0.0|1.0|0.0|0.0|1.0|0.0|good
2.1532261984125403|-0.27995464612828275|2.258996456626909|0.0|0.0|0.0|0.0|0.0|1.0|0.0|0.0|0.0|1.0|0.0|0.0|0.0|0.0|1.0|0.0|0.0|0.0|1.0|0.0|0.0|0.0|1.0|1.0|0.0|0.0|0.0|0.0|0.0|1.0|good
2.742828114735799|-0.27995464612828275|1.1962393731554612|0.0|0.0|0.0|0.0|1.0|0.0|0.0|0.0|0.0|1.0|0.0|0.0|0.0|0.0|1.0|0.0|0.0|0.0|0.0|1.0|0.0|0.0|1.0|0.0|0.0|1.0|0.0|0.0|1.0|0.0|good
-0.20518146688049407|-0.27995464612828275|-0.9292747937874336|0.0|0.0|1.0|0.0|0.0|0.0|0.0|0.0|1.0|0.0|0.0|1.0|0.0|0.0|0.0|0.0|0.0|0.0|1.0|0.0|1.0|0.0|0.0|0.0|0.0|1.0|0.0|1.0|0.0|0.0|bad
-0.7947833832037526|0.5216136413847349|-1.566929043870302|1.0|0.0|0.0|0.0|0.0|0.0|0.0|0.0|1.0|0.0|0.0|0.0|0.0|0.0|1.0|0.0|0.0|0.0|1.0|0.0|1.0|0.0|0.0|0.0|0.0|1.0|0.0|1.0|0.0|0.0|good
-0.9913173553115056|-0.6223262735664461|1.0899636648083166|0.0|0.0|0.0|1.0|0.0|0.0|0.0|0.0|0.0|1.0|0.0|0.0|0.0|0.0|1.0|0.0|0.0|0.0|0.0|1.0|1.0|0.0|0.0|1.0|0.0|0.0|0.0|1.0|0.0|0.0|good
-0.20518146688049407|-0.20769870108709249|0.8774122481140271|1.0|0.0|0.0|0.0|0.0|0.0|0.0|1.0|0.0|0.0|0.0|1.0|0.0|0.0|0.0|0.0|0.0|0.0|1.0|0.0|0.0|0.0|1.0|0.0|0.0|1.0|0.0|1.0|0.0|0.0|good
0.08961949128113521|-0.27995464612828275|-0.2916205437045652|0.0|0.0|1.0|0.0|0.0|0.0|1.0|0.0|0.0|0.0|0.0|0.0|0.0|0.0|1.0|0.0|1.0|0.0|0.0|0.0|0.0|1.0|0.0|0.0|0.0|1.0|0.0|1.0|0.0|0.0|good
-1.3843852995270112|4.615554452713858|2.0464450399326193|0.0|0.0|0.0|1.0|0.0|0.0|1.0|0.0|0.0|0.0|0.0|0.0|1.0|0.0|0.0|0.0|0.0|0.0|1.0|0.0|1.0|0.0|0.0|1.0|0.0|0.0|0.0|1.0|0.0|0.0|good
-0.20518146688049407|0.2275251921750304|0.7711365397668823|0.0|0.0|0.0|0.0|1.0|0.0|0.0|1.0|0.0|0.0|0.0|0.0|1.0|0.0|0.0|1.0|0.0|0.0|0.0|0.0|1.0|0.0|0.0|0.0|0.0|1.0|0.0|1.0|0.0|0.0|bad
0.3844204494427645|-0.6030805311956619|0.23975799803115858|0.0|0.0|0.0|0.0|1.0|0.0|0.0|1.0|0.0|0.0|0.0|1.0|0.0|0.0|0.0|0.0|1.0|0.0|0.0|0.0|0.0|1.0|0.0|0.0|0.0|0.0|1.0|0.0|1.0|0.0|bad
-0.20518146688049407|-0.706399779712504|-0.1853448353574204|0.0|0.0|0.0|1.0|0.0|0.0|0.0|0.0|0.0|0.0|1.0|0.0|0.0|0.0|1.0|0.0|0.0|1.0|0.0|0.0|0.0|1.0|0.0|0.0|0.0|1.0|0.0|1.0|0.0|0.0|good
2.742828114735799|-0.27995464612828275|0.9836879564611718|0.0|0.0|0.0|1.0|0.0|0.0|0.0|1.0|0.0|0.0|0.0|1.0|0.0|0.0|0.0|0.0|0.0|0.0|0.0|1.0|1.0|0.0|0.0|1.0|0.0|0.0|0.0|1.0|0.0|0.0|bad
-1.3843852995270112|-0.5358892551994148|-0.1853448353574204|0.0|0.0|1.0|0.0|0.0|0.0|0.0|1.0|0.0|0.0|0.0|1.0|0.0|0.0|0.0|0.0|0.0|0.0|1.0|0.0|1.0|0.0|0.0|1.0|0.0|0.0|0.0|1.0|0.0|0.0|good
0.9740223657660231|-0.27995464612828275|-1.1418262104817232|0.0|0.0|0.0|0.0|1.0|0.0|0.0|0.0|0.0|0.0|1.0|0.0|1.0|0.0|0.0|0.0|0.0|0.0|1.0|0.0|0.0|0.0|1.0|0.0|0.0|0.0|1.0|1.0|0.0|0.0|good
-0.7947833832037526|-0.8114072512443273|-0.1853448353574204|0.0|0.0|0.0|0.0|1.0|0.0|1.0|0.0|0.0|0.0|0.0|0.0|0.0|0.0|1.0|0.0|0.0|1.0|0.0|0.0|1.0|0.0|0.0|1.0|0.0|0.0|0.0|0.0|0.0|1.0|bad
-0.20518146688049407|-0.6392085037162569|-1.1418262104817232|0.0|0.0|1.0|0.0|0.0|0.0|0.0|1.0|0.0|0.0|0.0|0.0|1.0|0.0|0.0|0.0|0.0|0.0|0.0|1.0|1.0|0.0|0.0|0.0|0.0|1.0|0.0|1.0|0.0|0.0|bad
-1.089584341365382|-0.9636849671956209|-1.3543776271760126|0.0|0.0|0.0|1.0|0.0|0.0|0.0|1.0|0.0|0.0|0.0|0.0|0.0|1.0|0.0|0.0|0.0|0.0|1.0|0.0|1.0|0.0|0.0|0.0|0.0|0.0|1.0|1.0|0.0|0.0|good
2.742828114735799|0.7599907311000635|-0.1853448353574204|0.0|0.0|0.0|0.0|1.0|0.0|0.0|1.0|0.0|0.0|0.0|1.0|0.0|0.0|0.0|0.0|0.0|0.0|1.0|0.0|1.0|0.0|0.0|0.0|0.0|1.0|0.0|1.0|0.0|0.0|good
0.3844204494427645|0.8038845294895717|-0.1853448353574204|1.0|0.0|0.0|0.0|0.0|0.0|0.0|1.0|0.0|0.0|0.0|0.0|0.0|0.0|1.0|0.0|0.0|0.0|0.0|1.0|0.0|0.0|1.0|0.0|0.0|1.0|0.0|1.0|0.0|0.0|good
-0.20518146688049407|0.20895473901023848|-0.9292747937874336|0.0|0.0|0.0|0.0|1.0|0.0|0.0|0.0|1.0|0.0|0.0|0.0|1.0|0.0|0.0|0.0|0.0|0.0|1.0|0.0|1.0|0.0|0.0|0.0|0.0|1.0|0.0|1.0|0.0|0.0|good
-0.7947833832037526|-0.8255883245701684|-1.0355505021345783|0.0|0.0|0.0|1.0|0.0|0.0|0.0|1.0|0.0|0.0|0.0|1.0|0.0|0.0|0.0|0.0|0.0|1.0|0.0|0.0|0.0|0.0|1.0|0.0|0.0|0.0|1.0|0.0|0.0|1.0|bad
7.852711389537374|-0.27995464612828275|-0.6104476687459994|0.0|0.0|0.0|1.0|0.0|0.0|0.0|0.0|1.0|0.0|0.0|0.0|0.0|0.0|1.0|0.0|1.0|0.0|0.0|0.0|1.0|0.0|0.0|1.0|0.0|0.0|0.0|0.0|1.0|0.0|good
1.5636242820892816|-0.27995464612828275|-0.3978962520517099|0.0|0.0|0.0|0.0|1.0|0.0|0.0|0.0|0.0|1.0|0.0|0.0|0.0|0.0|1.0|0.0|0.0|0.0|0.0|1.0|1.0|0.0|0.0|0.0|0.0|1.0|0.0|1.0|0.0|0.0|bad
-0.20518146688049407|-0.27995464612828275|0.34603370637830333|0.0|0.0|1.0|0.0|0.0|0.0|0.0|1.0|0.0|0.0|0.0|0.0|0.0|0.0|1.0|0.0|0.0|1.0|0.0|0.0|1.0|0.0|0.0|0.0|0.0|1.0|0.0|0.0|1.0|0.0|good
0.3844204494427645|0.4122167900139607|1.408790789849751|0.0|0.0|0.0|0.0|1.0|0.0|0.0|1.0|0.0|0.0|0.0|0.0|1.0|0.0|0.0|0.0|0.0|0.0|1.0|0.0|0.0|0.0|1.0|1.0|0.0|0.0|0.0|1.0|0.0|0.0|good
-0.7947833832037526|-0.8201860109222289|-0.2916205437045652|0.0|0.0|0.0|0.0|1.0|0.0|0.0|1.0|0.0|0.0|0.0|0.0|0.0|0.0|1.0|0.0|1.0|0.0|0.0|0.0|0.0|0.0|1.0|0.0|0.0|1.0|0.0|1.0|0.0|0.0|good
-0.49998242504212337|-0.27995464612828275|-0.1853448353574204|0.0|0.0|1.0|0.0|0.0|0.0|0.0|1.0|0.0|0.0|0.0|0.0|1.0|0.0|0.0|0.0|0.0|0.0|1.0|0.0|1.0|0.0|0.0|0.0|0.0|0.0|1.0|1.0|0.0|0.0|good
0.9740223657660231|0.37777704050834665|-0.7167233770931442|0.0|0.0|0.0|1.0|0.0|0.0|0.0|1.0|0.0|0.0|0.0|0.0|0.0|1.0|0.0|0.0|0.0|0.0|1.0|0.0|0.0|1.0|0.0|0.0|1.0|0.0|0.0|0.0|0.0|1.0|bad
0.3844204494427645|-0.4025196370159093|-0.2916205437045652|0.0|0.0|0.0|0.0|1.0|0.0|0.0|0.0|1.0|0.0|0.0|0.0|0.0|0.0|1.0|0.0|0.0|1.0|0.0|0.0|1.0|0.0|0.0|0.0|0.0|1.0|0.0|1.0|0.0|0.0|bad
0.3844204494427645|-0.27995464612828275|-0.1853448353574204|0.0|0.0|0.0|0.0|0.0|1.0|0.0|0.0|0.0|0.0|1.0|0.0|0.0|0.0|1.0|1.0|0.0|0.0|0.0|0.0|1.0|0.0|0.0|0.0|1.0|0.0|0.0|1.0|0.0|0.0|good
-0.20518146688049407|-0.15907787825563732|-0.7167233770931442|0.0|0.0|1.0|0.0|0.0|0.0|0.0|1.0|0.0|0.0|0.0|1.0|0.0|0.0|0.0|0.0|1.0|0.0|0.0|0.0|1.0|0.0|0.0|0.0|0.0|1.0|0.0|1.0|0.0|0.0|good
-0.20518146688049407|-0.7097762257424661|-0.1853448353574204|0.0|0.0|0.0|1.0|0.0|0.0|0.0|1.0|0.0|0.0|0.0|0.0|1.0|0.0|0.0|0.0|0.0|1.0|0.0|0.0|0.0|1.0|0.0|0.0|0.0|1.0|0.0|0.0|0.0|1.0|good
-1.1878513274192584|-0.27995464612828275|-0.1853448353574204|0.0|0.0|0.0|1.0|0.0|0.0|1.0|0.0|0.0|0.0|0.0|0.0|0.0|0.0|1.0|0.0|0.0|0.0|1.0|0.0|0.0|0.0|1.0|0.0|0.0|0.0|1.0|1.0|0.0|0.0|good
-0.7947833832037526|0.9018014643584744|1.5150664981968955|1.0|0.0|0.0|0.0|0.0|0.0|0.0|1.0|0.0|0.0|0.0|0.0|0.0|0.0|1.0|0.0|0.0|0.0|1.0|0.0|1.0|0.0|0.0|0.0|0.0|1.0|0.0|1.0|0.0|0.0|good
0.3844204494427645|-0.5419668580533467|-0.1853448353574204|0.0|0.0|0.0|1.0|0.0|0.0|0.0|0.0|0.0|0.0|1.0|1.0|0.0|0.0|0.0|0.0|0.0|1.0|0.0|0.0|0.0|0.0|1.0|0.0|0.0|1.0|0.0|1.0|0.0|0.0|good
1.5636242820892816|-0.27995464612828275|-0.3978962520517099|0.0|0.0|0.0|0.0|1.0|0.0|0.0|0.0|0.0|1.0|0.0|0.0|0.0|0.0|1.0|0.0|1.0|0.0|0.0|0.0|1.0|0.0|0.0|0.0|0.0|1.0|0.0|1.0|0.0|0.0|good
-0.20518146688049407|-0.6962704416226175|-0.7167233770931442|0.0|0.0|0.0|0.0|1.0|0.0|0.0|0.0|0.0|1.0|0.0|0.0|0.0|0.0|1.0|0.0|0.0|0.0|1.0|0.0|1.0|0.0|0.0|0.0|0.0|1.0|0.0|0.0|0.0|1.0|good
-0.20518146688049407|1.1766441711973945|4.278234915222659|0.0|0.0|0.0|0.0|0.0|1.0|0.0|1.0|0.0|0.0|0.0|0.0|0.0|0.0|1.0|0.0|0.0|0.0|1.0|0.0|1.0|0.0|0.0|0.0|0.0|1.0|0.0|1.0|0.0|0.0|good
-0.20518146688049407|-0.4275053376376293|-0.5041719603988547|0.0|0.0|0.0|0.0|1.0|0.0|0.0|1.0|0.0|0.0|0.0|0.0|1.0|0.0|0.0|0.0|1.0|0.0|0.0|0.0|0.0|1.0|0.0|0.0|0.0|1.0|0.0|0.0|0.0|1.0|bad
3.922031947382316|1.4443963413733942|-1.1418262104817232|1.0|0.0|0.0|0.0|0.0|0.0|0.0|0.0|1.0|0.0|0.0|0.0|1.0|0.0|0.0|0.0|1.0|0.0|0.0|0.0|1.0|0.0|0.0|0.0|1.0|0.0|0.0|1.0|0.0|0.0|bad
-0.20518146688049407|2.856426071103571|-0.1853448353574204|1.0|0.0|0.0|0.0|0.0|0.0|0.0|1.0|0.0|0.0|0.0|0.0|1.0|0.0|0.0|0.0|0.0|0.0|1.0|0.0|0.0|1.0|0.0|0.0|0.0|0.0|1.0|1.0|0.0|0.0|bad
0.3844204494427645|-0.27995464612828275|-0.1853448353574204|0.0|0.0|1.0|0.0|0.0|0.0|0.0|0.0|0.0|1.0|0.0|0.0|0.0|0.0|1.0|0.0|0.0|0.0|1.0|0.0|0.0|1.0|0.0|0.0|0.0|1.0|0.0|0.0|1.0|0.0|bad
-0.20518146688049407|-0.27995464612828275|0.9836879564611718|0.0|0.0|1.0|0.0|0.0|0.0|0.0|1.0|0.0|0.0|0.0|1.0|0.0|0.0|0.0|0.0|0.0|0.0|1.0|0.0|1.0|0.0|0.0|0.0|1.0|0.0|0.0|1.0|0.0|0.0|bad
-0.20518146688049407|-0.27995464612828275|-1.248101918828868|1.0|0.0|0.0|0.0|0.0|0.0|0.0|0.0|1.0|0.0|0.0|0.0|1.0|0.0|0.0|0.0|0.0|0.0|1.0|0.0|1.0|0.0|0.0|0.0|0.0|0.0|1.0|1.0|0.0|0.0|good
-0.49998242504212337|-0.27995464612828275|-1.1418262104817232|0.0|0.0|0.0|0.0|1.0|0.0|0.0|1.0|0.0|0.0|0.0|0.0|0.0|0.0|1.0|0.0|1.0|0.0|0.0|0.0|0.0|0.0|1.0|0.0|0.0|1.0|0.0|1.0|0.0|0.0|bad
0.3844204494427645|0.35076547226864935|-0.7167233770931442|0.0|0.0|1.0|0.0|0.0|0.0|0.0|1.0|0.0|0.0|0.0|0.0|0.0|0.0|1.0|0.0|0.0|0.0|1.0|0.0|1.0|0.0|0.0|0.0|0.0|1.0|0.0|1.0|0.0|0.0|good
-0.20518146688049407|-0.5433174364653315|-0.3978962520517099|0.0|0.0|0.0|0.0|1.0|0.0|0.0|1.0|0.0|0.0|0.0|1.0|0.0|0.0|0.0|0.0|1.0|0.0|0.0|0.0|1.0|0.0|0.0|0.0|0.0|0.0|1.0|0.0|0.0|1.0|good
0.3844204494427645|0.8822180773846938|-1.1418262104817232|0.0|0.0|0.0|0.0|1.0|0.0|0.0|0.0|1.0|0.0|0.0|1.0|0.0|0.0|0.0|0.0|0.0|0.0|1.0|0.0|1.0|0.0|0.0|0.0|0.0|1.0|0.0|1.0|0.0|0.0|good
-0.20518146688049407|0.15830804856080605|-0.9292747937874336|0.0|0.0|1.0|0.0|0.0|0.0|0.0|0.0|0.0|0.0|1.0|0.0|1.0|0.0|0.0|0.0|0.0|0.0|0.0|1.0|0.0|0.0|1.0|0.0|0.0|0.0|1.0|1.0|0.0|0.0|good
-0.20518146688049407|0.02797723180426653|-1.0355505021345783|1.0|0.0|0.0|0.0|0.0|0.0|0.0|1.0|0.0|0.0|0.0|0.0|0.0|0.0|1.0|0.0|0.0|0.0|1.0|0.0|1.0|0.0|0.0|0.0|0.0|1.0|0.0|1.0|0.0|0.0|good
-0.20518146688049407|0.4419295150776278|-0.1853448353574204|0.0|1.0|0.0|0.0|0.0|0.0|0.0|0.0|0.0|1.0|0.0|1.0|0.0|0.0|0.0|1.0|0.0|0.0|0.0|0.0|1.0|0.0|0.0|0.0|1.0|0.0|0.0|0.0|0.0|1.0|good
-0.20518146688049407|0.27648365960948174|-0.1853448353574204|0.0|0.0|0.0|0.0|1.0|0.0|0.0|0.0|1.0|0.0|0.0|0.0|0.0|0.0|1.0|1.0|0.0|0.0|0.0|0.0|1.0|0.0|0.0|0.0|0.0|1.0|0.0|0.0|1.0|0.0|good
-0.20518146688049407|-0.5642514018510969|0.8774122481140271|0.0|0.0|0.0|0.0|1.0|0.0|0.0|1.0|0.0|0.0|0.0|0.0|1.0|0.0|0.0|0.0|1.0|0.0|0.0|0.0|0.0|0.0|1.0|0.0|0.0|0.0|1.0|0.0|0.0|1.0|good
-0.6965163971498762|-0.7590723377799138|-1.248101918828868|0.0|0.0|0.0|0.0|1.0|0.0|1.0|0.0|0.0|0.0|0.0|0.0|0.0|0.0|1.0|0.0|0.0|0.0|1.0|0.0|0.0|1.0|0.0|1.0|0.0|0.0|0.0|1.0|0.0|0.0|good
-0.20518146688049407|-0.27995464612828275|-0.1853448353574204|0.0|0.0|0.0|0.0|1.0|0.0|0.0|1.0|0.0|0.0|0.0|0.0|0.0|0.0|1.0|0.0|0.0|0.0|1.0|0.0|1.0|0.0|0.0|0.0|0.0|1.0|0.0|1.0|0.0|0.0|good
-1.3843852995270112|-0.27995464612828275|-0.07906912701027567|0.0|1.0|0.0|0.0|0.0|0.0|0.0|1.0|0.0|0.0|0.0|0.0|0.0|0.0|1.0|0.0|0.0|0.0|1.0|0.0|1.0|0.0|0.0|0.0|0.0|1.0|0.0|1.0|0.0|0.0|good
-0.20518146688049407|-0.6733106086188748|-0.1853448353574204|0.0|0.0|0.0|0.0|1.0|0.0|0.0|0.0|0.0|1.0|0.0|0.0|0.0|0.0|1.0|0.0|0.0|1.0|0.0|0.0|0.0|1.0|0.0|0.0|0.0|1.0|0.0|1.0|0.0|0.0|bad
-0.20518146688049407|-0.6395461483192532|-1.248101918828868|1.0|0.0|0.0|0.0|0.0|0.0|0.0|0.0|1.0|0.0|0.0|0.0|1.0|0.0|0.0|0.0|0.0|0.0|0.0|1.0|1.0|0.0|0.0|0.0|0.0|1.0|0.0|1.0|0.0|0.0|good
-1.089584341365382|-0.7330737033492051|-0.1853448353574204|0.0|0.0|1.0|0.0|0.0|0.0|0.0|1.0|0.0|0.0|0.0|0.0|0.0|0.0|1.0|0.0|1.0|0.0|0.0|0.0|1.0|0.0|0.0|0.0|0.0|1.0|0.0|1.0|0.0|0.0|bad
-0.20518146688049407|0.03337954545220599|0.34603370637830333|0.0|0.0|0.0|0.0|0.0|1.0|1.0|0.0|0.0|0.0|0.0|0.0|0.0|0.0|1.0|0.0|0.0|0.0|1.0|0.0|1.0|0.0|0.0|0.0|1.0|0.0|0.0|1.0|0.0|0.0|good
-0.20518146688049407|1.0361840163509686|-0.7167233770931442|0.0|0.0|0.0|0.0|1.0|0.0|1.0|0.0|0.0|0.0|0.0|0.0|0.0|0.0|1.0|0.0|1.0|0.0|0.0|0.0|0.0|1.0|0.0|0.0|0.0|1.0|0.0|1.0|0.0|0.0|bad
-0.9913173553115056|-0.27995464612828275|1.1962393731554612|0.0|0.0|0.0|0.0|1.0|0.0|0.0|0.0|0.0|1.0|0.0|0.0|0.0|0.0|1.0|0.0|0.0|0.0|1.0|0.0|1.0|0.0|0.0|0.0|0.0|1.0|0.0|1.0|0.0|0.0|good
-0.20518146688049407|-0.636169702289291|-0.1853448353574204|1.0|0.0|0.0|0.0|0.0|0.0|0.0|0.0|1.0|0.0|0.0|0.0|0.0|0.0|1.0|0.0|0.0|0.0|1.0|0.0|1.0|0.0|0.0|0.0|0.0|0.0|1.0|1.0|0.0|0.0|bad
-0.7947833832037526|-0.26982530803839627|1.5150664981968955|1.0|0.0|0.0|0.0|0.0|0.0|0.0|0.0|0.0|1.0|0.0|0.0|0.0|0.0|1.0|0.0|0.0|0.0|1.0|0.0|1.0|0.0|0.0|0.0|0.0|1.0|0.0|1.0|0.0|0.0|good
-0.20518146688049407|0.45003298554953697|-0.9292747937874336|0.0|0.0|0.0|0.0|1.0|0.0|1.0|0.0|0.0|0.0|0.0|0.0|0.0|0.0|1.0|0.0|0.0|0.0|0.0|1.0|0.0|1.0|0.0|0.0|0.0|1.0|0.0|1.0|0.0|0.0|bad
-0.7947833832037526|-0.27995464612828275|-0.7167233770931442|0.0|0.0|0.0|0.0|1.0|0.0|0.0|1.0|0.0|0.0|0.0|0.0|0.0|0.0|1.0|0.0|0.0|0.0|0.0|1.0|1.0|0.0|0.0|1.0|0.0|0.0|0.0|1.0|0.0|0.0|good
-0.20518146688049407|-0.27995464612828275|-0.1853448353574204|1.0|0.0|0.0|0.0|0.0|0.0|0.0|0.0|0.0|0.0|1.0|1.0|0.0|0.0|0.0|0.0|0.0|0.0|1.0|0.0|1.0|0.0|0.0|0.0|0.0|1.0|0.0|1.0|0.0|0.0|bad
-0.20518146688049407|-0.6385332145102646|2.7903749983626325|1.0|0.0|0.0|0.0|0.0|0.0|0.0|1.0|0.0|0.0|0.0|0.0|0.0|0.0|1.0|0.0|0.0|0.0|1.0|0.0|1.0|0.0|0.0|0.0|0.0|1.0|0.0|0.0|0.0|1.0|good
-0.7947833832037526|-0.27995464612828275|-0.1853448353574204|0.0|0.0|0.0|0.0|1.0|0.0|0.0|1.0|0.0|0.0|0.0|0.0|0.0|0.0|1.0|0.0|0.0|0.0|1.0|0.0|0.0|0.0|1.0|0.0|1.0|0.0|0.0|1.0|0.0|0.0|good
-0.7947833832037526|-0.29818745469007846|-0.1853448353574204|0.0|0.0|0.0|1.0|0.0|0.0|1.0|0.0|0.0|0.0|0.0|0.0|0.0|0.0|1.0|0.0|1.0|0.0|0.0|0.0|0.0|1.0|0.0|0.0|0.0|1.0|0.0|0.0|0.0|1.0|good
-0.20518146688049407|-0.27995464612828275|-1.4606533355231575|0.0|0.0|1.0|0.0|0.0|0.0|0.0|1.0|0.0|0.0|0.0|0.0|0.0|1.0|0.0|0.0|0.0|0.0|0.0|1.0|0.0|0.0|1.0|0.0|0.0|1.0|0.0|1.0|0.0|0.0|good
-0.20518146688049407|-0.22187977441293355|-0.1853448353574204|0.0|0.0|1.0|0.0|0.0|0.0|0.0|1.0|0.0|0.0|0.0|1.0|0.0|0.0|0.0|0.0|0.0|0.0|0.0|1.0|1.0|0.0|0.0|0.0|0.0|1.0|0.0|1.0|0.0|0.0|bad
-0.7947833832037526|-0.536226899802411|-0.1853448353574204|0.0|1.0|0.0|0.0|0.0|0.0|1.0|0.0|0.0|0.0|0.0|0.0|0.0|0.0|1.0|0.0|0.0|0.0|1.0|0.0|1.0|0.0|0.0|0.0|0.0|1.0|0.0|1.0|0.0|0.0|good
-0.20518146688049407|0.24305684391285634|-0.1853448353574204|0.0|0.0|0.0|0.0|0.0|1.0|0.0|0.0|0.0|0.0|1.0|0.0|0.0|0.0|1.0|1.0|0.0|0.0|0.0|0.0|0.0|1.0|0.0|0.0|0.0|1.0|0.0|0.0|0.0|1.0|good
-0.20518146688049407|-0.27995464612828275|-1.3543776271760126|0.0|0.0|0.0|0.0|1.0|0.0|0.0|0.0|1.0|0.0|0.0|0.0|1.0|0.0|0.0|0.0|0.0|0.0|1.0|0.0|1.0|0.0|0.0|0.0|0.0|1.0|0.0|1.0|0.0|0.0|good
1.5636242820892816|-0.27995464612828275|-0.1853448353574204|0.0|0.0|0.0|0.0|1.0|0.0|0.0|0.0|0.0|1.0|0.0|0.0|0.0|0.0|1.0|0.0|1.0|0.0|0.0|0.0|0.0|0.0|1.0|1.0|0.0|0.0|0.0|0.0|1.0|0.0|bad
-0.20518146688049407|-0.043603424030931336|0.5585851230725928|0.0|0.0|1.0|0.0|0.0|0.0|1.0|0.0|0.0|0.0|0.0|0.0|0.0|0.0|1.0|0.0|0.0|0.0|1.0|0.0|1.0|0.0|0.0|0.0|0.0|1.0|0.0|0.0|0.0|1.0|good
1.5636242820892816|-0.27995464612828275|0.13348228968401382|0.0|0.0|0.0|1.0|0.0|0.0|0.0|1.0|0.0|0.0|0.0|0.0|0.0|0.0|1.0|0.0|0.0|0.0|1.0|0.0|1.0|0.0|0.0|0.0|0.0|1.0|0.0|1.0|0.0|0.0|good
-0.20518146688049407|-0.27995464612828275|-0.1853448353574204|1.0|0.0|0.0|0.0|0.0|0.0|0.0|0.0|0.0|1.0|0.0|0.0|0.0|0.0|1.0|0.0|0.0|0.0|1.0|0.0|0.0|1.0|0.0|0.0|0.0|1.0|0.0|1.0|0.0|0.0|good
-0.9913173553115056|-0.3322895595926963|-0.1853448353574204|0.0|0.0|1.0|0.0|0.0|0.0|0.0|0.0|1.0|0.0|0.0|0.0|1.0|0.0|0.0|0.0|0.0|0.0|0.0|1.0|0.0|1.0|0.0|1.0|0.0|0.0|0.0|1.0|0.0|0.0|good
3.922031947382316|3.5877642811933756|-0.1853448353574204|1.0|0.0|0.0|0.0|0.0|0.0|0.0|0.0|0.0|1.0|0.0|1.0|0.0|0.0|0.0|0.0|0.0|0.0|1.0|0.0|1.0|0.0|0.0|0.0|1.0|0.0|0.0|1.0|0.0|0.0|good
3.922031947382316|3.9341876438674936|-0.1853448353574204|0.0|0.0|0.0|0.0|1.0|0.0|0.0|0.0|0.0|1.0|0.0|0.0|1.0|0.0|0.0|0.0|0.0|0.0|1.0|0.0|1.0|0.0|0.0|1.0|0.0|0.0|0.0|1.0|0.0|0.0|bad
-0.20518146688049407|-0.27995464612828275|-0.1853448353574204|0.0|0.0|0.0|0.0|1.0|0.0|0.0|0.0|0.0|0.0|1.0|0.0|1.0|0.0|0.0|0.0|0.0|0.0|1.0|0.0|1.0|0.0|0.0|0.0|0.0|1.0|0.0|0.0|0.0|1.0|bad
-0.20518146688049407|-0.2735393986713547|-0.07906912701027567|0.0|0.0|0.0|0.0|1.0|0.0|1.0|0.0|0.0|0.0|0.0|0.0|0.0|0.0|1.0|0.0|0.0|1.0|0.0|0.0|1.0|0.0|0.0|1.0|0.0|0.0|0.0|0.0|0.0|1.0|good
-1.2861183134731349|-0.7712275434877776|0.13348228968401382|0.0|0.0|0.0|0.0|1.0|0.0|0.0|0.0|0.0|1.0|0.0|0.0|0.0|0.0|1.0|0.0|0.0|0.0|1.0|0.0|1.0|0.0|0.0|1.0|0.0|0.0|0.0|1.0|0.0|0.0|good
1.5636242820892816|-0.27995464612828275|2.3652721649740536|0.0|0.0|0.0|0.0|1.0|0.0|1.0|0.0|0.0|0.0|0.0|0.0|0.0|0.0|1.0|0.0|0.0|0.0|1.0|0.0|1.0|0.0|0.0|1.0|0.0|0.0|0.0|1.0|0.0|0.0|bad
-0.20518146688049407|-0.27995464612828275|1.8338936232383298|0.0|0.0|0.0|1.0|0.0|0.0|0.0|1.0|0.0|0.0|0.0|0.0|1.0|0.0|0.0|0.0|0.0|0.0|1.0|0.0|1.0|0.0|0.0|0.0|0.0|0.0|1.0|1.0|0.0|0.0|good
-0.20518146688049407|-0.27995464612828275|0.45230941472544806|0.0|0.0|1.0|0.0|0.0|0.0|0.0|0.0|0.0|0.0|1.0|0.0|0.0|0.0|1.0|0.0|0.0|0.0|1.0|0.0|1.0|0.0|0.0|0.0|0.0|1.0|0.0|1.0|0.0|0.0|good
-0.20518146688049407|3.3244014908563266|-0.1853448353574204|0.0|0.0|0.0|0.0|1.0|0.0|0.0|1.0|0.0|0.0|0.0|0.0|1.0|0.0|0.0|0.0|0.0|0.0|0.0|1.0|1.0|0.0|0.0|0.0|1.0|0.0|0.0|1.0|0.0|0.0|bad
-0.20518146688049407|-0.27995464612828275|-1.0355505021345783|0.0|0.0|0.0|1.0|0.0|0.0|0.0|0.0|0.0|0.0|1.0|0.0|1.0|0.0|0.0|0.0|0.0|0.0|0.0|1.0|1.0|0.0|0.0|0.0|0.0|1.0|0.0|1.0|0.0|0.0|good
-0.20518146688049407|-0.6078075556376088|-0.9292747937874336|0.0|0.0|0.0|0.0|1.0|0.0|0.0|0.0|1.0|0.0|0.0|0.0|0.0|0.0|1.0|1.0|0.0|0.0|0.0|0.0|1.0|0.0|0.0|0.0|0.0|1.0|0.0|1.0|0.0|0.0|good
0.9740223657660231|-0.27995464612828275|-0.9292747937874336|1.0|0.0|0.0|0.0|0.0|0.0|0.0|1.0|0.0|0.0|0.0|0.0|0.0|0.0|1.0|0.0|1.0|0.0|0.0|0.0|0.0|1.0|0.0|0.0|0.0|1.0|0.0|1.0|0.0|0.0|good
-0.20518146688049407|-0.27995464612828275|-0.1853448353574204|1.0|0.0|0.0|0.0|0.0|0.0|0.0|1.0|0.0|0.0|0.0|0.0|0.0|0.0|1.0|1.0|0.0|0.0|0.0|0.0|0.0|1.0|0.0|0.0|0.0|1.0|0.0|1.0|0.0|0.0|good
-0.20518146688049407|-0.27995464612828275|-1.4606533355231575|0.0|0.0|0.0|0.0|1.0|0.0|0.0|0.0|1.0|0.0|0.0|1.0|0.0|0.0|0.0|0.0|1.0|0.0|0.0|0.0|1.0|0.0|0.0|0.0|0.0|1.0|0.0|1.0|0.0|0.0|good
-0.20518146688049407|-0.27995464612828275|0.5585851230725928|0.0|0.0|1.0|0.0|0.0|0.0|1.0|0.0|0.0|0.0|0.0|0.0|0.0|0.0|1.0|0.0|0.0|0.0|1.0|0.0|1.0|0.0|0.0|0.0|1.0|0.0|0.0|1.0|0.0|0.0|good
-0.49998242504212337|-0.27995464612828275|-0.1853448353574204|1.0|0.0|0.0|0.0|0.0|0.0|0.0|1.0|0.0|0.0|0.0|0.0|0.0|0.0|1.0|0.0|0.0|0.0|1.0|0.0|1.0|0.0|0.0|0.0|0.0|1.0|0.0|1.0|0.0|0.0|good
-1.089584341365382|-0.5676278478810591|-0.1853448353574204|0.0|1.0|0.0|0.0|0.0|0.0|0.0|0.0|0.0|0.0|1.0|0.0|1.0|0.0|0.0|0.0|1.0|0.0|0.0|0.0|0.0|1.0|0.0|0.0|0.0|1.0|0.0|1.0|0.0|0.0|good
-0.20518146688049407|-0.44236170016946286|-0.5041719603988547|0.0|0.0|0.0|0.0|1.0|0.0|0.0|1.0|0.0|0.0|0.0|0.0|0.0|1.0|0.0|0.0|0.0|0.0|0.0|1.0|0.0|0.0|1.0|0.0|1.0|0.0|0.0|1.0|0.0|0.0|good
-0.20518146688049407|-0.7249702328772959|-1.673204752217447|0.0|0.0|1.0|0.0|0.0|0.0|0.0|0.0|1.0|0.0|0.0|0.0|1.0|0.0|0.0|0.0|0.0|0.0|1.0|0.0|1.0|0.0|0.0|0.0|0.0|0.0|1.0|1.0|0.0|0.0|good
-0.20518146688049407|-0.27995464612828275|0.45230941472544806|0.0|0.0|0.0|0.0|1.0|0.0|1.0|0.0|0.0|0.0|0.0|0.0|0.0|0.0|1.0|0.0|0.0|0.0|1.0|0.0|1.0|0.0|0.0|0.0|1.0|0.0|0.0|0.0|1.0|0.0|good
-0.20518146688049407|-0.27995464612828275|-0.1853448353574204|0.0|0.0|0.0|0.0|1.0|0.0|0.0|0.0|0.0|0.0|1.0|0.0|1.0|0.0|0.0|0.0|0.0|0.0|1.0|0.0|1.0|0.0|0.0|0.0|0.0|1.0|0.0|1.0|0.0|0.0|good
-1.089584341365382|-0.24450196281368006|-0.3978962520517099|0.0|0.0|1.0|0.0|0.0|0.0|0.0|1.0|0.0|0.0|0.0|0.0|0.0|0.0|1.0|0.0|0.0|1.0|0.0|0.0|0.0|0.0|1.0|0.0|1.0|0.0|0.0|1.0|0.0|0.0|good
1.858425240250911|2.913825653612928|-0.2916205437045652|0.0|0.0|0.0|0.0|1.0|0.0|0.0|0.0|0.0|0.0|1.0|0.0|0.0|0.0|1.0|0.0|0.0|1.0|0.0|0.0|1.0|0.0|0.0|0.0|0.0|1.0|0.0|1.0|0.0|0.0|good
-0.7947833832037526|-0.18642709109833086|-0.1853448353574204|0.0|0.0|0.0|0.0|1.0|0.0|0.0|1.0|0.0|0.0|0.0|1.0|0.0|0.0|0.0|0.0|0.0|0.0|1.0|0.0|1.0|0.0|0.0|0.0|1.0|0.0|0.0|1.0|0.0|0.0|good
-0.20518146688049407|-0.2640853497874606|-0.1853448353574204|1.0|0.0|0.0|0.0|0.0|0.0|0.0|1.0|0.0|0.0|0.0|0.0|0.0|1.0|0.0|0.0|0.0|0.0|0.0|1.0|1.0|0.0|0.0|0.0|0.0|1.0|0.0|1.0|0.0|0.0|good
-0.20518146688049407|-0.643935528158204|1.1962393731554612|1.0|0.0|0.0|0.0|0.0|0.0|0.0|1.0|0.0|0.0|0.0|1.0|0.0|0.0|0.0|1.0|0.0|0.0|0.0|0.0|0.0|1.0|0.0|1.0|0.0|0.0|0.0|1.0|0.0|0.0|bad
0.3844204494427645|-0.27995464612828275|0.8774122481140271|1.0|0.0|0.0|0.0|0.0|0.0|0.0|1.0|0.0|0.0|0.0|0.0|1.0|0.0|0.0|1.0|0.0|0.0|0.0|0.0|0.0|1.0|0.0|0.0|0.0|0.0|1.0|1.0|0.0|0.0|good
-0.20518146688049407|-0.55952437740915|0.45230941472544806|1.0|0.0|0.0|0.0|0.0|0.0|0.0|0.0|1.0|0.0|0.0|1.0|0.0|0.0|0.0|0.0|0.0|0.0|1.0|0.0|1.0|0.0|0.0|0.0|0.0|1.0|0.0|1.0|0.0|0.0|good
-0.20518146688049407|-0.27995464612828275|-0.7167233770931442|0.0|1.0|0.0|0.0|0.0|0.0|1.0|0.0|0.0|0.0|0.0|0.0|0.0|1.0|0.0|0.0|0.0|0.0|0.0|1.0|0.0|1.0|0.0|0.0|0.0|1.0|0.0|0.0|0.0|1.0|good
0.3844204494427645|-0.27995464612828275|-0.8229990854402889|0.0|0.0|0.0|0.0|1.0|0.0|0.0|0.0|1.0|0.0|0.0|0.0|0.0|0.0|1.0|0.0|1.0|0.0|0.0|0.0|0.0|1.0|0.0|0.0|0.0|1.0|0.0|1.0|0.0|0.0|bad
-0.5982494110959998|-0.7860839060196111|-0.8229990854402889|0.0|0.0|0.0|1.0|0.0|0.0|0.0|1.0|0.0|0.0|0.0|0.0|0.0|0.0|1.0|0.0|0.0|0.0|1.0|0.0|0.0|1.0|0.0|0.0|0.0|0.0|1.0|1.0|0.0|0.0|good
-0.20518146688049407|-0.27995464612828275|-0.1853448353574204|0.0|0.0|0.0|1.0|0.0|0.0|0.0|0.0|0.0|1.0|0.0|0.0|0.0|0.0|1.0|0.0|0.0|0.0|1.0|0.0|0.0|0.0|1.0|0.0|0.0|1.0|0.0|0.0|1.0|0.0|good
-0.20518146688049407|-0.3684175321132915|-1.3543776271760126|1.0|0.0|0.0|0.0|0.0|0.0|0.0|1.0|0.0|0.0|0.0|0.0|0.0|0.0|1.0|0.0|0.0|0.0|0.0|1.0|0.0|0.0|1.0|1.0|0.0|0.0|0.0|1.0|0.0|0.0|bad
0.3844204494427645|-0.3150696848398893|0.8774122481140271|0.0|0.0|0.0|0.0|1.0|0.0|0.0|0.0|0.0|0.0|1.0|0.0|0.0|0.0|1.0|0.0|0.0|0.0|0.0|1.0|0.0|0.0|1.0|0.0|0.0|1.0|0.0|0.0|1.0|0.0|good
-0.49998242504212337|-0.7013351106675607|-0.1853448353574204|1.0|0.0|0.0|0.0|0.0|0.0|0.0|1.0|0.0|0.0|0.0|0.0|0.0|1.0|0.0|0.0|1.0|0.0|0.0|0.0|1.0|0.0|0.0|0.0|0.0|1.0|0.0|1.0|0.0|0.0|good
-0.20518146688049407|-0.27995464612828275|-0.9292747937874336|0.0|0.0|0.0|0.0|1.0|0.0|0.0|0.0|0.0|1.0|0.0|0.0|0.0|0.0|1.0|0.0|1.0|0.0|0.0|0.0|1.0|0.0|0.0|1.0|0.0|0.0|0.0|1.0|0.0|0.0|good
-0.7947833832037526|6.869332177713602|-0.1853448353574204|1.0|0.0|0.0|0.0|0.0|0.0|0.0|0.0|0.0|0.0|1.0|0.0|0.0|0.0|1.0|0.0|1.0|0.0|0.0|0.0|1.0|0.0|0.0|0.0|0.0|1.0|0.0|1.0|0.0|0.0|bad
0.3844204494427645|-0.392727943529019|-1.566929043870302|0.0|0.0|0.0|0.0|1.0|0.0|0.0|0.0|0.0|1.0|0.0|0.0|1.0|0.0|0.0|0.0|0.0|0.0|1.0|0.0|0.0|0.0|1.0|0.0|0.0|1.0|0.0|1.0|0.0|0.0|good
1.2688233239276523|-0.27995464612828275|0.02720658133686908|0.0|0.0|0.0|0.0|0.0|1.0|1.0|0.0|0.0|0.0|0.0|0.0|0.0|0.0|1.0|0.0|1.0|0.0|0.0|0.0|1.0|0.0|0.0|0.0|0.0|1.0|0.0|1.0|0.0|0.0|good
-0.20518146688049407|-0.27995464612828275|-0.1853448353574204|0.0|1.0|0.0|0.0|0.0|0.0|0.0|1.0|0.0|0.0|0.0|0.0|0.0|0.0|1.0|0.0|0.0|0.0|0.0|1.0|1.0|0.0|0.0|0.0|1.0|0.0|0.0|0.0|0.0|1.0|bad
-0.9913173553115056|-0.27995464612828275|0.5585851230725928|0.0|0.0|0.0|1.0|0.0|0.0|1.0|0.0|0.0|0.0|0.0|0.0|0.0|0.0|1.0|0.0|1.0|0.0|0.0|0.0|1.0|0.0|0.0|0.0|0.0|0.0|1.0|1.0|0.0|0.0|good
0.3844204494427645|-0.5905876808848018|0.02720658133686908|0.0|0.0|0.0|1.0|0.0|0.0|0.0|1.0|0.0|0.0|0.0|0.0|0.0|0.0|1.0|0.0|1.0|0.0|0.0|0.0|1.0|0.0|0.0|1.0|0.0|0.0|0.0|1.0|0.0|0.0|bad
1.5636242820892816|-0.27995464612828275|0.02720658133686908|0.0|0.0|0.0|0.0|0.0|1.0|0.0|1.0|0.0|0.0|0.0|0.0|0.0|0.0|1.0|0.0|0.0|0.0|0.0|1.0|1.0|0.0|0.0|0.0|0.0|1.0|0.0|0.0|0.0|1.0|good
-0.20518146688049407|-0.27995464612828275|-0.1853448353574204|0.0|0.0|0.0|1.0|0.0|0.0|0.0|0.0|1.0|0.0|0.0|0.0|0.0|0.0|1.0|1.0|0.0|0.0|0.0|0.0|1.0|0.0|0.0|0.0|0.0|0.0|1.0|0.0|1.0|0.0|bad
-0.20518146688049407|-0.27995464612828275|-1.248101918828868|1.0|0.0|0.0|0.0|0.0|0.0|1.0|0.0|0.0|0.0|0.0|0.0|1.0|0.0|0.0|0.0|1.0|0.0|0.0|0.0|1.0|0.0|0.0|0.0|0.0|1.0|0.0|1.0|0.0|0.0|good
0.08961949128113521|-0.11754759208710272|-0.1853448353574204|0.0|0.0|0.0|1.0|0.0|0.0|1.0|0.0|0.0|0.0|0.0|0.0|0.0|0.0|1.0|0.0|1.0|0.0|0.0|0.0|1.0|0.0|0.0|0.0|1.0|0.0|0.0|1.0|0.0|0.0|good
-0.20518146688049407|-0.7050492013005192|-0.1853448353574204|1.0|0.0|0.0|0.0|0.0|0.0|0.0|1.0|0.0|0.0|0.0|0.0|1.0|0.0|0.0|0.0|1.0|0.0|0.0|0.0|0.0|0.0|1.0|0.0|0.0|1.0|0.0|1.0|0.0|0.0|bad
-0.49998242504212337|0.01886082752336869|-1.566929043870302|0.0|0.0|0.0|1.0|0.0|0.0|0.0|0.0|0.0|0.0|1.0|1.0|0.0|0.0|0.0|0.0|0.0|1.0|0.0|0.0|1.0|0.0|0.0|0.0|0.0|1.0|0.0|1.0|0.0|0.0|good
-0.7947833832037526|-0.37213162274624983|-0.5041719603988547|0.0|0.0|0.0|0.0|0.0|1.0|0.0|1.0|0.0|0.0|0.0|0.0|0.0|0.0|1.0|0.0|1.0|0.0|0.0|0.0|1.0|0.0|0.0|0.0|0.0|1.0|0.0|1.0|0.0|0.0|good
-0.7947833832037526|-0.27995464612828275|-0.1853448353574204|0.0|0.0|0.0|0.0|1.0|0.0|0.0|0.0|0.0|0.0|1.0|0.0|0.0|0.0|1.0|0.0|0.0|1.0|0.0|0.0|0.0|1.0|0.0|0.0|0.0|0.0|1.0|1.0|0.0|0.0|good
0.08961949128113521|-0.27995464612828275|-0.07906912701027567|1.0|0.0|0.0|0.0|0.0|0.0|0.0|0.0|0.0|0.0|1.0|0.0|0.0|0.0|1.0|0.0|0.0|0.0|1.0|0.0|0.0|1.0|0.0|0.0|1.0|0.0|0.0|1.0|0.0|0.0|good
-0.7947833832037526|-0.12430048414702705|-1.0355505021345783|0.0|0.0|0.0|0.0|1.0|0.0|1.0|0.0|0.0|0.0|0.0|0.0|1.0|0.0|0.0|0.0|1.0|0.0|0.0|0.0|1.0|0.0|0.0|0.0|0.0|1.0|0.0|0.0|0.0|1.0|bad
-0.20518146688049407|-0.11856052589609137|-1.4606533355231575|1.0|0.0|0.0|0.0|0.0|0.0|0.0|1.0|0.0|0.0|0.0|0.0|0.0|1.0|0.0|0.0|0.0|1.0|0.0|0.0|0.0|0.0|1.0|0.0|0.0|1.0|0.0|1.0|0.0|0.0|good
0.7774883936582703|-0.13071573160395514|-0.6104476687459994|1.0|0.0|0.0|0.0|0.0|0.0|0.0|0.0|0.0|1.0|0.0|1.0|0.0|0.0|0.0|0.0|1.0|0.0|0.0|0.0|0.0|1.0|0.0|1.0|0.0|0.0|0.0|1.0|0.0|0.0|good
-0.20518146688049407|-0.668921228779924|1.1962393731554612|0.0|0.0|0.0|0.0|1.0|0.0|0.0|1.0|0.0|0.0|0.0|0.0|0.0|0.0|1.0|0.0|0.0|0.0|0.0|1.0|0.0|1.0|0.0|0.0|0.0|1.0|0.0|1.0|0.0|0.0|good
-1.089584341365382|-0.6135475138885446|-1.566929043870302|1.0|0.0|0.0|0.0|0.0|0.0|0.0|0.0|0.0|1.0|0.0|0.0|0.0|0.0|1.0|0.0|0.0|0.0|1.0|0.0|1.0|0.0|0.0|1.0|0.0|0.0|0.0|1.0|0.0|0.0|good
-0.20518146688049407|-0.6550778000570792|-0.1853448353574204|0.0|0.0|0.0|0.0|1.0|0.0|0.0|1.0|0.0|0.0|0.0|0.0|0.0|0.0|1.0|0.0|0.0|0.0|1.0|0.0|1.0|0.0|0.0|0.0|0.0|1.0|0.0|0.0|1.0|0.0|bad
-1.4826522855808877|0.10732371350837737|4.171959206875514|0.0|1.0|0.0|0.0|0.0|0.0|0.0|0.0|0.0|0.0|1.0|0.0|0.0|0.0|1.0|0.0|0.0|0.0|1.0|0.0|1.0|0.0|0.0|1.0|0.0|0.0|0.0|1.0|0.0|0.0|good
0.3844204494427645|2.767963185118562|-0.6104476687459994|0.0|0.0|0.0|0.0|1.0|0.0|0.0|1.0|0.0|0.0|0.0|0.0|0.0|0.0|1.0|0.0|0.0|0.0|0.0|1.0|0.0|0.0|1.0|0.0|1.0|0.0|0.0|1.0|0.0|0.0|bad
-1.3843852995270112|-0.27995464612828275|0.13348228968401382|0.0|0.0|1.0|0.0|0.0|0.0|0.0|1.0|0.0|0.0|0.0|1.0|0.0|0.0|0.0|0.0|0.0|0.0|1.0|0.0|1.0|0.0|0.0|0.0|1.0|0.0|0.0|1.0|0.0|0.0|good
0.3844204494427645|-0.36200228465636336|-0.1853448353574204|0.0|0.0|0.0|0.0|1.0|0.0|0.0|1.0|0.0|0.0|0.0|0.0|0.0|0.0|1.0|0.0|1.0|0.0|0.0|0.0|0.0|0.0|1.0|0.0|0.0|1.0|0.0|1.0|0.0|0.0|good
-1.089584341365382|-0.33566600562265847|-1.0355505021345783|0.0|0.0|0.0|0.0|1.0|0.0|1.0|0.0|0.0|0.0|0.0|0.0|0.0|0.0|1.0|0.0|1.0|0.0|0.0|0.0|1.0|0.0|0.0|1.0|0.0|0.0|0.0|1.0|0.0|0.0|good
-0.20518146688049407|-0.5558102867761915|-0.1853448353574204|0.0|0.0|0.0|0.0|1.0|0.0|0.0|1.0|0.0|0.0|0.0|0.0|0.0|1.0|0.0|1.0|0.0|0.0|0.0|0.0|0.0|0.0|1.0|0.0|0.0|1.0|0.0|1.0|0.0|0.0|bad
-0.20518146688049407|-0.8340294396450738|-1.248101918828868|0.0|0.0|0.0|0.0|1.0|0.0|0.0|0.0|0.0|0.0|1.0|0.0|0.0|1.0|0.0|0.0|0.0|0.0|1.0|0.0|1.0|0.0|0.0|0.0|0.0|0.0|1.0|1.0|0.0|0.0|good
0.3844204494427645|-0.6223262735664461|0.23975799803115858|0.0|0.0|0.0|1.0|0.0|0.0|0.0|0.0|0.0|1.0|0.0|0.0|1.0|0.0|0.0|0.0|0.0|0.0|1.0|0.0|0.0|1.0|0.0|1.0|0.0|0.0|0.0|1.0|0.0|0.0|good
2.1532261984125403|0.08909090494658169|3.2154778317512114|0.0|0.0|0.0|0.0|1.0|0.0|0.0|1.0|0.0|0.0|0.0|0.0|0.0|0.0|1.0|0.0|0.0|0.0|1.0|0.0|0.0|1.0|0.0|0.0|0.0|1.0|0.0|1.0|0.0|0.0|good
-0.7947833832037526|-0.8512493143978809|-0.1853448353574204|0.0|1.0|0.0|0.0|0.0|0.0|0.0|0.0|1.0|0.0|0.0|1.0|0.0|0.0|0.0|0.0|0.0|0.0|1.0|0.0|0.0|0.0|1.0|0.0|0.0|1.0|0.0|0.0|0.0|1.0|bad
-0.7947833832037526|-0.27995464612828275|0.45230941472544806|0.0|0.0|0.0|1.0|0.0|0.0|0.0|0.0|0.0|1.0|0.0|0.0|0.0|0.0|1.0|0.0|0.0|0.0|1.0|0.0|1.0|0.0|0.0|0.0|1.0|0.0|0.0|0.0|0.0|1.0|good
-0.7947833832037526|-0.5098906207687061|-0.5041719603988547|0.0|0.0|0.0|0.0|1.0|0.0|0.0|1.0|0.0|0.0|0.0|0.0|1.0|0.0|0.0|0.0|0.0|0.0|0.0|1.0|1.0|0.0|0.0|0.0|0.0|1.0|0.0|1.0|0.0|0.0|good
-0.00864749477274122|-0.16920721634552383|-0.1853448353574204|0.0|0.0|0.0|0.0|1.0|0.0|0.0|1.0|0.0|0.0|0.0|0.0|0.0|0.0|1.0|0.0|0.0|1.0|0.0|0.0|1.0|0.0|0.0|0.0|0.0|1.0|0.0|1.0|0.0|0.0|good
-0.7947833832037526|-0.27995464612828275|0.6648608314197376|0.0|0.0|0.0|0.0|1.0|0.0|0.0|0.0|0.0|1.0|0.0|0.0|0.0|0.0|1.0|0.0|0.0|0.0|1.0|0.0|1.0|0.0|0.0|1.0|0.0|0.0|0.0|0.0|0.0|1.0|bad
2.742828114735799|0.6637620192461419|-0.1853448353574204|0.0|0.0|1.0|0.0|0.0|0.0|0.0|1.0|0.0|0.0|0.0|0.0|0.0|0.0|1.0|0.0|0.0|1.0|0.0|0.0|1.0|0.0|0.0|0.0|1.0|0.0|0.0|1.0|0.0|0.0|bad
-1.089584341365382|-0.6368449914952834|0.6648608314197376|0.0|0.0|0.0|0.0|1.0|0.0|0.0|0.0|0.0|1.0|0.0|0.0|1.0|0.0|0.0|0.0|0.0|0.0|1.0|0.0|0.0|1.0|0.0|0.0|0.0|0.0|1.0|1.0|0.0|0.0|good
1.5636242820892816|-0.27995464612828275|-0.07906912701027567|1.0|0.0|0.0|0.0|0.0|0.0|0.0|0.0|1.0|0.0|0.0|0.0|1.0|0.0|0.0|0.0|0.0|0.0|1.0|0.0|1.0|0.0|0.0|0.0|0.0|1.0|0.0|0.0|0.0|1.0|bad
-1.2861183134731349|-0.18710238030432327|0.02720658133686908|1.0|0.0|0.0|0.0|0.0|0.0|0.0|1.0|0.0|0.0|0.0|1.0|0.0|0.0|0.0|0.0|1.0|0.0|0.0|0.0|1.0|0.0|0.0|0.0|0.0|1.0|0.0|1.0|0.0|0.0|good
-0.7947833832037526|-0.5760689629559645|2.152720748279764|0.0|0.0|1.0|0.0|0.0|0.0|0.0|0.0|0.0|1.0|0.0|0.0|1.0|0.0|0.0|0.0|0.0|0.0|1.0|0.0|1.0|0.0|0.0|0.0|1.0|0.0|0.0|1.0|0.0|0.0|good
-0.49998242504212337|-0.27995464612828275|-0.1853448353574204|1.0|0.0|0.0|0.0|0.0|0.0|0.0|1.0|0.0|0.0|0.0|0.0|0.0|1.0|0.0|0.0|0.0|0.0|0.0|1.0|0.0|1.0|0.0|0.0|0.0|1.0|0.0|1.0|0.0|0.0|bad
-0.20518146688049407|-0.27995464612828275|-0.1853448353574204|0.0|0.0|0.0|0.0|0.0|1.0|0.0|1.0|0.0|0.0|0.0|0.0|0.0|0.0|1.0|0.0|1.0|0.0|0.0|0.0|1.0|0.0|0.0|0.0|1.0|0.0|0.0|1.0|0.0|0.0|good
-0.20518146688049407|3.315622731178425|-0.1853448353574204|0.0|0.0|0.0|0.0|1.0|0.0|0.0|1.0|0.0|0.0|0.0|1.0|0.0|0.0|0.0|0.0|0.0|0.0|0.0|1.0|1.0|0.0|0.0|0.0|0.0|1.0|0.0|1.0|0.0|0.0|good
-0.7947833832037526|-0.1253134179560157|-0.1853448353574204|0.0|0.0|1.0|0.0|0.0|0.0|0.0|1.0|0.0|0.0|0.0|0.0|0.0|0.0|1.0|0.0|0.0|0.0|1.0|0.0|0.0|1.0|0.0|0.0|0.0|1.0|0.0|1.0|0.0|0.0|good
0.3844204494427645|-0.27995464612828275|0.02720658133686908|0.0|0.0|0.0|0.0|0.0|1.0|0.0|0.0|0.0|1.0|0.0|0.0|0.0|0.0|1.0|0.0|0.0|0.0|1.0|0.0|1.0|0.0|0.0|0.0|1.0|0.0|0.0|1.0|0.0|0.0|good
0.3844204494427645|0.5695591750101976|-0.3978962520517099|0.0|0.0|0.0|1.0|0.0|0.0|0.0|1.0|0.0|0.0|0.0|1.0|0.0|0.0|0.0|0.0|0.0|1.0|0.0|0.0|1.0|0.0|0.0|0.0|0.0|1.0|0.0|1.0|0.0|0.0|bad
0.3844204494427645|-0.27995464612828275|-0.1853448353574204|0.0|0.0|0.0|0.0|1.0|0.0|1.0|0.0|0.0|0.0|0.0|0.0|1.0|0.0|0.0|1.0|0.0|0.0|0.0|0.0|0.0|0.0|1.0|0.0|1.0|0.0|0.0|1.0|0.0|0.0|good
-0.8930503692576292|0.26162729707764826|0.13348228968401382|0.0|0.0|0.0|1.0|0.0|0.0|0.0|1.0|0.0|0.0|0.0|0.0|0.0|0.0|1.0|0.0|1.0|0.0|0.0|0.0|1.0|0.0|0.0|0.0|0.0|1.0|0.0|0.0|1.0|0.0|good
-0.20518146688049407|0.08638974812261195|0.02720658133686908|0.0|0.0|0.0|0.0|0.0|1.0|0.0|0.0|0.0|1.0|0.0|1.0|0.0|0.0|0.0|0.0|0.0|0.0|1.0|0.0|1.0|0.0|0.0|0.0|0.0|1.0|0.0|1.0|0.0|0.0|bad
-0.20518146688049407|-0.9410627787948743|-0.1853448353574204|0.0|0.0|0.0|0.0|1.0|0.0|0.0|0.0|1.0|0.0|0.0|0.0|1.0|0.0|0.0|1.0|0.0|0.0|0.0|0.0|1.0|0.0|0.0|0.0|0.0|1.0|0.0|1.0|0.0|0.0|good
-0.20518146688049407|-0.27995464612828275|-0.1853448353574204|0.0|0.0|0.0|0.0|1.0|0.0|0.0|0.0|1.0|0.0|0.0|0.0|0.0|0.0|1.0|0.0|1.0|0.0|0.0|0.0|1.0|0.0|0.0|0.0|0.0|1.0|0.0|1.0|0.0|0.0|good
1.5636242820892816|0.16539858522372658|0.23975799803115858|0.0|0.0|0.0|0.0|1.0|0.0|0.0|1.0|0.0|0.0|0.0|0.0|0.0|0.0|1.0|0.0|0.0|0.0|1.0|0.0|1.0|0.0|0.0|1.0|0.0|0.0|0.0|0.0|1.0|0.0|good
-0.49998242504212337|-0.4757885158660883|-0.1853448353574204|0.0|0.0|0.0|1.0|0.0|0.0|0.0|0.0|1.0|0.0|0.0|0.0|0.0|0.0|1.0|0.0|0.0|1.0|0.0|0.0|1.0|0.0|0.0|1.0|0.0|0.0|0.0|1.0|0.0|0.0|good
-0.7947833832037526|-0.27995464612828275|-0.07906912701027567|0.0|0.0|1.0|0.0|0.0|0.0|0.0|0.0|1.0|0.0|0.0|1.0|0.0|0.0|0.0|0.0|0.0|0.0|1.0|0.0|1.0|0.0|0.0|0.0|0.0|1.0|0.0|1.0|0.0|0.0|good
-0.7947833832037526|-0.27995464612828275|0.34603370637830333|0.0|0.0|0.0|0.0|1.0|0.0|0.0|1.0|0.0|0.0|0.0|0.0|0.0|0.0|1.0|0.0|0.0|0.0|1.0|0.0|0.0|1.0|0.0|0.0|0.0|1.0|0.0|0.0|0.0|1.0|good
-0.20518146688049407|-0.3984679017799547|-0.1853448353574204|1.0|0.0|0.0|0.0|0.0|0.0|0.0|1.0|0.0|0.0|0.0|0.0|0.0|0.0|1.0|1.0|0.0|0.0|0.0|0.0|0.0|1.0|0.0|0.0|0.0|1.0|0.0|1.0|0.0|0.0|good
0.3844204494427645|-0.06960205846164|3.002926415056922|0.0|0.0|0.0|0.0|0.0|1.0|0.0|1.0|0.0|0.0|0.0|0.0|0.0|0.0|1.0|0.0|0.0|0.0|1.0|0.0|1.0|0.0|0.0|0.0|0.0|1.0|0.0|1.0|0.0|0.0|good
-0.20518146688049407|-0.49672248125185364|-0.6104476687459994|0.0|0.0|0.0|0.0|1.0|0.0|1.0|0.0|0.0|0.0|0.0|1.0|0.0|0.0|0.0|0.0|0.0|0.0|0.0|1.0|1.0|0.0|0.0|1.0|0.0|0.0|0.0|1.0|0.0|0.0|bad
-0.20518146688049407|1.3869967588640375|-0.2916205437045652|0.0|0.0|0.0|0.0|1.0|0.0|0.0|1.0|0.0|0.0|0.0|0.0|0.0|0.0|1.0|0.0|0.0|1.0|0.0|0.0|0.0|0.0|1.0|0.0|0.0|1.0|0.0|1.0|0.0|0.0|good
-0.20518146688049407|-0.27995464612828275|-0.9292747937874336|0.0|1.0|0.0|0.0|0.0|0.0|0.0|1.0|0.0|0.0|0.0|0.0|1.0|0.0|0.0|0.0|0.0|0.0|1.0|0.0|1.0|0.0|0.0|0.0|0.0|1.0|0.0|0.0|0.0|1.0|good
0.3844204494427645|-0.27995464612828275|0.02720658133686908|0.0|0.0|0.0|0.0|0.0|1.0|0.0|0.0|0.0|0.0|1.0|0.0|0.0|0.0|1.0|0.0|0.0|1.0|0.0|0.0|1.0|0.0|0.0|0.0|0.0|0.0|1.0|0.0|0.0|1.0|good
0.3844204494427645|-0.012877765158275649|-1.3543776271760126|1.0|0.0|0.0|0.0|0.0|0.0|0.0|0.0|1.0|0.0|0.0|0.0|0.0|0.0|1.0|0.0|1.0|0.0|0.0|0.0|0.0|0.0|1.0|1.0|0.0|0.0|0.0|1.0|0.0|0.0|bad
-1.3843852995270112|-0.27995464612828275|-0.1853448353574204|1.0|0.0|0.0|0.0|0.0|0.0|0.0|1.0|0.0|0.0|0.0|0.0|1.0|0.0|0.0|0.0|0.0|0.0|1.0|0.0|1.0|0.0|0.0|0.0|0.0|1.0|0.0|1.0|0.0|0.0|bad
-0.20518146688049407|-0.8360553072630511|-0.7167233770931442|0.0|0.0|0.0|1.0|0.0|0.0|0.0|1.0|0.0|0.0|0.0|0.0|0.0|0.0|1.0|0.0|0.0|0.0|0.0|1.0|1.0|0.0|0.0|0.0|0.0|1.0|0.0|1.0|0.0|0.0|bad
-0.20518146688049407|-0.6388708591132607|0.13348228968401382|1.0|0.0|0.0|0.0|0.0|0.0|0.0|1.0|0.0|0.0|0.0|0.0|0.0|0.0|1.0|0.0|0.0|0.0|1.0|0.0|0.0|0.0|1.0|0.0|1.0|0.0|0.0|0.0|1.0|0.0|good
-0.20518146688049407|-0.6365073468922873|-0.1853448353574204|0.0|0.0|0.0|0.0|1.0|0.0|0.0|1.0|0.0|0.0|0.0|0.0|0.0|0.0|1.0|0.0|1.0|0.0|0.0|0.0|0.0|0.0|1.0|0.0|0.0|1.0|0.0|1.0|0.0|0.0|bad
-0.20518146688049407|-0.27995464612828275|-0.1853448353574204|0.0|0.0|1.0|0.0|0.0|0.0|0.0|0.0|1.0|0.0|0.0|0.0|0.0|0.0|1.0|0.0|0.0|0.0|0.0|1.0|0.0|0.0|1.0|0.0|0.0|1.0|0.0|1.0|0.0|0.0|bad
1.858425240250911|-0.1894658925252968|-1.1418262104817232|0.0|0.0|0.0|0.0|0.0|1.0|1.0|0.0|0.0|0.0|0.0|0.0|0.0|0.0|1.0|0.0|0.0|0.0|1.0|0.0|1.0|0.0|0.0|0.0|0.0|1.0|0.0|1.0|0.0|0.0|good
0.3844204494427645|0.68267011701393|-1.0355505021345783|0.0|0.0|0.0|0.0|1.0|0.0|0.0|0.0|0.0|0.0|1.0|0.0|0.0|0.0|1.0|0.0|1.0|0.0|0.0|0.0|1.0|0.0|0.0|0.0|0.0|1.0|0.0|1.0|0.0|0.0|good
-0.20518146688049407|-0.27995464612828275|-0.1853448353574204|0.0|1.0|0.0|0.0|0.0|0.0|0.0|0.0|0.0|0.0|1.0|0.0|0.0|0.0|1.0|0.0|0.0|0.0|0.0|1.0|1.0|0.0|0.0|0.0|0.0|0.0|1.0|1.0|0.0|0.0|good
-0.49998242504212337|-0.5578361543941688|0.9836879564611718|0.0|0.0|1.0|0.0|0.0|0.0|0.0|0.0|0.0|1.0|0.0|0.0|0.0|0.0|1.0|0.0|0.0|0.0|1.0|0.0|0.0|1.0|0.0|0.0|0.0|1.0|0.0|0.0|0.0|1.0|good
-0.20518146688049407|0.1495292888829044|-1.248101918828868|0.0|0.0|0.0|0.0|1.0|0.0|0.0|1.0|0.0|0.0|0.0|0.0|0.0|0.0|1.0|0.0|0.0|0.0|0.0|1.0|1.0|0.0|0.0|0.0|0.0|0.0|1.0|1.0|0.0|0.0|good
-0.20518146688049407|-0.6513637094241207|-0.9292747937874336|0.0|0.0|0.0|1.0|0.0|0.0|0.0|0.0|1.0|0.0|0.0|0.0|0.0|0.0|1.0|0.0|0.0|0.0|0.0|1.0|1.0|0.0|0.0|1.0|0.0|0.0|0.0|1.0|0.0|0.0|good
0.9740223657660231|-0.27995464612828275|2.3652721649740536|0.0|0.0|1.0|0.0|0.0|0.0|0.0|1.0|0.0|0.0|0.0|0.0|1.0|0.0|0.0|0.0|0.0|0.0|1.0|0.0|0.0|1.0|0.0|0.0|0.0|1.0|0.0|1.0|0.0|0.0|good
-0.20518146688049407|7.046595594286615|-0.5041719603988547|0.0|0.0|0.0|0.0|1.0|0.0|0.0|0.0|0.0|0.0|1.0|1.0|0.0|0.0|0.0|0.0|0.0|0.0|1.0|0.0|1.0|0.0|0.0|0.0|0.0|1.0|0.0|1.0|0.0|0.0|good
-0.7947833832037526|-0.6641942043379769|0.9836879564611718|0.0|0.0|0.0|1.0|0.0|0.0|0.0|1.0|0.0|0.0|0.0|0.0|0.0|0.0|1.0|0.0|0.0|0.0|1.0|0.0|1.0|0.0|0.0|0.0|0.0|1.0|0.0|1.0|0.0|0.0|good
-0.20518146688049407|-0.648662552600151|1.302515081502606|0.0|0.0|0.0|1.0|0.0|0.0|0.0|1.0|0.0|0.0|0.0|0.0|0.0|0.0|1.0|0.0|0.0|0.0|1.0|0.0|1.0|0.0|0.0|0.0|1.0|0.0|0.0|1.0|0.0|0.0|bad
-0.20518146688049407|-0.27995464612828275|-0.1853448353574204|1.0|0.0|0.0|0.0|0.0|0.0|0.0|1.0|0.0|0.0|0.0|0.0|0.0|0.0|1.0|0.0|0.0|0.0|1.0|0.0|1.0|0.0|0.0|0.0|0.0|1.0|0.0|1.0|0.0|0.0|good
0.3844204494427645|0.2116558958342082|2.896650706709777|0.0|0.0|0.0|0.0|1.0|0.0|0.0|0.0|0.0|1.0|0.0|0.0|1.0|0.0|0.0|0.0|0.0|0.0|0.0|1.0|1.0|0.0|0.0|0.0|0.0|1.0|0.0|1.0|0.0|0.0|good
-0.9913173553115056|-0.5780948305739418|-0.1853448353574204|0.0|0.0|0.0|1.0|0.0|0.0|0.0|1.0|0.0|0.0|0.0|0.0|0.0|0.0|1.0|0.0|1.0|0.0|0.0|0.0|1.0|0.0|0.0|0.0|0.0|0.0|1.0|1.0|0.0|0.0|good
-1.3843852995270112|0.1309588357181125|-0.9292747937874336|1.0|0.0|0.0|0.0|0.0|0.0|0.0|1.0|0.0|0.0|0.0|0.0|0.0|0.0|1.0|0.0|0.0|1.0|0.0|0.0|1.0|0.0|0.0|0.0|0.0|1.0|0.0|1.0|0.0|0.0|good
-0.7947833832037526|-0.4038702154278942|-0.9292747937874336|0.0|0.0|0.0|0.0|1.0|0.0|0.0|0.0|0.0|1.0|0.0|1.0|0.0|0.0|0.0|0.0|1.0|0.0|0.0|0.0|0.0|1.0|0.0|0.0|0.0|1.0|0.0|1.0|0.0|0.0|good
0.6792214076043938|1.751652930099951|0.7711365397668823|0.0|1.0|0.0|0.0|0.0|0.0|0.0|1.0|0.0|0.0|0.0|0.0|1.0|0.0|0.0|0.0|0.0|0.0|1.0|0.0|1.0|0.0|0.0|0.0|1.0|0.0|0.0|1.0|0.0|0.0|bad
-1.3843852995270112|-0.6392085037162569|-0.8229990854402889|0.0|0.0|0.0|0.0|1.0|0.0|0.0|1.0|0.0|0.0|0.0|0.0|1.0|0.0|0.0|1.0|0.0|0.0|0.0|0.0|0.0|1.0|0.0|0.0|0.0|1.0|0.0|1.0|0.0|0.0|good
-0.20518146688049407|-0.9326216637199689|0.34603370637830333|0.0|0.0|0.0|0.0|1.0|0.0|0.0|0.0|0.0|1.0|0.0|0.0|0.0|0.0|1.0|0.0|0.0|0.0|1.0|0.0|1.0|0.0|0.0|0.0|0.0|1.0|0.0|1.0|0.0|0.0|good
-0.7947833832037526|-0.27995464612828275|0.45230941472544806|1.0|0.0|0.0|0.0|0.0|0.0|1.0|0.0|0.0|0.0|0.0|0.0|0.0|0.0|1.0|0.0|1.0|0.0|0.0|0.0|0.0|1.0|0.0|0.0|0.0|0.0|1.0|0.0|1.0|0.0|good
0.3844204494427645|-0.27995464612828275|-1.566929043870302|0.0|0.0|0.0|0.0|1.0|0.0|0.0|1.0|0.0|0.0|0.0|0.0|0.0|1.0|0.0|0.0|0.0|0.0|1.0|0.0|1.0|0.0|0.0|0.0|0.0|1.0|0.0|1.0|0.0|0.0|bad
1.5636242820892816|1.993406465845242|-0.6104476687459994|0.0|0.0|1.0|0.0|0.0|0.0|0.0|1.0|0.0|0.0|0.0|0.0|0.0|0.0|1.0|1.0|0.0|0.0|0.0|0.0|0.0|0.0|1.0|1.0|0.0|0.0|0.0|1.0|0.0|0.0|bad
0.3844204494427645|-0.5217081818735737|0.5585851230725928|0.0|0.0|1.0|0.0|0.0|0.0|0.0|0.0|0.0|0.0|1.0|0.0|0.0|0.0|1.0|0.0|0.0|1.0|0.0|0.0|0.0|1.0|0.0|0.0|0.0|1.0|0.0|1.0|0.0|0.0|good
-0.20518146688049407|-0.6175992491244992|-0.1853448353574204|1.0|0.0|0.0|0.0|0.0|0.0|1.0|0.0|0.0|0.0|0.0|0.0|0.0|1.0|0.0|0.0|1.0|0.0|0.0|0.0|1.0|0.0|0.0|0.0|0.0|0.0|1.0|1.0|0.0|0.0|good
-1.3843852995270112|-0.6101710678585823|-0.1853448353574204|1.0|0.0|0.0|0.0|0.0|0.0|1.0|0.0|0.0|0.0|0.0|0.0|0.0|0.0|1.0|0.0|0.0|0.0|0.0|1.0|0.0|0.0|1.0|0.0|0.0|1.0|0.0|0.0|1.0|0.0|good
0.3844204494427645|-0.002410782465392942|-0.1853448353574204|0.0|0.0|0.0|0.0|1.0|0.0|0.0|0.0|1.0|0.0|0.0|0.0|1.0|0.0|0.0|0.0|0.0|0.0|1.0|0.0|1.0|0.0|0.0|0.0|0.0|1.0|0.0|1.0|0.0|0.0|bad
1.5636242820892816|0.7978069266356398|0.7711365397668823|0.0|0.0|0.0|0.0|1.0|0.0|0.0|0.0|0.0|1.0|0.0|0.0|0.0|0.0|1.0|0.0|0.0|0.0|1.0|0.0|0.0|0.0|1.0|1.0|0.0|0.0|0.0|0.0|1.0|0.0|good
-1.089584341365382|-0.6766870546488369|-0.1853448353574204|0.0|0.0|0.0|0.0|1.0|0.0|0.0|0.0|0.0|1.0|0.0|1.0|0.0|0.0|0.0|0.0|0.0|0.0|1.0|0.0|0.0|0.0|1.0|0.0|0.0|1.0|0.0|0.0|0.0|1.0|good
0.3844204494427645|-0.6462990403791775|-0.1853448353574204|0.0|0.0|0.0|0.0|1.0|0.0|0.0|1.0|0.0|0.0|0.0|0.0|0.0|0.0|1.0|0.0|0.0|0.0|1.0|0.0|0.0|0.0|1.0|0.0|0.0|1.0|0.0|0.0|1.0|0.0|bad
0.3844204494427645|-0.6493378418061434|-1.1418262104817232|0.0|0.0|0.0|1.0|0.0|0.0|0.0|0.0|1.0|0.0|0.0|1.0|0.0|0.0|0.0|0.0|0.0|0.0|1.0|0.0|1.0|0.0|0.0|0.0|0.0|1.0|0.0|1.0|0.0|0.0|bad
-0.9913173553115056|-0.6148980923005294|-0.1853448353574204|0.0|0.0|0.0|1.0|0.0|0.0|0.0|1.0|0.0|0.0|0.0|0.0|0.0|0.0|1.0|0.0|0.0|0.0|1.0|0.0|1.0|0.0|0.0|0.0|0.0|0.0|1.0|1.0|0.0|0.0|bad
-0.49998242504212337|-0.26003361455150603|-0.1853448353574204|0.0|0.0|0.0|0.0|0.0|1.0|0.0|1.0|0.0|0.0|0.0|0.0|0.0|0.0|1.0|0.0|1.0|0.0|0.0|0.0|1.0|0.0|0.0|0.0|0.0|1.0|0.0|1.0|0.0|0.0|good
-0.49998242504212337|-0.27995464612828275|-0.1853448353574204|1.0|0.0|0.0|0.0|0.0|0.0|0.0|1.0|0.0|0.0|0.0|0.0|0.0|0.0|1.0|0.0|0.0|0.0|1.0|0.0|1.0|0.0|0.0|0.0|1.0|0.0|0.0|0.0|1.0|0.0|bad
-0.20518146688049407|-0.5797830535889229|-0.7167233770931442|0.0|0.0|0.0|0.0|1.0|0.0|1.0|0.0|0.0|0.0|0.0|0.0|0.0|1.0|0.0|0.0|1.0|0.0|0.0|0.0|1.0|0.0|0.0|0.0|0.0|1.0|0.0|0.0|0.0|1.0|good
-0.20518146688049407|-0.27995464612828275|1.0899636648083166|0.0|0.0|0.0|0.0|1.0|0.0|0.0|1.0|0.0|0.0|0.0|0.0|0.0|0.0|1.0|0.0|1.0|0.0|0.0|0.0|1.0|0.0|0.0|0.0|1.0|0.0|0.0|1.0|0.0|0.0|good
-0.20518146688049407|-0.8006026239484484|-0.9292747937874336|0.0|0.0|0.0|1.0|0.0|0.0|0.0|1.0|0.0|0.0|0.0|0.0|0.0|0.0|1.0|0.0|0.0|0.0|0.0|1.0|1.0|0.0|0.0|1.0|0.0|0.0|0.0|1.0|0.0|0.0|bad
1.5636242820892816|-0.27995464612828275|-0.1853448353574204|0.0|0.0|0.0|0.0|0.0|1.0|0.0|1.0|0.0|0.0|0.0|0.0|0.0|0.0|1.0|0.0|1.0|0.0|0.0|0.0|1.0|0.0|0.0|0.0|0.0|1.0|0.0|1.0|0.0|0.0|good
-0.20518146688049407|-0.27995464612828275|-0.9292747937874336|0.0|0.0|0.0|0.0|1.0|0.0|1.0|0.0|0.0|0.0|0.0|0.0|0.0|0.0|1.0|0.0|0.0|0.0|1.0|0.0|1.0|0.0|0.0|0.0|0.0|1.0|0.0|1.0|0.0|0.0|good
-0.7947833832037526|-0.27995464612828275|-1.566929043870302|0.0|0.0|0.0|0.0|1.0|0.0|0.0|1.0|0.0|0.0|0.0|1.0|0.0|0.0|0.0|0.0|0.0|0.0|1.0|0.0|0.0|1.0|0.0|0.0|0.0|1.0|0.0|1.0|0.0|0.0|good
0.3844204494427645|-0.29548629786610875|2.0464450399326193|0.0|0.0|0.0|1.0|0.0|0.0|0.0|1.0|0.0|0.0|0.0|0.0|0.0|0.0|1.0|1.0|0.0|0.0|0.0|0.0|0.0|0.0|1.0|0.0|0.0|1.0|0.0|1.0|0.0|0.0|good
-1.3843852995270112|-0.8512493143978809|0.23975799803115858|0.0|0.0|0.0|1.0|0.0|0.0|0.0|0.0|0.0|0.0|1.0|0.0|1.0|0.0|0.0|0.0|0.0|0.0|0.0|1.0|0.0|1.0|0.0|0.0|0.0|1.0|0.0|1.0|0.0|0.0|good
-0.20518146688049407|-0.5973405729447261|-0.1853448353574204|0.0|0.0|0.0|1.0|0.0|0.0|0.0|0.0|1.0|0.0|0.0|1.0|0.0|0.0|0.0|0.0|0.0|0.0|1.0|0.0|1.0|0.0|0.0|0.0|0.0|0.0|1.0|0.0|1.0|0.0|good
1.5636242820892816|1.3495182079314574|-1.248101918828868|0.0|0.0|1.0|0.0|0.0|0.0|0.0|0.0|1.0|0.0|0.0|1.0|0.0|0.0|0.0|0.0|0.0|0.0|1.0|0.0|0.0|1.0|0.0|0.0|0.0|1.0|0.0|1.0|0.0|0.0|bad
-1.3843852995270112|-0.6506884202181283|0.8774122481140271|0.0|0.0|0.0|1.0|0.0|0.0|1.0|0.0|0.0|0.0|0.0|1.0|0.0|0.0|0.0|0.0|0.0|0.0|1.0|0.0|1.0|0.0|0.0|0.0|0.0|1.0|0.0|1.0|0.0|0.0|good
-1.3843852995270112|-0.27995464612828275|0.13348228968401382|1.0|0.0|0.0|0.0|0.0|0.0|1.0|0.0|0.0|0.0|0.0|0.0|0.0|0.0|1.0|0.0|0.0|0.0|1.0|0.0|0.0|0.0|1.0|0.0|0.0|1.0|0.0|1.0|0.0|0.0|good
0.3844204494427645|-0.27995464612828275|-0.1853448353574204|1.0|0.0|0.0|0.0|0.0|0.0|0.0|0.0|0.0|1.0|0.0|0.0|0.0|0.0|1.0|0.0|0.0|0.0|1.0|0.0|0.0|1.0|0.0|1.0|0.0|0.0|0.0|0.0|0.0|1.0|good
-0.20518146688049407|0.020211405935353553|-1.1418262104817232|1.0|0.0|0.0|0.0|0.0|0.0|0.0|1.0|0.0|0.0|0.0|0.0|0.0|0.0|1.0|0.0|0.0|0.0|1.0|0.0|1.0|0.0|0.0|0.0|0.0|1.0|0.0|1.0|0.0|0.0|bad
-0.20518146688049407|1.3468170511074875|1.9401693315854747|0.0|0.0|1.0|0.0|0.0|0.0|0.0|1.0|0.0|0.0|0.0|0.0|0.0|0.0|1.0|0.0|0.0|0.0|1.0|0.0|1.0|0.0|0.0|0.0|0.0|1.0|0.0|0.0|1.0|0.0|bad
0.3844204494427645|0.12082949762822602|-0.1853448353574204|0.0|0.0|0.0|0.0|1.0|0.0|0.0|0.0|0.0|0.0|1.0|0.0|1.0|0.0|0.0|0.0|0.0|0.0|1.0|0.0|1.0|0.0|0.0|0.0|0.0|1.0|0.0|1.0|0.0|0.0|good
-0.20518146688049407|-0.6810764344877878|-0.1853448353574204|1.0|0.0|0.0|0.0|0.0|0.0|1.0|0.0|0.0|0.0|0.0|0.0|1.0|0.0|0.0|0.0|0.0|0.0|1.0|0.0|0.0|0.0|1.0|0.0|0.0|1.0|0.0|0.0|1.0|0.0|good
-0.20518146688049407|-0.27995464612828275|-0.1853448353574204|0.0|0.0|0.0|0.0|1.0|0.0|0.0|1.0|0.0|0.0|0.0|0.0|0.0|0.0|1.0|0.0|0.0|0.0|1.0|0.0|0.0|1.0|0.0|0.0|0.0|1.0|0.0|0.0|0.0|1.0|good
-0.49998242504212337|-0.5396033458323731|-0.3978962520517099|0.0|0.0|0.0|0.0|1.0|0.0|0.0|1.0|0.0|0.0|0.0|0.0|0.0|0.0|1.0|0.0|0.0|1.0|0.0|0.0|1.0|0.0|0.0|0.0|0.0|1.0|0.0|1.0|0.0|0.0|good
-1.5809192716347642|-0.5493950393192634|-0.1853448353574204|0.0|0.0|0.0|0.0|1.0|0.0|1.0|0.0|0.0|0.0|0.0|1.0|0.0|0.0|0.0|0.0|0.0|0.0|1.0|0.0|0.0|1.0|0.0|0.0|0.0|0.0|1.0|0.0|1.0|0.0|good
-0.20518146688049407|-0.27961700152528657|-0.3978962520517099|0.0|0.0|0.0|0.0|1.0|0.0|0.0|1.0|0.0|0.0|0.0|0.0|0.0|0.0|1.0|0.0|0.0|0.0|1.0|0.0|1.0|0.0|0.0|0.0|0.0|1.0|0.0|1.0|0.0|0.0|bad
-1.3843852995270112|-0.8333541504390813|0.6648608314197376|0.0|0.0|0.0|1.0|0.0|0.0|1.0|0.0|0.0|0.0|0.0|0.0|0.0|0.0|1.0|0.0|0.0|0.0|1.0|0.0|1.0|0.0|0.0|1.0|0.0|0.0|0.0|0.0|0.0|1.0|good
-0.20518146688049407|-0.2894086950121768|-0.2916205437045652|0.0|0.0|0.0|0.0|1.0|0.0|0.0|0.0|0.0|0.0|1.0|0.0|0.0|0.0|1.0|1.0|0.0|0.0|0.0|0.0|1.0|0.0|0.0|1.0|0.0|0.0|0.0|0.0|1.0|0.0|good
-0.49998242504212337|-0.27995464612828275|-0.7167233770931442|0.0|0.0|0.0|1.0|0.0|0.0|0.0|1.0|0.0|0.0|0.0|0.0|1.0|0.0|0.0|0.0|0.0|0.0|1.0|0.0|1.0|0.0|0.0|0.0|0.0|1.0|0.0|1.0|0.0|0.0|bad
-0.7947833832037526|-0.5493950393192634|-0.1853448353574204|1.0|0.0|0.0|0.0|0.0|0.0|0.0|1.0|0.0|0.0|0.0|0.0|0.0|1.0|0.0|0.0|0.0|0.0|0.0|1.0|1.0|0.0|0.0|1.0|0.0|0.0|0.0|1.0|0.0|0.0|good
0.3844204494427645|-0.6142228030945369|-0.1853448353574204|1.0|0.0|0.0|0.0|0.0|0.0|0.0|0.0|0.0|0.0|1.0|0.0|0.0|1.0|0.0|0.0|0.0|0.0|1.0|0.0|1.0|0.0|0.0|1.0|0.0|0.0|0.0|1.0|0.0|0.0|good
0.3844204494427645|-0.27995464612828275|-1.0355505021345783|0.0|0.0|0.0|0.0|1.0|0.0|0.0|1.0|0.0|0.0|0.0|0.0|0.0|0.0|1.0|0.0|0.0|0.0|1.0|0.0|0.0|0.0|1.0|0.0|0.0|1.0|0.0|0.0|0.0|1.0|good
-0.20518146688049407|-0.27387704327435086|-0.1853448353574204|0.0|0.0|0.0|0.0|1.0|0.0|0.0|0.0|1.0|0.0|0.0|0.0|0.0|0.0|1.0|0.0|0.0|0.0|1.0|0.0|1.0|0.0|0.0|0.0|0.0|1.0|0.0|1.0|0.0|0.0|bad
-1.3843852995270112|-0.27995464612828275|4.278234915222659|0.0|0.0|0.0|1.0|0.0|0.0|0.0|1.0|0.0|0.0|0.0|0.0|1.0|0.0|0.0|0.0|0.0|1.0|0.0|0.0|1.0|0.0|0.0|0.0|0.0|1.0|0.0|1.0|0.0|0.0|good
-0.20518146688049407|0.16269742839975684|0.23975799803115858|0.0|0.0|1.0|0.0|0.0|0.0|0.0|0.0|0.0|1.0|0.0|0.0|1.0|0.0|0.0|0.0|0.0|0.0|0.0|1.0|1.0|0.0|0.0|0.0|0.0|1.0|0.0|1.0|0.0|0.0|good
2.742828114735799|-0.27995464612828275|-0.1853448353574204|0.0|0.0|0.0|1.0|0.0|0.0|0.0|0.0|0.0|1.0|0.0|0.0|0.0|0.0|1.0|0.0|0.0|0.0|1.0|0.0|1.0|0.0|0.0|0.0|1.0|0.0|0.0|1.0|0.0|0.0|bad
-0.20518146688049407|-0.02739648308711295|-0.1853448353574204|0.0|0.0|1.0|0.0|0.0|0.0|1.0|0.0|0.0|0.0|0.0|0.0|1.0|0.0|0.0|0.0|0.0|0.0|0.0|1.0|1.0|0.0|0.0|0.0|0.0|0.0|1.0|1.0|0.0|0.0|good
-0.7947833832037526|-0.5389280566263807|-1.248101918828868|0.0|0.0|0.0|0.0|1.0|0.0|1.0|0.0|0.0|0.0|0.0|0.0|0.0|1.0|0.0|0.0|0.0|0.0|1.0|0.0|1.0|0.0|0.0|0.0|0.0|1.0|0.0|1.0|0.0|0.0|bad
0.3844204494427645|-0.27995464612828275|2.684099290015488|0.0|0.0|0.0|1.0|0.0|0.0|0.0|0.0|0.0|1.0|0.0|0.0|0.0|0.0|1.0|0.0|0.0|0.0|1.0|0.0|1.0|0.0|0.0|0.0|0.0|1.0|0.0|1.0|0.0|0.0|good
-0.20518146688049407|1.0871683514033972|-0.3978962520517099|1.0|0.0|0.0|0.0|0.0|0.0|0.0|0.0|0.0|1.0|0.0|1.0|0.0|0.0|0.0|0.0|0.0|0.0|1.0|0.0|1.0|0.0|0.0|1.0|0.0|0.0|0.0|0.0|0.0|1.0|bad
-0.20518146688049407|-0.08986073464141298|-0.07906912701027567|0.0|0.0|1.0|0.0|0.0|0.0|0.0|1.0|0.0|0.0|0.0|0.0|0.0|0.0|1.0|1.0|0.0|0.0|0.0|0.0|1.0|0.0|0.0|1.0|0.0|0.0|0.0|1.0|0.0|0.0|bad
-0.7947833832037526|-0.27995464612828275|2.7903749983626325|0.0|0.0|0.0|1.0|0.0|0.0|0.0|0.0|0.0|1.0|0.0|0.0|0.0|0.0|1.0|0.0|0.0|0.0|1.0|0.0|1.0|0.0|0.0|0.0|0.0|1.0|0.0|1.0|0.0|0.0|good
0.3844204494427645|-0.6067946218286202|0.8774122481140271|0.0|0.0|0.0|1.0|0.0|0.0|0.0|1.0|0.0|0.0|0.0|0.0|0.0|0.0|1.0|0.0|0.0|0.0|0.0|1.0|0.0|1.0|0.0|0.0|0.0|1.0|0.0|1.0|0.0|0.0|bad
-0.20518146688049407|-0.37415749036422713|0.23975799803115858|0.0|0.0|0.0|1.0|0.0|0.0|0.0|1.0|0.0|0.0|0.0|1.0|0.0|0.0|0.0|0.0|0.0|0.0|1.0|0.0|1.0|0.0|0.0|1.0|0.0|0.0|0.0|1.0|0.0|0.0|good
-0.20518146688049407|-0.5328504537724488|-0.2916205437045652|1.0|0.0|0.0|0.0|0.0|0.0|0.0|1.0|0.0|0.0|0.0|0.0|0.0|0.0|1.0|1.0|0.0|0.0|0.0|0.0|1.0|0.0|0.0|0.0|0.0|1.0|0.0|0.0|1.0|0.0|good
-0.7947833832037526|-0.8455093561469451|-0.1853448353574204|0.0|0.0|0.0|0.0|1.0|0.0|0.0|1.0|0.0|0.0|0.0|0.0|1.0|0.0|0.0|0.0|0.0|0.0|1.0|0.0|1.0|0.0|0.0|0.0|0.0|0.0|1.0|1.0|0.0|0.0|bad
2.742828114735799|-0.27995464612828275|0.02720658133686908|0.0|0.0|0.0|0.0|0.0|1.0|0.0|0.0|0.0|0.0|1.0|0.0|0.0|0.0|1.0|0.0|0.0|0.0|1.0|0.0|0.0|0.0|1.0|0.0|0.0|1.0|0.0|0.0|0.0|1.0|good
-0.7947833832037526|-0.7205808530383451|-1.248101918828868|0.0|0.0|0.0|0.0|1.0|0.0|0.0|0.0|0.0|0.0|1.0|1.0|0.0|0.0|0.0|0.0|0.0|0.0|0.0|1.0|0.0|1.0|0.0|0.0|0.0|1.0|0.0|0.0|0.0|1.0|good
-1.3843852995270112|-0.465996822379198|1.0899636648083166|0.0|0.0|0.0|0.0|1.0|0.0|0.0|0.0|0.0|1.0|0.0|0.0|0.0|0.0|1.0|0.0|0.0|0.0|0.0|1.0|1.0|0.0|0.0|0.0|0.0|0.0|1.0|0.0|1.0|0.0|good
2.742828114735799|1.3062996987479416|-0.07906912701027567|0.0|0.0|0.0|0.0|1.0|0.0|0.0|0.0|0.0|0.0|1.0|0.0|0.0|0.0|1.0|0.0|0.0|0.0|1.0|0.0|0.0|1.0|0.0|0.0|0.0|1.0|0.0|0.0|0.0|1.0|bad
-0.7947833832037526|-0.38327389464512496|-0.8229990854402889|0.0|0.0|0.0|1.0|0.0|0.0|0.0|0.0|1.0|0.0|0.0|0.0|0.0|0.0|1.0|0.0|0.0|0.0|0.0|1.0|1.0|0.0|0.0|0.0|0.0|1.0|0.0|1.0|0.0|0.0|good
-1.089584341365382|-0.27995464612828275|-0.1853448353574204|1.0|0.0|0.0|0.0|0.0|0.0|0.0|0.0|0.0|0.0|1.0|0.0|1.0|0.0|0.0|0.0|0.0|0.0|0.0|1.0|0.0|1.0|0.0|0.0|1.0|0.0|0.0|1.0|0.0|0.0|good
-0.7947833832037526|-0.6074699110346127|-1.3543776271760126|0.0|0.0|0.0|0.0|1.0|0.0|0.0|1.0|0.0|0.0|0.0|0.0|0.0|0.0|1.0|0.0|0.0|0.0|1.0|0.0|1.0|0.0|0.0|0.0|0.0|1.0|0.0|1.0|0.0|0.0|bad
-0.20518146688049407|-0.27995464612828275|-0.7167233770931442|0.0|0.0|0.0|1.0|0.0|0.0|1.0|0.0|0.0|0.0|0.0|0.0|1.0|0.0|0.0|0.0|0.0|1.0|0.0|0.0|0.0|1.0|0.0|0.0|0.0|1.0|0.0|1.0|0.0|0.0|bad
0.08961949128113521|0.6323610711674937|-0.6104476687459994|0.0|0.0|0.0|0.0|1.0|0.0|0.0|1.0|0.0|0.0|0.0|1.0|0.0|0.0|0.0|0.0|0.0|0.0|1.0|0.0|0.0|1.0|0.0|0.0|0.0|1.0|0.0|0.0|0.0|1.0|bad
-0.20518146688049407|-0.27995464612828275|-0.8229990854402889|0.0|0.0|1.0|0.0|0.0|0.0|0.0|0.0|0.0|0.0|1.0|0.0|0.0|0.0|1.0|0.0|0.0|0.0|0.0|1.0|1.0|0.0|0.0|1.0|0.0|0.0|0.0|1.0|0.0|0.0|bad
-0.20518146688049407|-0.27995464612828275|-0.1853448353574204|0.0|0.0|1.0|0.0|0.0|0.0|0.0|0.0|1.0|0.0|0.0|0.0|0.0|0.0|1.0|0.0|0.0|0.0|0.0|1.0|0.0|1.0|0.0|0.0|0.0|0.0|1.0|0.0|0.0|1.0|bad
-0.20518146688049407|-0.05609627434179134|-0.1853448353574204|0.0|0.0|0.0|0.0|0.0|1.0|0.0|0.0|0.0|1.0|0.0|0.0|0.0|0.0|1.0|0.0|0.0|0.0|1.0|0.0|1.0|0.0|0.0|0.0|0.0|1.0|0.0|0.0|1.0|0.0|good
-0.20518146688049407|-0.5348763213904261|-1.1418262104817232|0.0|0.0|0.0|0.0|1.0|0.0|0.0|0.0|0.0|0.0|1.0|0.0|0.0|0.0|1.0|0.0|0.0|0.0|1.0|0.0|1.0|0.0|0.0|0.0|0.0|0.0|1.0|1.0|0.0|0.0|bad
-1.3843852995270112|-0.8262636137761609|-0.1853448353574204|0.0|0.0|0.0|0.0|1.0|0.0|0.0|0.0|1.0|0.0|0.0|0.0|1.0|0.0|0.0|1.0|0.0|0.0|0.0|0.0|1.0|0.0|0.0|0.0|0.0|1.0|0.0|1.0|0.0|0.0|good
1.5636242820892816|3.126204108897548|-0.1853448353574204|0.0|0.0|0.0|1.0|0.0|0.0|0.0|1.0|0.0|0.0|0.0|1.0|0.0|0.0|0.0|0.0|0.0|0.0|1.0|0.0|1.0|0.0|0.0|0.0|0.0|1.0|0.0|1.0|0.0|0.0|bad
0.3844204494427645|-0.27995464612828275|0.23975799803115858|0.0|1.0|0.0|0.0|0.0|0.0|0.0|1.0|0.0|0.0|0.0|0.0|0.0|0.0|1.0|0.0|0.0|0.0|1.0|0.0|1.0|0.0|0.0|1.0|0.0|0.0|0.0|1.0|0.0|0.0|good
0.3844204494427645|-0.5325128091694526|-1.248101918828868|0.0|0.0|0.0|0.0|1.0|0.0|0.0|0.0|0.0|0.0|1.0|0.0|1.0|0.0|0.0|0.0|1.0|0.0|0.0|0.0|0.0|1.0|0.0|1.0|0.0|0.0|0.0|1.0|0.0|0.0|good
-0.7947833832037526|-0.5936264823117677|-0.1853448353574204|0.0|0.0|0.0|1.0|0.0|0.0|0.0|0.0|0.0|0.0|1.0|0.0|0.0|0.0|1.0|0.0|0.0|1.0|0.0|0.0|1.0|0.0|0.0|0.0|0.0|1.0|0.0|0.0|0.0|1.0|bad
0.3844204494427645|-0.27995464612828275|-0.07906912701027567|0.0|0.0|0.0|0.0|1.0|0.0|0.0|0.0|0.0|1.0|0.0|0.0|0.0|0.0|1.0|0.0|1.0|0.0|0.0|0.0|1.0|0.0|0.0|0.0|0.0|1.0|0.0|1.0|0.0|0.0|good
-0.20518146688049407|-0.27995464612828275|0.6648608314197376|0.0|0.0|0.0|0.0|1.0|0.0|1.0|0.0|0.0|0.0|0.0|0.0|0.0|0.0|1.0|1.0|0.0|0.0|0.0|0.0|0.0|1.0|0.0|0.0|0.0|1.0|0.0|1.0|0.0|0.0|good
-0.20518146688049407|1.2249273494258535|-0.1853448353574204|0.0|0.0|0.0|0.0|1.0|0.0|0.0|1.0|0.0|0.0|0.0|0.0|1.0|0.0|0.0|0.0|1.0|0.0|0.0|0.0|1.0|0.0|0.0|0.0|0.0|1.0|0.0|0.0|0.0|1.0|bad
-0.20518146688049407|-0.27995464612828275|-1.248101918828868|0.0|0.0|1.0|0.0|0.0|0.0|0.0|1.0|0.0|0.0|0.0|0.0|1.0|0.0|0.0|0.0|0.0|0.0|1.0|0.0|1.0|0.0|0.0|1.0|0.0|0.0|0.0|0.0|0.0|1.0|bad
-0.20518146688049407|0.9534610886168955|0.34603370637830333|0.0|0.0|0.0|0.0|1.0|0.0|0.0|0.0|0.0|0.0|1.0|0.0|0.0|0.0|1.0|0.0|0.0|0.0|0.0|1.0|1.0|0.0|0.0|0.0|0.0|1.0|0.0|1.0|0.0|0.0|good
0.3844204494427645|-0.27995464612828275|-0.9292747937874336|0.0|0.0|0.0|0.0|0.0|1.0|0.0|1.0|0.0|0.0|0.0|0.0|0.0|0.0|1.0|0.0|0.0|0.0|1.0|0.0|1.0|0.0|0.0|1.0|0.0|0.0|0.0|1.0|0.0|0.0|good
-0.49998242504212337|-0.7847333276076262|-0.1853448353574204|0.0|1.0|0.0|0.0|0.0|0.0|0.0|1.0|0.0|0.0|0.0|0.0|1.0|0.0|0.0|0.0|0.0|0.0|1.0|0.0|1.0|0.0|0.0|1.0|0.0|0.0|0.0|1.0|0.0|0.0|good
-0.20518146688049407|-0.6915434171806705|-0.1853448353574204|0.0|0.0|0.0|0.0|1.0|0.0|0.0|0.0|0.0|1.0|0.0|0.0|0.0|0.0|1.0|0.0|0.0|0.0|1.0|0.0|1.0|0.0|0.0|0.0|0.0|0.0|1.0|1.0|0.0|0.0|good
-0.49998242504212337|-0.27995464612828275|-1.1418262104817232|0.0|0.0|1.0|0.0|0.0|0.0|0.0|0.0|0.0|0.0|1.0|0.0|1.0|0.0|0.0|0.0|0.0|0.0|1.0|0.0|0.0|1.0|0.0|0.0|0.0|1.0|0.0|0.0|0.0|1.0|good
-0.7947833832037526|-0.27995464612828275|-0.8229990854402889|0.0|0.0|0.0|0.0|1.0|0.0|0.0|0.0|0.0|0.0|1.0|0.0|0.0|0.0|1.0|1.0|0.0|0.0|0.0|0.0|1.0|0.0|0.0|0.0|0.0|1.0|0.0|1.0|0.0|0.0|good
0.3844204494427645|-0.27995464612828275|-0.1853448353574204|0.0|0.0|0.0|0.0|1.0|0.0|1.0|0.0|0.0|0.0|0.0|0.0|1.0|0.0|0.0|0.0|1.0|0.0|0.0|0.0|0.0|1.0|0.0|0.0|0.0|1.0|0.0|0.0|0.0|1.0|good
1.5636242820892816|-0.27995464612828275|-0.8229990854402889|0.0|0.0|0.0|1.0|0.0|0.0|0.0|0.0|1.0|0.0|0.0|0.0|0.0|0.0|1.0|0.0|0.0|0.0|1.0|0.0|0.0|1.0|0.0|0.0|0.0|1.0|0.0|1.0|0.0|0.0|bad
-0.20518146688049407|-0.27995464612828275|-0.1853448353574204|0.0|0.0|0.0|0.0|1.0|0.0|0.0|0.0|1.0|0.0|0.0|0.0|0.0|1.0|0.0|0.0|0.0|0.0|1.0|0.0|0.0|0.0|1.0|0.0|0.0|0.0|1.0|1.0|0.0|0.0|good
-0.20518146688049407|-0.7003221768585721|-0.1853448353574204|1.0|0.0|0.0|0.0|0.0|0.0|0.0|0.0|0.0|1.0|0.0|0.0|0.0|0.0|1.0|0.0|0.0|0.0|1.0|0.0|0.0|1.0|0.0|0.0|0.0|1.0|0.0|1.0|0.0|0.0|bad
-0.20518146688049407|-0.0020731378623967253|1.5150664981968955|0.0|0.0|0.0|1.0|0.0|0.0|1.0|0.0|0.0|0.0|0.0|0.0|0.0|0.0|1.0|0.0|0.0|0.0|1.0|0.0|0.0|1.0|0.0|0.0|0.0|1.0|0.0|0.0|0.0|1.0|good
-0.20518146688049407|-0.27995464612828275|-0.9292747937874336|0.0|0.0|1.0|0.0|0.0|0.0|0.0|1.0|0.0|0.0|0.0|0.0|1.0|0.0|0.0|0.0|1.0|0.0|0.0|0.0|1.0|0.0|0.0|0.0|0.0|1.0|0.0|1.0|0.0|0.0|good
-0.20518146688049407|-0.2519301440795968|-0.1853448353574204|0.0|0.0|0.0|0.0|1.0|0.0|0.0|0.0|1.0|0.0|0.0|0.0|0.0|0.0|1.0|1.0|0.0|0.0|0.0|0.0|1.0|0.0|0.0|0.0|0.0|1.0|0.0|0.0|0.0|1.0|bad
-0.7947833832037526|-0.3366789394316471|-0.1853448353574204|0.0|0.0|0.0|1.0|0.0|0.0|0.0|0.0|0.0|1.0|0.0|0.0|1.0|0.0|0.0|0.0|0.0|0.0|1.0|0.0|0.0|0.0|1.0|0.0|1.0|0.0|0.0|1.0|0.0|0.0|good
-0.20518146688049407|-0.27995464612828275|-0.1853448353574204|0.0|0.0|1.0|0.0|0.0|0.0|1.0|0.0|0.0|0.0|0.0|1.0|0.0|0.0|0.0|0.0|0.0|0.0|1.0|0.0|1.0|0.0|0.0|1.0|0.0|0.0|0.0|0.0|0.0|1.0|bad
-1.089584341365382|-0.11180763383616704|0.13348228968401382|0.0|0.0|0.0|1.0|0.0|0.0|0.0|1.0|0.0|0.0|0.0|0.0|0.0|0.0|1.0|0.0|1.0|0.0|0.0|0.0|1.0|0.0|0.0|0.0|0.0|1.0|0.0|0.0|1.0|0.0|good
-0.7947833832037526|-0.6216509843604537|-0.1853448353574204|0.0|0.0|1.0|0.0|0.0|0.0|1.0|0.0|0.0|0.0|0.0|0.0|0.0|0.0|1.0|1.0|0.0|0.0|0.0|0.0|0.0|0.0|1.0|1.0|0.0|0.0|0.0|1.0|0.0|0.0|good
-0.20518146688049407|-0.6459613957761813|-0.1853448353574204|0.0|0.0|0.0|0.0|1.0|0.0|0.0|1.0|0.0|0.0|0.0|0.0|0.0|1.0|0.0|0.0|0.0|1.0|0.0|0.0|1.0|0.0|0.0|0.0|0.0|1.0|0.0|1.0|0.0|0.0|bad
-0.7947833832037526|-0.2985250992930747|2.684099290015488|0.0|0.0|1.0|0.0|0.0|0.0|0.0|1.0|0.0|0.0|0.0|1.0|0.0|0.0|0.0|0.0|0.0|0.0|1.0|0.0|1.0|0.0|0.0|0.0|0.0|1.0|0.0|0.0|0.0|1.0|bad
-0.7947833832037526|-0.9268817054690333|2.471547873321198|1.0|0.0|0.0|0.0|0.0|0.0|0.0|1.0|0.0|0.0|0.0|0.0|0.0|0.0|1.0|0.0|0.0|0.0|1.0|0.0|1.0|0.0|0.0|0.0|0.0|0.0|1.0|1.0|0.0|0.0|good
-0.20518146688049407|-0.27995464612828275|0.7711365397668823|0.0|0.0|0.0|1.0|0.0|0.0|0.0|1.0|0.0|0.0|0.0|0.0|0.0|0.0|1.0|0.0|0.0|0.0|1.0|0.0|1.0|0.0|0.0|0.0|0.0|1.0|0.0|1.0|0.0|0.0|good
0.08961949128113521|-0.27995464612828275|-0.1853448353574204|0.0|1.0|0.0|0.0|0.0|0.0|1.0|0.0|0.0|0.0|0.0|0.0|1.0|0.0|0.0|0.0|0.0|0.0|1.0|0.0|1.0|0.0|0.0|0.0|0.0|0.0|1.0|1.0|0.0|0.0|good
0.3844204494427645|-0.27995464612828275|-0.1853448353574204|0.0|0.0|0.0|0.0|1.0|0.0|0.0|1.0|0.0|0.0|0.0|0.0|0.0|0.0|1.0|0.0|0.0|0.0|1.0|0.0|1.0|0.0|0.0|0.0|0.0|0.0|1.0|1.0|0.0|0.0|bad
-0.20518146688049407|-0.5983535067537148|0.5585851230725928|0.0|0.0|0.0|0.0|1.0|0.0|0.0|0.0|0.0|1.0|0.0|0.0|0.0|0.0|1.0|0.0|0.0|0.0|0.0|1.0|0.0|0.0|1.0|0.0|0.0|1.0|0.0|1.0|0.0|0.0|bad
-0.20518146688049407|-0.7425277522330992|-0.2916205437045652|1.0|0.0|0.0|0.0|0.0|0.0|0.0|1.0|0.0|0.0|0.0|0.0|1.0|0.0|0.0|1.0|0.0|0.0|0.0|0.0|1.0|0.0|0.0|0.0|0.0|0.0|1.0|0.0|0.0|1.0|bad
0.3844204494427645|-0.5699913601020327|-0.1853448353574204|1.0|0.0|0.0|0.0|0.0|0.0|0.0|0.0|0.0|0.0|1.0|0.0|1.0|0.0|0.0|0.0|0.0|0.0|0.0|1.0|0.0|1.0|0.0|0.0|0.0|1.0|0.0|1.0|0.0|0.0|bad
-0.20518146688049407|0.37507588368437694|-0.1853448353574204|0.0|1.0|0.0|0.0|0.0|0.0|0.0|1.0|0.0|0.0|0.0|0.0|0.0|0.0|1.0|0.0|0.0|0.0|0.0|1.0|1.0|0.0|0.0|0.0|0.0|0.0|1.0|1.0|0.0|0.0|bad
-0.20518146688049407|-0.27995464612828275|-0.1853448353574204|0.0|0.0|0.0|0.0|1.0|0.0|0.0|0.0|0.0|0.0|1.0|0.0|0.0|0.0|1.0|0.0|1.0|0.0|0.0|0.0|1.0|0.0|0.0|0.0|0.0|1.0|0.0|0.0|0.0|1.0|bad
0.3844204494427645|0.24744622375180714|-0.1853448353574204|0.0|1.0|0.0|0.0|0.0|0.0|0.0|1.0|0.0|0.0|0.0|0.0|0.0|0.0|1.0|0.0|0.0|0.0|1.0|0.0|1.0|0.0|0.0|0.0|0.0|1.0|0.0|1.0|0.0|0.0|good
-1.2861183134731349|-0.27995464612828275|-0.1853448353574204|1.0|0.0|0.0|0.0|0.0|0.0|0.0|0.0|1.0|0.0|0.0|1.0|0.0|0.0|0.0|1.0|0.0|0.0|0.0|0.0|1.0|0.0|0.0|0.0|0.0|1.0|0.0|1.0|0.0|0.0|good
-0.20518146688049407|-0.74691713207205|-0.1853448353574204|0.0|0.0|0.0|0.0|1.0|0.0|0.0|1.0|0.0|0.0|0.0|0.0|0.0|0.0|1.0|0.0|0.0|0.0|1.0|0.0|1.0|0.0|0.0|0.0|0.0|1.0|0.0|1.0|0.0|0.0|bad
-0.20518146688049407|-0.27995464612828275|-0.1853448353574204|0.0|0.0|0.0|0.0|1.0|0.0|0.0|0.0|0.0|0.0|1.0|0.0|0.0|0.0|1.0|0.0|0.0|0.0|1.0|0.0|0.0|0.0|1.0|0.0|0.0|0.0|1.0|1.0|0.0|0.0|bad
-0.20518146688049407|-0.27995464612828275|-0.1853448353574204|0.0|0.0|0.0|0.0|1.0|0.0|0.0|1.0|0.0|0.0|0.0|0.0|0.0|0.0|1.0|0.0|1.0|0.0|0.0|0.0|1.0|0.0|0.0|0.0|0.0|1.0|0.0|1.0|0.0|0.0|bad
-0.20518146688049407|-0.6263780088024007|-1.248101918828868|1.0|0.0|0.0|0.0|0.0|0.0|0.0|0.0|1.0|0.0|0.0|0.0|0.0|0.0|1.0|0.0|1.0|0.0|0.0|0.0|1.0|0.0|0.0|0.0|0.0|1.0|0.0|1.0|0.0|0.0|good
0.3844204494427645|-0.10201594034927676|-0.1853448353574204|0.0|0.0|1.0|0.0|0.0|0.0|0.0|1.0|0.0|0.0|0.0|0.0|0.0|0.0|1.0|0.0|0.0|0.0|1.0|0.0|0.0|0.0|1.0|0.0|0.0|1.0|0.0|0.0|0.0|1.0|good
0.3844204494427645|-0.27995464612828275|4.171959206875514|0.0|1.0|0.0|0.0|0.0|0.0|0.0|1.0|0.0|0.0|0.0|0.0|0.0|0.0|1.0|0.0|0.0|0.0|1.0|0.0|1.0|0.0|0.0|0.0|1.0|0.0|0.0|1.0|0.0|0.0|good
-0.20518146688049407|-0.27995464612828275|-0.1853448353574204|0.0|0.0|0.0|0.0|1.0|0.0|0.0|1.0|0.0|0.0|0.0|0.0|1.0|0.0|0.0|0.0|0.0|0.0|1.0|0.0|1.0|0.0|0.0|1.0|0.0|0.0|0.0|1.0|0.0|0.0|bad
-0.20518146688049407|-0.36436579687733683|-0.1853448353574204|0.0|0.0|0.0|0.0|1.0|0.0|0.0|0.0|1.0|0.0|0.0|0.0|0.0|0.0|1.0|1.0|0.0|0.0|0.0|0.0|1.0|0.0|0.0|0.0|0.0|1.0|0.0|1.0|0.0|0.0|good
-0.49998242504212337|-0.6179368937274954|1.0899636648083166|0.0|0.0|0.0|0.0|0.0|1.0|0.0|1.0|0.0|0.0|0.0|0.0|0.0|0.0|1.0|0.0|0.0|0.0|1.0|0.0|1.0|0.0|0.0|0.0|0.0|1.0|0.0|1.0|0.0|0.0|good
-0.7947833832037526|5.197991392882331|-1.3543776271760126|0.0|0.0|0.0|0.0|1.0|0.0|1.0|0.0|0.0|0.0|0.0|1.0|0.0|0.0|0.0|0.0|0.0|1.0|0.0|0.0|1.0|0.0|0.0|0.0|0.0|1.0|0.0|1.0|0.0|0.0|bad
-0.9913173553115056|-0.6381955699072683|1.408790789849751|0.0|0.0|0.0|1.0|0.0|0.0|0.0|1.0|0.0|0.0|0.0|0.0|0.0|0.0|1.0|0.0|0.0|0.0|1.0|0.0|1.0|0.0|0.0|0.0|0.0|0.0|1.0|1.0|0.0|0.0|bad
-0.20518146688049407|-0.27995464612828275|-0.6104476687459994|0.0|0.0|0.0|0.0|1.0|0.0|0.0|0.0|1.0|0.0|0.0|0.0|1.0|0.0|0.0|0.0|1.0|0.0|0.0|0.0|1.0|0.0|0.0|0.0|0.0|1.0|0.0|1.0|0.0|0.0|good
0.3844204494427645|0.16945032045968117|-0.1853448353574204|0.0|0.0|0.0|0.0|0.0|1.0|0.0|1.0|0.0|0.0|0.0|0.0|1.0|0.0|0.0|0.0|0.0|0.0|1.0|0.0|1.0|0.0|0.0|0.0|0.0|1.0|0.0|0.0|0.0|1.0|good
-0.20518146688049407|-0.27995464612828275|-1.3543776271760126|0.0|0.0|1.0|0.0|0.0|0.0|0.0|1.0|0.0|0.0|0.0|0.0|1.0|0.0|0.0|0.0|0.0|0.0|0.0|1.0|1.0|0.0|0.0|0.0|0.0|1.0|0.0|1.0|0.0|0.0|bad
-0.20518146688049407|3.063739857343248|-0.1853448353574204|1.0|0.0|0.0|0.0|0.0|0.0|1.0|0.0|0.0|0.0|0.0|0.0|0.0|0.0|1.0|0.0|1.0|0.0|0.0|0.0|0.0|0.0|1.0|0.0|0.0|1.0|0.0|1.0|0.0|0.0|good
3.922031947382316|2.0349367520137767|-0.1853448353574204|1.0|0.0|0.0|0.0|0.0|0.0|0.0|1.0|0.0|0.0|0.0|0.0|0.0|0.0|1.0|0.0|0.0|0.0|0.0|1.0|1.0|0.0|0.0|0.0|1.0|0.0|0.0|1.0|0.0|0.0|good
-0.20518146688049407|-0.27995464612828275|0.23975799803115858|0.0|0.0|0.0|1.0|0.0|0.0|0.0|1.0|0.0|0.0|0.0|0.0|0.0|0.0|1.0|0.0|0.0|0.0|1.0|0.0|0.0|0.0|1.0|0.0|0.0|1.0|0.0|0.0|0.0|1.0|good
0.9740223657660231|-0.27995464612828275|-1.4606533355231575|0.0|0.0|1.0|0.0|0.0|0.0|0.0|1.0|0.0|0.0|0.0|0.0|1.0|0.0|0.0|0.0|0.0|0.0|1.0|0.0|1.0|0.0|0.0|0.0|0.0|1.0|0.0|1.0|0.0|0.0|bad
-0.20518146688049407|-0.27995464612828275|1.5150664981968955|0.0|0.0|0.0|0.0|1.0|0.0|0.0|1.0|0.0|0.0|0.0|0.0|0.0|0.0|1.0|0.0|0.0|0.0|0.0|1.0|1.0|0.0|0.0|0.0|0.0|0.0|1.0|0.0|0.0|1.0|good
0.08961949128113521|0.1762032125196055|-0.8229990854402889|0.0|0.0|0.0|0.0|1.0|0.0|0.0|1.0|0.0|0.0|0.0|1.0|0.0|0.0|0.0|0.0|0.0|1.0|0.0|0.0|0.0|1.0|0.0|0.0|0.0|1.0|0.0|0.0|0.0|1.0|good
-0.20518146688049407|-0.5402786350383656|-0.2916205437045652|0.0|0.0|0.0|0.0|1.0|0.0|0.0|1.0|0.0|0.0|0.0|0.0|0.0|0.0|1.0|0.0|1.0|0.0|0.0|0.0|0.0|1.0|0.0|0.0|0.0|1.0|0.0|0.0|0.0|1.0|bad
2.742828114735799|-0.27995464612828275|0.34603370637830333|0.0|1.0|0.0|0.0|0.0|0.0|0.0|1.0|0.0|0.0|0.0|1.0|0.0|0.0|0.0|0.0|0.0|0.0|1.0|0.0|1.0|0.0|0.0|0.0|0.0|1.0|0.0|1.0|0.0|0.0|bad
-0.20518146688049407|-0.27995464612828275|-0.1853448353574204|0.0|0.0|1.0|0.0|0.0|0.0|0.0|0.0|1.0|0.0|0.0|0.0|1.0|0.0|0.0|1.0|0.0|0.0|0.0|0.0|1.0|0.0|0.0|0.0|0.0|1.0|0.0|1.0|0.0|0.0|good
-0.20518146688049407|-0.27995464612828275|3.2154778317512114|0.0|0.0|0.0|0.0|1.0|0.0|0.0|1.0|0.0|0.0|0.0|0.0|0.0|0.0|1.0|0.0|0.0|0.0|1.0|0.0|1.0|0.0|0.0|0.0|0.0|1.0|0.0|1.0|0.0|0.0|bad
-0.20518146688049407|-0.38867620829306443|0.02720658133686908|1.0|0.0|0.0|0.0|0.0|0.0|0.0|0.0|0.0|1.0|0.0|0.0|0.0|0.0|1.0|0.0|1.0|0.0|0.0|0.0|1.0|0.0|0.0|0.0|0.0|1.0|0.0|0.0|0.0|1.0|good
-1.3843852995270112|-0.27995464612828275|0.6648608314197376|0.0|0.0|1.0|0.0|0.0|0.0|0.0|1.0|0.0|0.0|0.0|1.0|0.0|0.0|0.0|0.0|1.0|0.0|0.0|0.0|1.0|0.0|0.0|0.0|0.0|1.0|0.0|1.0|0.0|0.0|good
-1.089584341365382|-0.27995464612828275|-0.1853448353574204|0.0|0.0|0.0|1.0|0.0|0.0|0.0|0.0|0.0|0.0|1.0|0.0|0.0|0.0|1.0|0.0|0.0|0.0|0.0|1.0|1.0|0.0|0.0|0.0|0.0|1.0|0.0|1.0|0.0|0.0|bad
2.1532261984125403|0.30788460768812986|-0.1853448353574204|0.0|0.0|0.0|0.0|1.0|0.0|0.0|1.0|0.0|0.0|0.0|0.0|0.0|0.0|1.0|0.0|0.0|0.0|1.0|0.0|0.0|1.0|0.0|0.0|0.0|1.0|0.0|0.0|0.0|1.0|good
-1.089584341365382|0.23697924105892446|-0.1853448353574204|0.0|0.0|0.0|0.0|1.0|0.0|0.0|1.0|0.0|0.0|0.0|0.0|0.0|0.0|1.0|0.0|0.0|0.0|1.0|0.0|1.0|0.0|0.0|0.0|0.0|0.0|1.0|1.0|0.0|0.0|good
0.3844204494427645|-0.27995464612828275|-0.7167233770931442|0.0|0.0|0.0|0.0|1.0|0.0|0.0|1.0|0.0|0.0|0.0|1.0|0.0|0.0|0.0|0.0|0.0|0.0|1.0|0.0|0.0|0.0|1.0|0.0|0.0|1.0|0.0|1.0|0.0|0.0|good
-0.20518146688049407|-0.5325128091694526|0.9836879564611718|1.0|0.0|0.0|0.0|0.0|0.0|0.0|1.0|0.0|0.0|0.0|0.0|0.0|0.0|1.0|0.0|0.0|1.0|0.0|0.0|1.0|0.0|0.0|1.0|0.0|0.0|0.0|1.0|0.0|0.0|bad
-0.20518146688049407|-0.27995464612828275|-1.248101918828868|0.0|0.0|0.0|0.0|1.0|0.0|0.0|0.0|1.0|0.0|0.0|0.0|0.0|0.0|1.0|1.0|0.0|0.0|0.0|0.0|0.0|0.0|1.0|0.0|0.0|1.0|0.0|0.0|0.0|1.0|good
-1.089584341365382|-0.3883385636900682|-0.1853448353574204|1.0|0.0|0.0|0.0|0.0|0.0|0.0|1.0|0.0|0.0|0.0|0.0|0.0|0.0|1.0|0.0|0.0|0.0|1.0|0.0|0.0|1.0|0.0|1.0|0.0|0.0|0.0|1.0|0.0|0.0|bad
0.3844204494427645|-0.5993664405627034|-1.0355505021345783|0.0|0.0|0.0|1.0|0.0|0.0|0.0|1.0|0.0|0.0|0.0|1.0|0.0|0.0|0.0|0.0|0.0|0.0|0.0|1.0|0.0|0.0|1.0|0.0|0.0|1.0|0.0|1.0|0.0|0.0|bad
-0.20518146688049407|-0.5865359456488473|-0.1853448353574204|0.0|0.0|0.0|0.0|1.0|0.0|0.0|0.0|0.0|1.0|0.0|0.0|0.0|0.0|1.0|0.0|0.0|0.0|1.0|0.0|1.0|0.0|0.0|0.0|0.0|1.0|0.0|0.0|0.0|1.0|good
-0.20518146688049407|-0.5922759038997829|-0.7167233770931442|1.0|0.0|0.0|0.0|0.0|0.0|0.0|0.0|0.0|0.0|1.0|0.0|0.0|0.0|1.0|0.0|0.0|0.0|0.0|1.0|1.0|0.0|0.0|0.0|0.0|1.0|0.0|0.0|0.0|1.0|good
3.922031947382316|4.228276093077198|-0.1853448353574204|0.0|0.0|0.0|0.0|1.0|0.0|0.0|0.0|0.0|0.0|1.0|1.0|0.0|0.0|0.0|0.0|0.0|0.0|0.0|1.0|0.0|1.0|0.0|1.0|0.0|0.0|0.0|0.0|0.0|1.0|good
-0.20518146688049407|-0.5527714853492256|-0.1853448353574204|0.0|0.0|0.0|0.0|1.0|0.0|0.0|1.0|0.0|0.0|0.0|0.0|1.0|0.0|0.0|0.0|0.0|1.0|0.0|0.0|1.0|0.0|0.0|0.0|0.0|1.0|0.0|0.0|1.0|0.0|good
2.1532261984125403|0.41863203747088884|-0.9292747937874336|0.0|0.0|0.0|0.0|1.0|0.0|0.0|1.0|0.0|0.0|0.0|0.0|0.0|0.0|1.0|0.0|1.0|0.0|0.0|0.0|1.0|0.0|0.0|0.0|0.0|1.0|0.0|0.0|0.0|1.0|bad
-0.20518146688049407|-0.8036414253754143|-0.8229990854402889|0.0|0.0|0.0|0.0|1.0|0.0|0.0|1.0|0.0|0.0|0.0|0.0|1.0|0.0|0.0|0.0|0.0|0.0|1.0|0.0|1.0|0.0|0.0|0.0|0.0|1.0|0.0|1.0|0.0|0.0|bad
-0.20518146688049407|-0.27995464612828275|-0.1853448353574204|0.0|0.0|0.0|0.0|1.0|0.0|0.0|0.0|0.0|1.0|0.0|0.0|0.0|0.0|1.0|0.0|0.0|0.0|1.0|0.0|0.0|1.0|0.0|0.0|0.0|0.0|1.0|1.0|0.0|0.0|good
-0.20518146688049407|0.5040561220289316|-0.1853448353574204|0.0|0.0|0.0|0.0|1.0|0.0|1.0|0.0|0.0|0.0|0.0|0.0|0.0|0.0|1.0|0.0|1.0|0.0|0.0|0.0|1.0|0.0|0.0|0.0|1.0|0.0|0.0|1.0|0.0|0.0|bad
-0.20518146688049407|-0.43189471747658015|-0.1853448353574204|0.0|0.0|0.0|0.0|1.0|0.0|0.0|0.0|0.0|0.0|1.0|0.0|0.0|1.0|0.0|0.0|1.0|0.0|0.0|0.0|0.0|1.0|0.0|0.0|0.0|1.0|0.0|1.0|0.0|0.0|good
-0.20518146688049407|-0.42210302398968985|-0.2916205437045652|0.0|0.0|0.0|0.0|1.0|0.0|0.0|0.0|0.0|0.0|1.0|1.0|0.0|0.0|0.0|1.0|0.0|0.0|0.0|0.0|0.0|0.0|1.0|0.0|1.0|0.0|0.0|1.0|0.0|0.0|good
1.5636242820892816|1.63752905428723|-0.1853448353574204|0.0|0.0|0.0|0.0|1.0|0.0|0.0|0.0|1.0|0.0|0.0|0.0|0.0|0.0|1.0|0.0|0.0|0.0|0.0|1.0|1.0|0.0|0.0|0.0|0.0|1.0|0.0|1.0|0.0|0.0|bad
0.9740223657660231|0.4905503379090829|-0.2916205437045652|0.0|0.0|1.0|0.0|0.0|0.0|0.0|1.0|0.0|0.0|0.0|0.0|0.0|0.0|1.0|0.0|1.0|0.0|0.0|0.0|0.0|1.0|0.0|0.0|0.0|1.0|0.0|1.0|0.0|0.0|good
-0.20518146688049407|-0.5888994578698207|-0.9292747937874336|1.0|0.0|0.0|0.0|0.0|0.0|0.0|1.0|0.0|0.0|0.0|0.0|0.0|0.0|1.0|0.0|0.0|0.0|1.0|0.0|1.0|0.0|0.0|0.0|0.0|1.0|0.0|1.0|0.0|0.0|bad
0.3844204494427645|-0.7371254385851597|0.34603370637830333|0.0|0.0|0.0|1.0|0.0|0.0|0.0|0.0|0.0|0.0|1.0|0.0|0.0|0.0|1.0|0.0|0.0|0.0|1.0|0.0|0.0|0.0|1.0|0.0|0.0|1.0|0.0|0.0|1.0|0.0|bad
-0.7947833832037526|-0.8259259691731646|0.5585851230725928|1.0|0.0|0.0|0.0|0.0|0.0|0.0|1.0|0.0|0.0|0.0|0.0|0.0|0.0|1.0|0.0|0.0|0.0|1.0|0.0|1.0|0.0|0.0|0.0|0.0|1.0|0.0|0.0|1.0|0.0|bad
2.742828114735799|1.4673561743771368|1.6213422065440404|1.0|0.0|0.0|0.0|0.0|0.0|0.0|0.0|0.0|0.0|1.0|0.0|0.0|0.0|1.0|1.0|0.0|0.0|0.0|0.0|1.0|0.0|0.0|0.0|0.0|1.0|0.0|1.0|0.0|0.0|good
-0.7947833832037526|-0.27995464612828275|-0.1853448353574204|0.0|0.0|1.0|0.0|0.0|0.0|0.0|1.0|0.0|0.0|0.0|0.0|0.0|0.0|1.0|0.0|1.0|0.0|0.0|0.0|1.0|0.0|0.0|0.0|0.0|0.0|1.0|1.0|0.0|0.0|bad
0.3844204494427645|-0.27927935692229033|1.0899636648083166|0.0|0.0|0.0|1.0|0.0|0.0|0.0|0.0|0.0|1.0|0.0|1.0|0.0|0.0|0.0|1.0|0.0|0.0|0.0|0.0|1.0|0.0|0.0|0.0|0.0|1.0|0.0|1.0|0.0|0.0|bad
1.5636242820892816|-0.27995464612828275|-0.1853448353574204|0.0|0.0|0.0|1.0|0.0|0.0|1.0|0.0|0.0|0.0|0.0|1.0|0.0|0.0|0.0|0.0|0.0|0.0|1.0|0.0|0.0|0.0|1.0|0.0|1.0|0.0|0.0|1.0|0.0|0.0|bad
0.3844204494427645|-0.26476063899345303|0.02720658133686908|0.0|0.0|0.0|0.0|0.0|1.0|0.0|0.0|0.0|0.0|1.0|0.0|0.0|0.0|1.0|0.0|0.0|1.0|0.0|0.0|0.0|1.0|0.0|0.0|0.0|1.0|0.0|1.0|0.0|0.0|good
-0.5982494110959998|-0.27995464612828275|-1.3543776271760126|0.0|0.0|0.0|0.0|1.0|0.0|0.0|1.0|0.0|0.0|0.0|0.0|0.0|0.0|1.0|0.0|0.0|0.0|0.0|1.0|1.0|0.0|0.0|0.0|0.0|1.0|0.0|1.0|0.0|0.0|good
-0.20518146688049407|-0.27995464612828275|-0.1853448353574204|0.0|0.0|0.0|0.0|1.0|0.0|0.0|0.0|0.0|1.0|0.0|0.0|0.0|0.0|1.0|0.0|0.0|0.0|1.0|0.0|1.0|0.0|0.0|1.0|0.0|0.0|0.0|1.0|0.0|0.0|bad
-0.20518146688049407|2.394528254204747|0.23975799803115858|1.0|0.0|0.0|0.0|0.0|0.0|1.0|0.0|0.0|0.0|0.0|0.0|0.0|0.0|1.0|0.0|0.0|1.0|0.0|0.0|0.0|0.0|1.0|1.0|0.0|0.0|0.0|1.0|0.0|0.0|good
0.9740223657660231|0.3683229916244526|-0.7167233770931442|0.0|1.0|0.0|0.0|0.0|0.0|0.0|1.0|0.0|0.0|0.0|0.0|1.0|0.0|0.0|1.0|0.0|0.0|0.0|0.0|0.0|1.0|0.0|0.0|0.0|1.0|0.0|1.0|0.0|0.0|good
-0.20518146688049407|1.0908824420363556|0.6648608314197376|0.0|0.0|1.0|0.0|0.0|0.0|0.0|0.0|0.0|1.0|0.0|0.0|0.0|0.0|1.0|1.0|0.0|0.0|0.0|0.0|1.0|0.0|0.0|0.0|0.0|1.0|0.0|1.0|0.0|0.0|good
-0.7947833832037526|-0.27995464612828275|-0.1853448353574204|0.0|0.0|0.0|0.0|1.0|0.0|0.0|1.0|0.0|0.0|0.0|1.0|0.0|0.0|0.0|0.0|0.0|0.0|1.0|0.0|1.0|0.0|0.0|0.0|0.0|1.0|0.0|1.0|0.0|0.0|good
-0.7947833832037526|-0.7529947349259819|-1.248101918828868|1.0|0.0|0.0|0.0|0.0|0.0|0.0|1.0|0.0|0.0|0.0|0.0|0.0|1.0|0.0|0.0|1.0|0.0|0.0|0.0|1.0|0.0|0.0|0.0|0.0|1.0|0.0|1.0|0.0|0.0|bad
0.08961949128113521|-0.30021332230805575|1.6213422065440404|0.0|0.0|1.0|0.0|0.0|0.0|0.0|0.0|0.0|1.0|0.0|0.0|0.0|0.0|1.0|0.0|1.0|0.0|0.0|0.0|1.0|0.0|0.0|0.0|0.0|1.0|0.0|1.0|0.0|0.0|good
-0.20518146688049407|-0.27995464612828275|0.02720658133686908|0.0|0.0|1.0|0.0|0.0|0.0|0.0|1.0|0.0|0.0|0.0|0.0|0.0|0.0|1.0|1.0|0.0|0.0|0.0|0.0|0.0|1.0|0.0|1.0|0.0|0.0|0.0|1.0|0.0|0.0|good
-1.3843852995270112|-0.7033609782855381|1.6213422065440404|0.0|0.0|0.0|0.0|1.0|0.0|0.0|1.0|0.0|0.0|0.0|0.0|0.0|0.0|1.0|0.0|0.0|0.0|1.0|0.0|1.0|0.0|0.0|0.0|0.0|0.0|1.0|1.0|0.0|0.0|good
-0.20518146688049407|-0.27995464612828275|-0.8229990854402889|0.0|0.0|0.0|0.0|1.0|0.0|0.0|1.0|0.0|0.0|0.0|0.0|0.0|0.0|1.0|0.0|0.0|0.0|1.0|0.0|0.0|1.0|0.0|0.0|1.0|0.0|0.0|1.0|0.0|0.0|good
-0.20518146688049407|0.12353065445219576|-0.1853448353574204|0.0|0.0|1.0|0.0|0.0|0.0|1.0|0.0|0.0|0.0|0.0|0.0|0.0|0.0|1.0|0.0|1.0|0.0|0.0|0.0|1.0|0.0|0.0|0.0|0.0|1.0|0.0|0.0|0.0|1.0|good
-0.20518146688049407|0.1616844945907682|-0.1853448353574204|0.0|1.0|0.0|0.0|0.0|0.0|0.0|1.0|0.0|0.0|0.0|0.0|1.0|0.0|0.0|1.0|0.0|0.0|0.0|0.0|1.0|0.0|0.0|0.0|0.0|1.0|0.0|1.0|0.0|0.0|good
-0.20518146688049407|0.5783379346880991|0.8774122481140271|0.0|0.0|0.0|0.0|1.0|0.0|0.0|0.0|0.0|1.0|0.0|0.0|0.0|0.0|1.0|0.0|0.0|0.0|1.0|0.0|0.0|1.0|0.0|0.0|0.0|1.0|0.0|1.0|0.0|0.0|bad
0.9740223657660231|-0.03820111038299187|1.302515081502606|1.0|0.0|0.0|0.0|0.0|0.0|0.0|0.0|0.0|1.0|0.0|0.0|0.0|0.0|1.0|0.0|0.0|0.0|0.0|1.0|1.0|0.0|0.0|0.0|0.0|1.0|0.0|1.0|0.0|0.0|good
-0.20518146688049407|0.3406361341787629|-0.1853448353574204|0.0|1.0|0.0|0.0|0.0|0.0|1.0|0.0|0.0|0.0|0.0|0.0|0.0|0.0|1.0|0.0|0.0|0.0|0.0|1.0|0.0|1.0|0.0|0.0|0.0|0.0|1.0|1.0|0.0|0.0|good
1.5636242820892816|0.8818804327816977|-0.1853448353574204|0.0|0.0|0.0|0.0|1.0|0.0|0.0|0.0|0.0|0.0|1.0|0.0|0.0|0.0|1.0|0.0|0.0|0.0|0.0|1.0|1.0|0.0|0.0|1.0|0.0|0.0|0.0|0.0|0.0|1.0|good
3.922031947382316|2.4431490770362023|-0.1853448353574204|0.0|0.0|0.0|1.0|0.0|0.0|0.0|0.0|0.0|1.0|0.0|0.0|0.0|0.0|1.0|0.0|0.0|0.0|1.0|0.0|1.0|0.0|0.0|0.0|1.0|0.0|0.0|1.0|0.0|0.0|good
-1.3843852995270112|-0.3545741033904466|-1.1418262104817232|0.0|0.0|0.0|0.0|1.0|0.0|1.0|0.0|0.0|0.0|0.0|0.0|0.0|1.0|0.0|0.0|0.0|0.0|1.0|0.0|1.0|0.0|0.0|0.0|0.0|1.0|0.0|1.0|0.0|0.0|good
0.08961949128113521|-0.27995464612828275|0.6648608314197376|0.0|1.0|0.0|0.0|0.0|0.0|0.0|1.0|0.0|0.0|0.0|0.0|0.0|0.0|1.0|0.0|1.0|0.0|0.0|0.0|1.0|0.0|0.0|0.0|0.0|0.0|1.0|0.0|1.0|0.0|bad
0.9740223657660231|-0.27995464612828275|-0.1853448353574204|0.0|0.0|0.0|0.0|1.0|0.0|0.0|1.0|0.0|0.0|0.0|1.0|0.0|0.0|0.0|0.0|0.0|0.0|0.0|1.0|1.0|0.0|0.0|1.0|0.0|0.0|0.0|1.0|0.0|0.0|good
0.3844204494427645|-0.27995464612828275|-0.1853448353574204|0.0|0.0|0.0|0.0|1.0|0.0|0.0|0.0|0.0|1.0|0.0|0.0|0.0|0.0|1.0|0.0|0.0|0.0|0.0|1.0|0.0|0.0|1.0|0.0|0.0|1.0|0.0|1.0|0.0|0.0|good
5.1012357800288335|0.8322466761412538|-1.1418262104817232|0.0|0.0|0.0|0.0|1.0|0.0|1.0|0.0|0.0|0.0|0.0|0.0|0.0|1.0|0.0|0.0|0.0|0.0|1.0|0.0|1.0|0.0|0.0|0.0|0.0|1.0|0.0|1.0|0.0|0.0|bad
0.3844204494427645|-0.27995464612828275|3.1092021234040668|0.0|0.0|0.0|0.0|1.0|0.0|0.0|0.0|0.0|1.0|0.0|0.0|0.0|0.0|1.0|0.0|0.0|0.0|1.0|0.0|1.0|0.0|0.0|0.0|0.0|0.0|1.0|1.0|0.0|0.0|good
-0.20518146688049407|-0.5662772694690742|-0.9292747937874336|0.0|0.0|0.0|0.0|1.0|0.0|0.0|0.0|1.0|0.0|0.0|0.0|1.0|0.0|0.0|1.0|0.0|0.0|0.0|0.0|1.0|0.0|0.0|0.0|0.0|1.0|0.0|1.0|0.0|0.0|good
-0.20518146688049407|-0.5375774782143958|2.258996456626909|0.0|0.0|0.0|0.0|1.0|0.0|1.0|0.0|0.0|0.0|0.0|0.0|0.0|0.0|1.0|0.0|1.0|0.0|0.0|0.0|0.0|0.0|1.0|0.0|0.0|1.0|0.0|0.0|0.0|1.0|good
-0.7947833832037526|-0.2873828273941995|-0.1853448353574204|0.0|0.0|0.0|0.0|1.0|0.0|0.0|1.0|0.0|0.0|0.0|1.0|0.0|0.0|0.0|0.0|0.0|0.0|1.0|0.0|1.0|0.0|0.0|1.0|0.0|0.0|0.0|0.0|0.0|1.0|good
-0.49998242504212337|-0.5578361543941688|-0.1853448353574204|0.0|0.0|0.0|0.0|1.0|0.0|0.0|1.0|0.0|0.0|0.0|0.0|0.0|1.0|0.0|0.0|0.0|0.0|0.0|1.0|0.0|0.0|1.0|0.0|0.0|1.0|0.0|1.0|0.0|0.0|good
0.3844204494427645|0.6661255314671154|1.302515081502606|0.0|0.0|0.0|0.0|1.0|0.0|0.0|1.0|0.0|0.0|0.0|0.0|0.0|1.0|0.0|0.0|0.0|0.0|0.0|1.0|1.0|0.0|0.0|0.0|0.0|1.0|0.0|1.0|0.0|0.0|good
-0.20518146688049407|2.2712879741111283|-0.3978962520517099|0.0|1.0|0.0|0.0|0.0|0.0|0.0|0.0|0.0|0.0|1.0|0.0|0.0|0.0|1.0|0.0|0.0|1.0|0.0|0.0|0.0|0.0|1.0|0.0|0.0|1.0|0.0|0.0|1.0|0.0|good
3.922031947382316|-0.27995464612828275|-0.07906912701027567|0.0|0.0|0.0|0.0|1.0|0.0|0.0|1.0|0.0|0.0|0.0|0.0|0.0|0.0|1.0|0.0|0.0|0.0|1.0|0.0|0.0|0.0|1.0|0.0|0.0|1.0|0.0|1.0|0.0|0.0|good
-0.20518146688049407|-0.6020675973866731|-0.8229990854402889|0.0|0.0|0.0|0.0|1.0|0.0|0.0|0.0|0.0|0.0|1.0|0.0|0.0|0.0|1.0|0.0|1.0|0.0|0.0|0.0|0.0|1.0|0.0|1.0|0.0|0.0|0.0|1.0|0.0|0.0|good
1.5636242820892816|-0.27995464612828275|-0.5041719603988547|0.0|0.0|0.0|1.0|0.0|0.0|0.0|0.0|0.0|1.0|0.0|0.0|0.0|0.0|1.0|0.0|0.0|1.0|0.0|0.0|1.0|0.0|0.0|0.0|0.0|1.0|0.0|0.0|0.0|1.0|good
-1.089584341365382|-0.127339285573993|-0.1853448353574204|1.0|0.0|0.0|0.0|0.0|0.0|0.0|0.0|0.0|1.0|0.0|0.0|0.0|0.0|1.0|0.0|0.0|0.0|1.0|0.0|1.0|0.0|0.0|1.0|0.0|0.0|0.0|1.0|0.0|0.0|good
-0.7947833832037526|0.1758655679166093|-0.1853448353574204|0.0|0.0|0.0|0.0|1.0|0.0|0.0|1.0|0.0|0.0|0.0|0.0|0.0|0.0|1.0|0.0|0.0|1.0|0.0|0.0|1.0|0.0|0.0|0.0|0.0|1.0|0.0|0.0|1.0|0.0|good
-0.49998242504212337|-0.27995464612828275|-0.1853448353574204|0.0|0.0|0.0|0.0|1.0|0.0|0.0|1.0|0.0|0.0|0.0|1.0|0.0|0.0|0.0|0.0|0.0|1.0|0.0|0.0|0.0|0.0|1.0|0.0|0.0|1.0|0.0|1.0|0.0|0.0|good
-0.20518146688049407|-0.16853192713953138|-0.1853448353574204|0.0|0.0|0.0|0.0|1.0|0.0|0.0|1.0|0.0|0.0|0.0|0.0|1.0|0.0|0.0|0.0|0.0|0.0|0.0|1.0|1.0|0.0|0.0|0.0|0.0|0.0|1.0|1.0|0.0|0.0|good
-0.20518146688049407|-0.07905610734553405|-0.1853448353574204|1.0|0.0|0.0|0.0|0.0|0.0|0.0|1.0|0.0|0.0|0.0|0.0|0.0|0.0|1.0|1.0|0.0|0.0|0.0|0.0|1.0|0.0|0.0|0.0|0.0|1.0|0.0|1.0|0.0|0.0|good
-1.3843852995270112|0.5354570701075797|0.9836879564611718|0.0|0.0|0.0|1.0|0.0|0.0|0.0|0.0|1.0|0.0|0.0|0.0|0.0|0.0|1.0|0.0|0.0|0.0|0.0|1.0|0.0|1.0|0.0|0.0|0.0|0.0|1.0|0.0|1.0|0.0|good
-0.20518146688049407|-0.28569460437921845|-0.7167233770931442|0.0|0.0|0.0|0.0|1.0|0.0|0.0|0.0|0.0|0.0|1.0|1.0|0.0|0.0|0.0|0.0|1.0|0.0|0.0|0.0|1.0|0.0|0.0|0.0|0.0|1.0|0.0|0.0|0.0|1.0|good
-1.3843852995270112|-0.6395461483192532|1.6213422065440404|0.0|0.0|0.0|0.0|1.0|0.0|0.0|1.0|0.0|0.0|0.0|1.0|0.0|0.0|0.0|0.0|0.0|0.0|1.0|0.0|1.0|0.0|0.0|0.0|0.0|1.0|0.0|1.0|0.0|0.0|good
-0.20518146688049407|-0.27995464612828275|-0.6104476687459994|0.0|0.0|0.0|0.0|1.0|0.0|0.0|0.0|0.0|0.0|1.0|0.0|0.0|0.0|1.0|0.0|0.0|1.0|0.0|0.0|0.0|1.0|0.0|0.0|0.0|1.0|0.0|1.0|0.0|0.0|good
-0.20518146688049407|-0.27995464612828275|-0.1853448353574204|0.0|0.0|0.0|0.0|1.0|0.0|0.0|1.0|0.0|0.0|0.0|0.0|1.0|0.0|0.0|0.0|0.0|0.0|1.0|0.0|1.0|0.0|0.0|0.0|0.0|1.0|0.0|1.0|0.0|0.0|good
-0.20518146688049407|-0.27995464612828275|-1.1418262104817232|0.0|0.0|0.0|0.0|1.0|0.0|0.0|1.0|0.0|0.0|0.0|0.0|0.0|0.0|1.0|0.0|1.0|0.0|0.0|0.0|1.0|0.0|0.0|0.0|0.0|1.0|0.0|1.0|0.0|0.0|good
-0.49998242504212337|-0.41366190891478444|0.5585851230725928|1.0|0.0|0.0|0.0|0.0|0.0|0.0|0.0|0.0|1.0|0.0|1.0|0.0|0.0|0.0|0.0|0.0|0.0|1.0|0.0|1.0|0.0|0.0|0.0|0.0|1.0|0.0|1.0|0.0|0.0|good
-0.7947833832037526|-0.6776999884578256|-0.6104476687459994|0.0|0.0|1.0|0.0|0.0|0.0|1.0|0.0|0.0|0.0|0.0|0.0|1.0|0.0|0.0|0.0|0.0|0.0|0.0|1.0|0.0|0.0|1.0|0.0|0.0|1.0|0.0|1.0|0.0|0.0|bad
-0.20518146688049407|1.080753103946469|1.1962393731554612|0.0|0.0|0.0|0.0|1.0|0.0|0.0|0.0|0.0|1.0|0.0|0.0|0.0|0.0|1.0|0.0|0.0|0.0|1.0|0.0|0.0|1.0|0.0|0.0|0.0|1.0|0.0|1.0|0.0|0.0|bad
-0.20518146688049407|-0.27995464612828275|1.302515081502606|1.0|0.0|0.0|0.0|0.0|0.0|0.0|1.0|0.0|0.0|0.0|0.0|1.0|0.0|0.0|0.0|0.0|0.0|1.0|0.0|0.0|0.0|1.0|0.0|0.0|1.0|0.0|1.0|0.0|0.0|good
0.9740223657660231|-0.21175043632304708|-0.1853448353574204|0.0|1.0|0.0|0.0|0.0|0.0|0.0|0.0|0.0|1.0|0.0|0.0|0.0|0.0|1.0|0.0|1.0|0.0|0.0|0.0|0.0|0.0|1.0|0.0|0.0|1.0|0.0|0.0|0.0|1.0|good
-0.20518146688049407|-0.27995464612828275|-0.2916205437045652|0.0|1.0|0.0|0.0|0.0|0.0|0.0|0.0|1.0|0.0|0.0|0.0|1.0|0.0|0.0|0.0|0.0|0.0|1.0|0.0|1.0|0.0|0.0|0.0|0.0|1.0|0.0|1.0|0.0|0.0|good
-0.49998242504212337|0.7407449887292792|-0.1853448353574204|0.0|0.0|0.0|0.0|1.0|0.0|0.0|1.0|0.0|0.0|0.0|0.0|0.0|0.0|1.0|0.0|0.0|0.0|1.0|0.0|1.0|0.0|0.0|1.0|0.0|0.0|0.0|1.0|0.0|0.0|good
2.742828114735799|-0.27995464612828275|-1.1418262104817232|0.0|0.0|0.0|1.0|0.0|0.0|1.0|0.0|0.0|0.0|0.0|0.0|0.0|0.0|1.0|0.0|0.0|0.0|1.0|0.0|1.0|0.0|0.0|1.0|0.0|0.0|0.0|1.0|0.0|0.0|bad
-0.7947833832037526|-0.05440805132681026|-1.0355505021345783|0.0|0.0|1.0|0.0|0.0|0.0|0.0|0.0|1.0|0.0|0.0|0.0|1.0|0.0|0.0|0.0|0.0|1.0|0.0|0.0|1.0|0.0|0.0|0.0|0.0|1.0|0.0|1.0|0.0|0.0|bad
-1.089584341365382|-0.6496754864091396|-1.0355505021345783|0.0|0.0|0.0|0.0|1.0|0.0|0.0|0.0|0.0|1.0|0.0|0.0|0.0|0.0|1.0|0.0|0.0|0.0|1.0|0.0|1.0|0.0|0.0|0.0|0.0|1.0|0.0|1.0|0.0|0.0|good
-1.089584341365382|-0.34174360847659035|0.23975799803115858|0.0|0.0|0.0|0.0|1.0|0.0|0.0|1.0|0.0|0.0|0.0|1.0|0.0|0.0|0.0|0.0|1.0|0.0|0.0|0.0|1.0|0.0|0.0|0.0|0.0|0.0|1.0|0.0|0.0|1.0|good
-0.20518146688049407|-0.8444964223379565|-0.1853448353574204|0.0|0.0|0.0|0.0|1.0|0.0|0.0|0.0|0.0|1.0|0.0|0.0|0.0|0.0|1.0|0.0|0.0|0.0|0.0|1.0|0.0|1.0|0.0|0.0|1.0|0.0|0.0|1.0|0.0|0.0|good
-1.3843852995270112|-0.27995464612828275|0.02720658133686908|0.0|0.0|0.0|0.0|1.0|0.0|0.0|0.0|0.0|1.0|0.0|0.0|1.0|0.0|0.0|0.0|0.0|0.0|1.0|0.0|1.0|0.0|0.0|0.0|0.0|1.0|0.0|1.0|0.0|0.0|bad
0.08961949128113521|-0.2208668406039449|1.1962393731554612|0.0|0.0|0.0|0.0|1.0|0.0|0.0|1.0|0.0|0.0|0.0|0.0|0.0|0.0|1.0|0.0|0.0|0.0|1.0|0.0|0.0|0.0|1.0|1.0|0.0|0.0|0.0|1.0|0.0|0.0|good
-1.089584341365382|-0.6726353194128823|-1.0355505021345783|0.0|0.0|0.0|0.0|1.0|0.0|1.0|0.0|0.0|0.0|0.0|0.0|0.0|0.0|1.0|0.0|0.0|0.0|1.0|0.0|0.0|1.0|0.0|0.0|0.0|0.0|1.0|1.0|0.0|0.0|good
3.922031947382316|3.67926596860535|-0.1853448353574204|0.0|0.0|0.0|1.0|0.0|0.0|1.0|0.0|0.0|0.0|0.0|0.0|0.0|0.0|1.0|0.0|0.0|0.0|1.0|0.0|1.0|0.0|0.0|0.0|1.0|0.0|0.0|1.0|0.0|0.0|bad
-0.20518146688049407|1.507873526736683|3.002926415056922|0.0|0.0|0.0|0.0|0.0|1.0|1.0|0.0|0.0|0.0|0.0|0.0|0.0|0.0|1.0|0.0|0.0|0.0|0.0|1.0|1.0|0.0|0.0|0.0|0.0|1.0|0.0|1.0|0.0|0.0|good
0.9740223657660231|-0.017942434203218893|-0.1853448353574204|1.0|0.0|0.0|0.0|0.0|0.0|0.0|1.0|0.0|0.0|0.0|0.0|0.0|0.0|1.0|0.0|0.0|0.0|0.0|1.0|1.0|0.0|0.0|0.0|0.0|1.0|0.0|1.0|0.0|0.0|good
-0.20518146688049407|-0.27995464612828275|-0.1853448353574204|0.0|0.0|0.0|0.0|1.0|0.0|0.0|1.0|0.0|0.0|0.0|0.0|0.0|0.0|1.0|0.0|1.0|0.0|0.0|0.0|1.0|0.0|0.0|0.0|1.0|0.0|0.0|1.0|0.0|0.0|good
-0.20518146688049407|-0.27995464612828275|-0.1853448353574204|0.0|0.0|0.0|0.0|1.0|0.0|0.0|1.0|0.0|0.0|0.0|0.0|0.0|0.0|1.0|0.0|0.0|0.0|1.0|0.0|0.0|1.0|0.0|0.0|0.0|1.0|0.0|1.0|0.0|0.0|good
-0.00864749477274122|1.0189641415981614|-0.3978962520517099|0.0|0.0|0.0|0.0|0.0|1.0|0.0|1.0|0.0|0.0|0.0|0.0|0.0|0.0|1.0|0.0|0.0|0.0|0.0|1.0|0.0|1.0|0.0|0.0|0.0|1.0|0.0|1.0|0.0|0.0|good
-0.20518146688049407|-0.6054440434166354|-0.07906912701027567|0.0|0.0|0.0|0.0|1.0|0.0|0.0|1.0|0.0|0.0|0.0|0.0|0.0|0.0|1.0|0.0|1.0|0.0|0.0|0.0|1.0|0.0|0.0|0.0|1.0|0.0|0.0|1.0|0.0|0.0|bad
-1.3843852995270112|2.5981279498114653|-1.1418262104817232|0.0|0.0|0.0|0.0|1.0|0.0|0.0|0.0|1.0|0.0|0.0|0.0|1.0|0.0|0.0|0.0|1.0|0.0|0.0|0.0|1.0|0.0|0.0|0.0|0.0|1.0|0.0|0.0|1.0|0.0|bad
-0.20518146688049407|-0.27995464612828275|-1.1418262104817232|0.0|0.0|0.0|1.0|0.0|0.0|0.0|1.0|0.0|0.0|0.0|0.0|0.0|0.0|1.0|0.0|0.0|0.0|1.0|0.0|1.0|0.0|0.0|1.0|0.0|0.0|0.0|1.0|0.0|0.0|bad
-1.089584341365382|-0.7901356412555657|3.3217535400983564|0.0|0.0|0.0|0.0|1.0|0.0|0.0|1.0|0.0|0.0|0.0|1.0|0.0|0.0|0.0|0.0|0.0|0.0|1.0|0.0|1.0|0.0|0.0|0.0|0.0|1.0|0.0|1.0|0.0|0.0|good
0.6792214076043938|-0.27995464612828275|-1.4606533355231575|0.0|0.0|0.0|1.0|0.0|0.0|0.0|1.0|0.0|0.0|0.0|0.0|1.0|0.0|0.0|0.0|0.0|0.0|0.0|1.0|0.0|0.0|1.0|0.0|0.0|1.0|0.0|1.0|0.0|0.0|bad
-1.3843852995270112|-3.1671536463489285|-0.1853448353574204|0.0|0.0|0.0|1.0|0.0|0.0|0.0|1.0|0.0|0.0|0.0|0.0|1.0|0.0|0.0|0.0|1.0|0.0|0.0|0.0|0.0|1.0|0.0|0.0|0.0|0.0|1.0|1.0|0.0|0.0|good
-0.49998242504212337|-0.6125345800795559|-0.1853448353574204|1.0|0.0|0.0|0.0|0.0|0.0|0.0|1.0|0.0|0.0|0.0|0.0|0.0|1.0|0.0|0.0|0.0|0.0|1.0|0.0|0.0|1.0|0.0|0.0|0.0|0.0|1.0|1.0|0.0|0.0|good
-0.20518146688049407|-0.42142773478369744|-1.0355505021345783|0.0|0.0|0.0|0.0|1.0|0.0|0.0|1.0|0.0|0.0|0.0|0.0|1.0|0.0|0.0|0.0|0.0|0.0|1.0|0.0|0.0|1.0|0.0|0.0|0.0|1.0|0.0|1.0|0.0|0.0|bad
2.742828114735799|1.1094528952011475|2.5778235816683432|0.0|1.0|0.0|0.0|0.0|0.0|0.0|0.0|0.0|1.0|0.0|0.0|1.0|0.0|0.0|0.0|0.0|0.0|1.0|0.0|1.0|0.0|0.0|0.0|0.0|1.0|0.0|1.0|0.0|0.0|bad
-0.20518146688049407|-0.27995464612828275|-0.1853448353574204|0.0|1.0|0.0|0.0|0.0|0.0|0.0|1.0|0.0|0.0|0.0|0.0|0.0|0.0|1.0|0.0|0.0|0.0|1.0|0.0|1.0|0.0|0.0|0.0|0.0|1.0|0.0|1.0|0.0|0.0|good
0.3844204494427645|-0.27995464612828275|-0.1853448353574204|0.0|0.0|0.0|0.0|1.0|0.0|0.0|0.0|1.0|0.0|0.0|0.0|0.0|0.0|1.0|0.0|0.0|0.0|0.0|1.0|1.0|0.0|0.0|0.0|0.0|1.0|0.0|1.0|0.0|0.0|good
0.3844204494427645|-0.3859750514690947|-1.4606533355231575|0.0|0.0|0.0|0.0|1.0|0.0|0.0|1.0|0.0|0.0|0.0|0.0|0.0|0.0|1.0|0.0|0.0|0.0|1.0|0.0|1.0|0.0|0.0|0.0|0.0|0.0|1.0|0.0|0.0|1.0|bad
-0.20518146688049407|-0.27995464612828275|-0.1853448353574204|0.0|0.0|0.0|0.0|1.0|0.0|0.0|0.0|0.0|0.0|1.0|0.0|1.0|0.0|0.0|0.0|1.0|0.0|0.0|0.0|1.0|0.0|0.0|1.0|0.0|0.0|0.0|1.0|0.0|0.0|good
-0.20518146688049407|-0.17798597602342545|-0.7167233770931442|1.0|0.0|0.0|0.0|0.0|0.0|0.0|1.0|0.0|0.0|0.0|0.0|1.0|0.0|0.0|0.0|0.0|0.0|1.0|0.0|1.0|0.0|0.0|0.0|0.0|1.0|0.0|0.0|0.0|1.0|good
-1.5809192716347642|0.08436388050463466|0.23975799803115858|0.0|0.0|0.0|1.0|0.0|0.0|0.0|0.0|0.0|0.0|1.0|0.0|1.0|0.0|0.0|1.0|0.0|0.0|0.0|0.0|0.0|0.0|1.0|0.0|0.0|1.0|0.0|0.0|1.0|0.0|good
1.5636242820892816|-0.27995464612828275|-0.6104476687459994|0.0|0.0|0.0|0.0|1.0|0.0|1.0|0.0|0.0|0.0|0.0|0.0|0.0|0.0|1.0|0.0|1.0|0.0|0.0|0.0|1.0|0.0|0.0|1.0|0.0|0.0|0.0|1.0|0.0|0.0|good
0.3844204494427645|2.8462967330136846|-0.1853448353574204|0.0|0.0|0.0|0.0|0.0|1.0|0.0|1.0|0.0|0.0|0.0|0.0|0.0|0.0|1.0|0.0|0.0|0.0|0.0|1.0|1.0|0.0|0.0|0.0|1.0|0.0|0.0|0.0|0.0|1.0|bad
-0.20518146688049407|0.422008483500851|-0.1853448353574204|0.0|0.0|0.0|0.0|1.0|0.0|0.0|1.0|0.0|0.0|0.0|0.0|0.0|0.0|1.0|0.0|0.0|0.0|1.0|0.0|1.0|0.0|0.0|0.0|0.0|0.0|1.0|0.0|1.0|0.0|good
-0.20518146688049407|1.225940283234842|1.0899636648083166|0.0|0.0|0.0|1.0|0.0|0.0|0.0|0.0|0.0|0.0|1.0|0.0|0.0|0.0|1.0|0.0|0.0|0.0|1.0|0.0|0.0|0.0|1.0|0.0|0.0|1.0|0.0|0.0|1.0|0.0|good
0.9740223657660231|0.38824402320122936|-0.9292747937874336|1.0|0.0|0.0|0.0|0.0|0.0|0.0|1.0|0.0|0.0|0.0|1.0|0.0|0.0|0.0|0.0|0.0|0.0|1.0|0.0|0.0|1.0|0.0|0.0|0.0|1.0|0.0|1.0|0.0|0.0|bad
0.3844204494427645|-0.27185117565637357|-0.2916205437045652|1.0|0.0|0.0|0.0|0.0|0.0|0.0|0.0|0.0|0.0|1.0|0.0|0.0|0.0|1.0|0.0|0.0|0.0|0.0|1.0|1.0|0.0|0.0|0.0|0.0|1.0|0.0|1.0|0.0|0.0|good
-0.9913173553115056|-0.7030233336825419|-0.1853448353574204|0.0|0.0|0.0|0.0|1.0|0.0|0.0|1.0|0.0|0.0|0.0|0.0|0.0|0.0|1.0|0.0|0.0|0.0|1.0|0.0|1.0|0.0|0.0|0.0|0.0|0.0|1.0|1.0|0.0|0.0|good
0.08961949128113521|0.010082067845467063|-0.1853448353574204|0.0|0.0|0.0|0.0|1.0|0.0|0.0|0.0|0.0|1.0|0.0|0.0|0.0|0.0|1.0|0.0|0.0|1.0|0.0|0.0|1.0|0.0|0.0|1.0|0.0|0.0|0.0|1.0|0.0|0.0|good
0.3844204494427645|-0.2185033283829714|-0.1853448353574204|0.0|0.0|1.0|0.0|0.0|0.0|0.0|1.0|0.0|0.0|0.0|0.0|0.0|0.0|1.0|0.0|0.0|0.0|0.0|1.0|1.0|0.0|0.0|0.0|0.0|1.0|0.0|1.0|0.0|0.0|good
-0.20518146688049407|3.730587948260775|-0.5041719603988547|0.0|0.0|1.0|0.0|0.0|0.0|0.0|1.0|0.0|0.0|0.0|0.0|0.0|0.0|1.0|0.0|0.0|0.0|1.0|0.0|0.0|1.0|0.0|1.0|0.0|0.0|0.0|1.0|0.0|0.0|good
-0.6965163971498762|-0.4501275260383758|-0.1853448353574204|0.0|0.0|0.0|0.0|1.0|0.0|0.0|1.0|0.0|0.0|0.0|0.0|0.0|0.0|1.0|1.0|0.0|0.0|0.0|0.0|0.0|0.0|1.0|0.0|0.0|0.0|1.0|1.0|0.0|0.0|good
-0.49998242504212337|-0.27995464612828275|-1.248101918828868|0.0|0.0|0.0|1.0|0.0|0.0|0.0|1.0|0.0|0.0|0.0|0.0|1.0|0.0|0.0|0.0|0.0|0.0|1.0|0.0|1.0|0.0|0.0|0.0|0.0|1.0|0.0|1.0|0.0|0.0|good
-0.7947833832037526|-0.6267156534053969|-0.1853448353574204|1.0|0.0|0.0|0.0|0.0|0.0|1.0|0.0|0.0|0.0|0.0|0.0|1.0|0.0|0.0|1.0|0.0|0.0|0.0|0.0|1.0|0.0|0.0|0.0|0.0|0.0|1.0|1.0|0.0|0.0|bad
0.08961949128113521|0.7150839989015668|-0.1853448353574204|0.0|0.0|0.0|0.0|1.0|0.0|0.0|1.0|0.0|0.0|0.0|0.0|0.0|0.0|1.0|0.0|0.0|0.0|0.0|1.0|1.0|0.0|0.0|0.0|0.0|1.0|0.0|1.0|0.0|0.0|good
-0.49998242504212337|-0.27995464612828275|-0.1853448353574204|0.0|0.0|0.0|0.0|0.0|1.0|0.0|1.0|0.0|0.0|0.0|1.0|0.0|0.0|0.0|0.0|1.0|0.0|0.0|0.0|1.0|0.0|0.0|0.0|0.0|1.0|0.0|1.0|0.0|0.0|good
-1.3843852995270112|-0.27995464612828275|-0.1853448353574204|0.0|0.0|1.0|0.0|0.0|0.0|1.0|0.0|0.0|0.0|0.0|0.0|1.0|0.0|0.0|1.0|0.0|0.0|0.0|0.0|1.0|0.0|0.0|0.0|0.0|1.0|0.0|1.0|0.0|0.0|good
-0.20518146688049407|-0.7273337450982694|-0.1853448353574204|1.0|0.0|0.0|0.0|0.0|0.0|0.0|0.0|1.0|0.0|0.0|0.0|1.0|0.0|0.0|0.0|1.0|0.0|0.0|0.0|1.0|0.0|0.0|0.0|0.0|1.0|0.0|1.0|0.0|0.0|bad
-0.7947833832037526|-0.7729157665027586|-0.1853448353574204|0.0|0.0|0.0|0.0|1.0|0.0|0.0|1.0|0.0|0.0|0.0|0.0|1.0|0.0|0.0|0.0|0.0|0.0|1.0|0.0|1.0|0.0|0.0|0.0|0.0|0.0|1.0|0.0|0.0|1.0|good
-0.20518146688049407|0.8916721262685879|-1.0355505021345783|1.0|0.0|0.0|0.0|0.0|0.0|0.0|0.0|0.0|0.0|1.0|0.0|1.0|0.0|0.0|0.0|0.0|0.0|1.0|0.0|0.0|1.0|0.0|0.0|0.0|1.0|0.0|0.0|0.0|1.0|good
-0.7947833832037526|-0.27995464612828275|-0.1853448353574204|0.0|0.0|0.0|0.0|1.0|0.0|1.0|0.0|0.0|0.0|0.0|0.0|0.0|0.0|1.0|0.0|0.0|0.0|1.0|0.0|0.0|0.0|1.0|0.0|0.0|1.0|0.0|0.0|1.0|0.0|bad
0.3844204494427645|-0.6230015627724386|-0.2916205437045652|0.0|0.0|0.0|1.0|0.0|0.0|0.0|1.0|0.0|0.0|0.0|0.0|0.0|0.0|1.0|0.0|0.0|0.0|1.0|0.0|1.0|0.0|0.0|0.0|0.0|1.0|0.0|0.0|0.0|1.0|bad
-1.3843852995270112|-0.6182745383304915|-0.1853448353574204|0.0|0.0|0.0|1.0|0.0|0.0|0.0|1.0|0.0|0.0|0.0|0.0|0.0|0.0|1.0|0.0|0.0|0.0|0.0|1.0|1.0|0.0|0.0|0.0|0.0|1.0|0.0|0.0|1.0|0.0|good
-0.20518146688049407|-0.27995464612828275|-0.1853448353574204|1.0|0.0|0.0|0.0|0.0|0.0|0.0|1.0|0.0|0.0|0.0|0.0|0.0|0.0|1.0|0.0|0.0|0.0|1.0|0.0|0.0|0.0|1.0|0.0|0.0|1.0|0.0|1.0|0.0|0.0|bad
0.3844204494427645|-0.27995464612828275|-0.1853448353574204|0.0|0.0|0.0|1.0|0.0|0.0|0.0|1.0|0.0|0.0|0.0|0.0|0.0|0.0|1.0|0.0|0.0|0.0|1.0|0.0|1.0|0.0|0.0|1.0|0.0|0.0|0.0|1.0|0.0|0.0|good
-0.7947833832037526|4.775935639137061|-0.1853448353574204|0.0|0.0|0.0|1.0|0.0|0.0|0.0|0.0|0.0|1.0|0.0|0.0|0.0|0.0|1.0|0.0|0.0|0.0|0.0|1.0|1.0|0.0|0.0|1.0|0.0|0.0|0.0|1.0|0.0|0.0|bad
-0.49998242504212337|0.6465421444933349|2.5778235816683432|0.0|0.0|0.0|1.0|0.0|0.0|1.0|0.0|0.0|0.0|0.0|0.0|1.0|0.0|0.0|0.0|0.0|0.0|1.0|0.0|1.0|0.0|0.0|0.0|0.0|1.0|0.0|1.0|0.0|0.0|good
-0.20518146688049407|-0.27995464612828275|-0.1853448353574204|1.0|0.0|0.0|0.0|0.0|0.0|0.0|1.0|0.0|0.0|0.0|0.0|1.0|0.0|0.0|0.0|0.0|0.0|1.0|0.0|0.0|0.0|1.0|0.0|0.0|1.0|0.0|1.0|0.0|0.0|bad
-0.20518146688049407|-0.3093297265889536|-0.1853448353574204|0.0|0.0|0.0|0.0|1.0|0.0|0.0|1.0|0.0|0.0|0.0|0.0|0.0|0.0|1.0|0.0|0.0|1.0|0.0|0.0|1.0|0.0|0.0|0.0|0.0|0.0|1.0|0.0|0.0|1.0|good
0.08961949128113521|3.2244586883694466|-0.5041719603988547|0.0|0.0|0.0|1.0|0.0|0.0|0.0|0.0|0.0|1.0|0.0|0.0|0.0|0.0|1.0|0.0|0.0|0.0|1.0|0.0|0.0|0.0|1.0|0.0|1.0|0.0|0.0|1.0|0.0|0.0|bad
-0.20518146688049407|-0.22525622044289573|-0.8229990854402889|0.0|0.0|0.0|0.0|1.0|0.0|0.0|0.0|0.0|0.0|1.0|1.0|0.0|0.0|0.0|0.0|0.0|1.0|0.0|0.0|0.0|0.0|1.0|1.0|0.0|0.0|0.0|1.0|0.0|0.0|good
-0.20518146688049407|-0.27995464612828275|-0.1853448353574204|0.0|0.0|0.0|0.0|1.0|0.0|0.0|0.0|0.0|1.0|0.0|0.0|0.0|1.0|0.0|0.0|0.0|0.0|1.0|0.0|0.0|1.0|0.0|1.0|0.0|0.0|0.0|0.0|0.0|1.0|good
0.9740223657660231|-0.007475451510336187|-0.1853448353574204|0.0|0.0|0.0|0.0|1.0|0.0|0.0|0.0|1.0|0.0|0.0|0.0|0.0|0.0|1.0|0.0|0.0|0.0|1.0|0.0|1.0|0.0|0.0|0.0|0.0|0.0|1.0|1.0|0.0|0.0|bad
-0.9913173553115056|-0.27995464612828275|-0.1853448353574204|0.0|0.0|0.0|0.0|0.0|1.0|0.0|0.0|1.0|0.0|0.0|0.0|1.0|0.0|0.0|0.0|0.0|0.0|1.0|0.0|1.0|0.0|0.0|0.0|0.0|1.0|0.0|1.0|0.0|0.0|good
-0.7947833832037526|-0.27995464612828275|-0.1853448353574204|0.0|0.0|1.0|0.0|0.0|0.0|0.0|0.0|0.0|1.0|0.0|1.0|0.0|0.0|0.0|0.0|0.0|0.0|1.0|0.0|1.0|0.0|0.0|1.0|0.0|0.0|0.0|1.0|0.0|0.0|good
-0.7947833832037526|-0.27995464612828275|3.002926415056922|0.0|0.0|0.0|0.0|1.0|0.0|0.0|1.0|0.0|0.0|0.0|0.0|0.0|0.0|1.0|0.0|0.0|0.0|1.0|0.0|0.0|0.0|1.0|1.0|0.0|0.0|0.0|0.0|0.0|1.0|good
0.3844204494427645|-0.10741825399721622|-0.1853448353574204|0.0|0.0|0.0|0.0|1.0|0.0|0.0|0.0|0.0|1.0|0.0|0.0|0.0|0.0|1.0|0.0|0.0|0.0|1.0|0.0|1.0|0.0|0.0|0.0|0.0|1.0|0.0|1.0|0.0|0.0|good
1.5636242820892816|1.6662288455419083|-0.1853448353574204|0.0|0.0|0.0|0.0|1.0|0.0|0.0|1.0|0.0|0.0|0.0|0.0|1.0|0.0|0.0|0.0|1.0|0.0|0.0|0.0|1.0|0.0|0.0|0.0|1.0|0.0|0.0|0.0|0.0|1.0|bad
0.08961949128113521|-0.27995464612828275|-0.1853448353574204|0.0|0.0|0.0|0.0|0.0|1.0|0.0|0.0|0.0|1.0|0.0|0.0|0.0|0.0|1.0|0.0|0.0|0.0|1.0|0.0|1.0|0.0|0.0|0.0|0.0|1.0|0.0|1.0|0.0|0.0|good
0.3844204494427645|-0.30629092516198764|-0.1853448353574204|0.0|0.0|0.0|0.0|1.0|0.0|0.0|1.0|0.0|0.0|0.0|0.0|0.0|0.0|1.0|0.0|0.0|0.0|1.0|0.0|0.0|1.0|0.0|0.0|0.0|1.0|0.0|1.0|0.0|0.0|good
-0.20518146688049407|-0.5571608651881764|3.3217535400983564|0.0|0.0|0.0|1.0|0.0|0.0|0.0|1.0|0.0|0.0|0.0|0.0|0.0|0.0|1.0|0.0|0.0|0.0|1.0|0.0|1.0|0.0|0.0|0.0|0.0|1.0|0.0|0.0|0.0|1.0|good
-0.20518146688049407|-0.593964126914764|-1.0355505021345783|0.0|0.0|0.0|0.0|1.0|0.0|0.0|1.0|0.0|0.0|0.0|0.0|1.0|0.0|0.0|0.0|0.0|0.0|1.0|0.0|1.0|0.0|0.0|0.0|0.0|1.0|0.0|1.0|0.0|0.0|bad
1.5636242820892816|0.1366987939690482|-0.1853448353574204|0.0|0.0|0.0|1.0|0.0|0.0|1.0|0.0|0.0|0.0|0.0|0.0|0.0|0.0|1.0|0.0|0.0|0.0|1.0|0.0|0.0|1.0|0.0|1.0|0.0|0.0|0.0|1.0|0.0|0.0|good
-0.20518146688049407|-0.27995464612828275|-1.0355505021345783|0.0|0.0|0.0|0.0|1.0|0.0|0.0|1.0|0.0|0.0|0.0|0.0|1.0|0.0|0.0|1.0|0.0|0.0|0.0|0.0|1.0|0.0|0.0|0.0|0.0|1.0|0.0|1.0|0.0|0.0|good
1.5636242820892816|-0.27995464612828275|-0.1853448353574204|0.0|0.0|0.0|0.0|0.0|1.0|0.0|0.0|0.0|1.0|0.0|1.0|0.0|0.0|0.0|0.0|1.0|0.0|0.0|0.0|0.0|1.0|0.0|0.0|0.0|1.0|0.0|1.0|0.0|0.0|good
-0.20518146688049407|-0.27995464612828275|-0.1853448353574204|0.0|0.0|0.0|0.0|1.0|0.0|1.0|0.0|0.0|0.0|0.0|0.0|1.0|0.0|0.0|0.0|0.0|0.0|1.0|0.0|1.0|0.0|0.0|0.0|0.0|1.0|0.0|1.0|0.0|0.0|good
1.858425240250911|0.6087259489577587|-0.1853448353574204|1.0|0.0|0.0|0.0|0.0|0.0|0.0|1.0|0.0|0.0|0.0|0.0|0.0|0.0|1.0|0.0|1.0|0.0|0.0|0.0|0.0|1.0|0.0|0.0|0.0|1.0|0.0|1.0|0.0|0.0|bad
0.3844204494427645|-0.40184434780991685|2.684099290015488|0.0|0.0|0.0|1.0|0.0|0.0|0.0|0.0|0.0|1.0|0.0|0.0|0.0|0.0|1.0|0.0|0.0|0.0|1.0|0.0|0.0|0.0|1.0|0.0|0.0|1.0|0.0|1.0|0.0|0.0|good
-0.7947833832037526|-0.27995464612828275|-0.3978962520517099|0.0|0.0|0.0|0.0|1.0|0.0|1.0|0.0|0.0|0.0|0.0|0.0|0.0|0.0|1.0|0.0|1.0|0.0|0.0|0.0|1.0|0.0|0.0|1.0|0.0|0.0|0.0|1.0|0.0|0.0|good
-0.20518146688049407|-0.7746039895177397|-1.248101918828868|0.0|0.0|0.0|1.0|0.0|0.0|0.0|1.0|0.0|0.0|0.0|0.0|1.0|0.0|0.0|0.0|0.0|0.0|0.0|1.0|1.0|0.0|0.0|0.0|0.0|0.0|1.0|1.0|0.0|0.0|bad
-0.00864749477274122|-0.27995464612828275|2.684099290015488|1.0|0.0|0.0|0.0|0.0|0.0|0.0|1.0|0.0|0.0|0.0|1.0|0.0|0.0|0.0|0.0|0.0|0.0|1.0|0.0|1.0|0.0|0.0|0.0|0.0|1.0|0.0|1.0|0.0|0.0|good
-0.20518146688049407|-0.40150670320692067|0.02720658133686908|0.0|1.0|0.0|0.0|0.0|0.0|0.0|1.0|0.0|0.0|0.0|0.0|0.0|0.0|1.0|0.0|0.0|0.0|0.0|1.0|1.0|0.0|0.0|0.0|0.0|1.0|0.0|1.0|0.0|0.0|good
0.18788647733501165|-0.27995464612828275|0.5585851230725928|0.0|0.0|0.0|0.0|1.0|0.0|0.0|1.0|0.0|0.0|0.0|0.0|0.0|0.0|1.0|0.0|0.0|0.0|0.0|1.0|1.0|0.0|0.0|0.0|0.0|1.0|0.0|1.0|0.0|0.0|good
2.742828114735799|-0.12801457477998543|0.34603370637830333|0.0|0.0|0.0|0.0|0.0|1.0|0.0|0.0|0.0|1.0|0.0|0.0|0.0|0.0|1.0|0.0|0.0|0.0|1.0|0.0|0.0|1.0|0.0|0.0|0.0|1.0|0.0|0.0|1.0|0.0|good
2.742828114735799|-0.27995464612828275|-0.1853448353574204|0.0|0.0|0.0|0.0|1.0|0.0|0.0|1.0|0.0|0.0|0.0|0.0|0.0|0.0|1.0|0.0|0.0|0.0|0.0|1.0|1.0|0.0|0.0|1.0|0.0|0.0|0.0|1.0|0.0|0.0|bad
1.9566922263047875|0.968317451148729|-0.8229990854402889|0.0|0.0|0.0|0.0|1.0|0.0|0.0|1.0|0.0|0.0|0.0|0.0|0.0|0.0|1.0|0.0|0.0|0.0|0.0|1.0|1.0|0.0|0.0|0.0|0.0|1.0|0.0|1.0|0.0|0.0|bad
0.08961949128113521|-0.6557530892630715|-0.1853448353574204|1.0|0.0|0.0|0.0|0.0|0.0|1.0|0.0|0.0|0.0|0.0|0.0|0.0|0.0|1.0|0.0|0.0|0.0|1.0|0.0|1.0|0.0|0.0|0.0|0.0|1.0|0.0|0.0|1.0|0.0|bad
-0.20518146688049407|1.0746755010925373|-0.1853448353574204|0.0|0.0|0.0|0.0|0.0|1.0|0.0|1.0|0.0|0.0|0.0|0.0|0.0|0.0|1.0|0.0|0.0|0.0|1.0|0.0|1.0|0.0|0.0|0.0|1.0|0.0|0.0|1.0|0.0|0.0|good
-1.3843852995270112|-0.27995464612828275|-0.8229990854402889|0.0|0.0|0.0|0.0|1.0|0.0|0.0|1.0|0.0|0.0|0.0|0.0|0.0|1.0|0.0|0.0|1.0|0.0|0.0|0.0|1.0|0.0|0.0|0.0|0.0|1.0|0.0|1.0|0.0|0.0|good
0.3844204494427645|-0.27995464612828275|1.727617914891185|0.0|0.0|1.0|0.0|0.0|0.0|1.0|0.0|0.0|0.0|0.0|0.0|0.0|0.0|1.0|0.0|0.0|0.0|1.0|0.0|1.0|0.0|0.0|0.0|0.0|1.0|0.0|1.0|0.0|0.0|good
-0.20518146688049407|-0.023007103248162138|-0.2916205437045652|0.0|0.0|1.0|0.0|0.0|0.0|0.0|0.0|0.0|1.0|0.0|0.0|0.0|0.0|1.0|0.0|0.0|1.0|0.0|0.0|0.0|0.0|1.0|0.0|0.0|1.0|0.0|1.0|0.0|0.0|good
-1.089584341365382|-0.27995464612828275|-1.3543776271760126|0.0|0.0|0.0|0.0|1.0|0.0|0.0|0.0|1.0|0.0|0.0|1.0|0.0|0.0|0.0|0.0|0.0|0.0|1.0|0.0|1.0|0.0|0.0|0.0|0.0|1.0|0.0|1.0|0.0|0.0|good
-0.20518146688049407|1.4791737354820045|1.727617914891185|0.0|0.0|0.0|0.0|0.0|1.0|0.0|0.0|0.0|1.0|0.0|0.0|0.0|0.0|1.0|0.0|0.0|0.0|1.0|0.0|0.0|0.0|1.0|0.0|0.0|1.0|0.0|0.0|1.0|0.0|bad
-0.7947833832037526|-0.27995464612828275|-0.1853448353574204|0.0|0.0|1.0|0.0|0.0|0.0|0.0|1.0|0.0|0.0|0.0|0.0|1.0|0.0|0.0|0.0|0.0|0.0|1.0|0.0|0.0|1.0|0.0|0.0|0.0|0.0|1.0|1.0|0.0|0.0|good
-0.20518146688049407|-0.8147836972742895|-0.1853448353574204|0.0|0.0|0.0|0.0|1.0|0.0|0.0|0.0|0.0|1.0|0.0|0.0|0.0|1.0|0.0|0.0|0.0|0.0|1.0|0.0|0.0|0.0|1.0|0.0|0.0|1.0|0.0|1.0|0.0|0.0|good
-0.20518146688049407|-0.27995464612828275|-0.1853448353574204|0.0|0.0|0.0|1.0|0.0|0.0|0.0|1.0|0.0|0.0|0.0|1.0|0.0|0.0|0.0|0.0|0.0|0.0|1.0|0.0|1.0|0.0|0.0|0.0|0.0|1.0|0.0|1.0|0.0|0.0|good
0.3844204494427645|-0.5176564466376191|2.0464450399326193|0.0|0.0|0.0|0.0|1.0|0.0|0.0|1.0|0.0|0.0|0.0|0.0|0.0|0.0|1.0|0.0|0.0|0.0|0.0|1.0|0.0|1.0|0.0|0.0|0.0|1.0|0.0|0.0|1.0|0.0|good
-0.20518146688049407|-0.4508028152443682|1.408790789849751|1.0|0.0|0.0|0.0|0.0|0.0|0.0|0.0|0.0|1.0|0.0|0.0|1.0|0.0|0.0|0.0|0.0|0.0|1.0|0.0|1.0|0.0|0.0|1.0|0.0|0.0|0.0|1.0|0.0|0.0|good
-0.00864749477274122|0.38554286637725965|-1.1418262104817232|0.0|0.0|1.0|0.0|0.0|0.0|0.0|0.0|0.0|1.0|0.0|0.0|0.0|0.0|1.0|0.0|0.0|0.0|1.0|0.0|0.0|0.0|1.0|1.0|0.0|0.0|0.0|1.0|0.0|0.0|good
-0.7947833832037526|-0.27995464612828275|0.02720658133686908|1.0|0.0|0.0|0.0|0.0|0.0|0.0|0.0|0.0|1.0|0.0|0.0|0.0|0.0|1.0|0.0|0.0|0.0|1.0|0.0|0.0|1.0|0.0|0.0|0.0|1.0|0.0|1.0|0.0|0.0|good
-0.7947833832037526|1.4660055959651521|-0.1853448353574204|0.0|0.0|0.0|1.0|0.0|0.0|0.0|1.0|0.0|0.0|0.0|0.0|0.0|0.0|1.0|0.0|1.0|0.0|0.0|0.0|1.0|0.0|0.0|0.0|0.0|1.0|0.0|1.0|0.0|0.0|good
-0.20518146688049407|2.0734282367553454|-1.1418262104817232|0.0|0.0|0.0|1.0|0.0|0.0|0.0|0.0|0.0|0.0|1.0|0.0|0.0|0.0|1.0|1.0|0.0|0.0|0.0|0.0|0.0|0.0|1.0|0.0|0.0|1.0|0.0|1.0|0.0|0.0|bad
-1.3843852995270112|-0.27995464612828275|-0.9292747937874336|0.0|0.0|0.0|0.0|1.0|0.0|0.0|0.0|1.0|0.0|0.0|1.0|0.0|0.0|0.0|0.0|0.0|0.0|0.0|1.0|1.0|0.0|0.0|1.0|0.0|0.0|0.0|1.0|0.0|0.0|good
-0.7947833832037526|-0.7428653968360954|-0.1853448353574204|1.0|0.0|0.0|0.0|0.0|0.0|0.0|1.0|0.0|0.0|0.0|0.0|0.0|0.0|1.0|0.0|0.0|0.0|0.0|1.0|1.0|0.0|0.0|0.0|0.0|1.0|0.0|1.0|0.0|0.0|good
-0.20518146688049407|2.0774799719912997|2.152720748279764|0.0|0.0|0.0|0.0|0.0|1.0|0.0|1.0|0.0|0.0|0.0|0.0|0.0|0.0|1.0|0.0|0.0|0.0|0.0|1.0|1.0|0.0|0.0|1.0|0.0|0.0|0.0|1.0|0.0|0.0|good
-0.49998242504212337|-0.4565427734953039|-0.9292747937874336|0.0|0.0|0.0|1.0|0.0|0.0|0.0|0.0|1.0|0.0|0.0|0.0|0.0|0.0|1.0|1.0|0.0|0.0|0.0|0.0|0.0|0.0|1.0|0.0|0.0|1.0|0.0|1.0|0.0|0.0|bad
-1.1878513274192584|-0.7506312227050084|-0.1853448353574204|0.0|1.0|0.0|0.0|0.0|0.0|0.0|0.0|1.0|0.0|0.0|0.0|0.0|1.0|0.0|0.0|1.0|0.0|0.0|0.0|1.0|0.0|0.0|0.0|0.0|1.0|0.0|1.0|0.0|0.0|good
-0.20518146688049407|-0.27995464612828275|-0.7167233770931442|0.0|0.0|0.0|0.0|1.0|0.0|1.0|0.0|0.0|0.0|0.0|0.0|0.0|1.0|0.0|0.0|0.0|1.0|0.0|0.0|1.0|0.0|0.0|0.0|0.0|1.0|0.0|0.0|0.0|1.0|good
1.5636242820892816|2.194305004627991|-1.1418262104817232|1.0|0.0|0.0|0.0|0.0|0.0|0.0|0.0|0.0|0.0|1.0|0.0|0.0|0.0|1.0|0.0|0.0|0.0|0.0|1.0|1.0|0.0|0.0|0.0|0.0|1.0|0.0|1.0|0.0|0.0|bad
2.742828114735799|-0.026721193881120518|-0.1853448353574204|1.0|0.0|0.0|0.0|0.0|0.0|0.0|1.0|0.0|0.0|0.0|0.0|0.0|0.0|1.0|0.0|0.0|0.0|1.0|0.0|1.0|0.0|0.0|0.0|0.0|1.0|0.0|1.0|0.0|0.0|bad
2.742828114735799|0.27040605675554985|1.1962393731554612|1.0|0.0|0.0|0.0|0.0|0.0|0.0|0.0|0.0|0.0|1.0|1.0|0.0|0.0|0.0|0.0|0.0|0.0|1.0|0.0|1.0|0.0|0.0|0.0|0.0|1.0|0.0|0.0|1.0|0.0|bad
1.5636242820892816|1.4524998118453034|-0.1853448353574204|0.0|0.0|0.0|1.0|0.0|0.0|0.0|1.0|0.0|0.0|0.0|0.0|1.0|0.0|0.0|0.0|1.0|0.0|0.0|0.0|1.0|0.0|0.0|0.0|0.0|1.0|0.0|1.0|0.0|0.0|good
-1.3843852995270112|-0.6051063988136391|-0.1853448353574204|0.0|0.0|0.0|0.0|1.0|0.0|0.0|1.0|0.0|0.0|0.0|0.0|0.0|0.0|1.0|0.0|0.0|0.0|1.0|0.0|0.0|0.0|1.0|0.0|0.0|1.0|0.0|1.0|0.0|0.0|good
-0.20518146688049407|-0.5321751645664564|-1.1418262104817232|0.0|0.0|0.0|0.0|1.0|0.0|0.0|0.0|0.0|0.0|1.0|0.0|1.0|0.0|0.0|0.0|1.0|0.0|0.0|0.0|1.0|0.0|0.0|0.0|0.0|1.0|0.0|1.0|0.0|0.0|good
-0.20518146688049407|-0.27995464612828275|-0.1853448353574204|0.0|0.0|0.0|0.0|1.0|0.0|1.0|0.0|0.0|0.0|0.0|0.0|0.0|0.0|1.0|0.0|0.0|1.0|0.0|0.0|0.0|0.0|1.0|0.0|1.0|0.0|0.0|1.0|0.0|0.0|good
-0.20518146688049407|-0.6027428865926656|-0.1853448353574204|0.0|0.0|0.0|0.0|1.0|0.0|0.0|1.0|0.0|0.0|0.0|0.0|0.0|0.0|1.0|0.0|0.0|1.0|0.0|0.0|0.0|0.0|1.0|0.0|0.0|1.0|0.0|1.0|0.0|0.0|bad
-0.7947833832037526|-0.6851281697237424|-0.8229990854402889|0.0|0.0|0.0|1.0|0.0|0.0|0.0|1.0|0.0|0.0|0.0|0.0|0.0|1.0|0.0|0.0|1.0|0.0|0.0|0.0|1.0|0.0|0.0|0.0|0.0|1.0|0.0|1.0|0.0|0.0|good
-0.20518146688049407|-0.03853875498598809|-1.1418262104817232|0.0|0.0|0.0|0.0|1.0|0.0|0.0|1.0|0.0|0.0|0.0|1.0|0.0|0.0|0.0|1.0|0.0|0.0|0.0|0.0|1.0|0.0|0.0|0.0|0.0|1.0|0.0|1.0|0.0|0.0|good
1.5636242820892816|-0.14118271429683785|0.6648608314197376|0.0|0.0|1.0|0.0|0.0|0.0|0.0|1.0|0.0|0.0|0.0|0.0|0.0|0.0|1.0|0.0|0.0|0.0|0.0|1.0|1.0|0.0|0.0|0.0|0.0|1.0|0.0|1.0|0.0|0.0|bad
-0.20518146688049407|-0.27995464612828275|1.302515081502606|0.0|0.0|0.0|0.0|1.0|0.0|0.0|0.0|0.0|1.0|0.0|0.0|0.0|0.0|1.0|0.0|0.0|0.0|1.0|0.0|1.0|0.0|0.0|0.0|0.0|0.0|1.0|1.0|0.0|0.0|good
-0.20518146688049407|0.2194217217031212|0.02720658133686908|0.0|0.0|1.0|0.0|0.0|0.0|1.0|0.0|0.0|0.0|0.0|0.0|0.0|0.0|1.0|0.0|1.0|0.0|0.0|0.0|1.0|0.0|0.0|1.0|0.0|0.0|0.0|1.0|0.0|0.0|good
0.08961949128113521|-0.515968223622638|-0.5041719603988547|0.0|0.0|0.0|1.0|0.0|0.0|0.0|0.0|0.0|1.0|0.0|0.0|0.0|1.0|0.0|0.0|0.0|0.0|0.0|1.0|0.0|1.0|0.0|0.0|0.0|1.0|0.0|1.0|0.0|0.0|good
-0.20518146688049407|0.28222361786041744|-0.1853448353574204|1.0|0.0|0.0|0.0|0.0|0.0|0.0|0.0|0.0|1.0|0.0|0.0|1.0|0.0|0.0|0.0|0.0|0.0|0.0|1.0|1.0|0.0|0.0|1.0|0.0|0.0|0.0|1.0|0.0|0.0|bad
-0.20518146688049407|0.34941489385666447|0.13348228968401382|0.0|1.0|0.0|0.0|0.0|0.0|0.0|1.0|0.0|0.0|0.0|0.0|0.0|0.0|1.0|0.0|1.0|0.0|0.0|0.0|0.0|0.0|1.0|0.0|0.0|1.0|0.0|0.0|0.0|1.0|bad
1.5636242820892816|1.7573928883508867|1.302515081502606|0.0|0.0|0.0|0.0|0.0|1.0|0.0|0.0|0.0|1.0|0.0|0.0|0.0|0.0|1.0|0.0|0.0|0.0|1.0|0.0|1.0|0.0|0.0|0.0|0.0|1.0|0.0|1.0|0.0|0.0|bad
2.742828114735799|1.1989287149951449|0.34603370637830333|0.0|1.0|0.0|0.0|0.0|0.0|0.0|1.0|0.0|0.0|0.0|1.0|0.0|0.0|0.0|0.0|0.0|0.0|1.0|0.0|0.0|0.0|1.0|1.0|0.0|0.0|0.0|0.0|1.0|0.0|good
0.3844204494427645|-0.25496894550656274|-0.1853448353574204|0.0|1.0|0.0|0.0|0.0|0.0|0.0|1.0|0.0|0.0|0.0|0.0|0.0|0.0|1.0|0.0|1.0|0.0|0.0|0.0|1.0|0.0|0.0|0.0|0.0|1.0|0.0|0.0|0.0|1.0|good
-0.20518146688049407|-0.27995464612828275|-1.248101918828868|0.0|0.0|0.0|1.0|0.0|0.0|1.0|0.0|0.0|0.0|0.0|0.0|1.0|0.0|0.0|0.0|0.0|1.0|0.0|0.0|1.0|0.0|0.0|0.0|0.0|1.0|0.0|1.0|0.0|0.0|bad
2.4480271565741694|2.9327337513807157|-0.1853448353574204|0.0|1.0|0.0|0.0|0.0|0.0|1.0|0.0|0.0|0.0|0.0|0.0|0.0|0.0|1.0|0.0|0.0|0.0|0.0|1.0|1.0|0.0|0.0|0.0|0.0|1.0|0.0|1.0|0.0|0.0|bad
-0.20518146688049407|-0.27995464612828275|0.7711365397668823|0.0|0.0|0.0|0.0|1.0|0.0|0.0|0.0|0.0|1.0|0.0|0.0|1.0|0.0|0.0|0.0|0.0|0.0|1.0|0.0|1.0|0.0|0.0|1.0|0.0|0.0|0.0|1.0|0.0|0.0|good
-0.49998242504212337|-0.27117588645038115|-1.0355505021345783|0.0|0.0|0.0|0.0|1.0|0.0|0.0|0.0|1.0|0.0|0.0|0.0|0.0|0.0|1.0|0.0|0.0|1.0|0.0|0.0|1.0|0.0|0.0|0.0|0.0|0.0|1.0|1.0|0.0|0.0|bad
-0.20518146688049407|-0.6915434171806705|1.408790789849751|0.0|0.0|0.0|1.0|0.0|0.0|1.0|0.0|0.0|0.0|0.0|0.0|0.0|0.0|1.0|0.0|0.0|0.0|1.0|0.0|0.0|1.0|0.0|0.0|0.0|1.0|0.0|1.0|0.0|0.0|bad
-0.7947833832037526|-0.27995464612828275|-1.4606533355231575|0.0|0.0|0.0|0.0|1.0|0.0|1.0|0.0|0.0|0.0|0.0|1.0|0.0|0.0|0.0|0.0|1.0|0.0|0.0|0.0|1.0|0.0|0.0|0.0|0.0|1.0|0.0|1.0|0.0|0.0|good
-1.5809192716347642|-0.8539504712218505|-1.248101918828868|1.0|0.0|0.0|0.0|0.0|0.0|0.0|0.0|1.0|0.0|0.0|0.0|1.0|0.0|0.0|0.0|0.0|1.0|0.0|0.0|0.0|0.0|1.0|0.0|0.0|0.0|1.0|0.0|1.0|0.0|good
0.3844204494427645|-0.058459786562764855|-0.1853448353574204|0.0|0.0|0.0|0.0|0.0|1.0|0.0|0.0|0.0|1.0|0.0|0.0|0.0|0.0|1.0|0.0|0.0|0.0|0.0|1.0|0.0|1.0|0.0|1.0|0.0|0.0|0.0|1.0|0.0|0.0|good
0.3844204494427645|-0.1752848191994557|1.1962393731554612|1.0|0.0|0.0|0.0|0.0|0.0|1.0|0.0|0.0|0.0|0.0|0.0|0.0|1.0|0.0|0.0|0.0|1.0|0.0|0.0|0.0|1.0|0.0|0.0|0.0|1.0|0.0|1.0|0.0|0.0|good
1.5636242820892816|0.6917865212948279|-0.6104476687459994|1.0|0.0|0.0|0.0|0.0|0.0|1.0|0.0|0.0|0.0|0.0|0.0|0.0|0.0|1.0|0.0|1.0|0.0|0.0|0.0|0.0|0.0|1.0|0.0|0.0|1.0|0.0|0.0|0.0|1.0|bad
0.08961949128113521|-0.046304580854901065|-0.7167233770931442|0.0|0.0|0.0|0.0|0.0|1.0|0.0|1.0|0.0|0.0|0.0|0.0|0.0|0.0|1.0|0.0|0.0|0.0|0.0|1.0|0.0|1.0|0.0|1.0|0.0|0.0|0.0|1.0|0.0|0.0|good
-0.20518146688049407|-0.27995464612828275|-1.248101918828868|1.0|0.0|0.0|0.0|0.0|0.0|0.0|0.0|1.0|0.0|0.0|0.0|0.0|0.0|1.0|0.0|0.0|0.0|1.0|0.0|0.0|0.0|1.0|0.0|0.0|1.0|0.0|1.0|0.0|0.0|bad
0.3844204494427645|-0.27995464612828275|1.6213422065440404|0.0|0.0|0.0|0.0|1.0|0.0|0.0|0.0|0.0|0.0|1.0|0.0|0.0|0.0|1.0|0.0|0.0|0.0|1.0|0.0|1.0|0.0|0.0|0.0|0.0|1.0|0.0|1.0|0.0|0.0|good
-0.20518146688049407|-0.27995464612828275|1.302515081502606|0.0|0.0|1.0|0.0|0.0|0.0|0.0|0.0|0.0|1.0|0.0|0.0|0.0|0.0|1.0|0.0|0.0|0.0|1.0|0.0|0.0|0.0|1.0|1.0|0.0|0.0|0.0|0.0|1.0|0.0|good
-0.20518146688049407|-0.27995464612828275|-0.1853448353574204|0.0|0.0|1.0|0.0|0.0|0.0|0.0|1.0|0.0|0.0|0.0|0.0|0.0|0.0|1.0|0.0|0.0|1.0|0.0|0.0|1.0|0.0|0.0|0.0|0.0|1.0|0.0|1.0|0.0|0.0|good
-0.20518146688049407|1.225940283234842|3.5343049567926457|0.0|0.0|0.0|0.0|1.0|0.0|1.0|0.0|0.0|0.0|0.0|0.0|0.0|0.0|1.0|0.0|0.0|0.0|1.0|0.0|0.0|1.0|0.0|0.0|0.0|1.0|0.0|1.0|0.0|0.0|bad
0.3844204494427645|-0.6351567684803023|-0.7167233770931442|0.0|0.0|0.0|1.0|0.0|0.0|0.0|0.0|1.0|0.0|0.0|1.0|0.0|0.0|0.0|0.0|1.0|0.0|0.0|0.0|1.0|0.0|0.0|0.0|0.0|1.0|0.0|0.0|0.0|1.0|good
-1.089584341365382|-0.5963276391357375|2.5778235816683432|0.0|0.0|0.0|0.0|1.0|0.0|0.0|0.0|0.0|0.0|1.0|0.0|0.0|0.0|1.0|0.0|0.0|0.0|0.0|1.0|1.0|0.0|0.0|0.0|0.0|1.0|0.0|1.0|0.0|0.0|good
-0.7947833832037526|-0.8174848540982592|-0.1853448353574204|0.0|0.0|0.0|0.0|1.0|0.0|0.0|0.0|0.0|1.0|0.0|0.0|0.0|0.0|1.0|0.0|0.0|0.0|1.0|0.0|1.0|0.0|0.0|0.0|0.0|0.0|1.0|1.0|0.0|0.0|bad
-0.20518146688049407|-0.30223918992603305|-0.1853448353574204|1.0|0.0|0.0|0.0|0.0|0.0|1.0|0.0|0.0|0.0|0.0|1.0|0.0|0.0|0.0|0.0|0.0|0.0|1.0|0.0|0.0|1.0|0.0|0.0|0.0|1.0|0.0|1.0|0.0|0.0|bad
-0.20518146688049407|-0.27995464612828275|-0.1853448353574204|0.0|0.0|0.0|0.0|0.0|1.0|0.0|1.0|0.0|0.0|0.0|0.0|0.0|0.0|1.0|0.0|0.0|0.0|1.0|0.0|0.0|1.0|0.0|0.0|0.0|1.0|0.0|1.0|0.0|0.0|good
-0.49998242504212337|-0.5601996666151423|0.02720658133686908|0.0|0.0|0.0|0.0|1.0|0.0|0.0|1.0|0.0|0.0|0.0|0.0|0.0|0.0|1.0|0.0|0.0|0.0|1.0|0.0|0.0|0.0|1.0|1.0|0.0|0.0|0.0|1.0|0.0|0.0|good
-0.20518146688049407|-0.27995464612828275|-0.2916205437045652|0.0|0.0|0.0|1.0|0.0|0.0|0.0|0.0|0.0|0.0|1.0|0.0|0.0|0.0|1.0|0.0|0.0|0.0|0.0|1.0|0.0|1.0|0.0|1.0|0.0|0.0|0.0|0.0|1.0|0.0|bad
1.5636242820892816|2.6150101799612764|1.0899636648083166|1.0|0.0|0.0|0.0|0.0|0.0|0.0|0.0|0.0|1.0|0.0|0.0|0.0|0.0|1.0|0.0|1.0|0.0|0.0|0.0|0.0|0.0|1.0|1.0|0.0|0.0|0.0|0.0|1.0|0.0|good
0.3844204494427645|-0.5591867328061537|-0.1853448353574204|1.0|0.0|0.0|0.0|0.0|0.0|0.0|0.0|1.0|0.0|0.0|0.0|0.0|1.0|0.0|0.0|0.0|1.0|0.0|0.0|1.0|0.0|0.0|0.0|0.0|1.0|0.0|1.0|0.0|0.0|good
-0.9913173553115056|-0.7550206025439592|0.5585851230725928|0.0|0.0|0.0|0.0|1.0|0.0|0.0|0.0|0.0|0.0|1.0|1.0|0.0|0.0|0.0|0.0|0.0|1.0|0.0|0.0|1.0|0.0|0.0|0.0|0.0|1.0|0.0|1.0|0.0|0.0|good
-0.49998242504212337|0.07187103019377465|-0.7167233770931442|0.0|0.0|0.0|0.0|1.0|0.0|0.0|1.0|0.0|0.0|0.0|0.0|0.0|0.0|1.0|0.0|1.0|0.0|0.0|0.0|1.0|0.0|0.0|0.0|0.0|1.0|0.0|1.0|0.0|0.0|good
-0.49998242504212337|0.2798601056394439|-0.6104476687459994|0.0|0.0|0.0|1.0|0.0|0.0|1.0|0.0|0.0|0.0|0.0|1.0|0.0|0.0|0.0|0.0|0.0|0.0|1.0|0.0|1.0|0.0|0.0|0.0|0.0|1.0|0.0|1.0|0.0|0.0|bad
-1.089584341365382|-0.27995464612828275|-0.9292747937874336|1.0|0.0|0.0|0.0|0.0|0.0|0.0|1.0|0.0|0.0|0.0|0.0|0.0|0.0|1.0|0.0|1.0|0.0|0.0|0.0|0.0|0.0|1.0|0.0|0.0|1.0|0.0|0.0|1.0|0.0|good
0.3844204494427645|0.9028143981674631|-0.1853448353574204|0.0|0.0|0.0|0.0|0.0|1.0|1.0|0.0|0.0|0.0|0.0|0.0|0.0|0.0|1.0|0.0|1.0|0.0|0.0|0.0|1.0|0.0|0.0|0.0|0.0|1.0|0.0|1.0|0.0|0.0|good
-0.20518146688049407|-0.32452373372378335|-0.7167233770931442|1.0|0.0|0.0|0.0|0.0|0.0|0.0|1.0|0.0|0.0|0.0|1.0|0.0|0.0|0.0|0.0|1.0|0.0|0.0|0.0|1.0|0.0|0.0|0.0|0.0|1.0|0.0|1.0|0.0|0.0|bad
0.3844204494427645|-0.27995464612828275|0.02720658133686908|0.0|0.0|0.0|0.0|1.0|0.0|0.0|0.0|1.0|0.0|0.0|0.0|1.0|0.0|0.0|0.0|0.0|0.0|0.0|1.0|1.0|0.0|0.0|0.0|0.0|1.0|0.0|1.0|0.0|0.0|bad
0.6792214076043938|0.47130459553829857|-0.1853448353574204|0.0|0.0|1.0|0.0|0.0|0.0|0.0|0.0|1.0|0.0|0.0|1.0|0.0|0.0|0.0|0.0|1.0|0.0|0.0|0.0|0.0|1.0|0.0|0.0|0.0|0.0|1.0|1.0|0.0|0.0|good
-0.20518146688049407|-0.31068030500093846|-1.0355505021345783|0.0|0.0|1.0|0.0|0.0|0.0|1.0|0.0|0.0|0.0|0.0|1.0|0.0|0.0|0.0|0.0|1.0|0.0|0.0|0.0|1.0|0.0|0.0|0.0|0.0|0.0|1.0|1.0|0.0|0.0|bad
-0.49998242504212337|-0.3069662143679801|-1.566929043870302|0.0|0.0|1.0|0.0|0.0|0.0|0.0|1.0|0.0|0.0|0.0|0.0|1.0|0.0|0.0|0.0|0.0|0.0|1.0|0.0|1.0|0.0|0.0|1.0|0.0|0.0|0.0|1.0|0.0|0.0|good
-0.20518146688049407|-0.25024192106461574|-0.1853448353574204|1.0|0.0|0.0|0.0|0.0|0.0|1.0|0.0|0.0|0.0|0.0|0.0|1.0|0.0|0.0|1.0|0.0|0.0|0.0|0.0|1.0|0.0|0.0|0.0|0.0|1.0|0.0|1.0|0.0|0.0|good
-0.20518146688049407|0.06781929495782006|0.7711365397668823|0.0|0.0|0.0|0.0|1.0|0.0|0.0|0.0|0.0|1.0|0.0|0.0|0.0|0.0|1.0|0.0|0.0|0.0|1.0|0.0|1.0|0.0|0.0|0.0|0.0|1.0|0.0|0.0|0.0|1.0|good
-0.20518146688049407|1.4447339859763904|-0.1853448353574204|0.0|1.0|0.0|0.0|0.0|0.0|0.0|0.0|0.0|1.0|0.0|0.0|0.0|0.0|1.0|0.0|1.0|0.0|0.0|0.0|0.0|1.0|0.0|1.0|0.0|0.0|0.0|1.0|0.0|0.0|good
-0.7947833832037526|-0.8367305964690436|-1.1418262104817232|0.0|0.0|0.0|0.0|1.0|0.0|0.0|0.0|0.0|1.0|0.0|0.0|0.0|0.0|1.0|0.0|0.0|0.0|1.0|0.0|0.0|0.0|1.0|0.0|0.0|1.0|0.0|1.0|0.0|0.0|good
-0.20518146688049407|1.5355603841823726|0.5585851230725928|1.0|0.0|0.0|0.0|0.0|0.0|0.0|1.0|0.0|0.0|0.0|0.0|1.0|0.0|0.0|0.0|0.0|0.0|1.0|0.0|0.0|1.0|0.0|0.0|0.0|1.0|0.0|1.0|0.0|0.0|good
-1.3843852995270112|-0.603418175798658|1.1962393731554612|0.0|0.0|0.0|1.0|0.0|0.0|0.0|0.0|0.0|1.0|0.0|1.0|0.0|0.0|0.0|0.0|0.0|0.0|1.0|0.0|0.0|0.0|1.0|0.0|0.0|1.0|0.0|0.0|1.0|0.0|good
-0.20518146688049407|-0.27995464612828275|-0.1853448353574204|0.0|1.0|0.0|0.0|0.0|0.0|0.0|1.0|0.0|0.0|0.0|0.0|0.0|0.0|1.0|1.0|0.0|0.0|0.0|0.0|0.0|1.0|0.0|0.0|0.0|1.0|0.0|1.0|0.0|0.0|good
-0.20518146688049407|-0.7617734946038834|-1.1418262104817232|0.0|0.0|0.0|0.0|1.0|0.0|1.0|0.0|0.0|0.0|0.0|0.0|1.0|0.0|0.0|0.0|0.0|0.0|1.0|0.0|1.0|0.0|0.0|0.0|0.0|1.0|0.0|1.0|0.0|0.0|good
-0.7947833832037526|0.15526924713384008|-0.6104476687459994|1.0|0.0|0.0|0.0|0.0|0.0|0.0|1.0|0.0|0.0|0.0|0.0|0.0|0.0|1.0|0.0|0.0|0.0|1.0|0.0|1.0|0.0|0.0|0.0|0.0|0.0|1.0|0.0|1.0|0.0|good
-0.20518146688049407|-0.27995464612828275|0.5585851230725928|0.0|0.0|0.0|1.0|0.0|0.0|0.0|1.0|0.0|0.0|0.0|0.0|1.0|0.0|0.0|0.0|0.0|0.0|1.0|0.0|0.0|1.0|0.0|0.0|0.0|1.0|0.0|1.0|0.0|0.0|good
-0.20518146688049407|-0.40184434780991685|0.13348228968401382|0.0|0.0|0.0|0.0|1.0|0.0|0.0|0.0|1.0|0.0|0.0|0.0|0.0|0.0|1.0|0.0|0.0|0.0|1.0|0.0|1.0|0.0|0.0|0.0|1.0|0.0|0.0|1.0|0.0|0.0|good
1.5636242820892816|0.15695747014882117|-0.1853448353574204|0.0|0.0|0.0|0.0|1.0|0.0|0.0|0.0|0.0|1.0|0.0|0.0|0.0|0.0|1.0|0.0|1.0|0.0|0.0|0.0|1.0|0.0|0.0|0.0|0.0|1.0|0.0|1.0|0.0|0.0|good
-1.089584341365382|-0.5767442521619569|-0.1853448353574204|0.0|0.0|0.0|1.0|0.0|0.0|1.0|0.0|0.0|0.0|0.0|1.0|0.0|0.0|0.0|0.0|1.0|0.0|0.0|0.0|0.0|0.0|1.0|0.0|1.0|0.0|0.0|1.0|0.0|0.0|bad
0.9740223657660231|1.219525035777914|-0.1853448353574204|0.0|0.0|0.0|0.0|1.0|0.0|1.0|0.0|0.0|0.0|0.0|0.0|0.0|0.0|1.0|0.0|0.0|1.0|0.0|0.0|1.0|0.0|0.0|0.0|0.0|1.0|0.0|1.0|0.0|0.0|good
0.3844204494427645|1.581480050189858|-0.1853448353574204|0.0|0.0|0.0|0.0|1.0|0.0|0.0|0.0|0.0|0.0|1.0|0.0|0.0|0.0|1.0|0.0|0.0|1.0|0.0|0.0|1.0|0.0|0.0|0.0|1.0|0.0|0.0|1.0|0.0|0.0|good
-0.20518146688049407|2.0754541043733226|-0.1853448353574204|1.0|0.0|0.0|0.0|0.0|0.0|0.0|1.0|0.0|0.0|0.0|1.0|0.0|0.0|0.0|0.0|0.0|0.0|0.0|1.0|1.0|0.0|0.0|0.0|0.0|1.0|0.0|1.0|0.0|0.0|good
0.9740223657660231|-0.32047199848782876|0.13348228968401382|1.0|0.0|0.0|0.0|0.0|0.0|0.0|0.0|0.0|1.0|0.0|0.0|0.0|0.0|1.0|0.0|0.0|0.0|1.0|0.0|1.0|0.0|0.0|0.0|0.0|1.0|0.0|1.0|0.0|0.0|good
-0.20518146688049407|-0.6861411035327311|-0.1853448353574204|0.0|0.0|0.0|0.0|1.0|0.0|1.0|0.0|0.0|0.0|0.0|0.0|0.0|0.0|1.0|0.0|0.0|0.0|1.0|0.0|0.0|1.0|0.0|0.0|0.0|1.0|0.0|1.0|0.0|0.0|good
0.3844204494427645|0.3129492767330731|-0.1853448353574204|0.0|0.0|1.0|0.0|0.0|0.0|1.0|0.0|0.0|0.0|0.0|0.0|0.0|0.0|1.0|0.0|0.0|1.0|0.0|0.0|1.0|0.0|0.0|1.0|0.0|0.0|0.0|1.0|0.0|0.0|bad
-0.7947833832037526|-0.27995464612828275|1.9401693315854747|0.0|0.0|0.0|0.0|1.0|0.0|0.0|1.0|0.0|0.0|0.0|0.0|1.0|0.0|0.0|0.0|0.0|0.0|1.0|0.0|0.0|0.0|1.0|0.0|0.0|1.0|0.0|1.0|0.0|0.0|bad
-0.20518146688049407|-0.27995464612828275|-0.07906912701027567|1.0|0.0|0.0|0.0|0.0|0.0|0.0|0.0|0.0|0.0|1.0|0.0|0.0|0.0|1.0|0.0|0.0|1.0|0.0|0.0|0.0|1.0|0.0|1.0|0.0|0.0|0.0|0.0|1.0|0.0|good
2.742828114735799|4.234691340534126|-1.248101918828868|0.0|1.0|0.0|0.0|0.0|0.0|0.0|1.0|0.0|0.0|0.0|0.0|0.0|0.0|1.0|0.0|0.0|0.0|0.0|1.0|1.0|0.0|0.0|0.0|0.0|1.0|0.0|1.0|0.0|0.0|bad
1.5636242820892816|1.1763065265943984|-0.1853448353574204|0.0|0.0|0.0|0.0|1.0|0.0|0.0|0.0|0.0|1.0|0.0|0.0|0.0|0.0|1.0|0.0|0.0|0.0|1.0|0.0|0.0|1.0|0.0|0.0|1.0|0.0|0.0|1.0|0.0|0.0|good
0.7774883936582703|1.5848564962198202|0.5585851230725928|0.0|0.0|0.0|0.0|0.0|1.0|1.0|0.0|0.0|0.0|0.0|0.0|0.0|0.0|1.0|0.0|0.0|0.0|1.0|0.0|0.0|0.0|1.0|0.0|0.0|1.0|0.0|0.0|1.0|0.0|good
-0.20518146688049407|-0.23234675710581626|0.8774122481140271|0.0|0.0|0.0|0.0|1.0|0.0|0.0|0.0|0.0|1.0|0.0|0.0|0.0|0.0|1.0|0.0|0.0|0.0|1.0|0.0|1.0|0.0|0.0|0.0|0.0|1.0|0.0|0.0|0.0|1.0|good
-0.20518146688049407|-0.4393228987424969|1.1962393731554612|0.0|0.0|0.0|0.0|1.0|0.0|1.0|0.0|0.0|0.0|0.0|0.0|0.0|0.0|1.0|0.0|0.0|0.0|1.0|0.0|0.0|1.0|0.0|1.0|0.0|0.0|0.0|1.0|0.0|0.0|good
-0.20518146688049407|-0.27995464612828275|0.34603370637830333|0.0|0.0|0.0|0.0|1.0|0.0|0.0|1.0|0.0|0.0|0.0|0.0|0.0|0.0|1.0|0.0|0.0|0.0|1.0|0.0|0.0|1.0|0.0|1.0|0.0|0.0|0.0|0.0|0.0|1.0|good
1.5636242820892816|-0.27995464612828275|-0.07906912701027567|0.0|0.0|0.0|0.0|0.0|1.0|0.0|1.0|0.0|0.0|0.0|0.0|0.0|0.0|1.0|0.0|0.0|0.0|1.0|0.0|0.0|1.0|0.0|0.0|0.0|1.0|0.0|1.0|0.0|0.0|good
-0.20518146688049407|-0.6621683367199996|-0.6104476687459994|0.0|0.0|0.0|0.0|1.0|0.0|0.0|1.0|0.0|0.0|0.0|0.0|0.0|0.0|1.0|0.0|0.0|0.0|1.0|0.0|0.0|1.0|0.0|0.0|0.0|1.0|0.0|0.0|0.0|1.0|good
1.5636242820892816|1.9640313853845712|-0.1853448353574204|1.0|0.0|0.0|0.0|0.0|0.0|0.0|0.0|0.0|0.0|1.0|1.0|0.0|0.0|0.0|0.0|1.0|0.0|0.0|0.0|1.0|0.0|0.0|0.0|0.0|1.0|0.0|0.0|1.0|0.0|good
-0.20518146688049407|-0.1769730422144368|-0.7167233770931442|0.0|0.0|0.0|0.0|1.0|0.0|0.0|1.0|0.0|0.0|0.0|0.0|0.0|0.0|1.0|0.0|0.0|0.0|1.0|0.0|1.0|0.0|0.0|1.0|0.0|0.0|0.0|1.0|0.0|0.0|good
-0.7947833832037526|-0.5193446696526002|0.02720658133686908|1.0|0.0|0.0|0.0|0.0|0.0|1.0|0.0|0.0|0.0|0.0|0.0|1.0|0.0|0.0|0.0|1.0|0.0|0.0|0.0|1.0|0.0|0.0|0.0|0.0|1.0|0.0|1.0|0.0|0.0|good
-0.20518146688049407|-0.31878377547284764|-0.1853448353574204|0.0|0.0|1.0|0.0|0.0|0.0|0.0|0.0|0.0|0.0|1.0|0.0|0.0|0.0|1.0|0.0|0.0|0.0|1.0|0.0|1.0|0.0|0.0|0.0|0.0|0.0|1.0|0.0|0.0|1.0|good
-0.20518146688049407|0.3453631586207099|0.7711365397668823|0.0|0.0|1.0|0.0|0.0|0.0|0.0|1.0|0.0|0.0|0.0|0.0|0.0|0.0|1.0|0.0|0.0|0.0|0.0|1.0|1.0|0.0|0.0|0.0|0.0|1.0|0.0|1.0|0.0|0.0|bad
-0.20518146688049407|-0.27995464612828275|0.8774122481140271|0.0|0.0|0.0|1.0|0.0|0.0|0.0|0.0|0.0|1.0|0.0|0.0|0.0|0.0|1.0|0.0|0.0|0.0|1.0|0.0|1.0|0.0|0.0|0.0|0.0|1.0|0.0|1.0|0.0|0.0|bad
-0.00864749477274122|0.11981656381923737|0.9836879564611718|0.0|0.0|0.0|1.0|0.0|0.0|0.0|0.0|1.0|0.0|0.0|1.0|0.0|0.0|0.0|0.0|0.0|0.0|1.0|0.0|0.0|1.0|0.0|0.0|0.0|1.0|0.0|1.0|0.0|0.0|good
-0.20518146688049407|-0.27995464612828275|0.7711365397668823|0.0|0.0|0.0|0.0|0.0|1.0|0.0|0.0|0.0|1.0|0.0|1.0|0.0|0.0|0.0|0.0|0.0|0.0|1.0|0.0|0.0|0.0|1.0|1.0|0.0|0.0|0.0|1.0|0.0|0.0|good
-0.20518146688049407|-0.27995464612828275|0.5585851230725928|0.0|0.0|0.0|0.0|1.0|0.0|0.0|1.0|0.0|0.0|0.0|0.0|0.0|0.0|1.0|0.0|1.0|0.0|0.0|0.0|1.0|0.0|0.0|0.0|0.0|1.0|0.0|1.0|0.0|0.0|good
0.3844204494427645|-0.6253650749934121|0.13348228968401382|0.0|0.0|0.0|0.0|1.0|0.0|0.0|0.0|0.0|1.0|0.0|0.0|0.0|0.0|1.0|0.0|0.0|0.0|1.0|0.0|1.0|0.0|0.0|0.0|1.0|0.0|0.0|1.0|0.0|0.0|good
-0.7947833832037526|-0.27995464612828275|-1.566929043870302|1.0|0.0|0.0|0.0|0.0|0.0|0.0|1.0|0.0|0.0|0.0|1.0|0.0|0.0|0.0|0.0|0.0|0.0|1.0|0.0|1.0|0.0|0.0|0.0|1.0|0.0|0.0|1.0|0.0|0.0|good
0.08961949128113521|-0.27995464612828275|-1.1418262104817232|0.0|0.0|0.0|0.0|1.0|0.0|0.0|0.0|0.0|0.0|1.0|0.0|0.0|0.0|1.0|0.0|0.0|0.0|1.0|0.0|1.0|0.0|0.0|0.0|0.0|0.0|1.0|1.0|0.0|0.0|good
-0.20518146688049407|0.19612424409638227|-0.1853448353574204|0.0|0.0|0.0|0.0|1.0|0.0|0.0|1.0|0.0|0.0|0.0|0.0|0.0|1.0|0.0|0.0|0.0|0.0|1.0|0.0|1.0|0.0|0.0|1.0|0.0|0.0|0.0|1.0|0.0|0.0|good
-0.49998242504212337|0.15661982554582496|1.1962393731554612|0.0|0.0|0.0|0.0|0.0|1.0|1.0|0.0|0.0|0.0|0.0|0.0|1.0|0.0|0.0|0.0|1.0|0.0|0.0|0.0|0.0|0.0|1.0|0.0|0.0|0.0|1.0|0.0|0.0|1.0|good
-0.20518146688049407|-0.27995464612828275|-0.1853448353574204|0.0|0.0|0.0|0.0|1.0|0.0|0.0|1.0|0.0|0.0|0.0|0.0|1.0|0.0|0.0|0.0|0.0|0.0|0.0|1.0|0.0|0.0|1.0|0.0|0.0|0.0|1.0|0.0|0.0|1.0|good
-0.20518146688049407|0.446994184122571|-0.07906912701027567|0.0|0.0|0.0|0.0|1.0|0.0|0.0|1.0|0.0|0.0|0.0|0.0|1.0|0.0|0.0|0.0|0.0|0.0|1.0|0.0|0.0|1.0|0.0|1.0|0.0|0.0|0.0|1.0|0.0|0.0|good
0.3844204494427645|0.5422099621675041|-1.0355505021345783|0.0|0.0|0.0|0.0|1.0|0.0|0.0|0.0|1.0|0.0|0.0|0.0|0.0|0.0|1.0|0.0|0.0|0.0|1.0|0.0|1.0|0.0|0.0|0.0|0.0|0.0|1.0|0.0|0.0|1.0|bad
-0.20518146688049407|-0.27995464612828275|-1.0355505021345783|0.0|0.0|0.0|0.0|1.0|0.0|1.0|0.0|0.0|0.0|0.0|1.0|0.0|0.0|0.0|0.0|0.0|0.0|1.0|0.0|1.0|0.0|0.0|1.0|0.0|0.0|0.0|1.0|0.0|0.0|good
-0.20518146688049407|-0.3336401380046812|-0.1853448353574204|0.0|1.0|0.0|0.0|0.0|0.0|0.0|1.0|0.0|0.0|0.0|0.0|0.0|0.0|1.0|0.0|1.0|0.0|0.0|0.0|1.0|0.0|0.0|0.0|0.0|1.0|0.0|1.0|0.0|0.0|good
-0.20518146688049407|0.01041971244846328|-0.3978962520517099|0.0|0.0|0.0|0.0|1.0|0.0|0.0|1.0|0.0|0.0|0.0|0.0|0.0|0.0|1.0|0.0|0.0|0.0|1.0|0.0|1.0|0.0|0.0|0.0|0.0|1.0|0.0|1.0|0.0|0.0|bad
2.742828114735799|5.163889287979713|-0.1853448353574204|0.0|0.0|0.0|0.0|1.0|0.0|0.0|1.0|0.0|0.0|0.0|0.0|1.0|0.0|0.0|0.0|1.0|0.0|0.0|0.0|1.0|0.0|0.0|0.0|1.0|0.0|0.0|1.0|0.0|0.0|bad
-0.9913173553115056|-0.09526304828935243|-0.1853448353574204|0.0|0.0|0.0|0.0|0.0|1.0|0.0|1.0|0.0|0.0|0.0|0.0|0.0|0.0|1.0|0.0|1.0|0.0|0.0|0.0|1.0|0.0|0.0|1.0|0.0|0.0|0.0|0.0|1.0|0.0|good
-1.3843852995270112|3.9726791286090624|-0.1853448353574204|0.0|0.0|0.0|1.0|0.0|0.0|0.0|0.0|0.0|1.0|0.0|1.0|0.0|0.0|0.0|0.0|0.0|0.0|1.0|0.0|1.0|0.0|0.0|0.0|1.0|0.0|0.0|1.0|0.0|0.0|bad
-0.20518146688049407|-0.27995464612828275|-0.1853448353574204|0.0|0.0|1.0|0.0|0.0|0.0|0.0|1.0|0.0|0.0|0.0|0.0|0.0|0.0|1.0|1.0|0.0|0.0|0.0|0.0|1.0|0.0|0.0|0.0|0.0|1.0|0.0|1.0|0.0|0.0|bad
0.3844204494427645|0.07254631939976709|-0.1853448353574204|0.0|0.0|0.0|0.0|1.0|0.0|1.0|0.0|0.0|0.0|0.0|1.0|0.0|0.0|0.0|0.0|1.0|0.0|0.0|0.0|1.0|0.0|0.0|0.0|0.0|1.0|0.0|0.0|0.0|1.0|bad
-0.20518146688049407|-0.4433746339784515|-0.7167233770931442|0.0|0.0|1.0|0.0|0.0|0.0|0.0|1.0|0.0|0.0|0.0|0.0|1.0|0.0|0.0|0.0|0.0|0.0|0.0|1.0|0.0|1.0|0.0|0.0|0.0|1.0|0.0|1.0|0.0|0.0|good
2.742828114735799|3.2477561659761855|0.23975799803115858|0.0|0.0|0.0|0.0|1.0|0.0|0.0|0.0|0.0|0.0|1.0|1.0|0.0|0.0|0.0|1.0|0.0|0.0|0.0|0.0|1.0|0.0|0.0|0.0|1.0|0.0|0.0|1.0|0.0|0.0|good
-1.089584341365382|-0.595652349929745|-1.3543776271760126|0.0|0.0|0.0|0.0|1.0|0.0|0.0|1.0|0.0|0.0|0.0|0.0|1.0|0.0|0.0|0.0|0.0|0.0|1.0|0.0|1.0|0.0|0.0|0.0|0.0|1.0|0.0|1.0|0.0|0.0|bad
-0.20518146688049407|-0.27995464612828275|-0.5041719603988547|0.0|0.0|0.0|0.0|1.0|0.0|0.0|0.0|0.0|0.0|1.0|0.0|0.0|0.0|1.0|0.0|0.0|0.0|1.0|0.0|1.0|0.0|0.0|0.0|0.0|1.0|0.0|0.0|1.0|0.0|good
0.3844204494427645|-0.27995464612828275|2.152720748279764|0.0|0.0|0.0|0.0|1.0|0.0|0.0|0.0|1.0|0.0|0.0|1.0|0.0|0.0|0.0|0.0|0.0|0.0|1.0|0.0|1.0|0.0|0.0|0.0|0.0|1.0|0.0|1.0|0.0|0.0|bad
-0.7947833832037526|-0.8215365893342138|1.1962393731554612|0.0|0.0|0.0|1.0|0.0|0.0|0.0|0.0|1.0|0.0|0.0|0.0|0.0|0.0|1.0|0.0|1.0|0.0|0.0|0.0|0.0|0.0|1.0|0.0|0.0|1.0|0.0|1.0|0.0|0.0|bad
-0.20518146688049407|-0.27995464612828275|-0.1853448353574204|0.0|0.0|1.0|0.0|0.0|0.0|0.0|0.0|1.0|0.0|0.0|0.0|0.0|0.0|1.0|0.0|0.0|0.0|1.0|0.0|1.0|0.0|0.0|0.0|0.0|1.0|0.0|1.0|0.0|0.0|good
-0.20518146688049407|-0.27995464612828275|-0.1853448353574204|0.0|0.0|0.0|0.0|0.0|1.0|0.0|0.0|0.0|0.0|1.0|0.0|0.0|0.0|1.0|0.0|0.0|0.0|1.0|0.0|0.0|0.0|1.0|0.0|0.0|1.0|0.0|0.0|1.0|0.0|bad
-0.20518146688049407|-0.27995464612828275|-0.1853448353574204|0.0|0.0|0.0|0.0|1.0|0.0|0.0|1.0|0.0|0.0|0.0|0.0|0.0|0.0|1.0|0.0|0.0|0.0|1.0|0.0|0.0|0.0|1.0|0.0|0.0|1.0|0.0|1.0|0.0|0.0|good
-0.20518146688049407|-0.27995464612828275|0.8774122481140271|0.0|0.0|0.0|1.0|0.0|0.0|1.0|0.0|0.0|0.0|0.0|0.0|0.0|0.0|1.0|0.0|0.0|0.0|1.0|0.0|1.0|0.0|0.0|1.0|0.0|0.0|0.0|0.0|1.0|0.0|good
0.3844204494427645|-0.46700975618818663|-0.1853448353574204|0.0|0.0|1.0|0.0|0.0|0.0|0.0|0.0|1.0|0.0|0.0|0.0|0.0|0.0|1.0|0.0|0.0|0.0|0.0|1.0|0.0|0.0|1.0|0.0|0.0|0.0|1.0|1.0|0.0|0.0|good
-1.089584341365382|-0.4930083906188953|-1.3543776271760126|1.0|0.0|0.0|0.0|0.0|0.0|1.0|0.0|0.0|0.0|0.0|1.0|0.0|0.0|0.0|0.0|0.0|0.0|1.0|0.0|1.0|0.0|0.0|0.0|0.0|1.0|0.0|1.0|0.0|0.0|bad
-0.20518146688049407|-0.6435978835552078|-0.1853448353574204|1.0|0.0|0.0|0.0|0.0|0.0|0.0|1.0|0.0|0.0|0.0|0.0|0.0|0.0|1.0|0.0|0.0|0.0|0.0|1.0|1.0|0.0|0.0|0.0|0.0|1.0|0.0|1.0|0.0|0.0|good
-0.20518146688049407|-0.8806243948585516|0.7711365397668823|1.0|0.0|0.0|0.0|0.0|0.0|1.0|0.0|0.0|0.0|0.0|0.0|0.0|0.0|1.0|0.0|0.0|0.0|1.0|0.0|1.0|0.0|0.0|0.0|0.0|1.0|0.0|0.0|1.0|0.0|good
-0.7947833832037526|-0.5510832623342445|-1.248101918828868|0.0|0.0|0.0|0.0|1.0|0.0|0.0|1.0|0.0|0.0|0.0|0.0|1.0|0.0|0.0|1.0|0.0|0.0|0.0|0.0|1.0|0.0|0.0|0.0|0.0|1.0|0.0|1.0|0.0|0.0|good
0.9740223657660231|-0.40893488447283743|-0.5041719603988547|0.0|0.0|0.0|0.0|1.0|0.0|0.0|0.0|1.0|0.0|0.0|0.0|0.0|0.0|1.0|0.0|0.0|1.0|0.0|0.0|0.0|1.0|0.0|0.0|0.0|1.0|0.0|1.0|0.0|0.0|bad
-0.20518146688049407|-0.27995464612828275|-0.7167233770931442|1.0|0.0|0.0|0.0|0.0|0.0|0.0|1.0|0.0|0.0|0.0|0.0|0.0|0.0|1.0|0.0|1.0|0.0|0.0|0.0|1.0|0.0|0.0|0.0|0.0|0.0|1.0|1.0|0.0|0.0|bad
-0.20518146688049407|-0.36031406164138224|-0.5041719603988547|0.0|0.0|0.0|0.0|1.0|0.0|1.0|0.0|0.0|0.0|0.0|1.0|0.0|0.0|0.0|0.0|0.0|1.0|0.0|0.0|1.0|0.0|0.0|0.0|1.0|0.0|0.0|1.0|0.0|0.0|good
3.922031947382316|1.0662343860176318|0.7711365397668823|1.0|0.0|0.0|0.0|0.0|0.0|0.0|1.0|0.0|0.0|0.0|0.0|0.0|0.0|1.0|0.0|0.0|0.0|1.0|0.0|1.0|0.0|0.0|0.0|0.0|1.0|0.0|1.0|0.0|0.0|bad
-0.20518146688049407|-0.27995464612828275|-0.1853448353574204|0.0|0.0|0.0|0.0|0.0|1.0|1.0|0.0|0.0|0.0|0.0|0.0|0.0|0.0|1.0|0.0|0.0|0.0|0.0|1.0|0.0|0.0|1.0|0.0|1.0|0.0|0.0|0.0|1.0|0.0|good
-0.7947833832037526|0.13399763714507845|1.0899636648083166|0.0|0.0|0.0|0.0|1.0|0.0|0.0|0.0|1.0|0.0|0.0|0.0|0.0|0.0|1.0|0.0|0.0|1.0|0.0|0.0|0.0|0.0|1.0|0.0|1.0|0.0|0.0|0.0|1.0|0.0|good
-0.9913173553115056|-0.27995464612828275|-0.1853448353574204|0.0|0.0|0.0|0.0|1.0|0.0|0.0|1.0|0.0|0.0|0.0|1.0|0.0|0.0|0.0|0.0|1.0|0.0|0.0|0.0|1.0|0.0|0.0|0.0|0.0|1.0|0.0|1.0|0.0|0.0|good
-0.20518146688049407|-0.7432030414390915|-0.1853448353574204|0.0|0.0|1.0|0.0|0.0|0.0|1.0|0.0|0.0|0.0|0.0|0.0|0.0|0.0|1.0|0.0|1.0|0.0|0.0|0.0|1.0|0.0|0.0|0.0|0.0|1.0|0.0|1.0|0.0|0.0|good
-1.5809192716347642|-0.27995464612828275|0.7711365397668823|0.0|0.0|0.0|0.0|1.0|0.0|0.0|0.0|0.0|0.0|1.0|0.0|0.0|0.0|1.0|1.0|0.0|0.0|0.0|0.0|1.0|0.0|0.0|0.0|0.0|0.0|1.0|0.0|0.0|1.0|good
-0.49998242504212337|-0.43392058509455744|-0.1853448353574204|1.0|0.0|0.0|0.0|0.0|0.0|1.0|0.0|0.0|0.0|0.0|0.0|1.0|0.0|0.0|1.0|0.0|0.0|0.0|0.0|0.0|0.0|1.0|1.0|0.0|0.0|0.0|1.0|0.0|0.0|good
-0.20518146688049407|1.7651587142197998|-0.5041719603988547|0.0|0.0|0.0|1.0|0.0|0.0|0.0|0.0|1.0|0.0|0.0|1.0|0.0|0.0|0.0|1.0|0.0|0.0|0.0|0.0|0.0|1.0|0.0|0.0|0.0|1.0|0.0|0.0|0.0|1.0|good
0.3844204494427645|0.07389689781175195|-0.5041719603988547|0.0|0.0|1.0|0.0|0.0|0.0|0.0|0.0|1.0|0.0|0.0|0.0|0.0|0.0|1.0|0.0|0.0|0.0|1.0|0.0|1.0|0.0|0.0|0.0|0.0|1.0|0.0|0.0|1.0|0.0|bad
-0.7947833832037526|-0.09154895765639405|0.34603370637830333|0.0|0.0|0.0|1.0|0.0|0.0|0.0|1.0|0.0|0.0|0.0|1.0|0.0|0.0|0.0|0.0|0.0|0.0|1.0|0.0|1.0|0.0|0.0|0.0|1.0|0.0|0.0|1.0|0.0|0.0|good
-0.20518146688049407|-0.27995464612828275|-0.1853448353574204|0.0|0.0|1.0|0.0|0.0|0.0|0.0|0.0|1.0|0.0|0.0|0.0|0.0|1.0|0.0|0.0|0.0|0.0|0.0|1.0|1.0|0.0|0.0|0.0|0.0|0.0|1.0|1.0|0.0|0.0|bad
-0.20518146688049407|0.1657362298267228|-0.3978962520517099|0.0|0.0|0.0|0.0|1.0|0.0|0.0|0.0|0.0|1.0|0.0|1.0|0.0|0.0|0.0|0.0|0.0|0.0|1.0|0.0|0.0|1.0|0.0|0.0|0.0|1.0|0.0|1.0|0.0|0.0|bad
-0.20518146688049407|-0.27995464612828275|0.5585851230725928|1.0|0.0|0.0|0.0|0.0|0.0|0.0|1.0|0.0|0.0|0.0|0.0|0.0|1.0|0.0|0.0|0.0|1.0|0.0|0.0|1.0|0.0|0.0|0.0|0.0|1.0|0.0|1.0|0.0|0.0|good
-0.20518146688049407|-0.3326272041956925|-1.1418262104817232|0.0|1.0|0.0|0.0|0.0|0.0|0.0|1.0|0.0|0.0|0.0|0.0|0.0|0.0|1.0|1.0|0.0|0.0|0.0|0.0|0.0|1.0|0.0|0.0|0.0|1.0|0.0|0.0|0.0|1.0|bad
-0.20518146688049407|0.3318573745008612|-0.1853448353574204|0.0|0.0|0.0|0.0|0.0|1.0|0.0|1.0|0.0|0.0|0.0|0.0|0.0|0.0|1.0|0.0|0.0|0.0|0.0|1.0|1.0|0.0|0.0|0.0|0.0|1.0|0.0|1.0|0.0|0.0|bad
1.5636242820892816|2.6484369956579017|-0.1853448353574204|0.0|0.0|1.0|0.0|0.0|0.0|1.0|0.0|0.0|0.0|0.0|0.0|1.0|0.0|0.0|0.0|1.0|0.0|0.0|0.0|0.0|1.0|0.0|0.0|1.0|0.0|0.0|1.0|0.0|0.0|bad
-0.20518146688049407|-0.417713644150739|-0.6104476687459994|0.0|0.0|0.0|1.0|0.0|0.0|0.0|1.0|0.0|0.0|0.0|0.0|1.0|0.0|0.0|0.0|0.0|0.0|1.0|0.0|1.0|0.0|0.0|0.0|0.0|1.0|0.0|0.0|0.0|1.0|good
-0.20518146688049407|-0.27995464612828275|2.3652721649740536|0.0|0.0|0.0|0.0|1.0|0.0|1.0|0.0|0.0|0.0|0.0|0.0|1.0|0.0|0.0|0.0|0.0|0.0|1.0|0.0|0.0|1.0|0.0|0.0|1.0|0.0|0.0|1.0|0.0|0.0|good
-0.20518146688049407|-0.27995464612828275|-0.1853448353574204|0.0|0.0|0.0|0.0|1.0|0.0|0.0|0.0|0.0|1.0|0.0|0.0|0.0|0.0|1.0|0.0|0.0|0.0|1.0|0.0|1.0|0.0|0.0|0.0|0.0|0.0|1.0|1.0|0.0|0.0|good
-0.20518146688049407|-0.6672330057649429|-0.1853448353574204|0.0|0.0|0.0|0.0|1.0|0.0|0.0|0.0|0.0|1.0|0.0|0.0|0.0|0.0|1.0|0.0|0.0|0.0|0.0|1.0|0.0|0.0|1.0|0.0|0.0|0.0|1.0|0.0|0.0|1.0|good
0.7774883936582703|-0.27995464612828275|-0.1853448353574204|0.0|0.0|0.0|1.0|0.0|0.0|0.0|1.0|0.0|0.0|0.0|0.0|0.0|0.0|1.0|0.0|1.0|0.0|0.0|0.0|1.0|0.0|0.0|0.0|0.0|0.0|1.0|1.0|0.0|0.0|bad
0.3844204494427645|-0.27995464612828275|-0.5041719603988547|0.0|0.0|1.0|0.0|0.0|0.0|0.0|0.0|0.0|1.0|0.0|0.0|0.0|0.0|1.0|0.0|0.0|0.0|1.0|0.0|1.0|0.0|0.0|0.0|0.0|1.0|0.0|1.0|0.0|0.0|good
-0.20518146688049407|-0.27995464612828275|-0.5041719603988547|0.0|0.0|0.0|0.0|1.0|0.0|0.0|1.0|0.0|0.0|0.0|0.0|0.0|1.0|0.0|0.0|0.0|0.0|1.0|0.0|0.0|1.0|0.0|0.0|0.0|1.0|0.0|1.0|0.0|0.0|good
-0.20518146688049407|-0.2623971267724795|1.302515081502606|0.0|0.0|0.0|1.0|0.0|0.0|0.0|1.0|0.0|0.0|0.0|0.0|0.0|0.0|1.0|0.0|0.0|0.0|1.0|0.0|0.0|1.0|0.0|0.0|0.0|1.0|0.0|1.0|0.0|0.0|good
-0.49998242504212337|0.14378933063196872|-0.6104476687459994|0.0|0.0|0.0|1.0|0.0|0.0|0.0|1.0|0.0|0.0|0.0|0.0|0.0|0.0|1.0|0.0|1.0|0.0|0.0|0.0|1.0|0.0|0.0|1.0|0.0|0.0|0.0|1.0|0.0|0.0|good
0.3844204494427645|-0.247540764240646|-0.1853448353574204|1.0|0.0|0.0|0.0|0.0|0.0|0.0|0.0|0.0|1.0|0.0|0.0|0.0|0.0|1.0|0.0|1.0|0.0|0.0|0.0|0.0|0.0|1.0|1.0|0.0|0.0|0.0|1.0|0.0|0.0|bad
-0.20518146688049407|2.775391366384479|-0.1853448353574204|0.0|0.0|0.0|0.0|1.0|0.0|0.0|0.0|1.0|0.0|0.0|0.0|0.0|0.0|1.0|1.0|0.0|0.0|0.0|0.0|1.0|0.0|0.0|0.0|0.0|0.0|1.0|1.0|0.0|0.0|good
-0.20518146688049407|-0.4778143834840656|-0.9292747937874336|0.0|0.0|0.0|0.0|1.0|0.0|0.0|1.0|0.0|0.0|0.0|0.0|1.0|0.0|0.0|1.0|0.0|0.0|0.0|0.0|1.0|0.0|0.0|0.0|0.0|1.0|0.0|1.0|0.0|0.0|good
0.6792214076043938|-0.2060104780721114|-0.1853448353574204|0.0|0.0|0.0|0.0|1.0|0.0|0.0|1.0|0.0|0.0|0.0|0.0|0.0|0.0|1.0|0.0|1.0|0.0|0.0|0.0|0.0|1.0|0.0|0.0|0.0|1.0|0.0|1.0|0.0|0.0|bad
-0.49998242504212337|0.14784106586792334|2.0464450399326193|0.0|0.0|0.0|0.0|1.0|0.0|0.0|0.0|0.0|1.0|0.0|0.0|1.0|0.0|0.0|0.0|1.0|0.0|0.0|0.0|1.0|0.0|0.0|0.0|1.0|0.0|0.0|1.0|0.0|0.0|good
2.1532261984125403|1.3626863474483097|-0.6104476687459994|0.0|0.0|0.0|0.0|1.0|0.0|0.0|0.0|0.0|0.0|1.0|1.0|0.0|0.0|0.0|0.0|0.0|0.0|1.0|0.0|0.0|0.0|1.0|0.0|0.0|1.0|0.0|1.0|0.0|0.0|good
-0.20518146688049407|-0.27995464612828275|0.5585851230725928|0.0|0.0|0.0|1.0|0.0|0.0|0.0|1.0|0.0|0.0|0.0|0.0|0.0|0.0|1.0|0.0|1.0|0.0|0.0|0.0|0.0|0.0|1.0|0.0|0.0|0.0|1.0|1.0|0.0|0.0|good
-0.49998242504212337|-0.27995464612828275|-1.3543776271760126|0.0|0.0|0.0|0.0|1.0|0.0|0.0|1.0|0.0|0.0|0.0|1.0|0.0|0.0|0.0|0.0|1.0|0.0|0.0|0.0|1.0|0.0|0.0|0.0|0.0|1.0|0.0|1.0|0.0|0.0|good
-0.20518146688049407|1.439331672328451|0.8774122481140271|1.0|0.0|0.0|0.0|0.0|0.0|0.0|1.0|0.0|0.0|0.0|0.0|0.0|0.0|1.0|0.0|0.0|0.0|1.0|0.0|1.0|0.0|0.0|0.0|0.0|0.0|1.0|1.0|0.0|0.0|good
0.3844204494427645|-0.27995464612828275|-0.6104476687459994|0.0|0.0|0.0|1.0|0.0|0.0|1.0|0.0|0.0|0.0|0.0|1.0|0.0|0.0|0.0|0.0|0.0|0.0|1.0|0.0|0.0|0.0|1.0|1.0|0.0|0.0|0.0|0.0|0.0|1.0|bad
-0.20518146688049407|-0.27995464612828275|0.13348228968401382|0.0|1.0|0.0|0.0|0.0|0.0|0.0|0.0|0.0|1.0|0.0|0.0|0.0|0.0|1.0|0.0|0.0|0.0|1.0|0.0|1.0|0.0|0.0|0.0|0.0|1.0|0.0|1.0|0.0|0.0|bad
-0.20518146688049407|-0.27995464612828275|-0.1853448353574204|0.0|0.0|0.0|0.0|1.0|0.0|0.0|1.0|0.0|0.0|0.0|0.0|1.0|0.0|0.0|0.0|1.0|0.0|0.0|0.0|1.0|0.0|0.0|1.0|0.0|0.0|0.0|1.0|0.0|0.0|good
-0.20518146688049407|-0.6321179670533364|2.3652721649740536|0.0|0.0|0.0|0.0|1.0|0.0|1.0|0.0|0.0|0.0|0.0|0.0|1.0|0.0|0.0|0.0|0.0|1.0|0.0|0.0|1.0|0.0|0.0|0.0|0.0|0.0|1.0|1.0|0.0|0.0|good
-1.3843852995270112|-0.8026284915664257|3.1092021234040668|0.0|0.0|0.0|0.0|1.0|0.0|0.0|1.0|0.0|0.0|0.0|0.0|1.0|0.0|0.0|0.0|0.0|0.0|1.0|0.0|1.0|0.0|0.0|0.0|0.0|1.0|0.0|1.0|0.0|0.0|good
-0.20518146688049407|-0.23741142615075952|0.7711365397668823|0.0|1.0|0.0|0.0|0.0|0.0|0.0|0.0|0.0|1.0|0.0|1.0|0.0|0.0|0.0|0.0|0.0|0.0|1.0|0.0|0.0|1.0|0.0|1.0|0.0|0.0|0.0|1.0|0.0|0.0|good
0.3844204494427645|-0.1999328752181795|1.302515081502606|0.0|0.0|0.0|1.0|0.0|0.0|0.0|0.0|0.0|1.0|0.0|0.0|0.0|0.0|1.0|0.0|0.0|0.0|1.0|0.0|0.0|1.0|0.0|0.0|0.0|0.0|1.0|0.0|1.0|0.0|bad
-0.49998242504212337|-0.27995464612828275|-1.0355505021345783|0.0|0.0|0.0|1.0|0.0|0.0|1.0|0.0|0.0|0.0|0.0|0.0|0.0|1.0|0.0|0.0|1.0|0.0|0.0|0.0|1.0|0.0|0.0|0.0|0.0|1.0|0.0|1.0|0.0|0.0|bad
-0.20518146688049407|-0.27995464612828275|1.5150664981968955|0.0|0.0|1.0|0.0|0.0|0.0|0.0|0.0|0.0|0.0|1.0|0.0|0.0|0.0|1.0|0.0|0.0|0.0|1.0|0.0|1.0|0.0|0.0|1.0|0.0|0.0|0.0|1.0|0.0|0.0|bad
2.742828114735799|-0.27995464612828275|-0.1853448353574204|0.0|1.0|0.0|0.0|0.0|0.0|1.0|0.0|0.0|0.0|0.0|0.0|0.0|0.0|1.0|0.0|1.0|0.0|0.0|0.0|1.0|0.0|0.0|0.0|1.0|0.0|0.0|1.0|0.0|0.0|bad
-0.20518146688049407|-0.0699397030646362|-0.1853448353574204|0.0|0.0|0.0|1.0|0.0|0.0|0.0|1.0|0.0|0.0|0.0|1.0|0.0|0.0|0.0|1.0|0.0|0.0|0.0|0.0|1.0|0.0|0.0|0.0|1.0|0.0|0.0|0.0|0.0|1.0|good
1.5636242820892816|1.7216025604332879|-0.9292747937874336|0.0|0.0|0.0|0.0|0.0|1.0|1.0|0.0|0.0|0.0|0.0|0.0|0.0|0.0|1.0|0.0|1.0|0.0|0.0|0.0|0.0|0.0|1.0|0.0|0.0|1.0|0.0|0.0|1.0|0.0|bad
-0.20518146688049407|-0.27995464612828275|-0.5041719603988547|0.0|0.0|1.0|0.0|0.0|0.0|0.0|0.0|0.0|0.0|1.0|0.0|0.0|0.0|1.0|0.0|1.0|0.0|0.0|0.0|0.0|1.0|0.0|0.0|0.0|1.0|0.0|1.0|0.0|0.0|good
-0.49998242504212337|-0.5730301615289985|-0.1853448353574204|0.0|0.0|1.0|0.0|0.0|0.0|0.0|1.0|0.0|0.0|0.0|0.0|1.0|0.0|0.0|0.0|0.0|0.0|0.0|1.0|0.0|1.0|0.0|0.0|0.0|1.0|0.0|0.0|0.0|1.0|good
-0.20518146688049407|-0.27995464612828275|-0.1853448353574204|0.0|1.0|0.0|0.0|0.0|0.0|0.0|1.0|0.0|0.0|0.0|0.0|0.0|0.0|1.0|1.0|0.0|0.0|0.0|0.0|0.0|1.0|0.0|0.0|0.0|1.0|0.0|1.0|0.0|0.0|good
-0.20518146688049407|-0.5811336320009077|3.1092021234040668|0.0|0.0|0.0|0.0|1.0|0.0|0.0|1.0|0.0|0.0|0.0|1.0|0.0|0.0|0.0|0.0|0.0|0.0|1.0|0.0|1.0|0.0|0.0|0.0|0.0|1.0|0.0|1.0|0.0|0.0|good
0.3844204494427645|-0.27995464612828275|-0.1853448353574204|0.0|0.0|0.0|0.0|0.0|1.0|0.0|1.0|0.0|0.0|0.0|0.0|0.0|0.0|1.0|0.0|1.0|0.0|0.0|0.0|1.0|0.0|0.0|0.0|1.0|0.0|0.0|1.0|0.0|0.0|good
-0.20518146688049407|-0.4683603346001715|1.408790789849751|0.0|0.0|0.0|0.0|1.0|0.0|0.0|0.0|0.0|1.0|0.0|0.0|0.0|0.0|1.0|0.0|1.0|0.0|0.0|0.0|0.0|1.0|0.0|0.0|0.0|0.0|1.0|1.0|0.0|0.0|good
-0.20518146688049407|-0.27995464612828275|0.23975799803115858|0.0|0.0|0.0|0.0|1.0|0.0|0.0|0.0|1.0|0.0|0.0|0.0|0.0|0.0|1.0|0.0|0.0|0.0|1.0|0.0|0.0|1.0|0.0|1.0|0.0|0.0|0.0|0.0|1.0|0.0|good
-0.49998242504212337|-0.5271104955215131|-0.07906912701027567|0.0|0.0|0.0|0.0|1.0|0.0|0.0|0.0|0.0|1.0|0.0|1.0|0.0|0.0|0.0|0.0|0.0|0.0|1.0|0.0|1.0|0.0|0.0|0.0|0.0|0.0|1.0|1.0|0.0|0.0|good
-0.20518146688049407|-0.40319492622190173|-1.248101918828868|0.0|0.0|0.0|0.0|1.0|0.0|0.0|0.0|0.0|0.0|1.0|0.0|0.0|0.0|1.0|0.0|0.0|0.0|1.0|0.0|0.0|1.0|0.0|0.0|0.0|0.0|1.0|1.0|0.0|0.0|good
1.5636242820892816|0.2798601056394439|-0.1853448353574204|0.0|0.0|0.0|0.0|1.0|0.0|0.0|1.0|0.0|0.0|0.0|0.0|0.0|0.0|1.0|0.0|0.0|0.0|0.0|1.0|1.0|0.0|0.0|0.0|1.0|0.0|0.0|1.0|0.0|0.0|good
-0.20518146688049407|-0.24990427646161953|1.6213422065440404|1.0|0.0|0.0|0.0|0.0|0.0|0.0|0.0|0.0|1.0|0.0|1.0|0.0|0.0|0.0|0.0|0.0|1.0|0.0|0.0|1.0|0.0|0.0|0.0|0.0|1.0|0.0|1.0|0.0|0.0|good
-0.7947833832037526|-0.27995464612828275|-0.1853448353574204|0.0|0.0|1.0|0.0|0.0|0.0|0.0|0.0|0.0|0.0|1.0|0.0|1.0|0.0|0.0|0.0|0.0|0.0|1.0|0.0|1.0|0.0|0.0|0.0|0.0|0.0|1.0|1.0|0.0|0.0|good
0.9740223657660231|0.24542035613382984|0.5585851230725928|0.0|0.0|0.0|0.0|1.0|0.0|0.0|1.0|0.0|0.0|0.0|0.0|0.0|0.0|1.0|0.0|0.0|0.0|1.0|0.0|1.0|0.0|0.0|0.0|0.0|1.0|0.0|0.0|0.0|1.0|good
-0.20518146688049407|-0.7854086168136186|-0.1853448353574204|0.0|0.0|0.0|0.0|1.0|0.0|0.0|0.0|0.0|1.0|0.0|0.0|0.0|0.0|1.0|0.0|0.0|0.0|1.0|0.0|1.0|0.0|0.0|0.0|0.0|1.0|0.0|1.0|0.0|0.0|good
-0.20518146688049407|-0.27995464612828275|-0.1853448353574204|1.0|0.0|0.0|0.0|0.0|0.0|0.0|1.0|0.0|0.0|0.0|0.0|0.0|0.0|1.0|0.0|0.0|0.0|1.0|0.0|1.0|0.0|0.0|0.0|0.0|1.0|0.0|1.0|0.0|0.0|bad
2.4480271565741694|0.4881868256881094|-0.1853448353574204|0.0|0.0|0.0|0.0|0.0|1.0|0.0|1.0|0.0|0.0|0.0|1.0|0.0|0.0|0.0|0.0|0.0|0.0|1.0|0.0|1.0|0.0|0.0|0.0|0.0|1.0|0.0|1.0|0.0|0.0|good
