num__CZAS_POSIADANIA|num__L_WIAD_POCZTA_G|num__DZIEN_MIN|num__DZIEN_L_POL|num__DZIEN_OPLATA|num__WIECZOR_MIN|num__WIECZ_L_POL|num__WIECZ_OPLATA|num__NOC_MIN|num__NOC_L_POL|num__NOC_OPLATA|num__MIEDZY_MIN|num__MIEDZY_L_POL|num__MIEDZY_OPLATA|num__L_POL_BIURO|cat__STAN_9|cat__STAN_MISSING|cat__KOD_OBSZARU_408.0|cat__KOD_OBSZARU_415.0|cat__KOD_OBSZARU_510.0|cat__KOD_OBSZARU_9.0|cat__KOD_OBSZARU_MISSING|cat__PLAN_MIEDZY_0.0|cat__PLAN_MIEDZY_1.0|cat__PLAN_MIEDZY_9.0|cat__PLAN_MIEDZY_MISSING|cat__POCZTA_G_0.0|cat__POCZTA_G_1.0|cat__POCZTA_G_9.0|cat__POCZTA_G_MISSING|REZYGN
-0.23228181451140612|-0.17832047790774738|||-0.30536536490739963|-0.3597682788137869||-0.38661905860262336|-0.3085928014515618|-0.36564152448355475|-0.2947686416272528|-1.3853443420050777||||1.0|0.0|0.0|1.0|0.0|0.0|0.0|1.0|0.0|0.0|0.0|0.0|1.0|0.0|0.0|0
||||-0.329076010881441||-0.34434121443443594|3.3257069033674087|-0.3066398404926758||0.9704250082982675||||-0.2718648529896093|1.0|0.0|0.0|1.0|0.0|0.0|0.0|1.0|0.0|0.0|0.0|0.0|0.0|1.0|0.0|0
|-0.22244413811979064|0.9815043849490424||-0.31033651738718443|-0.3743545362982999||||1.5572799496315632||-1.606302493944974||-0.290873314969258||0.0|1.0|0.0|1.0|0.0|0.0|0.0|0.0|0.0|0.0|1.0|0.0|0.0|0.0|1.0|0
-0.2531405791587639|-0.22244413811979064||1.064502252660917|-2.080390127181134||0.4918486380814324|||-0.3663942829388748|-0.3046515305508827|||-0.313920745463138|0.5115427466400685|1.0|0.0|0.0|0.0|0.0|0.0|1.0|0.0|1.0|0.0|0.0|1.0|0.0|0.0|0.0|0
3.2625093895868096|-0.22244413811979064||-1.5541968429513655|0.588404740692503||-0.3367648638393947||-0.3202300327323466||-0.306720042186061|-0.3404131543765877|-0.25738378488117863||1.2949503462697463|0.0|1.0|0.0|1.0|0.0|0.0|0.0|0.0|0.0|0.0|1.0|0.0|0.0|0.0|1.0|0
||-0.3379253700084604||-0.3149169830867152|0.6581304455910176||||||||-0.3151418013833436||0.0|1.0|0.0|0.0|1.0|0.0|0.0|0.0|0.0|1.0|0.0|0.0|0.0|0.0|1.0|0
|||-0.35760539737982383|||||-0.3150556928722053|0.710426687396485|||-0.20328279440406608|-1.1156965890681156||0.0|1.0|0.0|0.0|0.0|0.0|1.0|0.0|0.0|1.0|0.0|0.0|0.0|1.0|0.0|0
|-0.22244413811979064|1.378800945188566||-0.33012682360074513|-0.8909415845063724|-0.34793001208471863||-0.3152167618172681|3.2133485513357165||||-0.3117838976027783|-1.0552724526192871|1.0|0.0|0.0|0.0|0.0|1.0|0.0|0.0|0.0|0.0|1.0|0.0|0.0|0.0|1.0|0
|-0.22244413811979064||-0.3539084104213124||||-0.3570372437927942|-0.31441141709195425|-0.3660179037112148||||-0.30522072203167333||1.0|0.0|1.0|0.0|0.0|0.0|0.0|0.0|0.0|1.0|0.0|0.0|0.0|0.0|1.0|0
-0.2261189976837777|||-0.3592485026947178||-0.35505932954713315||-0.3819031171112013||||0.7438887585066477|-0.23033328964262237|-0.29499437869995176|-1.0552724526192871|0.0|1.0|0.0|0.0|0.0|1.0|0.0|0.0|0.0|0.0|1.0|0.0|0.0|0.0|1.0|0
|-0.22244413811979064|||-0.3365125316642085|0.6959360342155755|-0.35231632032395305|-0.3806620798766165|||||-2.326746670630735||2.0783579458994237|0.0|1.0|0.0|0.0|0.0|1.0|0.0|1.0|0.0|0.0|0.0|0.0|0.0|0.0|1.0|1
|||-0.3415851205596075|-0.32309446155617144|-0.36627658267826774||1.1426095861660581|-0.3183978734822577|-0.3645123868005747||-1.2949523707569386|-0.23033328964262237|0.5975974989703148||0.0|1.0|0.0|0.0|0.0|0.0|1.0|1.0|0.0|0.0|0.0|0.0|0.0|1.0|0.0|0
||-1.1130250728576254|||-0.3774746937392128|-0.3571013838576633||-1.068073144658769|-0.3517154930601335|-0.31618922878265515|-0.3359939913377898||||0.0|1.0|0.0|0.0|0.0|1.0|0.0|1.0|0.0|0.0|0.0|0.0|0.0|1.0|0.0|0
-1.4188610852463268|-0.22244413811979064|-0.35296186305321975|0.5099542088841982|1.4270341224448195||-0.3555063626797599|||-0.3566084230197139||-0.3315748282989919|-0.23033328964262237|||0.0|1.0|0.0|0.0|0.0|0.0|1.0|1.0|0.0|0.0|0.0|1.0|0.0|0.0|0.0|0
-0.26356996148244277|-0.22244413811979064|-0.3610428525787715|-1.1126122895736081|||||1.685702475461208||1.755310256535379|2.2504216126423024||-0.2870575152186156|2.0783579458994237|1.0|0.0|0.0|0.0|0.0|0.0|1.0|0.0|0.0|0.0|1.0|1.0|0.0|0.0|0.0|0
|-0.22244413811979064|-0.31327722646952116||-0.2898456693607543|-1.9183922019358122|1.5485501684424485|1.099173282955592|-0.32552517430128514||-0.3121441393627508|-0.3592950328150879||1.8873378146874407||0.0|1.0|0.0|0.0|0.0|0.0|1.0|1.0|0.0|0.0|0.0|0.0|0.0|0.0|1.0|1
|-0.1747905850907839|1.8222424316882047|-1.8212014566216375|||-0.3495250332626221|-0.37059839611980205|0.09162325979314594|0.30581901766194747|-0.3268995223603563|-0.32554869688244925||-1.764382546677321|-0.2718648529896093|0.0|1.0|0.0|0.0|0.0|0.0|1.0|0.0|0.0|1.0|0.0|0.0|0.0|1.0|0.0|0
-0.24887401366271344||||-0.32240739170124183||1.8276788745755472||-0.3317665959224673|-0.3543501476537537|-1.0153461614729313||-0.25738378488117863|0.4945709057029704|1.2949503462697463|0.0|1.0|0.0|0.0|1.0|0.0|0.0|0.0|0.0|0.0|1.0|0.0|0.0|0.0|1.0|0
|-0.16420090663989353|-0.3455111456912207|||-0.35682040000458093||-0.38366313355297604|||||-0.23033328964262237|-0.299878602380774||0.0|1.0|0.0|0.0|0.0|0.0|1.0|0.0|0.0|0.0|1.0|0.0|0.0|0.0|1.0|0
-0.25835527032060335|-0.22244413811979064|-0.33770027280719156|-0.35678384472237684|2.2036924976740733|-0.3670231234156641||||-0.37203997135377537|0.6521040511069353|0.9246727010029262||2.3376021852632416||0.0|1.0|0.0|0.0|0.0|0.0|1.0|0.0|0.0|0.0|1.0|1.0|0.0|0.0|0.0|0
|||2.009287808724956|-0.33055792625481856||-0.3483287673791945|-1.5735696340728316|-0.31582077036125344||||||-1.0552724526192871|0.0|1.0|0.0|1.0|0.0|0.0|0.0|1.0|0.0|0.0|0.0|1.0|0.0|0.0|0.0|0
3.3573219561657086||-0.3741660194127456|-0.35719462105110034|-0.35178973196793745|||-1.2390536885688521|0.6971418251384818|-0.3758037636303757|-0.3020314158129901|||0.24654392191121538|2.8617655455291016|0.0|1.0|0.0|0.0|0.0|1.0|0.0|0.0|0.0|0.0|1.0|0.0|0.0|0.0|1.0|1
|-0.22244413811979064|-0.34701929693972206|0.7564200061182954|0.6816980494255921||||-1.2729327091604745|-0.3705344544431352|-0.3077772814662632|-0.34282360694320474|||-1.0552724526192871|1.0|0.0|0.0|1.0|0.0|0.0|0.0|1.0|0.0|0.0|0.0|0.0|0.0|0.0|1.0|0
|-0.22244413811979064|-0.3633613537518407||2.162603025957695|2.230651511670729|0.6314129911479817|-0.39814942272758347|3.459474232964918|||-0.35005496464305585||-0.3093417857623671|0.5115427466400685|0.0|1.0|0.0|0.0|0.0|1.0|0.0|0.0|0.0|0.0|1.0|0.0|0.0|0.0|1.0|0
-0.23038556317982814||-0.36995670174901807||-0.34750564934308226|-0.35061836926313444|-0.35670262856318746||-1.5507766393937459||-0.29633151708494315|1.687982680431658|-0.9742219087029205||-1.0552724526192871|1.0|0.0|0.0|0.0|1.0|0.0|0.0|1.0|0.0|0.0|0.0|1.0|0.0|0.0|0.0|0
-0.21047492419825936|-0.22244413811979064|-0.36023250265420365||-1.0777396575117981|2.2545790994077906|-0.34075241678415324|0.9039919724254454|||||-1.9886154801487814|-0.27713643586694536|1.2949503462697463|1.0|0.0|0.0|1.0|0.0|0.0|0.0|0.0|0.0|1.0|0.0|1.0|0.0|0.0|0.0|0
-0.26594027564691525|-0.15361122818900316||-0.3465144365042894|-0.31730151964205905|1.4314700812528596|-1.5019278342978437|-1.3405930986712404|-0.3210756446939262|-0.3566084230197139|0.5992420870968225|-0.34282360694320474|-0.25738378488117863|-0.30186281825110806||1.0|0.0|1.0|0.0|0.0|0.0|0.0|0.0|0.0|0.0|1.0|0.0|0.0|0.0|1.0|0
-0.2673624641455987|||2.6049134853740243|-0.3353269993655065|-0.3677888062232501|-1.3823012459550872|-0.3946519541573901|-0.3373033409089999||-0.8728486932717574|||-0.28049433964751075|1.2949503462697463|0.0|1.0|0.0|0.0|0.0|0.0|1.0|0.0|0.0|0.0|1.0|0.0|0.0|0.0|1.0|0
||-0.3454436165308401|1.844977277235558|||-1.222799128164745||-1.271422687800511||||||-1.0552724526192871|1.0|0.0|0.0|0.0|0.0|1.0|0.0|0.0|0.0|1.0|0.0|0.0|0.0|0.0|1.0|0
-0.2697327783100712|-0.22244413811979064||-0.34569288384684244|0.9999730557532784|-1.4269195498165599||1.6378962643321526|-0.32188098941924||||-0.284434280119735|-0.29529964268000314||0.0|1.0|0.0|0.0|1.0|0.0|0.0|0.0|0.0|0.0|1.0|1.0|0.0|0.0|0.0|0
-0.2256449348508832|-0.22244413811979064|-0.3691238421043233||-0.34665691599287507|-0.3713875154189042|-0.36029142621347016|-0.39826224429436385||-1.7924951765427473|-0.2935735015713721|1.0451953293337786||||0.0|1.0|0.0|1.0|0.0|0.0|0.0|0.0|0.0|0.0|1.0|0.0|0.0|1.0|0.0|0
1.484773766232454|-0.22244413811979064|-0.33731760756503454|0.6845341485916837|||0.6812574029574636|-0.3858293076351603||1.4443661813335529|-0.2944468731506696|||-0.2986575464605684|-0.2718648529896093|0.0|1.0|0.0|0.0|1.0|0.0|0.0|1.0|0.0|0.0|0.0|0.0|0.0|1.0|0.0|0
|||-0.34404977853194846||-0.3915823994689845|-0.33955615090072566|-0.27499340043006437||-0.3705344544431352|-0.2847018850027183|0.8844984915593088||||1.0|0.0|1.0|0.0|0.0|0.0|0.0|0.0|0.0|0.0|1.0|0.0|0.0|0.0|1.0|0
|-0.22244413811979064||2.0298266251611308|-0.3089219618035058|-0.34924014020947963|-0.3379611297228223|1.9955406310261208|-0.30144536701440156|-0.3660179037112148||||-0.2923996348695149||0.0|1.0|0.0|0.0|0.0|0.0|1.0|1.0|0.0|0.0|0.0|1.0|0.0|0.0|0.0|1
|||-0.35514073940748286||-1.330730647113571|-1.1330791869076775|-0.3870703448697451|-0.3148744903090097||||||-1.0552724526192871|0.0|1.0|1.0|0.0|0.0|0.0|0.0|0.0|0.0|0.0|1.0|0.0|0.0|0.0|1.0|0
-0.2588293331534978||-0.3386907004927745|-1.215306371754482|||-0.3447399697289118||1.1803486603267799||0.44525288758910203|-0.32193301803252367||1.1737832613173147||1.0|0.0|0.0|1.0|0.0|0.0|0.0|0.0|0.0|1.0|0.0|0.0|0.0|0.0|1.0|0
|-0.16949574586533872|-1.2115050984127482|-0.341174344230884|1.3091544904716024|0.3800918760863579||||||-0.322736502221396|||-1.0552724526192871|0.0|1.0|1.0|0.0|0.0|0.0|0.0|0.0|0.0|0.0|1.0|0.0|0.0|0.0|1.0|0
|-0.22244413811979064|-0.3587693708459561|-1.0509958402650839|1.1319982435632818|0.6729655499879961|-0.3391573956062498||-0.31199538291601275|||-0.34081489647102386|1.3926964246707552|1.7194426256591757||0.0|1.0|0.0|0.0|0.0|1.0|0.0|0.0|0.0|1.0|0.0|0.0|0.0|1.0|0.0|0
2.930665406560663|-0.16420090663989353||||-0.3616442016923726|-0.3459362356123394|1.3750220137337472|-0.8697570060502384|||-0.338806185998843|1.7308276151527089|||0.0|1.0|0.0|0.0|0.0|1.0|0.0|0.0|0.0|1.0|0.0|0.0|1.0|0.0|0.0|0
||-0.3566084377137751||-0.33392591573976765|-0.34552657859268765|3.2831356994124192|||-0.3592430776133342|-1.3187278679657535||||-0.2718648529896093|0.0|1.0|1.0|0.0|0.0|0.0|0.0|0.0|0.0|1.0|0.0|0.0|0.0|0.0|1.0|0
|-0.22244413811979064|-0.35978230825166596|-0.3518545287776949|1.0801312054950662|2.7953425822653903||-0.39248578007520574||0.8703878591519998|-0.30653617448515624|-0.3432253490376409|1.0545652341888017|1.5973370336386195||1.0|0.0|0.0|0.0|0.0|0.0|1.0|1.0|0.0|0.0|0.0|1.0|0.0|0.0|0.0|0
|-0.1500813353720397|0.5858960537190351|||||-0.3853780213680386|-0.33325648366429783|2.535865941547654|-0.3200964174268809|-1.8473477506066787||-0.28095223561758775|-1.0552724526192871|1.0|0.0|0.0|0.0|0.0|1.0|0.0|0.0|0.0|0.0|1.0|0.0|0.0|1.0|0.0|1
-0.2768437208034886|-0.22244413811979064|-0.3601199540535692|-0.3600700553521648|-0.33749598459381364||0.5915374617003962||2.77795125916809|1.067986953673518|-0.2809325971341711|-0.34081489647102386|-1.650484289666828|||0.0|1.0|0.0|0.0|1.0|0.0|0.0|0.0|0.0|0.0|1.0|1.0|0.0|0.0|0.0|0
-0.2171118038587823|-0.22244413811979064|||-0.3464278927078986|-0.36591288334466443|||1.4390656533338475|||3.315038162898165|-1.650484289666828||1.2949503462697463|0.0|1.0|0.0|0.0|0.0|1.0|0.0|0.0|0.0|0.0|1.0|1.0|0.0|0.0|0.0|0
|||0.2942966363043632||-0.3543319308799265|||||||-0.25738378488117863|0.021411736623314727||0.0|1.0|0.0|0.0|0.0|1.0|0.0|0.0|0.0|0.0|1.0|1.0|0.0|0.0|0.0|0
|-0.1730256386823022|-1.068568375607027||||-0.34872752267367035|-0.3836180049262638|-0.32502183384796396|||1.3264147954391008|-0.23033328964262237||0.5115427466400685|0.0|1.0|0.0|0.0|0.0|0.0|1.0|0.0|0.0|1.0|0.0|0.0|0.0|0.0|1.0|0
|-0.22244413811979064||||-0.366429719239785||||||-0.3279591494490663|-0.23033328964262237|-0.28675225123856424|1.2949503462697463|0.0|1.0|0.0|1.0|0.0|0.0|0.0|0.0|0.0|1.0|0.0|1.0|0.0|0.0|0.0|0
-0.2256449348508832|-0.22244413811979064|-0.34611890813464663||-0.323256125051449|||-0.39866840193477343||-0.3520918722877935||-0.3512601909263644|||0.5115427466400685|0.0|1.0|0.0|0.0|0.0|1.0|0.0|1.0|0.0|0.0|0.0|1.0|0.0|0.0|0.0|0
|-0.22244413811979064|||-0.3296418331149124||-0.338758640311774|-0.38012053635607046|-0.32902842385640024|-0.36564152448355475|||-0.25738378488117863||2.8617655455291016|0.0|1.0|0.0|1.0|0.0|0.0|0.0|0.0|0.0|1.0|0.0|1.0|0.0|0.0|0.0|1
-0.24697776233113547||-0.35822913756291086||-0.3355829665663626|-1.436969136666126|-0.3622852026858494||-0.3436454306208463|||-1.4857798656141215|||-0.2718648529896093|1.0|0.0|0.0|1.0|0.0|0.0|0.0|1.0|0.0|0.0|0.0|0.0|0.0|0.0|1.0|0
|-0.22244413811979064|-0.3450159318484292|1.824438460799383|||-0.3471325014957669|-0.3727420058886302|||||-0.23033328964262237|-1.1462229870732548||0.0|1.0|0.0|0.0|0.0|0.0|1.0|1.0|0.0|0.0|0.0|0.0|0.0|0.0|1.0|0
||-0.3385556421720132||-0.31556363706782536|-0.35714581519780497|1.9074299334707183|||-0.35133911383247346||||||0.0|1.0|1.0|0.0|0.0|0.0|0.0|0.0|0.0|0.0|1.0|0.0|0.0|1.0|0.0|0
|-0.22244413811979064|1.7063173730347458|||3.2432670247031896|||1.065587036969559|-0.37843841822399593|2.5804165643454025|-0.3351905071489174|-2.326746670630735|||1.0|0.0|0.0|0.0|0.0|0.0|1.0|0.0|0.0|0.0|1.0|1.0|0.0|0.0|0.0|0
||-1.2897263758536741|-0.34569288384684244|-0.3293993378719961|-0.3463496876108426|||1.9424061066549914||||3.083352377080524|-0.30277861019126223||0.0|1.0|0.0|0.0|0.0|0.0|1.0|0.0|0.0|0.0|1.0|0.0|0.0|1.0|0.0|0
-0.2517183906600804||-0.3542224073803253|-1.2461145964087441|-0.3315009633106043|||-0.382354403378323||-0.3520918722877935||1.5674600521008055|0.7164340437068479|||0.0|1.0|0.0|1.0|0.0|0.0|0.0|0.0|0.0|0.0|1.0|1.0|0.0|0.0|0.0|1
||1.5870158563622543||-0.32588315684970925||||2.362192044724825|-0.3630068698899345|-0.28948244522624156|-0.3400114122821515|-0.25738378488117863|-0.29911544243064553||1.0|0.0|1.0|0.0|0.0|0.0|0.0|0.0|0.0|0.0|1.0|0.0|0.0|0.0|1.0|0
|-0.22244413811979064|-0.35964724993090463||1.0868671844649642|-0.36309899902678594|-0.360690181507946|-0.38995857697932407||-0.3517154930601335|-0.3162351957078813|-1.1844732947869905|2.4070899961166163|-0.30812072984216154|-0.2718648529896093|1.0|0.0|0.0|1.0|0.0|0.0|0.0|1.0|0.0|0.0|0.0|1.0|0.0|0.0|0.0|0
||-0.3435528000401817|-0.3407635679021605|-0.32064256521112855|||-0.4100408158662409|-0.32137764896591886|1.0491679922905164|-1.2819543277848053|0.20153693101781187|-1.3123530991848742|-0.3171260172536776|1.2949503462697463|1.0|0.0|0.0|0.0|0.0|1.0|0.0|1.0|0.0|0.0|0.0|0.0|1.0|0.0|0.0|1
-0.2607255844850758|-0.22244413811979064|0.44914950394820763|-0.36499937129684673|3.0423218794263898|||-0.3772097399331354|-1.01119567343348|-1.3690685454252078||0.834280729754787|-0.25738378488117863|-0.2911785789493094||0.0|1.0|0.0|1.0|0.0|0.0|0.0|0.0|0.0|0.0|1.0|1.0|0.0|0.0|0.0|0
-0.23370400301008962|-0.22244413811979064|-0.3365972965209742||2.2596011231242277|-0.3635966928517168|||-1.3106832431595603|-0.36413600757291464|-0.30621440600857297||-0.18975754678478793||-0.2718648529896093|0.0|1.0|0.0|0.0|0.0|0.0|1.0|0.0|0.0|1.0|0.0|0.0|0.0|1.0|0.0|0
|-0.22244413811979064|-0.3449709124081755|1.5985114800014608|0.7339018864423024|-0.36503234811594054||-0.3918991079279475||-0.37956755590697605||0.7639758632284563|-0.24385853726190052|-0.2940785867597976||0.0|1.0|0.0|0.0|0.0|0.0|1.0|0.0|0.0|0.0|1.0|0.0|0.0|0.0|1.0|0
-1.6677440725159365||-0.3277509765111083|-0.3596592790234413||-0.36344355629019964||||-0.35999583606865426|||-0.25738378488117863|||0.0|1.0|0.0|1.0|0.0|0.0|0.0|0.0|0.0|1.0|0.0|0.0|0.0|0.0|1.0|0
|-0.16420090663989353|||-0.3217203218463122||-0.3471325014957669|-0.3772774328732036|-0.33007537199930825|3.062796860271703|-0.31683276573582175|||||0.0|1.0|0.0|0.0|0.0|1.0|0.0|0.0|0.0|0.0|1.0|0.0|1.0|0.0|0.0|0
-0.22232649502062174|||-1.3385392703715306|-0.3246976245510072||2.166620874880024|-0.3884693322978224||-0.3799439351346361|-0.29044775065599143|-0.33036960201568333|-0.25738378488117863|-0.2891943630789754||0.0|1.0|1.0|0.0|0.0|0.0|0.0|1.0|0.0|0.0|0.0|0.0|0.0|0.0|1.0|0
|-0.22244413811979064|||||-0.34673374620129105|-0.39323040241595664||0.5975129190984745||-0.348046254170875|-2.326746670630735|1.3454942500962221||0.0|1.0|1.0|0.0|0.0|0.0|0.0|1.0|0.0|0.0|0.0|1.0|0.0|0.0|0.0|0
-0.2739993438061217|7.0138361366553035||0.3661824938309749|-0.3321610892496543|0.4135904989182446|-0.3503225438515738||0.7197921455379332|-0.36150135297929437|-0.3011120773084664|-0.3560810960595985|-0.23033328964262237|-0.3155996973534207||0.0|1.0|0.0|1.0|0.0|0.0|0.0|0.0|0.0|0.0|1.0|0.0|0.0|0.0|1.0|0
|-0.22244413811979064||-0.3506221997915244||1.6391615428105573|0.6513507558717745||-0.32608891560900477|-0.3746746259473956|-0.3127417093906913|||-0.30277861019126223||0.0|1.0|0.0|1.0|0.0|0.0|0.0|0.0|0.0|0.0|1.0|0.0|0.0|0.0|1.0|0
-0.23939275700482354|-0.22244413811979064|1.0208963951710914|-0.35555151573620636||-0.35804549249671846|||-0.33182699677686583|-0.34757532155587306|-0.31862547581964296|-0.34764451207643887|-0.18975754678478793|3.0778673368878646|-1.0552724526192871|1.0|0.0|1.0|0.0|0.0|0.0|0.0|0.0|1.0|0.0|0.0|0.0|0.0|1.0|0.0|0
2.693633990113416||-0.3405815169834329|-1.1126122895736081|-0.3176248466326142|||-0.382873382585513|||1.2427790402634145||0.37830285322489426||-0.2718648529896093|0.0|1.0|1.0|0.0|0.0|0.0|0.0|0.0|0.0|0.0|1.0|0.0|0.0|0.0|1.0|0
-0.22185243218772724|-0.22244413811979064|-0.34794219546492433|-0.3522653051064184|-0.3251152552471409|2.839369343701584|-1.4819900695740509||-1.1058236786578548|-0.36225411143461445|||-0.25738378488117863|||0.0|1.0|0.0|0.0|1.0|0.0|0.0|1.0|0.0|0.0|0.0|0.0|0.0|0.0|1.0|1
||-1.748924666442132|-0.35555151573620636|||-1.2128302458028486|2.8450870288827703|1.128504593634702||-0.2842881826756826|||||0.0|1.0|0.0|0.0|0.0|1.0|0.0|1.0|0.0|0.0|0.0|0.0|0.0|0.0|1.0|0
||-0.33758772420655714|||0.5030796770548563|-0.3519175650294772|3.1858081605596738||-0.37693290131335583||-0.3323783124878642|2.4070899961166163|-1.5888557581477714||0.0|1.0|0.0|0.0|0.0|1.0|0.0|1.0|0.0|0.0|0.0|0.0|1.0|0.0|0.0|0
||-0.33225292053648536|3.0156898140975197|-0.3091509850884824||-0.3515188097350013||-0.32312927374347644|-0.35886669838567414|-1.2371365756892747||-1.650484289666828|-0.30812072984216154||0.0|1.0|0.0|0.0|0.0|0.0|1.0|1.0|0.0|0.0|0.0|0.0|0.0|0.0|1.0|0
|||-0.3337803703138611|0.7985672845533245|1.7721989306286217||||0.5881034384069737|-0.3138449155961197|-0.3516619330208006|||-0.2718648529896093|0.0|1.0|0.0|1.0|0.0|0.0|0.0|0.0|0.0|0.0|1.0|0.0|0.0|1.0|0.0|0
-0.2526665163258694|-0.22244413811979064|-0.33513416471272667||-0.3120743999614181|2.611578708444754|3.36288675830759||||||-0.25738378488117863|0.8952298795204208||1.0|0.0|0.0|0.0|0.0|1.0|0.0|1.0|0.0|0.0|0.0|0.0|0.0|1.0|0.0|0
|-0.22244413811979064|1.3799264311949104|-0.35678384472237684||-0.3548104826346677|-0.35670262856318746|-0.3816549096642844|1.468259399626474|-0.35811393993035406||-0.3564828381540347|-0.9742219087029205|||0.0|1.0|0.0|1.0|0.0|0.0|0.0|0.0|0.0|1.0|0.0|1.0|0.0|0.0|0.0|0
|||0.7256117814640333||-0.36290757832488946|-0.3455374803178635|1.3118419363367055|-1.7173823294430448|||-0.3339852808656089|-0.24385853726190052||-1.0552724526192871|1.0|0.0|0.0|0.0|0.0|0.0|1.0|1.0|0.0|0.0|0.0|0.0|0.0|0.0|1.0|1
|-0.22244413811979064|||-0.35197833937909456|-0.38279618925193537|||-1.2286387492682138|||||-0.30735756989203306||0.0|1.0|0.0|0.0|0.0|0.0|1.0|0.0|0.0|0.0|1.0|0.0|0.0|1.0|0.0|1
-0.2711549668087547|-0.22244413811979064|-0.34001877398026076|-0.36417781863939974|-0.3170455524412029|-0.36608516197637125|0.6513507558717745|||-0.357361181475034|1.4910004364848144||0.7164340437068479|||0.0|1.0|0.0|0.0|0.0|1.0|0.0|0.0|0.0|0.0|1.0|0.0|0.0|0.0|1.0|0
-0.2597774588192868|-0.22244413811979064||-0.3534976340925889|||0.6314129911479817|2.5517509552536484|-1.5084960413147697|||||1.2043096593224538|-0.2718648529896093|1.0|0.0|0.0|0.0|0.0|0.0|1.0|1.0|0.0|0.0|0.0|0.0|0.0|0.0|1.0|0
|||||1.0548498502715047|-0.35590511797423574||-0.3127604604050609||||-0.2709090325004568|1.017335471540977||0.0|1.0|0.0|1.0|0.0|0.0|0.0|0.0|0.0|1.0|0.0|1.0|0.0|0.0|0.0|0
1.0818203582721335|-0.22244413811979064|-0.3397261476186112|||-0.35835176561975285||1.5397415012331772|||2.5344496391192175||3.083352377080524|0.9562826755306989|1.2949503462697463|0.0|1.0|0.0|1.0|0.0|0.0|0.0|0.0|1.0|0.0|0.0|0.0|0.0|0.0|1.0|0
|1.9837388724823724||0.8693834965172567|||||||-0.3090183884473703|-0.3367974755266621|||1.2949503462697463|0.0|1.0|0.0|0.0|0.0|0.0|1.0|0.0|0.0|0.0|1.0|0.0|1.0|0.0|0.0|0
-0.2597774588192868||||-0.30893543376144555|||-0.37468253683725367|-0.31302219744078785|-0.37429824671973555|-0.2993193672246452|-0.34161838065989625||0.6700976942325201||1.0|0.0|0.0|0.0|0.0|1.0|0.0|1.0|0.0|0.0|0.0|0.0|0.0|1.0|0.0|0
-0.24271119683508502|-0.22244413811979064|0.7969246799085837|-0.3543191867500359|-0.3178538699175907||-0.3515188097350013|-0.3766907607259453|-0.3193240199163686|-0.36677066216653487|0.6440598391923529|-0.33117308620455566|0.04017166274294058|-0.2899575230291038||0.0|1.0|0.0|0.0|0.0|0.0|1.0|0.0|0.0|0.0|1.0|0.0|0.0|1.0|0.0|1
||1.629784324603336||-0.32502095154156235|||1.7416921057701498|-0.2928281784535436|0.33404745973645006|-0.2785423170224095|0.4827563971231341|||-1.0552724526192871|1.0|0.0|0.0|0.0|0.0|0.0|1.0|1.0|0.0|0.0|0.0|0.0|0.0|0.0|1.0|0
|-0.22244413811979064||||-0.36788451657419835|-0.34513872502338766|-0.3947422114108144|0.5964737344742531||0.6348664541471158|||0.4831235064510432||0.0|1.0|1.0|0.0|0.0|0.0|0.0|0.0|0.0|1.0|0.0|0.0|0.0|0.0|1.0|1
-0.24034088267061254|-0.22244413811979064|-1.5941703405697965|-0.34528210751811894|-0.31700513656738355||-0.355107607385284|-0.3844980131471512|||-0.30763938069058466|||-1.577408358895844||0.0|1.0|0.0|0.0|1.0|0.0|0.0|0.0|0.0|0.0|1.0|0.0|0.0|1.0|0.0|0
||||-0.33078694953979515|0.7835110053332223||-0.4008120117036016||-0.37843841822399593||-0.3371992176210983|-0.17623229916550978|1.9026010136900102||0.0|1.0|0.0|0.0|0.0|0.0|1.0|0.0|0.0|0.0|1.0|0.0|1.0|0.0|0.0|0
||-1.726977689318419|||-0.3501589595785829||0.762965013949906|-0.3158006367431206||-0.30216931658866863||-1.650484289666828|||0.0|1.0|0.0|1.0|0.0|0.0|0.0|0.0|0.0|0.0|1.0|1.0|0.0|0.0|0.0|1
-0.25408870482455287|||-1.0201876156108218|||-0.3435437038454842|-0.3870929091831012|||-0.3227165321647734|-0.33639573343222595|-0.2709090325004568|-0.29529964268000314||0.0|1.0|0.0|0.0|1.0|0.0|0.0|0.0|0.0|1.0|0.0|1.0|0.0|0.0|0.0|0
|-0.22244413811979064|-0.3424273140338374||-1.5307342432374471|3.2566664738359443|-0.3439424591399601||-0.3183978734822577|-0.3551029061090738|-0.3048353982517874|-1.2748652660351298|-0.24385853726190052||-1.0552724526192871|1.0|0.0|0.0|1.0|0.0|0.0|0.0|1.0|0.0|0.0|0.0|1.0|0.0|0.0|0.0|1
-0.25503683049034187|-0.22244413811979064|-0.36023250265420365|||1.258234346036531|-0.34274619325653255|-0.3912898714673332|-0.30688144391026995|-0.3765565220856958|||-0.17623229916550978|||0.0|1.0|0.0|1.0|0.0|0.0|0.0|0.0|0.0|0.0|1.0|0.0|0.0|0.0|1.0|0
-0.25598495615613087|||1.5163562142567617|-0.3081675321588772||-0.34075241678415324|-0.3902744773663093|-0.30472714677005547||-0.2907695191325747|-0.34282360694320474|2.068958805634663|-1.3217497756028045||0.0|1.0|0.0|1.0|0.0|0.0|0.0|0.0|0.0|0.0|1.0|0.0|0.0|1.0|0.0|0
|||-0.36458859496812324|0.6594693188249282|0.514564919168646|-0.35311383091290477|||||-0.3384044439044068||-0.2974364905403629||0.0|1.0|0.0|0.0|0.0|0.0|1.0|0.0|0.0|1.0|0.0|1.0|0.0|0.0|0.0|0
2.1721648739294714|-0.22244413811979064|-1.9548886056031316|-0.35021142346280093|||0.7410706971288419||-0.3250017002298311||0.4981148515992149|0.6032790254539866|||-0.2718648529896093|1.0|0.0|0.0|0.0|0.0|0.0|1.0|1.0|0.0|0.0|0.0|1.0|0.0|0.0|0.0|0
|-0.22244413811979064|-0.3521740228487788|-1.5233886182971035|0.5506832584610736|-0.35672468965363263|0.3323465202910903|||2.310038404951633||-0.3287626336379386||0.9982564727877651|-1.0552724526192871|1.0|0.0|0.0|0.0|0.0|0.0|1.0|1.0|0.0|0.0|0.0|0.0|0.0|0.0|1.0|0
0.8803436542919731|-0.22244413811979064||-0.3580161737085473|-1.5007591368214004||-0.355107607385284|||||-0.3460375436986941||-1.237802181088672|2.0783579458994237|0.0|1.0|0.0|1.0|0.0|0.0|0.0|0.0|0.0|0.0|1.0|0.0|0.0|0.0|1.0|0
||-0.3404689683827985|-0.3399420152447135||0.6045326490599989|0.6513507558717745|-0.3843174986403025|-0.32419635550451725|-0.3637596283452546|-0.3108110985311915|-0.35969677490952406|-0.23033328964262237|-0.31926286511403734||0.0|1.0|0.0|0.0|0.0|1.0|0.0|0.0|0.0|1.0|0.0|1.0|0.0|0.0|0.0|1
|-0.22244413811979064||-0.36417781863939974|2.517589117671326||0.8706661678334947|-0.3850395566676973||1.651374756546572|-0.28847117287126545|-0.34161838065989625||-0.3006417623309025||0.0|1.0|0.0|0.0|0.0|0.0|1.0|0.0|0.0|0.0|1.0|0.0|0.0|0.0|1.0|1
||-0.351926415927383||-0.32917031458701956||2.9242559343841488|1.9944124153583165||-0.3652651452558947|-0.31223607321320324|||-0.322926032874654||0.0|1.0|0.0|0.0|1.0|0.0|0.0|1.0|0.0|0.0|0.0|0.0|0.0|0.0|1.0|0
-0.24176307116929602|||||-0.3613762127097175|||0.9417652854525577||-1.0130478152116222|||2.665760963818487|-1.0552724526192871|0.0|1.0|0.0|0.0|0.0|1.0|0.0|1.0|0.0|0.0|0.0|0.0|0.0|0.0|1.0|0
|||2.97461218122517|-0.3313392998153268||-0.3435437038454842|0.7172722794038312|-0.321619252383513|-0.36225411143461445|-0.3081450168680728|||||0.0|1.0|0.0|0.0|0.0|0.0|1.0|1.0|0.0|0.0|0.0|1.0|0.0|0.0|0.0|0
-0.24792588799692447||-0.35782396260062693|1.6395891128738103||-0.3624098844999586|0.6712885205955672|-0.3892590832652854|-0.30847199974276474|||||-0.28949962705902677||1.0|0.0|1.0|0.0|0.0|0.0|0.0|0.0|0.0|0.0|1.0|1.0|0.0|0.0|0.0|0
-0.2351261915087731||-0.3498330119555827|-0.35514073940748286|0.6102966723446719|-0.3643049494487339|0.7011951676812563|-1.2571051392537211||2.4229521732496435||-1.5159105226968346||-0.29453648272987465||1.0|0.0|0.0|0.0|0.0|1.0|0.0|0.0|0.0|0.0|1.0|0.0|0.0|0.0|1.0|0
-0.24792588799692447||-1.7281031753247633|||-0.3617207699731312|-0.34633499090681524|-0.3885821538646029||-0.3566084230197139|-0.3060765052328944||-1.650484289666828|||0.0|1.0|1.0|0.0|0.0|0.0|0.0|0.0|0.0|0.0|1.0|0.0|0.0|1.0|0.0|0
-0.2758955951376997|-0.17126069227382046|||-0.301633632558076||-0.355107607385284|0.5452193900636733|-1.3001130936398162||-1.3129820023124803|-0.3448323174153856||-0.3039996661114678|0.5115427466400685|1.0|0.0|0.0|0.0|0.0|0.0|1.0|1.0|0.0|0.0|0.0|0.0|1.0|0.0|0.0|0
0.809234229357799||||-0.3390856756307096|||||-0.36752342062185495||-0.34161838065989625||-0.3006417623309025||0.0|1.0|0.0|0.0|1.0|0.0|0.0|0.0|0.0|1.0|0.0|0.0|1.0|0.0|0.0|0
||-0.3547626406633706||-0.332053313586136|-0.3724594713495246||-0.399345331335456||-0.346446183872893|-0.3000088711030379|-0.3404131543765877|||-0.2718648529896093|1.0|0.0|0.0|0.0|0.0|0.0|1.0|1.0|0.0|0.0|0.0|0.0|0.0|0.0|1.0|0
-0.2185339923574658|-0.22244413811979064||-0.35678384472237684||1.0180013651564292||-0.3961186345255357||-0.3592430776133342|-1.5933802461922097||2.068958805634663|-1.3293813751040893|1.2949503462697463|0.0|1.0|1.0|0.0|0.0|0.0|0.0|1.0|0.0|0.0|0.0|0.0|0.0|0.0|1.0|0
-0.2360743171745621|-0.22244413811979064|-0.3510710465625614|-0.3526760814351419|-0.3282946373209328|-0.3368360787265868|-0.35231632032395305|||||-0.34764451207643887||-0.30689967392195605||0.0|1.0|0.0|0.0|0.0|0.0|1.0|0.0|0.0|0.0|1.0|1.0|0.0|0.0|0.0|0
|-0.22244413811979064|-0.3465691025371843|||||0.6461946923321593|-0.31300206382265505|-1.2561547771271973|1.959863073791903||-0.2709090325004568|-1.6384611549061223|0.5115427466400685|0.0|1.0|0.0|1.0|0.0|0.0|0.0|0.0|0.0|0.0|1.0|0.0|0.0|0.0|1.0|0
-0.24650369949824097|-0.22244413811979064|0.5178041503352073|-0.34569288384684244|1.4775539647190554|||||-1.4631633523402165||-1.5962589415840696|-0.24385853726190052|-0.2911785789493094||0.0|1.0|0.0|0.0|0.0|1.0|0.0|0.0|0.0|0.0|1.0|1.0|0.0|0.0|0.0|0
|-0.22244413811979064||-0.34938987080535394|1.084846390773995||-0.3495250332626221|-0.38497186372762904|-0.3079686592894436|-0.35698480224737394|-0.29412510467408626|||||0.0|1.0|1.0|0.0|0.0|0.0|0.0|1.0|0.0|0.0|0.0|0.0|0.0|1.0|0.0|0
1.2003360664957572|-0.22244413811979064|-0.056756455903537416|-1.6774297415684143|||-0.36188644739137354||-1.421921483343533|1.2561765675035355|1.8403490682038215|||||1.0|0.0|0.0|1.0|0.0|0.0|0.0|0.0|0.0|1.0|0.0|0.0|0.0|0.0|1.0|0
||-0.3439129555622119||-0.321006308075503|0.8222736974672625|-0.3367648638393947|-0.3755851093714971|-1.0539796119657772|-0.3524682515154535|2.5137645227674343||-0.21680804202334422|-0.2586679650738362|-1.0552724526192871|0.0|1.0|0.0|0.0|0.0|1.0|0.0|0.0|0.0|1.0|0.0|0.0|0.0|0.0|1.0|1
|||||0.33127959710275173|-1.4720211872121545|-0.3952611906180044|-0.34628293459624904|-0.3539737684260937|-0.33347279266770075|-0.32394172850470454||-0.2826311875078704||0.0|1.0|0.0|0.0|0.0|0.0|1.0|1.0|0.0|0.0|0.0|0.0|0.0|1.0|0.0|0
-0.2578812074877089|-0.22244413811979064||||-1.4498900340441392|-0.36627275563060796||-0.3236326141967976|-0.3566084230197139|||-0.24385853726190052|-0.30232071422118517||1.0|0.0|0.0|0.0|0.0|0.0|1.0|1.0|0.0|0.0|0.0|0.0|0.0|0.0|1.0|1
|||0.8077670472087323|-0.34004218464443514|-0.3674059648194571|-0.3527150756184289||-0.32210245921870134|1.8207454089935877|0.5728111050917658||-0.25738378488117863||0.5115427466400685|0.0|1.0|0.0|0.0|1.0|0.0|0.0|0.0|0.0|0.0|1.0|0.0|1.0|0.0|0.0|0
||-0.33423377590765124||-1.739212792355794|||0.6055789282912041|||2.61948845078766|-0.3460375436986941|-1.9886154801487814|-0.30522072203167333||0.0|1.0|0.0|0.0|0.0|0.0|1.0|1.0|0.0|0.0|0.0|1.0|0.0|0.0|0.0|0
-0.8381341149505706|||1.4958173978205869|-0.3179481736231693|-0.3540447998270817|-0.35470885209080816||1.6565087291685816|-1.491391794414719|-1.3796340438904489|-0.32836089154350245||||1.0|0.0|0.0|0.0|0.0|0.0|1.0|0.0|0.0|0.0|1.0|1.0|0.0|0.0|0.0|0
0.6788669503118129|0.748276386545161|-0.3400863031406414||-0.31711291223090193|-1.0761411135912318|-0.35112005444052546||2.5051407334680293|-0.35359738919843364|-1.0808490299202453|-0.35206367511523673|-0.25738378488117863|||0.0|1.0|0.0|0.0|0.0|0.0|1.0|0.0|0.0|0.0|1.0|0.0|1.0|0.0|0.0|0
|-0.22244413811979064||||-0.3624290265701482|1.9473054629183038|0.45552624447323|||-0.29968710262645465|||1.6812846281527518||0.0|1.0|0.0|0.0|0.0|0.0|1.0|1.0|0.0|0.0|0.0|0.0|0.0|0.0|1.0|0
-2.580315025837839||-0.3497429730750751|-0.342817449545778|||1.508674638994863|||-0.3663942829388748|-0.32202702828638063|-1.5460411797795477|0.7164340437068479|-0.29331542680966916||0.0|1.0|0.0|1.0|0.0|0.0|0.0|0.0|0.0|0.0|1.0|1.0|0.0|0.0|0.0|0
-0.23133368884561714|-0.22244413811979064|||-0.3307734775818553|-0.3764601640191613|||-0.3120759173885441|||-0.34402883322651323|-0.23033328964262237|-0.3032365061613393||0.0|1.0|0.0|0.0|0.0|0.0|1.0|0.0|0.0|0.0|1.0|0.0|0.0|0.0|1.0|0
|||-0.37239334521386963|-0.31995549535619894|-0.3536428163530991|||-0.3070223792371999||-0.2931597992443364||-0.25738378488117863|-0.2916364749193865||0.0|1.0|0.0|0.0|0.0|1.0|0.0|1.0|0.0|0.0|0.0|0.0|0.0|0.0|1.0|0
-0.2161636781929933|-0.22244413811979064|||-0.34989018589842624||3.083758052174491||-0.32669292415299017|-0.3690289375324951||-0.34443057532094945||3.413657714944394||0.0|1.0|0.0|0.0|0.0|1.0|0.0|1.0|0.0|0.0|0.0|0.0|0.0|0.0|1.0|1
||-0.3460063595340122||-1.4397985271438225|-0.3694924504701289|-1.4122078930407762||-0.3124181888968025|2.027753984206607|0.8221816744438203||||2.0783579458994237|0.0|1.0|0.0|0.0|1.0|0.0|0.0|1.0|0.0|0.0|0.0|0.0|1.0|0.0|0.0|1
-0.24934807649560795|||0.530493025320373|-0.34508069691391896||-0.33636610854491883|1.4325610127917672|-0.3226259332901553|2.8369693236756817|0.5601702006545649|||||0.0|1.0|0.0|0.0|0.0|0.0|1.0|0.0|0.0|0.0|1.0|0.0|0.0|1.0|0.0|0
-0.23085962601272264|-0.15890606741444835|-0.33999626426013385||-1.592368450812015|-1.1713729127847383||||-0.36150135297929437|-0.2906316183568962|-0.34282360694320474|-1.650484289666828||1.2949503462697463|1.0|0.0|1.0|0.0|0.0|0.0|0.0|0.0|0.0|0.0|1.0|0.0|0.0|0.0|1.0|0
-1.359603231134515||-0.355460441987304|-0.35596229206492985|2.9668789149635306|||0.6191175163048558|-0.32828347998548496|-0.35359738919843364|-1.1049816656639924|-0.3371992176210983|-0.2709090325004568||1.2949503462697463|0.0|1.0|0.0|1.0|0.0|0.0|0.0|0.0|0.0|0.0|1.0|0.0|0.0|1.0|0.0|0
-0.25740714465481435||0.5476295295033302||-0.3279982542462573||-0.35112005444052546|1.0929680967826683|0.9342151786527405||-1.6726731922073792|-0.3564828381540347||2.1773385957362614|-0.2718648529896093|0.0|1.0|1.0|0.0|0.0|0.0|0.0|0.0|0.0|1.0|0.0|0.0|0.0|1.0|0.0|0
1.5558831911666284||-0.3362146312788171|-0.3465144365042894|-1.6886929500815582|-0.35345139565120254|-0.3295872685388293||-0.3052304872233766|-0.35472652688141376|-0.291321122235289|-0.34282360694320474||||0.0|1.0|0.0|0.0|0.0|1.0|0.0|0.0|0.0|1.0|0.0|0.0|0.0|0.0|1.0|0
-0.25408870482455287|-0.22244413811979064||0.5921094746288973|0.7807169402830944||-0.3447399697289118|3.4340156074766237||-0.9644608756906703||-0.35246541720967295|-0.284434280119735|-0.3117838976027783|2.0783579458994237|1.0|0.0|1.0|0.0|0.0|0.0|0.0|1.0|0.0|0.0|0.0|0.0|0.0|0.0|1.0|0
|-0.22244413811979064|1.8289953477262701|-1.513119210079016||-0.3587728911639252|2.166620874880024|-0.38562622881495556|-1.3967544606774758|-0.36978169598781513||-1.2949523707569386||0.5975974989703148|-0.2718648529896093|0.0|1.0|0.0|0.0|0.0|0.0|1.0|0.0|0.0|1.0|0.0|1.0|0.0|0.0|0.0|0
-0.24982213932850245|||-1.5439274347332783|-0.3363373962109912||-0.35231632032395305||-0.3080894609982407|-0.3509627346048134|-0.2942630054497648|0.7438887585066477||-0.29499437869995176||0.0|1.0|0.0|0.0|0.0|0.0|1.0|0.0|0.0|0.0|1.0|1.0|0.0|0.0|0.0|0
|||-0.3539084104213124|1.6473006347604884||||-0.3100424219571267|-0.34945721769417326||0.15131916921329003|-0.24385853726190052|||0.0|1.0|0.0|1.0|0.0|0.0|0.0|1.0|0.0|0.0|0.0|0.0|0.0|0.0|1.0|0
-0.24982213932850245|||||||-0.384182112760166|-0.3184784079547891|-0.35133911383247346|||-0.25738378488117863|||1.0|0.0|0.0|0.0|0.0|1.0|0.0|0.0|0.0|0.0|1.0|0.0|0.0|0.0|1.0|0
-0.23275587734430062||-0.34697427749946824||||1.1298571092428007|-0.4001576466162751||-1.0679651632971798||-1.5058669703359302|-0.18975754678478793|-0.29499437869995176||0.0|1.0|0.0|0.0|1.0|0.0|0.0|0.0|0.0|1.0|0.0|0.0|0.0|1.0|0.0|0
-1.6321893600488495|-1.2372883229967855|0.7654110717309445|1.6806667457461597||-0.3684587786798878||-0.39532888355807266|-0.32592784666394203|0.1552673265979335|-0.3125578416897865|||||0.0|1.0|0.0|1.0|0.0|0.0|0.0|1.0|0.0|0.0|0.0|0.0|1.0|0.0|0.0|0
|||-0.3465144365042894|-0.33206678554407576|0.9251623247366287|-0.3519175650294772|-0.3714784043406894||-0.357737560702694|-0.3053410344292754||-0.25738378488117863|-0.2899575230291038|-0.2718648529896093|0.0|1.0|0.0|0.0|0.0|1.0|0.0|1.0|0.0|0.0|0.0|0.0|0.0|0.0|1.0|0
-0.2360743171745621|||-0.3658209239542937||||-0.38221901749818654|2.19709637603549|-0.35623204379205387||-0.338806185998843|-0.24385853726190052|||1.0|0.0|0.0|0.0|0.0|1.0|0.0|0.0|0.0|0.0|1.0|0.0|0.0|1.0|0.0|0
-2.1536584762327937|-0.1730256386823022|-0.3448583638075411||-0.32197628904716835|3.3447199967083323||-0.3869800876163207|0.7464691895639539||||-0.23033328964262237|||0.0|1.0|0.0|0.0|0.0|1.0|0.0|1.0|0.0|0.0|0.0|0.0|1.0|0.0|0.0|0
|-0.22244413811979064||||-0.3601319781473903||||-0.3637596283452546||0.7941065203111695|2.4070899961166163|2.070496202718275|-0.2718648529896093|1.0|0.0|0.0|0.0|0.0|1.0|0.0|0.0|0.0|0.0|1.0|0.0|0.0|0.0|1.0|0
-0.23749650567324557|||-0.3584269500372708|-0.32780964683510017|-0.3635775507815272|-1.2527057752504343|-0.3904324275598019|-0.30764652139931803||-0.293803336197503|-0.32434347059914076|-0.20328279440406608|||0.0|1.0|0.0|0.0|0.0|0.0|1.0|0.0|0.0|1.0|0.0|1.0|0.0|0.0|0.0|1
|-0.22244413811979064|-0.3360120437976752|||0.3686066339725682||-0.39377194593650267|1.864891676843535|0.5222370735664675|1.9391779574401196||-0.21680804202334422||1.2949503462697463|0.0|1.0|0.0|1.0|0.0|0.0|0.0|0.0|0.0|0.0|1.0|1.0|0.0|0.0|0.0|0
||1.262875886535107|||-0.3586006125322183|||0.6659347170325709|-0.3584903191580141|0.7061151882477028|-0.3259504389768854||-0.2846154033782045||1.0|0.0|0.0|0.0|0.0|0.0|1.0|0.0|0.0|0.0|1.0|1.0|0.0|0.0|0.0|0
|-0.22244413811979064||1.3931233156397131|-0.3038969214919618|-0.3561504275479432|||2.0803213908649845||-0.3203262520530118|0.7941065203111695||0.8647034815152816||1.0|0.0|0.0|0.0|0.0|1.0|0.0|0.0|0.0|0.0|1.0|1.0|0.0|0.0|0.0|0
-0.2356002543416676||-0.3473569427416253||-0.32450901713985003|-0.3557484440739605||||-0.3611249737516343|-0.31196027166184614||-0.23033328964262237|-0.3059838819818018||0.0|1.0|0.0|0.0|0.0|1.0|0.0|0.0|0.0|0.0|1.0|0.0|0.0|0.0|1.0|0
-2.0114396263644454|-0.14655144255507624||1.5985114800014608|-0.30706283160781395||0.5616308146147071||||-0.2860349258342777|-0.33639573343222595|-0.24385853726190052|-1.485829164880427||0.0|1.0|0.0|0.0|0.0|1.0|0.0|0.0|0.0|0.0|1.0|0.0|1.0|0.0|0.0|0
-1.6321893600488495||-0.34458824716601844|0.6229176992831594||-1.457068310365258|-0.3355685979559671||-0.32316954097974215||-0.3097538592509892||1.7308276151527089|-0.2974364905403629||0.0|1.0|1.0|0.0|0.0|0.0|0.0|0.0|0.0|1.0|0.0|0.0|0.0|0.0|1.0|0
|-0.22244413811979064|||-0.34253449686329746|-1.3867212024182958|-0.3491262779681462||-0.2976602468054266|-0.3603722152963143|-0.2835067449468375|-0.3404131543765877|||-0.2718648529896093|0.0|1.0|0.0|0.0|0.0|0.0|1.0|0.0|0.0|0.0|1.0|1.0|0.0|0.0|0.0|0
|||-0.34610366017556593||-0.3673868227492675|||||-0.29835406179489526|||||1.0|0.0|1.0|0.0|0.0|0.0|0.0|0.0|0.0|1.0|0.0|1.0|0.0|0.0|0.0|0
|-0.22244413811979064|0.8835871023970918|-0.34774676549045996|-0.31432421693736406|-0.349986680946876|||||-0.3163271295583337|-0.3532689013985453|-0.1491818039269535|||0.0|1.0|0.0|0.0|0.0|0.0|1.0|0.0|0.0|0.0|1.0|0.0|0.0|0.0|1.0|0
|-0.22244413811979064||||-0.3696073028912668|-0.3670702662195597|-1.124539798286714|-0.3035996641546161|-0.3671470413941949||||||0.0|1.0|0.0|0.0|0.0|1.0|0.0|0.0|0.0|0.0|1.0|1.0|0.0|0.0|0.0|0
-2.0825490512986193|-0.22244413811979064||-0.34610366017556593|-0.3251556711209603|-1.7954044009673138|-0.330384779127781|0.9761977751649217|-0.30432447440739857|||||||1.0|0.0|0.0|0.0|0.0|1.0|0.0|0.0|0.0|0.0|1.0|0.0|0.0|1.0|0.0|0
-1.2766422353779783|-0.22244413811979064|-0.3122642890638113|||-0.35402565775689204||-0.38086515869682136|||1.247375732786033||||-1.0552724526192871|0.0|1.0|0.0|0.0|0.0|1.0|0.0|0.0|0.0|0.0|1.0|0.0|0.0|1.0|0.0|1
-0.2270671233495667|-0.18185037072471083|1.3855538612266318|-0.3407635679021605|0.5362009036757925|||-0.3770969183663549|-0.3056734268222992||-0.2917807914875508|-0.3259504389768854|-0.2709090325004568|||0.0|1.0|0.0|0.0|0.0|0.0|1.0|1.0|0.0|0.0|0.0|0.0|0.0|1.0|0.0|0
||||-0.3240374986119572|-0.3484170311913247|-0.35670262856318746|-0.37524664467115587|-0.3219011230373729|-0.37015807521547517|-1.2693134233476044||-0.2709090325004568||-0.2718648529896093|1.0|0.0|0.0|0.0|0.0|0.0|1.0|1.0|0.0|0.0|0.0|1.0|0.0|0.0|0.0|0
1.0699687874497712||-1.1878698922795186|-0.342817449545778|-1.1797897389057548|0.4801091928272768|0.9005728149191838||||||1.0545652341888017|-1.3293813751040893|-0.2718648529896093|0.0|1.0|0.0|0.0|1.0|0.0|0.0|0.0|0.0|0.0|1.0|0.0|1.0|0.0|0.0|0
|-0.22244413811979064|-0.3575313362389774|-0.3539084104213124|-0.33486895279555334|-0.3645920805015786|||-0.3301760400899725|-0.3618777322069544||2.4713797645821987||1.1241778645589637|-1.0552724526192871|0.0|1.0|0.0|1.0|0.0|0.0|0.0|1.0|0.0|0.0|0.0|0.0|0.0|1.0|0.0|0
|-0.22244413811979064|2.055218035001466||-0.31635848258627336|-0.35132662586015145|||2.194076333315563|-0.3611249737516343|-0.2929299646182055|2.0294634607024062|-0.21680804202334422||-1.0552724526192871|1.0|0.0|0.0|0.0|0.0|0.0|1.0|0.0|0.0|1.0|0.0|1.0|0.0|0.0|0.0|0
||-0.3460063595340122|-0.3530868577638654||||-0.378180005407447|-0.31165311140775437||-0.29789439254263345|-0.338806185998843|-0.23033328964262237|||0.0|1.0|0.0|0.0|0.0|0.0|1.0|1.0|0.0|0.0|0.0|0.0|0.0|0.0|1.0|0
||-0.3659499715664325|-0.3514437524489714|-0.3434371180452638|-1.0455138012877925|-0.3367648638393947||-0.31022362452032237|||-0.33197657039342804|0.37830285322489426||-0.2718648529896093|0.0|1.0|0.0|1.0|0.0|0.0|0.0|1.0|0.0|0.0|0.0|0.0|0.0|1.0|0.0|0
||1.9336655463162864|||-0.36910960906633594||-0.3959832486453992|-0.32419635550451725|0.4563707087259614|3.1113345507078414|-0.3564828381540347|-0.25738378488117863|-0.31590496133347207|-0.2718648529896093|1.0|0.0|0.0|1.0|0.0|0.0|0.0|1.0|0.0|0.0|0.0|1.0|0.0|0.0|0.0|0
-0.24934807649560795|-0.16420090663989353|0.979816155939526|3.385388509948665|-0.3104038771768834|-0.3566289793026844|0.531724167529018||-0.31181418035281716|1.5572799496315632|-0.29807826024353823|-0.3323783124878642|-0.2709090325004568|||0.0|1.0|0.0|0.0|0.0|0.0|1.0|0.0|0.0|1.0|0.0|0.0|0.0|0.0|1.0|0
|-0.16773079945685698|-0.34548863597109386|||-0.36629572474845745|||-0.3045459442068598||-0.29058565143167|2.632076602356668|-1.3123530991848742|-1.1156965890681156|-0.2718648529896093|0.0|1.0|0.0|0.0|1.0|0.0|0.0|1.0|0.0|0.0|0.0|0.0|0.0|0.0|1.0|0
1.4610706245877294|-0.22244413811979064|0.7485287816357806|-1.4412333525524044|||-0.3343723320725396|-0.37784154070710574|2.2725974440336616|0.44696122803446053|-0.291321122235289|-0.3371992176210983|0.7164340437068479||-0.2718648529896093|0.0|1.0|0.0|1.0|0.0|0.0|0.0|0.0|0.0|1.0|0.0|0.0|0.0|0.0|1.0|0
-0.24839995082981894|3.130954037995497||-0.342817449545778|||-0.3391573956062498|||0.9738921467585093|-0.3234520029683924||1.0545652341888017|-0.28827857113882116||0.0|1.0|1.0|0.0|0.0|0.0|0.0|0.0|0.0|0.0|1.0|0.0|0.0|0.0|1.0|0
|||-0.3580161737085473||-0.36168248583275187|-0.3495250332626221|-0.38853702523789063|-0.3268539930980529|||-0.3556793539651623|-0.2709090325004568|||1.0|0.0|0.0|0.0|1.0|0.0|0.0|0.0|0.0|0.0|1.0|0.0|0.0|1.0|0.0|0
-1.0988686730425428||-0.33484153835107716|1.7628220114908588|-0.3117780168867426||||-0.3382496209612436||-0.32524471305221364|||-0.28675225123856424|-0.2718648529896093|1.0|0.0|1.0|0.0|0.0|0.0|0.0|1.0|0.0|0.0|0.0|1.0|0.0|0.0|0.0|0
|-0.1747905850907839|-0.34722188442086405|-1.3282698621534432|0.6766460651981685|-1.2096570531640374||-0.3919442365546597|-0.32469969595783843|-0.36752342062185495||-0.3384044439044068|-0.23033328964262237|-0.2974364905403629||0.0|1.0|0.0|0.0|0.0|1.0|0.0|0.0|0.0|1.0|0.0|0.0|0.0|0.0|1.0|0
|-0.22244413811979064|0.28314031801242906||-0.3387623486401545||-0.34513872502338766|-0.383911340999893|-0.30372046586341317||-0.28975824677759865||||1.2949503462697463|0.0|1.0|0.0|0.0|0.0|0.0|1.0|0.0|0.0|1.0|0.0|0.0|0.0|0.0|1.0|0
-0.2621477729837593||-0.3619207316637201|-0.3580161737085473||-0.3633095617988721|3.3230112288600044||-0.3211360455483247||0.5980929139661678|||||1.0|0.0|0.0|1.0|0.0|0.0|0.0|0.0|0.0|0.0|1.0|0.0|0.0|1.0|0.0|0
-0.20810461003378689|-0.22244413811979064|2.078853241134696||-0.31588696405838046|-0.3689564725048187||2.441185819808825|-1.589533854299474|1.5572799496315632||-0.3564828381540347||-0.9706961985437051||1.0|0.0|1.0|0.0|0.0|0.0|0.0|0.0|0.0|1.0|0.0|1.0|0.0|0.0|0.0|0
|-0.22244413811979064||-0.3510329761202479|-0.30823489194857623|1.219950205657232|2.106807580708646|0.3861409809032646|||1.4220500486455365|||1.9483906106977187||1.0|0.0|0.0|1.0|0.0|0.0|0.0|0.0|0.0|1.0|0.0|1.0|0.0|0.0|0.0|0
-0.26356996148244277|-0.22244413811979064|||-0.3323901125346309|-0.36110822372706236|-0.34274619325653255|-0.3879729174039885|-1.3403803299055077|-0.3566084230197139|-0.30501926595269213||-0.25738378488117863|-1.5964873576490561|-1.0552724526192871|0.0|1.0|0.0|0.0|0.0|0.0|1.0|1.0|0.0|0.0|0.0|0.0|0.0|0.0|1.0|0
|-0.22244413811979064|-0.342719940395487|-0.3514437524489714|1.9483988947149344|||1.7755385758042792||-0.357361181475034|-0.30501926595269213|-0.33478876505448124||||0.0|1.0|0.0|0.0|0.0|0.0|1.0|0.0|0.0|0.0|1.0|0.0|0.0|1.0|0.0|0
|-0.22244413811979064||||0.5313142305845894|-0.355107607385284|||-0.357737560702694||-0.31590688661598104||-0.2743890600464829||0.0|1.0|1.0|0.0|0.0|0.0|0.0|0.0|0.0|0.0|1.0|0.0|0.0|1.0|0.0|0
||-1.6943385951344356|-0.34363900220322496||||-0.3684096577242617||-1.4537538716487155||-0.38098910591464136||-0.34108923968771176|1.2949503462697463|0.0|1.0|1.0|0.0|0.0|0.0|0.0|1.0|0.0|0.0|0.0|0.0|0.0|1.0|0.0|0
|-1.2372883229967855|-1.49737854402419||-1.4946967557484923|-0.35649498481135683||-0.38334723316599084||||||1.6202318321424738||1.0|0.0|0.0|0.0|0.0|1.0|0.0|0.0|0.0|1.0|0.0|0.0|0.0|0.0|1.0|0
-0.23322994017719512|-0.22244413811979064|-0.37511142765807476|1.5368950306929365||||-1.0895651125847803||-0.36564152448355475|-0.31706260036195266|-0.33318179667673653|-0.284434280119735||2.8617655455291016|0.0|1.0|0.0|0.0|0.0|1.0|0.0|0.0|0.0|1.0|0.0|0.0|0.0|1.0|0.0|1
-0.2611996473179703|1.3660076295137666|-0.3621908483052427||||-1.322487951783709||-0.3236527478149304|-0.3611249737516343||||-0.30033649835085113|0.5115427466400685|0.0|1.0|0.0|0.0|0.0|0.0|1.0|1.0|0.0|0.0|0.0|0.0|0.0|1.0|0.0|0
-0.28395466329690605|-0.22244413811979064|0.659052644131412||1.7651802667337055|-0.3488764408758763|-0.36268395798032527|||-0.3520918722877935||||-0.28095223561758775|0.5115427466400685|1.0|0.0|1.0|0.0|0.0|0.0|0.0|1.0|0.0|0.0|0.0|0.0|0.0|0.0|1.0|0
-0.21237117552983734||||-0.30656436916404145|-0.35065665340351376||-1.599518594432331|-0.3308001822520907|-0.3543501476537537|0.3498715177447678||-1.3123530991848742|-1.207275783083533||0.0|1.0|0.0|0.0|0.0|0.0|1.0|0.0|1.0|0.0|0.0|0.0|0.0|1.0|0.0|0
|||-0.3341911466425846|-0.31700513656738355|0.8873567361120711|0.9603861090905622|0.8628121005505879||||-0.3376009597155345|||-0.2718648529896093|1.0|0.0|0.0|0.0|0.0|0.0|1.0|0.0|0.0|0.0|1.0|0.0|0.0|1.0|0.0|0
|-0.22244413811979064|-0.35248915893055516|2.6459911182463736||-0.7052635036667717|-1.771087658069046|||1.5384609882485616||-0.3400114122821515|2.4070899961166163|1.7576006231655996|-0.2718648529896093|0.0|1.0|0.0|0.0|0.0|1.0|0.0|1.0|0.0|0.0|0.0|0.0|0.0|0.0|1.0|0
-0.24887401366271344|||-0.36458859496812324|-0.30388344953402197|0.7002430000082467|1.767865580404169|-0.38048156536976785||-0.3543501476537537|-0.32938173632257023||-0.25738378488117863|||0.0|1.0|0.0|0.0|0.0|1.0|0.0|0.0|0.0|0.0|1.0|0.0|0.0|0.0|1.0|0
|||0.746150597900208|||-0.3351698426614913|-0.39318527378924445||-0.357737560702694|-0.3066740752608348|-1.2849088183960342||-0.3039996661114678||0.0|1.0|0.0|0.0|1.0|0.0|0.0|0.0|0.0|1.0|0.0|1.0|0.0|0.0|0.0|0
-0.26878465264428225|-0.22244413811979064|-1.696026824143952||-1.6967761248454358|-0.36168248583275187|-0.34753125679024277|||-0.3596194568409942|-0.2975726240660501|1.4469374237699533||-0.3035417701413907|-0.2718648529896093|0.0|1.0|0.0|0.0|0.0|0.0|1.0|0.0|0.0|1.0|0.0|0.0|0.0|1.0|0.0|0
0.9751562208708722|-0.22244413811979064|-0.3580940792421496|0.4791459842299361|-1.132301087167973||-0.34793001208471863||-0.33526984547758243|-0.3566084230197139|0.8152866356598926|-0.3452340595098218|-0.24385853726190052|1.4904946406206327|-1.0552724526192871|0.0|1.0|0.0|1.0|0.0|0.0|0.0|0.0|0.0|1.0|0.0|1.0|0.0|0.0|0.0|0
-0.23133368884561714||-0.348392389867462|-0.34897909447663045|-0.325573301817094||0.6513507558717745|-0.4070848908165936|2.0380407927860085|-0.3739218674920755||-0.34282360694320474|1.0545652341888017|-0.30186281825110806|-0.2718648529896093|0.0|1.0|0.0|0.0|0.0|1.0|0.0|0.0|0.0|0.0|1.0|1.0|0.0|0.0|0.0|0
0.6551638086670881|||-0.36335626598195275||||||||||||0.0|1.0|1.0|0.0|0.0|0.0|0.0|0.0|0.0|0.0|1.0|1.0|0.0|0.0|0.0|0
-0.24839995082981894|-0.22244413811979064||-0.34528210751811894|-0.33458604167881767|0.5748624402660422|||-0.32765933782336676||-0.3143505517736077|2.3106829268077287|0.37830285322489426|1.0402302700448314|-1.0552724526192871|0.0|1.0|0.0|1.0|0.0|0.0|0.0|1.0|0.0|0.0|0.0|0.0|0.0|1.0|0.0|0
-0.23702244284035107|-0.18185037072471083||||-0.365664036432199||0.3742947163913193|||-0.3207399543800475|-0.34282360694320474|-0.24385853726190052||-0.2718648529896093|1.0|0.0|0.0|0.0|0.0|0.0|1.0|1.0|0.0|0.0|0.0|0.0|0.0|1.0|0.0|0
|-0.18185037072471083||-0.3584269500372708|0.768255379188783||-0.35112005444052546|1.2734826036313587|-0.3215185842928488|-0.3652651452558947||||-0.3130049535229838||0.0|1.0|0.0|0.0|0.0|1.0|0.0|0.0|0.0|0.0|1.0|0.0|0.0|0.0|1.0|0
-0.25598495615613087|-0.22244413811979064|-0.3545150337419748|-0.34487133118939545|-0.33179734638527986|-1.2694760225066923|-0.33955615090072566||||||-0.18975754678478793|-0.30109965830097957||0.0|1.0|0.0|0.0|0.0|1.0|0.0|1.0|0.0|0.0|0.0|0.0|0.0|0.0|1.0|0
-0.19435678787984653|-0.22244413811979064|-2.2255679901289263|-0.3662317002830172|-0.2913006408182523||||3.300418649715437|-0.36150135297929437|||-0.21680804202334422|||0.0|1.0|0.0|0.0|0.0|0.0|1.0|1.0|0.0|0.0|0.0|0.0|0.0|0.0|1.0|1
-0.23085962601272264|-0.17655553149926564|-0.32228111452027525||1.3108384852140769||-1.352394598869398|3.404682000113711|-0.3064586379294802||||-0.20328279440406608|-0.2841575074081274||1.0|0.0|0.0|0.0|0.0|0.0|1.0|0.0|0.0|1.0|0.0|0.0|0.0|0.0|1.0|1
||1.4800946857595496|2.2352147895228787||-0.36367326113247544|-0.34314494855100836|-0.3905226848132262||2.9498830919736925||||-0.28751541118869267||0.0|1.0|0.0|0.0|0.0|0.0|1.0|0.0|0.0|0.0|1.0|1.0|0.0|0.0|0.0|0
|-0.18008542431622912|-1.2081286403937153|2.6049134853740243|2.9709205023454697|-0.3553464605999779|-0.33118228971673275|1.6897941850511513||3.2133485513357165|||-0.23033328964262237|||0.0|1.0|0.0|0.0|0.0|0.0|1.0|1.0|0.0|0.0|0.0|0.0|0.0|1.0|0.0|0
|||-0.3522653051064184|-0.3243338816866327|||-0.36152754215065536||||||||1.0|0.0|1.0|0.0|0.0|0.0|0.0|0.0|0.0|0.0|1.0|0.0|0.0|0.0|1.0|0
-0.24697776233113547|-0.22244413811979064|-0.33914089489531224|-0.3584269500372708||||-1.306746628637111|-0.3094384134131413||-0.2956420132065504|-0.35527761187072615||-0.31468390541326646|1.2949503462697463|0.0|1.0|0.0|0.0|0.0|1.0|0.0|0.0|0.0|1.0|0.0|0.0|0.0|1.0|0.0|0
|||-0.34897909447663045|0.43886600756076466|-0.36336698800944106|-0.36507648974718043|-0.39022934873959714||||-1.0639506664561382||-1.0431963938059103||1.0|0.0|0.0|0.0|0.0|0.0|1.0|1.0|0.0|0.0|0.0|0.0|0.0|1.0|0.0|0
-2.1536584762327937||1.3304050469157627|-0.3506221997915244|-0.33111027653035024||-0.35351258620738063||-0.317975067501468||-0.30442169592475177||-0.24385853726190052|||0.0|1.0|0.0|0.0|0.0|1.0|0.0|0.0|0.0|1.0|0.0|0.0|0.0|0.0|1.0|0
-0.2616737101508648|2.954459397147324|0.21223469961274072|1.1671963348417906|||-0.35470885209080816|-1.4302862442616835||-0.3558556645643939|-0.30598457138244206||0.37830285322489426||-0.2718648529896093|0.0|1.0|0.0|0.0|0.0|0.0|1.0|0.0|0.0|0.0|1.0|0.0|0.0|1.0|0.0|0
1.1529297832063077|||-0.3534976340925889|-0.31024221368160587|-0.38149452847903914|-0.35670262856318746|||-0.368276179077175|-0.3081909837932989|2.370944240973155|-0.18975754678478793|||0.0|1.0|0.0|0.0|0.0|0.0|1.0|0.0|0.0|0.0|1.0|1.0|0.0|0.0|0.0|0
||-0.3444531888452571|0.5715706581927226|-0.3215586583510347|-0.3618164803240794|-0.34753125679024277|-1.3197211088168606||||0.7037145490630302||0.7731242874998645|1.2949503462697463|1.0|0.0|0.0|0.0|0.0|1.0|0.0|1.0|0.0|0.0|0.0|0.0|0.0|1.0|0.0|0
|-0.22244413811979064|||||-0.3575001391521392|-0.39535144787142873|||-0.29159692378664603|-0.33197657039342804||-0.290873314969258|1.2949503462697463|1.0|0.0|0.0|0.0|1.0|0.0|0.0|1.0|0.0|0.0|0.0|1.0|0.0|0.0|0.0|0
||-0.33932097265632727|-0.34774676549045996|-0.31634501062833353|-1.5781419043147913|-0.34992378855709794||-0.31233765442427114|-0.3663942829388748||||||0.0|1.0|0.0|0.0|0.0|1.0|0.0|0.0|0.0|0.0|1.0|1.0|0.0|0.0|0.0|0
|-0.22244413811979064|-0.33394114954600174|-0.36417781863939974|-0.31086192374683647|2.580951396141315|||1.5367137012781495|-1.425525429574213|||-0.16270705154623163|||1.0|0.0|0.0|0.0|0.0|0.0|1.0|1.0|0.0|0.0|0.0|0.0|0.0|0.0|1.0|0
|-0.22244413811979064||||-0.3501589595785829|0.6413818735098781|-0.37698409679957445|||-0.3052031336535969|||-0.29209437088946355|-1.0552724526192871|0.0|1.0|0.0|0.0|1.0|0.0|0.0|0.0|0.0|1.0|0.0|0.0|0.0|1.0|0.0|0
-0.25408870482455287|4.013427242236362|1.3585421970743692|-0.3399420152447135|-0.3305444542968788||||||-0.32005045050165465|||-0.2969785945702858|-0.2718648529896093|0.0|1.0|0.0|0.0|0.0|1.0|0.0|0.0|0.0|1.0|0.0|0.0|1.0|0.0|0.0|0
-1.3121969478450655|-0.16773079945685698|-0.35048579383926237||-0.3277018711715818|-0.37592418605385114||-0.4027976712789372|-1.600607344272539|-1.5384391978722234|-0.294308972374991||1.7308276151527089|||0.0|1.0|0.0|0.0|0.0|0.0|1.0|0.0|0.0|0.0|1.0|0.0|1.0|0.0|0.0|0
||-1.6639504729631405||-0.31416255344208655|-1.4891312779329209|0.7610084618526346|-0.38072977281668485|-0.34312195654939226|-0.36488876602823467||||-2.153594121242844||0.0|1.0|0.0|0.0|0.0|0.0|1.0|0.0|0.0|0.0|1.0|1.0|0.0|0.0|0.0|1
-1.395157943601602|-0.22244413811979064|-0.3478521565844168|-0.35555151573620636|-0.32502095154156235|-0.36336698800944106|-0.34633499090681524|-0.39022934873959714|-0.31251885698746673|-0.3505863553771534||||-0.29362069078972053||0.0|1.0|0.0|0.0|0.0|1.0|0.0|0.0|0.0|0.0|1.0|0.0|0.0|0.0|1.0|0
-1.395157943601602|||-0.35719462105110034|||||1.3786647989353102|-0.35472652688141376|-0.309707892325763|||-0.2962154346201573||0.0|1.0|0.0|0.0|0.0|0.0|1.0|0.0|0.0|0.0|1.0|0.0|0.0|0.0|1.0|0
-0.2360743171745621|||-0.3608916080096118|-0.3248592880462848|-0.35463820400296087|2.8843804049365636|-0.38147439515743564||3.025158937505699|-1.7174909443029096|-0.3621072274761411||||0.0|1.0|0.0|0.0|0.0|0.0|1.0|0.0|0.0|0.0|1.0|1.0|0.0|0.0|0.0|0
|-0.22244413811979064||-0.34404977853194846||||2.1365675895016603||-1.4725728330317174|1.2174972313890127||2.4070899961166163|-0.28751541118869267||1.0|0.0|0.0|0.0|0.0|0.0|1.0|0.0|0.0|0.0|1.0|1.0|0.0|0.0|0.0|1
-0.24271119683508502|||-0.34404977853194846|-0.31501128679229373|-0.376479306089351||-0.4033617791128393|0.5919436703943628||-0.3063523067842515||||-1.0552724526192871|0.0|1.0|0.0|0.0|0.0|0.0|1.0|1.0|0.0|0.0|0.0|0.0|0.0|0.0|1.0|0
-0.2545627676574474||-0.3468842386189607|-0.34610366017556593|-0.3240374986119572||-0.34633499090681524|-1.1561298369852349||0.5316465542579684|||-0.21680804202334422||1.2949503462697463|0.0|1.0|0.0|0.0|0.0|1.0|0.0|1.0|0.0|0.0|0.0|1.0|0.0|0.0|0.0|0
-1.7981113515619227||-0.35084594936129254||-0.3280656140359563|0.43751808665530656|||-0.3085525342152961||-0.2947226747020267|1.6678955757098493|-0.21680804202334422|1.7576006231655996||1.0|0.0|1.0|0.0|0.0|0.0|0.0|0.0|0.0|0.0|1.0|0.0|1.0|0.0|0.0|0
|-0.22244413811979064||0.7564200061182954||-0.3453160158206015|-0.3471325014957669|0.8842481982388699|||-1.48420879878002|0.06092719796515075||0.5670711009651758||0.0|1.0|0.0|0.0|0.0|1.0|0.0|0.0|0.0|0.0|1.0|1.0|0.0|0.0|0.0|0
-0.7077668359045844|-0.22244413811979064||-0.3473359891617364|-0.3318916500908584|0.7614976246151253|-0.3367648638393947|-1.585980006418679|-0.32276686861708526|||-0.3452340595098218|-0.21680804202334422||0.5115427466400685|1.0|0.0|0.0|0.0|0.0|0.0|1.0|1.0|0.0|0.0|0.0|1.0|0.0|0.0|0.0|0
|-0.22244413811979064||-0.3539084104213124|-0.35110266211300784|-0.3653577633091646||-0.3922150083149327|-0.3103444262291194||-0.29656135171107406||-0.284434280119735||0.5115427466400685|0.0|1.0|1.0|0.0|0.0|0.0|0.0|0.0|0.0|0.0|1.0|0.0|0.0|0.0|1.0|0
0.4773902463316526|||||-0.35266657077342695|-1.322487951783709|0.6997849365528643||||-0.3701420693648646||||1.0|0.0|0.0|0.0|0.0|0.0|1.0|0.0|0.0|0.0|1.0|0.0|0.0|0.0|1.0|0
-0.2346521286758786|-0.22244413811979064|-0.34163947382939647|-0.3588377263659943|||||-0.313263800858382|||2.712425021243903||-0.3093417857623671|1.2949503462697463|0.0|1.0|0.0|0.0|0.0|0.0|1.0|0.0|0.0|0.0|1.0|0.0|0.0|0.0|1.0|0
1.2003360664957572|-0.1747905850907839|||-0.32344473246260613||1.26942146230935||-0.34245754715100835|-0.34757532155587306||-0.3424218648487686|-0.25738378488117863|-1.3293813751040893||0.0|1.0|1.0|0.0|0.0|0.0|0.0|0.0|0.0|0.0|1.0|0.0|0.0|0.0|1.0|0
|||-0.33788813360109604|||||-0.3302968417987695||-0.31706260036195266|-0.3275574073546301|||2.0783579458994237|0.0|1.0|0.0|1.0|0.0|0.0|0.0|0.0|0.0|0.0|1.0|0.0|0.0|0.0|1.0|0
-0.8262825441282082|-1.1931646627847423|-0.34395797500246567||||3.2831356994124192|1.0771730774334078|-0.32498156661169825||-0.31159253626003663||0.7164340437068479|||1.0|0.0|0.0|0.0|0.0|1.0|0.0|0.0|0.0|0.0|1.0|0.0|0.0|0.0|1.0|0
-0.24887401366271344|-0.22244413811979064|-0.3179817579760401|-0.34897909447663045||0.8409372159021709|-0.3455374803178635|2.057592492755358||||-0.338806185998843||||1.0|0.0|1.0|0.0|0.0|0.0|0.0|0.0|0.0|1.0|0.0|0.0|0.0|1.0|0.0|1
|||-0.34856831814790695|||0.7211329324050492|-0.36861273654446647|||-0.3045136297752041|-0.3367974755266621||-0.29575753865008025||0.0|1.0|0.0|1.0|0.0|0.0|0.0|0.0|0.0|1.0|0.0|0.0|1.0|0.0|0.0|0
-0.245555573832452|-0.22244413811979064|-0.34249484319421813|1.577972663565286||-0.3560164330566156|0.8706661678334947|-1.4652609299636172||1.8960212545255946||0.9748904628074481|-0.2709090325004568|-0.285378563328333||0.0|1.0|0.0|0.0|0.0|0.0|1.0|0.0|0.0|0.0|1.0|0.0|0.0|0.0|1.0|0
||||-0.32741896005484605|-0.3553847447403572|-0.3507212991460496|-0.38221901749818654|||-0.3134771801943102|-0.3371992176210983||-0.2962154346201573||1.0|0.0|0.0|0.0|0.0|1.0|0.0|0.0|0.0|0.0|1.0|0.0|0.0|0.0|1.0|0
-0.24934807649560795|-0.22244413811979064|-0.3492477592322837||-0.32643550712524094|0.7524051412750418|-0.3435437038454842|-0.3783830842276518|-0.3109081675368391|-0.3558556645643939||-0.3448323174153856||||0.0|1.0|0.0|1.0|0.0|0.0|0.0|0.0|0.0|0.0|1.0|0.0|0.0|1.0|0.0|0
|-0.22244413811979064|-0.3579590209213882|-0.35021142346280093|-0.3353000554496269|-1.4087345831363927||-0.3839564696266051|-0.318881080317446|||||-0.29911544243064553|2.8617655455291016|0.0|1.0|0.0|0.0|1.0|0.0|0.0|1.0|0.0|0.0|0.0|0.0|0.0|0.0|1.0|1
|6.837341495807131|-0.34260739179485256|-0.3514437524489714|-0.31968605619740303|-0.3748139459828515|||-0.3105658960285807|||-0.3448323174153856|-0.17623229916550978||0.5115427466400685|1.0|0.0|1.0|0.0|0.0|0.0|0.0|0.0|0.0|0.0|1.0|0.0|0.0|0.0|1.0|0
|-0.22244413811979064|-0.3714423432773925|-0.34569288384684244||||1.5013821685278306|-0.3191629509713058|-0.3618777322069544||-0.34161838065989625||-0.3006417623309025||0.0|1.0|1.0|0.0|0.0|0.0|0.0|1.0|0.0|0.0|0.0|1.0|0.0|0.0|0.0|0
-0.19103834804958508|-0.22244413811979064|||-0.34693982710961085|-0.3744119625088688||-0.4012858622840794||-0.3584903191580141|-0.2984919625705738|1.768331099318893||-0.2969785945702858||0.0|1.0|0.0|0.0|0.0|0.0|1.0|1.0|0.0|0.0|0.0|1.0|0.0|0.0|0.0|0
-0.25835527032060335|-0.22244413811979064|-0.3449484026880486|-0.3584269500372708|-0.3220705927527469||-0.3391573956062498||-0.329712966872917|-0.3671470413941949||1.5071987379353795||||0.0|1.0|0.0|0.0|0.0|0.0|1.0|1.0|0.0|0.0|0.0|0.0|0.0|1.0|0.0|0
|-0.22244413811979064|||-0.3156579407734039||-0.3355685979559671|1.2700979566279458||||-0.3291643757323748|3.083352377080524||-1.0552724526192871|0.0|1.0|0.0|0.0|1.0|0.0|0.0|0.0|0.0|1.0|0.0|0.0|0.0|0.0|1.0|0
|-0.22244413811979064|||||-0.3447399697289118||-0.31294166296825654|-0.3694053167601551||-0.3315748282989919|2.4070899961166163|2.192601794738831||0.0|1.0|0.0|0.0|0.0|1.0|0.0|0.0|1.0|0.0|0.0|1.0|0.0|0.0|0.0|1
-0.2758955951376997|-0.22244413811979064|2.463769455304433|-0.36212393699578227||-0.36263958934223434||-0.38950729071220236|||||-0.2709090325004568|-0.30644177795187894|-0.2718648529896093|0.0|1.0|0.0|0.0|0.0|1.0|0.0|0.0|0.0|1.0|0.0|1.0|0.0|0.0|0.0|0
1.7218051826797016|||-0.3604808316808883||1.2955613829063477|-0.36029142621347016|-0.3905452491265824|-0.3187401449905161|-0.3584903191580141||||-0.3117838976027783||0.0|1.0|0.0|0.0|0.0|0.0|1.0|0.0|0.0|0.0|1.0|0.0|0.0|0.0|1.0|0
-1.5729315059370377|||-0.3530868577638654||-0.34629226140027364|-0.36148769209689774||-0.28640555426916586|-0.3716635921261153||||-0.30232071422118517|-1.0552724526192871|0.0|1.0|0.0|0.0|0.0|1.0|0.0|0.0|0.0|0.0|1.0|0.0|0.0|0.0|1.0|1
|-0.22244413811979064||-0.34980064713407744|2.1599086343697356|-0.36568317850238863||2.768368363472077|-1.376117502091309||-0.30354832434545426||-0.23033328964262237|-1.3217497756028045||0.0|1.0|1.0|0.0|0.0|0.0|0.0|0.0|0.0|0.0|1.0|0.0|0.0|0.0|1.0|0
||-0.37470625269579083||||-0.35351258620738063|-0.9146916840751113||-1.3972969874997103|-0.2912291883848366||-0.25738378488117863||-1.0552724526192871|0.0|1.0|0.0|1.0|0.0|0.0|0.0|1.0|0.0|0.0|0.0|0.0|1.0|0.0|0.0|0
|-0.22244413811979064|||-1.5960732392454589|-0.36889904629424974||0.29306318830940853||-0.37505100517505563|-0.2867703966378966|-0.3400114122821515|1.3926964246707552|||1.0|0.0|0.0|0.0|0.0|1.0|0.0|0.0|0.0|1.0|0.0|1.0|0.0|0.0|0.0|0
|-0.22244413811979064||||1.5396227778243796|-1.3623634812312944||-0.30835119803396766||2.1988910849680656||||2.0783579458994237|0.0|1.0|1.0|0.0|0.0|0.0|0.0|0.0|0.0|1.0|0.0|1.0|0.0|0.0|0.0|0
||-0.35354711577651876||3.1608751092965965|0.9328191528124887|||1.941399425748349|-0.357737560702694|-0.29812422716876436|||-0.2923996348695149||0.0|1.0|0.0|0.0|1.0|0.0|0.0|0.0|0.0|0.0|1.0|0.0|1.0|0.0|0.0|0
|-0.17126069227382046|-0.3527817852922046|-0.3530868577638654|||0.4120975791862614|||-0.37015807521547517||-0.32514695478801303||2.5207605732940763||0.0|1.0|0.0|0.0|0.0|1.0|0.0|1.0|0.0|0.0|0.0|0.0|1.0|0.0|0.0|1
||||-0.31847357998282133|-0.3646303646419579|-0.3419486826675808||1.5729542139172719|||||||0.0|1.0|0.0|1.0|0.0|0.0|0.0|0.0|0.0|0.0|1.0|0.0|0.0|0.0|1.0|0
-0.25408870482455287|-0.22244413811979064||-1.3180004539353558|-0.3186756593519183|-0.35297284389646133|-0.35231632032395305|1.8093850458384086||-1.4161159488827122|-1.2371365756892747|-0.34443057532094945|-0.18975754678478793|-0.3035417701413907||0.0|1.0|0.0|0.0|0.0|0.0|1.0|0.0|0.0|0.0|1.0|0.0|0.0|1.0|0.0|0
-1.3121969478450655|-0.1500813353720397|||-0.3388297084298535|-1.4982237612730045||||1.7831074862275842|-0.29637748401016933||-0.25738378488117863|-0.30186281825110806|-1.0552724526192871|0.0|1.0|0.0|0.0|1.0|0.0|0.0|1.0|0.0|0.0|0.0|0.0|0.0|0.0|1.0|0
|-0.22244413811979064|1.2291113063447794||-0.333171486095139||-0.3527150756184289||-0.3219615238917714|1.1244438378225232|1.4978954752687421|-0.3371992176210983|||-1.0552724526192871|0.0|1.0|0.0|0.0|0.0|0.0|1.0|0.0|0.0|0.0|1.0|0.0|0.0|1.0|0.0|0
-0.24271119683508502|1.1895129886655937|-0.3508684590814194|2.194137156650529|||-0.3483287673791945||0.5134225596762644|1.218538644737532||-0.32434347059914076|-0.18975754678478793|||1.0|0.0|0.0|0.0|0.0|0.0|1.0|0.0|0.0|0.0|1.0|0.0|0.0|0.0|1.0|0
|||-0.34363900220322496||-0.364572938431389||2.8811899302525084|-0.3112303054269646||-0.29748069021559775|-0.34161838065989625||-0.3006417623309025||0.0|1.0|0.0|0.0|0.0|1.0|0.0|0.0|0.0|0.0|1.0|0.0|0.0|1.0|0.0|0
|-0.22244413811979064|-0.36914635182445016||1.5738784639885988|-0.3497186919642209|0.47191087335763965|-0.3765553748458088|1.5890611084235484|-0.36413600757291464|-0.3053870013545016|-0.322736502221396||||0.0|1.0|0.0|0.0|0.0|1.0|0.0|1.0|0.0|0.0|0.0|1.0|0.0|0.0|0.0|0
-1.3833063727792396|-0.22244413811979064|0.31634215519958475|-0.34815754181918346|||-0.3351698426614913|-0.3898457554125437|-1.4737655500356108|-0.36978169598781513|-1.4922530106946024|-0.33920792809327915|||-0.2718648529896093|1.0|0.0|0.0|0.0|0.0|0.0|1.0|0.0|1.0|0.0|0.0|1.0|0.0|0.0|0.0|1
||-0.3532769991349961|0.4175295349214118||-0.3525134342119098|-1.6115855402787038||-0.32375341590559464|-0.36978169598781513|1.4059616248163718|||-0.30522072203167333||0.0|1.0|0.0|0.0|1.0|0.0|0.0|0.0|0.0|0.0|1.0|0.0|0.0|1.0|0.0|0
0.27591354235149235|0.8806473671812909|1.4677143396897627||3.4101063311828272|-0.3574903724612186||-1.428029812926075||-0.379191176679316|-0.2975726240660501|-0.3540723855874176||||0.0|1.0|0.0|0.0|0.0|0.0|1.0|0.0|0.0|1.0|0.0|0.0|0.0|1.0|0.0|0
-0.22137836935483274|-0.22244413811979064|-0.35793651120126135|-0.35760539737982383||||-0.39704377137313523|-0.31278059402319375||-0.2990435656732881|-0.3191208233714704|-0.6360907182209669||-0.2718648529896093|0.0|1.0|0.0|0.0|0.0|0.0|1.0|0.0|0.0|1.0|0.0|0.0|0.0|1.0|0.0|0
-0.23749650567324557|-0.22244413811979064||-0.3514437524489714|||-0.3423474379620567|-0.3839564696266051|-0.320572304240605|||-0.33478876505448124|1.7308276151527089|||0.0|1.0|0.0|0.0|0.0|0.0|1.0|0.0|0.0|0.0|1.0|0.0|0.0|1.0|0.0|0
-0.25598495615613087|-0.22244413811979064|-0.3503282257983742||-0.3275402076763042||-0.3563038732687116||0.855190727481321||||||-0.2718648529896093|0.0|1.0|0.0|0.0|0.0|1.0|0.0|1.0|0.0|0.0|0.0|1.0|0.0|0.0|0.0|0
|-0.22244413811979064|||-0.3059850749726302|-0.3603042567790971|||0.37953399909284014||-0.3150860225772267|-0.34764451207643887|-0.21680804202334422|3.0778673368878646||0.0|1.0|0.0|0.0|0.0|1.0|0.0|1.0|0.0|0.0|0.0|0.0|0.0|0.0|1.0|0
|1.1012656682415072||-0.3613023843383353||||||1.1620817605885267|-0.28506962040452777|||-0.2940785867597976|-0.2718648529896093|0.0|1.0|0.0|0.0|0.0|0.0|1.0|0.0|0.0|0.0|1.0|0.0|0.0|0.0|1.0|0
|1.0130183478174206|0.8824616163907475|-0.35514073940748286|||||-0.3110692364819018|-0.36225411143461445||0.46266929240132537||||0.0|1.0|0.0|0.0|0.0|1.0|0.0|0.0|0.0|1.0|0.0|0.0|1.0|0.0|0.0|0
||||-0.3344109062256003|2.8661682419670935|2.7248782871462214|2.8450870288827703|||-0.2907695191325747|-0.32675392316575774|||1.2949503462697463|0.0|1.0|0.0|0.0|0.0|0.0|1.0|0.0|0.0|0.0|1.0|0.0|0.0|0.0|1.0|0
-0.26262183581665377|-0.13772671051266758|-0.9194414797664126||||||-0.32818281189482074|1.2749955288865373||-0.3629107116650135|||-1.0552724526192871|0.0|1.0|0.0|0.0|0.0|0.0|1.0|1.0|0.0|0.0|0.0|0.0|1.0|0.0|0.0|0
|-0.22244413811979064|-0.35219653256890565|-0.34322822587450147|-1.2821766192482063|-0.36397953425550983|-0.3471325014957669|0.4166028039339811|-0.32065283871313643||-0.30713374451309666|-0.34121663856546003|-0.25738378488117863|-0.30033649835085113|0.5115427466400685|0.0|1.0|1.0|0.0|0.0|0.0|0.0|0.0|1.0|0.0|0.0|0.0|0.0|1.0|0.0|0
2.1010554489952975||-0.34170700298977713|1.7628220114908588||1.754971067457937|-0.338758640311774|-0.38133900927729913|-0.3075458533086538||0.9474415456851749|-0.3223347601269599|-0.25738378488117863|||1.0|0.0|0.0|1.0|0.0|0.0|0.0|1.0|0.0|0.0|0.0|0.0|0.0|0.0|1.0|0
-0.23749650567324557|-0.22244413811979064|-0.3578914917610076||-0.33523269565992786|-0.36309899902678594||-0.38995857697932407|-0.31741132619374823|||||||0.0|1.0|0.0|0.0|0.0|0.0|1.0|1.0|0.0|0.0|0.0|1.0|0.0|0.0|0.0|0
|-1.4579066240570018|||||||-0.3163442444327074|-0.3596194568409942|-0.3027209196913829||-0.1221313086883972|-0.30812072984216154||0.0|1.0|0.0|0.0|0.0|0.0|1.0|1.0|0.0|0.0|0.0|0.0|0.0|0.0|1.0|0
-0.2270671233495667|-0.22244413811979064|0.6967564253439447|-0.3510329761202479|1.8419704269905441|||||-0.3618777322069544|-0.3033644566445495||-0.25738378488117863|-1.6804349521631885||0.0|1.0|0.0|0.0|0.0|0.0|1.0|1.0|0.0|0.0|0.0|0.0|0.0|0.0|1.0|0
-0.24934807649560795|-1.4579066240570018|-0.35419989766019844||-0.3314740193947247|||-0.38711547349645725||-0.35698480224737394|-1.5818885148856634|-1.3853443420050777|-0.25738378488117863|-0.299878602380774||0.0|1.0|0.0|0.0|0.0|1.0|0.0|0.0|0.0|1.0|0.0|0.0|1.0|0.0|0.0|0
-1.2766422353779783|-0.22244413811979064|||||-0.34434121443443594|||-0.36225411143461445||-0.34161838065989625||||0.0|1.0|0.0|0.0|0.0|0.0|1.0|1.0|0.0|0.0|0.0|1.0|0.0|0.0|0.0|0
-0.22280055785351624|-0.22244413811979064||0.5099542088841982|||-0.3515188097350013|-0.3845882704005755||0.5316465542579684|||1.0545652341888017||-1.0552724526192871|0.0|1.0|0.0|0.0|1.0|0.0|0.0|0.0|0.0|1.0|0.0|0.0|0.0|0.0|1.0|0
-1.9995880555420829|-0.13772671051266758|||0.7207667274510013|-0.9880875907188439|||0.7202954859912545|-0.35999583606865426|||||0.5115427466400685|0.0|1.0|0.0|0.0|0.0|0.0|1.0|1.0|0.0|0.0|0.0|0.0|1.0|0.0|0.0|1
1.259593920607569|4.189921883084535|-1.4726178518846162|-1.266653412844919|-0.3219493451312888|1.764542102552762|-0.3435437038454842|||0.1552673265979335|-0.2927920638425269|-0.3371992176210983||||0.0|1.0|0.0|1.0|0.0|0.0|0.0|0.0|0.0|0.0|1.0|0.0|0.0|0.0|1.0|0
-2.0232911971868077|-0.22244413811979064||-0.33829890992981954|-0.3192684255012693|-0.355614449582633|-0.3495250332626221|-0.38246722494510343||||||||0.0|1.0|0.0|0.0|0.0|0.0|1.0|0.0|0.0|1.0|0.0|1.0|0.0|0.0|0.0|0
|-0.22244413811979064||||0.4351253278816004|-0.3423474379620567|-0.39110935696048454|-0.31996829569661966||-0.3064442406347039|2.2303345079204937|-0.24385853726190052|-0.28751541118869267|0.5115427466400685|0.0|1.0|0.0|0.0|0.0|1.0|0.0|0.0|0.0|0.0|1.0|0.0|0.0|0.0|1.0|0
|-0.22244413811979064||||-0.35718409933818424|-0.3423474379620567|-0.3840241625666734|-1.330816861292406|-0.3731691090367555|-0.3053870013545016|-0.33920792809327915|-0.21680804202334422|-0.2981996504904914|0.5115427466400685|0.0|1.0|0.0|0.0|0.0|1.0|0.0|0.0|0.0|0.0|1.0|0.0|0.0|0.0|1.0|0
-0.2702068411429657|-0.1571411210059666||0.7872282307725575|||-0.3519175650294772|||-0.36978169598781513|||-0.284434280119735|||0.0|1.0|0.0|0.0|0.0|0.0|1.0|1.0|0.0|0.0|0.0|0.0|0.0|0.0|1.0|0
||0.858826410257518||||||-0.30947868064940703|-0.3603722152963143|-0.29568798013177655||||-0.2718648529896093|0.0|1.0|0.0|0.0|0.0|1.0|0.0|1.0|0.0|0.0|0.0|0.0|0.0|0.0|1.0|0
||-0.3436653486408161|-0.34938987080535394|1.899899846131668|0.4710167094871933||||||-1.0539071140952339||||0.0|1.0|0.0|1.0|0.0|0.0|0.0|0.0|0.0|0.0|1.0|0.0|0.0|0.0|1.0|0
-0.22422274635219971|-0.18008542431622912||-0.35678384472237684||-0.36392210804494085|-0.3423474379620567|-0.3907934565734993||1.51964202686556||1.1858050623864398|-0.25738378488117863|-0.276831171886894||0.0|1.0|0.0|0.0|0.0|0.0|1.0|0.0|0.0|0.0|1.0|0.0|0.0|0.0|1.0|0
-0.22801524901535566|-0.22244413811979064||-0.34363900220322496||||0.8030166701569592|1.6001345983966135|-0.368276179077175||-1.2648217136742257|-0.23033328964262237||0.5115427466400685|1.0|0.0|0.0|0.0|1.0|0.0|0.0|0.0|0.0|0.0|1.0|1.0|0.0|0.0|0.0|0
|-0.22244413811979064|||-1.5448797990742331|-0.3574903724612186|-0.35112005444052546|-0.38434006295365863|||1.1542927092030082||-0.24385853726190052|-1.8368827419395264||1.0|0.0|0.0|0.0|0.0|0.0|1.0|0.0|0.0|0.0|1.0|0.0|0.0|1.0|0.0|0
|||-0.35760539737982383|||0.2426265790340229|0.21013933672579135|-0.306478771547613||-0.29260819614162215|-0.32434347059914076|-0.23033328964262237|-1.79490894468246||0.0|1.0|0.0|0.0|1.0|0.0|0.0|1.0|0.0|0.0|0.0|0.0|0.0|1.0|0.0|0
-0.25077026499429145|-0.22244413811979064||-0.35472996307875937|||-0.3399549061952015|-0.3744343293903367|-0.2950227428300238||-0.28084066328371876|1.7482439945970842||-0.31926286511403734|-0.2718648529896093|0.0|1.0|0.0|0.0|0.0|0.0|1.0|1.0|0.0|0.0|0.0|0.0|0.0|0.0|1.0|1
-0.19862335337589698||-1.6858974500868535|||-0.355557023372064||-0.3823995320050352|-1.8643577418128183||-0.2834607780216113||0.37830285322489426|-0.30812072984216154|-1.0552724526192871|1.0|0.0|0.0|1.0|0.0|0.0|0.0|0.0|0.0|0.0|1.0|0.0|0.0|1.0|0.0|0
|||-0.34856831814790695|-0.34328892650792603|0.8380659053737235|||2.1608558633963675||||-0.25738378488117863|-0.30109965830097957|-1.0552724526192871|0.0|1.0|0.0|0.0|1.0|0.0|0.0|1.0|0.0|0.0|0.0|1.0|0.0|0.0|0.0|0
-0.24839995082981894||-0.3483473704272083|||0.5308356788298482|0.7311018147669455||1.1189411250216||0.4130760399307724|-0.357286322342907|-0.24385853726190052|||1.0|0.0|0.0|0.0|0.0|0.0|1.0|0.0|0.0|1.0|0.0|0.0|0.0|1.0|0.0|0
||-0.3493377981127912|||-0.37456509907038604|||-0.31435101623755574||-0.30069837498143076|-0.3396096701877154||-0.2986575464605684||0.0|1.0|0.0|1.0|0.0|0.0|0.0|0.0|0.0|1.0|0.0|0.0|0.0|1.0|0.0|1
-0.24745182516402997||1.555502248184615|-0.3584269500372708||||||-0.37354548826441547|-0.29168885763709845||0.7164340437068479|-0.3006417623309025||0.0|1.0|0.0|0.0|0.0|1.0|0.0|0.0|0.0|0.0|1.0|0.0|1.0|0.0|0.0|0
||1.9100303401830567|-0.3465144365042894||||-0.3899811412926802|-0.3142100809106258|0.6257413611729771|-1.4669712018202006|-0.34282360694320474|3.083352377080524|||0.0|1.0|0.0|0.0|0.0|0.0|1.0|0.0|0.0|1.0|0.0|1.0|0.0|0.0|0.0|0
-0.2578812074877089|-0.22244413811979064||-0.3596592790234413|-0.3464548366237782||-0.3586964050355667|-0.37698409679957445|-0.329189492801463|||0.6334096825366996|-0.23033328964262237|||0.0|1.0|0.0|0.0|0.0|0.0|1.0|1.0|0.0|0.0|0.0|1.0|0.0|0.0|0.0|0
|||-1.5952744758237152||-0.36227589000863103|-0.9636081867554391|-0.38912369738514896|||||1.0545652341888017|-0.29209437088946355||0.0|1.0|0.0|1.0|0.0|0.0|0.0|0.0|0.0|0.0|1.0|0.0|0.0|1.0|0.0|0
|-0.22244413811979064|-0.33970363789848435||-0.3167222254506479||-0.338758640311774|-0.3825349178851717||-0.36564152448355475||-0.3544741276818538|-0.17623229916550978|1.017335471540977|2.0783579458994237|0.0|1.0|0.0|0.0|0.0|0.0|1.0|0.0|0.0|0.0|1.0|1.0|0.0|0.0|0.0|0
||-0.3473569427416253|0.612648291065072|-0.32450901713985003|-1.3541796830958914|||-1.8059702492275658||-0.2858510581333729||-0.23033328964262237|2.3757601827696657|-0.2718648529896093|1.0|0.0|0.0|1.0|0.0|0.0|0.0|0.0|0.0|1.0|0.0|0.0|0.0|1.0|0.0|0
|-0.22244413811979064|-0.34956289531406004||-0.32675883411579604||-0.35311383091290477|-0.4033166504861272|-0.31851867519105476|||-0.33318179667673653|1.0545652341888017|-0.29209437088946355||0.0|1.0|0.0|0.0|0.0|0.0|1.0|0.0|0.0|1.0|0.0|1.0|0.0|0.0|0.0|0
-0.23275587734430062||2.6123336081418755||||-0.31842212029350536||||0.7256511314688315|-0.357286322342907||||0.0|1.0|0.0|0.0|0.0|0.0|1.0|0.0|0.0|0.0|1.0|0.0|0.0|0.0|1.0|1
1.1410782123839454||0.5707019926333875||-0.32705521719047154|-0.33046176935343347||1.255995260780392||-0.3671470413941949|-0.28392044727387317||1.7308276151527089|-0.29499437869995176|-1.0552724526192871|0.0|1.0|1.0|0.0|0.0|0.0|0.0|1.0|0.0|0.0|0.0|1.0|0.0|0.0|0.0|1
|-0.22244413811979064|3.1683236952759395||0.5385584963152569|2.401973039868092|-0.3399549061952015|-0.3683870934109056||-1.2373358157441956|||-0.24385853726190052|-0.3035417701413907|-0.2718648529896093|0.0|1.0|0.0|0.0|0.0|1.0|0.0|1.0|0.0|0.0|0.0|1.0|0.0|0.0|0.0|0
-0.22848931184825017||0.1295114781464376||-0.8928370347880947|-0.3490104353672039|-0.35470885209080816|||0.44696122803446053||-0.3396096701877154|-0.16270705154623163||-0.2718648529896093|0.0|1.0|0.0|0.0|0.0|1.0|0.0|0.0|0.0|0.0|1.0|1.0|0.0|0.0|0.0|0
|-0.22244413811979064||1.844977277235558|-0.3124920306575518|||||-0.37354548826441547|-0.30956999155008447||-0.23033328964262237||0.5115427466400685|1.0|0.0|0.0|0.0|0.0|1.0|0.0|0.0|0.0|0.0|1.0|1.0|0.0|0.0|0.0|0
|-0.22244413811979064|-1.919435796403288|-0.34815754181918346|||-0.33835988501729813|||-0.3603722152963143|-0.3011580442336926||||-0.2718648529896093|0.0|1.0|0.0|0.0|0.0|0.0|1.0|0.0|0.0|0.0|1.0|0.0|0.0|0.0|1.0|1
1.1529297832063077||-0.32149327431583424|-0.3530868577638654|||-0.34992378855709794|-0.3832795402259226|-0.3309008503427549|||-0.3351905071489174|-0.25738378488117863|-0.2940785867597976||0.0|1.0|0.0|0.0|0.0|0.0|1.0|1.0|0.0|0.0|0.0|0.0|0.0|0.0|1.0|1
-0.23986681983771804|-0.22244413811979064|-0.3444531888452571||0.7470370454336037||-0.3527150756184289|0.4882444988395551||1.6137368337805684||1.908940832371554|-0.2709090325004568|-1.516355562885566||0.0|1.0|0.0|0.0|0.0|0.0|1.0|0.0|0.0|0.0|1.0|0.0|0.0|0.0|1.0|0
-2.769940158995637|-0.22244413811979064|2.1688921216422368|-0.341174344230884|0.9346340597452667|-0.3480916159981007||-0.3749307442841706|||-0.30740954606445375|0.5128870542058472|1.0545652341888017||1.2949503462697463|0.0|1.0|0.0|1.0|0.0|0.0|0.0|0.0|0.0|1.0|0.0|0.0|0.0|0.0|1.0|0
-0.26356996148244277||-0.33223041081635846|-0.34897909447663045||-0.3554421709509261|||||1.0290328379616536|2.270508717364111|-0.2709090325004568|-1.6995139509164006||1.0|0.0|0.0|1.0|0.0|0.0|0.0|0.0|0.0|0.0|1.0|0.0|0.0|1.0|0.0|1
|1.4542549499378532|-0.33502161611209225|-0.3518545287776949||-0.36005540986663165||||1.143262799205525|-0.30740954606445375|-0.34202012275433236|-0.21680804202334422|||0.0|1.0|0.0|0.0|0.0|1.0|0.0|0.0|0.0|0.0|1.0|0.0|0.0|1.0|0.0|0
|-0.22244413811979064|0.7687875297499773|-0.3654101476255702||-0.3651089163966992||-0.3919668008680158|0.7499925727372019|-0.3758037636303757|-0.2998709703273594||1.7308276151527089||-1.0552724526192871|0.0|1.0|0.0|0.0|1.0|0.0|0.0|0.0|0.0|1.0|0.0|0.0|0.0|0.0|1.0|0
3.1676968230079106|-0.22244413811979064|-0.367030438132523||-0.3445283466383873||-0.3367648638393947|-1.768750944602978|1.7058360935940537|-0.37091083367079525|||-0.24385853726190052|0.6700976942325201|-1.0552724526192871|0.0|1.0|0.0|0.0|0.0|1.0|0.0|1.0|0.0|0.0|0.0|1.0|0.0|0.0|0.0|0
1.2240392081404818|-0.22244413811979064|||-1.0827916417392218|-0.35823691319861495|0.6812574029574636|||-1.4443443909572147||-0.30505985006620434||-0.26324692477460715|-1.0552724526192871|0.0|1.0|1.0|0.0|0.0|0.0|0.0|1.0|0.0|0.0|0.0|0.0|0.0|1.0|0.0|0
-0.27447340663901615|-0.22244413811979064|-0.048315310855955466||-0.3522477785378906|-0.3389417064474482|-0.3375623744283464|1.0438907152331807|-0.33291421215603945||-0.3197286820250714||-0.25738378488117863||-0.2718648529896093|0.0|1.0|0.0|0.0|0.0|1.0|0.0|0.0|0.0|0.0|1.0|1.0|0.0|0.0|0.0|0
-0.2441333853337685|2.248480833754632||-0.3506221997915244|-0.3383716618599004||0.611475226424189|-0.3726291843218498|-0.32554530791941794|||1.165717957664631|-0.24385853726190052|||0.0|1.0|0.0|1.0|0.0|0.0|0.0|0.0|0.0|0.0|1.0|0.0|1.0|0.0|0.0|0
|1.057142008029464|-1.051123342508691|-0.3666424766117407|-0.3390991475886494|-0.3483978891211351|-0.3399549061952015||1.1280012531813808|-0.3712872128984553|-0.31485618795109577|-0.3504567067374921|||1.2949503462697463|1.0|0.0|0.0|0.0|0.0|0.0|1.0|0.0|0.0|1.0|0.0|0.0|0.0|0.0|1.0|0
|-0.1853802635416743|||0.9646091661613133|||-0.38384364805982474|-0.30289498751996646|0.559874996332471||-0.3609020011928326||0.689176692985732|1.2949503462697463|0.0|1.0|0.0|0.0|0.0|0.0|1.0|0.0|0.0|0.0|1.0|0.0|0.0|0.0|1.0|0
||-0.33790286028833355|-0.3604808316808883||-0.3614144968500968|-0.35590511797423574|-0.3882662534776176||1.5008230654825583|-0.31333927941863166||-0.2709090325004568|-1.3103023763508772||0.0|1.0|0.0|0.0|0.0|1.0|0.0|0.0|0.0|1.0|0.0|0.0|0.0|0.0|1.0|1
-0.2521924534929749||-0.34852744818822334||-0.3257080213964919|-0.3479384794365835|-0.34673374620129105||||2.626383489571588|-0.3560810960595985|||-1.0552724526192871|0.0|1.0|0.0|0.0|0.0|0.0|1.0|1.0|0.0|0.0|0.0|0.0|0.0|0.0|1.0|0
2.4091962903767192|2.601470115450978||-1.2050369635363947|0.3506246830550992|-0.3635201245709582|-1.432145657764569|||-1.2373358157441956|-1.5474133209660246|||-1.6689875529112614||0.0|1.0|0.0|1.0|0.0|0.0|0.0|1.0|0.0|0.0|0.0|0.0|0.0|1.0|0.0|0
-0.243659322500874|-0.22244413811979064||-0.34980064713407744||-0.3483787470509454||2.039541042070489|-0.3105658960285807|0.2964095369704466|0.8692977728006601|-0.34081489647102386|||-1.0552724526192871|1.0|0.0|0.0|0.0|0.0|0.0|1.0|1.0|0.0|0.0|0.0|0.0|0.0|1.0|0.0|0
-0.22280055785351624||||-0.34632011704438015|-0.3503503802804794||-0.3771871756197792||-0.36564152448355475|-0.2933436669452411|||||0.0|1.0|0.0|1.0|0.0|0.0|0.0|1.0|0.0|0.0|0.0|0.0|0.0|0.0|1.0|0
|||-0.35637306839365335|||2.0270565218134746|2.547238092582431|-0.30851226697903045|-0.357737560702694|||-0.23033328964262237|-0.28583645929841|1.2949503462697463|0.0|1.0|1.0|0.0|0.0|0.0|0.0|1.0|0.0|0.0|0.0|1.0|0.0|0.0|0.0|0
-0.245555573832452|-0.16949574586533872|-0.05731919890670954|0.6742647403735964||-0.35553788130187436|0.6812574029574636|||||-0.35246541720967295|-0.25738378488117863|-1.0737227918110495|-1.0552724526192871|0.0|1.0|0.0|0.0|1.0|0.0|0.0|0.0|0.0|1.0|0.0|0.0|0.0|0.0|1.0|0
|||-0.35472996307875937||-0.3575095145314083||||1.1809007219715286||0.7639758632284563|-0.24385853726190052|-0.2940785867597976||0.0|1.0|1.0|0.0|0.0|0.0|0.0|0.0|0.0|1.0|0.0|0.0|1.0|0.0|0.0|0
-1.9877364847197205|-0.16420090663989353|-0.33436883422841257||||0.7311018147669455|0.7048619070579837|2.7890247491411553|0.4940086314919649|||-0.24385853726190052|||0.0|1.0|1.0|0.0|0.0|0.0|0.0|0.0|0.0|0.0|1.0|0.0|0.0|0.0|1.0|0
||-0.34357530976030864|-0.340352791573437|-0.32066950912700815|-0.35599729098642596||-0.38285081827215695|3.4353138912055035|3.2133485513357165|-0.3063982737094777|||2.2383913917465397|-1.0552724526192871|0.0|1.0|0.0|0.0|1.0|0.0|0.0|0.0|0.0|0.0|1.0|0.0|0.0|0.0|1.0|0
-0.2180599295245713||-0.34202213907155354|0.6023788828469847|-1.5408382116922945|0.7538407965392654|||-0.3418132713707573||1.3048343893187644|1.0652824340555873||-0.28171539556771624|-1.0552724526192871|0.0|1.0|0.0|0.0|1.0|0.0|0.0|1.0|0.0|0.0|0.0|0.0|0.0|0.0|1.0|0
1.0818203582721335|||-1.400155719680055|-0.32208406471068673|-0.3376591877447417|-0.33158104501120855|-0.3644609028869466|-0.3316457942136702|-0.3645123868005747|-0.31844160811873823|-0.3492514804541835|-0.2709090325004568|-0.30857862581223866||1.0|0.0|0.0|0.0|0.0|1.0|0.0|0.0|0.0|0.0|1.0|0.0|0.0|0.0|1.0|0
-0.2673624641455987|||0.4586071677937613||-0.3499483968064967|-1.1231103045457813||1.62932834468924|-1.4443443909572147||-0.34282360694320474||||0.0|1.0|0.0|1.0|0.0|0.0|0.0|0.0|0.0|1.0|0.0|0.0|0.0|1.0|0.0|1
-0.2521924534929749|-0.22244413811979064|2.4997850075074495||2.572150547327501|-0.3598257050243559||||-0.34268239159629266|-0.31674083188536933|2.0696376701460237|-1.9886154801487814|||0.0|1.0|0.0|0.0|0.0|1.0|0.0|0.0|0.0|0.0|1.0|0.0|0.0|0.0|1.0|1
-0.24176307116929602|-0.22244413811979064|-0.3500355994367247|0.6229176992831594|-0.3272438246016287|-0.3470005179972907|-0.3507212991460496|||-0.3705344544431352||-0.3436270911320771|1.0545652341888017|0.6166764977235265|-1.0552724526192871|0.0|1.0|0.0|0.0|0.0|0.0|1.0|0.0|0.0|1.0|0.0|0.0|0.0|0.0|1.0|0
|-0.22244413811979064|-0.34290001815650206|||-0.36830564211837064|0.27253322611971204|||-0.3618777322069544||-0.35085844883192824|-0.24385853726190052|-1.1156965890681156||0.0|1.0|0.0|0.0|0.0|0.0|1.0|1.0|0.0|0.0|0.0|1.0|0.0|0.0|0.0|0
|-0.19244004917560123|-1.5964213125824849|-0.3539084104213124|0.8632326826643465|||-0.39792377959402253||0.42814226665145877||||-0.30567861800175045||0.0|1.0|0.0|0.0|0.0|0.0|1.0|1.0|0.0|0.0|0.0|0.0|1.0|0.0|0.0|0
||0.563949076595322||-0.3273381283072073||-0.35470885209080816|-0.372403541188289||-1.3784780261167087|3.1756882460245004||-0.9742219087029205||-1.0552724526192871|0.0|1.0|0.0|0.0|1.0|0.0|0.0|0.0|0.0|1.0|0.0|0.0|0.0|0.0|1.0|0
-0.26688840131270425|-0.22244413811979064|-0.3445207180056378||-0.32162601814073366|||-0.39061294206665065|-0.29689516931637844|2.159486713887619|-1.9117012033835419||-2.664877861112689|-0.3122417935728553||0.0|1.0|0.0|1.0|0.0|0.0|0.0|0.0|0.0|1.0|0.0|0.0|0.0|1.0|0.0|0
|||1.7422831950546842||0.8777857010172463|1.4887368742710703|||||-0.3504567067374921||0.4411497091939769||0.0|1.0|0.0|0.0|1.0|0.0|0.0|1.0|0.0|0.0|0.0|0.0|0.0|0.0|1.0|0
|-0.22244413811979064||||-0.3594237215503732|||-1.2412222606012424||-0.3090643553725964|||||0.0|1.0|1.0|0.0|0.0|0.0|0.0|0.0|0.0|1.0|0.0|0.0|0.0|1.0|0.0|0
|-0.22244413811979064|-0.3402663809016565||-0.31730151964205905|0.4475676735048726|-0.3571013838576633||||-1.7037008667350542|-0.34443057532094945|-0.6360907182209669|-0.3035417701413907||0.0|1.0|0.0|1.0|0.0|0.0|0.0|0.0|0.0|0.0|1.0|1.0|0.0|0.0|0.0|1
|||-0.3465144365042894||-0.34857016775284194|||-1.7420460116557803|-0.3453170461899129|1.0772981094491478|-0.3376009597155345|-0.1491818039269535|-0.29652069860020874|-0.2718648529896093|0.0|1.0|0.0|0.0|0.0|1.0|0.0|0.0|0.0|0.0|1.0|0.0|0.0|0.0|1.0|0
-0.8144309733058458|1.2777603090896803|-0.33828552553049057||-0.31528072595108964|-0.36660199787149184|0.46194199099574323|-0.39347860986287353|-0.3120155165341456|-0.3765565220856958|0.832524232619712||-0.20328279440406608||-1.0552724526192871|0.0|1.0|0.0|0.0|0.0|0.0|1.0|0.0|0.0|1.0|0.0|0.0|0.0|0.0|1.0|0
-0.24650369949824097|1.6307495907860263|-0.37367080556995413|-0.3534976340925889|||-0.35112005444052546|||-0.368276179077175||-0.38098910591464136||-0.34108923968771176|0.5115427466400685|0.0|1.0|0.0|0.0|0.0|0.0|1.0|1.0|0.0|0.0|0.0|0.0|0.0|0.0|1.0|0
-0.26262183581665377|-0.1571411210059666|-0.35341205745575743||-0.33067917387627677|||-0.408483878244671|||-0.3110409331573224|-0.3275574073546301||-0.2862943552684871||0.0|1.0|0.0|0.0|0.0|1.0|0.0|1.0|0.0|0.0|0.0|0.0|0.0|0.0|1.0|0
-0.2261189976837777||||-0.3064970093743425|-1.255119469864455|0.8108528736621166|-0.39011652717281675|-0.3306793805432936|||-0.35206367511523673|-0.18975754678478793|0.39917591193691077||0.0|1.0|0.0|0.0|0.0|0.0|1.0|1.0|0.0|0.0|0.0|0.0|0.0|0.0|1.0|0
||-0.3518363770468755|-0.34569288384684244||-0.3740099790348862|3.2033846405172475||-0.30525062084150945||-0.291321122235289|2.0696376701460237||||0.0|1.0|0.0|1.0|0.0|0.0|0.0|0.0|0.0|1.0|0.0|0.0|0.0|0.0|1.0|0
1.6269926161008026|||-1.5952744758237152|-0.31556363706782536||-0.33716361913387055|0.31957625650280996||0.43755174734295965||-1.4355621038095996||||0.0|1.0|0.0|0.0|0.0|0.0|1.0|0.0|0.0|1.0|0.0|0.0|0.0|1.0|0.0|0
|||-0.34363900220322496||2.7092032664119676|-0.34274619325653255|||1.576098911014565|||-1.9886154801487814|-0.2870575152186156|1.2949503462697463|0.0|1.0|0.0|0.0|0.0|0.0|1.0|0.0|0.0|0.0|1.0|0.0|1.0|0.0|0.0|0
|-0.22244413811979064||||0.10827447939333427|2.2862474632227805|||-0.37203997135377537|2.1690125835710456|-1.6665638081104||2.299444187756818||0.0|1.0|0.0|0.0|0.0|1.0|0.0|0.0|0.0|0.0|1.0|0.0|0.0|1.0|0.0|1
|-0.22244413811979064|-0.3471318455403565||-0.32427999385487355|-0.3583709076899425||-0.385220071174546|-0.311572576935223|-0.36225411143461445|-0.2978024586921811||-0.18975754678478793|-0.29453648272987465||0.0|1.0|0.0|0.0|0.0|1.0|0.0|0.0|0.0|0.0|1.0|1.0|0.0|0.0|0.0|0
|-0.15537617459748487|-0.33866819077264765|||-1.5188014867268778||-0.3795338642088122||-0.367899799849515||-0.3404131543765877||-0.2994207064106969||0.0|1.0|0.0|1.0|0.0|0.0|0.0|0.0|1.0|0.0|0.0|0.0|1.0|0.0|0.0|0
-0.2555108933232364|-0.22244413811979064|||1.3765142801705836||||0.12736043197894714|-0.3671470413941949|-0.3254285807531183|||-0.8867486040295727||1.0|0.0|0.0|0.0|0.0|0.0|1.0|1.0|0.0|0.0|0.0|0.0|0.0|1.0|0.0|0
|-0.22244413811979064||||||1.5419979325687858|-0.31678718403163003|1.143262799205525|-0.3031805889436447|||||0.0|1.0|0.0|0.0|0.0|0.0|1.0|1.0|0.0|0.0|0.0|0.0|0.0|1.0|0.0|0
|-0.22244413811979064|-0.3350441258322191||-0.3119935682137793|-0.35571015993358124|||-1.3348435849189753|-0.36338324911759456|||2.4070899961166163|-0.28675225123856424||0.0|1.0|0.0|0.0|0.0|0.0|1.0|0.0|0.0|1.0|0.0|0.0|0.0|1.0|0.0|1
||-0.35082343964116564||-0.32803867012007665|-0.3823750637077631|-0.3483287673791945||||-0.3011580442336926|||||0.0|1.0|0.0|0.0|0.0|1.0|0.0|0.0|0.0|1.0|0.0|1.0|0.0|0.0|0.0|0
|-0.22244413811979064|0.988257300987108|||-0.3614144968500968|||-0.31638451166897313|||-0.3355922492433536|-0.24385853726190052|||0.0|1.0|0.0|0.0|0.0|1.0|0.0|0.0|1.0|0.0|0.0|0.0|0.0|1.0|0.0|0
|-0.18185037072471083|-0.358004040361642|3.0978450798422186|||||-0.3332162164280322||-0.32005045050165465||-0.2709090325004568|-1.21872318233546||0.0|1.0|0.0|0.0|0.0|1.0|0.0|0.0|0.0|0.0|1.0|0.0|0.0|0.0|1.0|0
-0.27542153230480515|1.4983786101498966||2.1119818909058297||0.6126680288906|-0.3555063626797599|-0.3840015982533173|-0.3348470394967927|-0.3660179037112148|||1.0545652341888017|-0.3032365061613393|-0.2718648529896093|0.0|1.0|0.0|0.0|0.0|1.0|0.0|0.0|0.0|1.0|0.0|0.0|1.0|0.0|0.0|0
|||1.844977277235558|-0.33170304267970124||-0.34434121443443594|-0.37371227136294194||0.5128275928749666|-0.30846678534465605||||-0.2718648529896093|0.0|1.0|0.0|0.0|0.0|1.0|0.0|0.0|0.0|0.0|1.0|0.0|0.0|1.0|0.0|0
|-0.22244413811979064||||-0.33779318223606924|-0.33477108736701544|-1.9216241675904628||2.686417632611668||-0.345635801604258||1.4752314416180632||1.0|0.0|0.0|0.0|0.0|0.0|1.0|0.0|0.0|1.0|0.0|1.0|0.0|0.0|0.0|1
-0.22280055785351624||-0.36020999293407674|||-0.3631564252373549|-0.35311383091290477||-0.3069217111465356|||-0.3355922492433536||-1.504908163633639|-1.0552724526192871|1.0|0.0|0.0|0.0|0.0|1.0|0.0|1.0|0.0|0.0|0.0|1.0|0.0|0.0|0.0|0
0.6314606670223634|6.131362932414438|-0.35631581135212564|0.8488446800810818||-0.35308769631759923|-0.3403536614896774|-0.3799174575358657|-0.313142999149585||-0.29945726800032374|-0.33278005458230037|-1.9886154801487814|-0.2916364749193865||0.0|1.0|0.0|1.0|0.0|0.0|0.0|1.0|0.0|0.0|0.0|0.0|0.0|0.0|1.0|0
-1.2055328104438041|-0.22244413811979064|||-0.31340812379745797|0.0963106855248033|||-0.2955260832833449||||0.7164340437068479|-0.29453648272987465|0.5115427466400685|0.0|1.0|0.0|0.0|0.0|0.0|1.0|0.0|0.0|1.0|0.0|0.0|0.0|0.0|1.0|0
-0.20099366754036946|-0.22244413811979064|-0.3516788090059873|-0.35760539737982383|-0.32891434738616343||-0.33835988501729813||||-0.30566280290585873|-0.3371992176210983|-0.9742219087029205|-0.2962154346201573|-1.0552724526192871|1.0|0.0|0.0|0.0|0.0|1.0|0.0|0.0|0.0|0.0|1.0|1.0|0.0|0.0|0.0|0
|||2.6870687511187232||1.6745743726614088|-0.34793001208471863|||1.4820041040995564||0.6334096825366996||-0.2994207064106969||0.0|1.0|0.0|0.0|0.0|0.0|1.0|0.0|0.0|0.0|1.0|1.0|0.0|0.0|0.0|1
|-0.22244413811979064|-0.34470079576665286|-0.3543191867500359|-0.3218146255518908|0.8663004589034567||||-0.3566084230197139||||||0.0|1.0|0.0|1.0|0.0|0.0|0.0|0.0|0.0|1.0|0.0|0.0|0.0|1.0|0.0|0
-0.2716290296416492|-0.22244413811979064|||-0.34817924724007204|-1.6102048718824542|||||-0.29260819614162215||-0.25738378488117863|3.367868117936686||0.0|1.0|0.0|0.0|0.0|0.0|1.0|0.0|0.0|0.0|1.0|0.0|0.0|1.0|0.0|0
-1.8573692056737345|-0.22244413811979064|1.4890985738103035||-0.3469802429834302|-0.3531068383877889||-1.5380308405369956||||-1.144299085343373|||-0.2718648529896093|0.0|1.0|0.0|1.0|0.0|0.0|0.0|0.0|0.0|0.0|1.0|1.0|0.0|0.0|0.0|0
-1.809962922384285||||-0.32128921919223874||-0.3375623744283464||||3.065367625481656||0.37830285322489426|-0.2751522199966114|-1.0552724526192871|1.0|0.0|0.0|0.0|0.0|0.0|1.0|0.0|0.0|0.0|1.0|0.0|0.0|1.0|0.0|0
||-0.34278746955586764|-0.3604808316808883|1.9450309052299855|1.7559281709674195|-0.3399549061952015||-0.31670664955909866|-0.3690289375324951|-0.3030886550931923||-0.21680804202334422|||0.0|1.0|0.0|1.0|0.0|0.0|0.0|0.0|0.0|1.0|0.0|0.0|0.0|0.0|1.0|0
2.3617900070872695|||-0.34856831814790695|-0.32096589220168364|-0.35490619298561593|||||1.9851448826663047|1.7482439945970842||||1.0|0.0|0.0|0.0|0.0|0.0|1.0|1.0|0.0|0.0|0.0|0.0|0.0|1.0|0.0|0
|-0.22244413811979064|2.065347409058565||||-0.3503225438515738||||-0.28971227985237247|||0.937203676777487|-1.0552724526192871|0.0|1.0|0.0|1.0|0.0|0.0|0.0|0.0|1.0|0.0|0.0|0.0|0.0|1.0|0.0|1
|-0.22244413811979064|||1.5213378280233933|-0.35354710600215083|-0.3471325014957669|-0.38039130811634353|||3.1159312432304596||-0.2709090325004568|-0.28003644367743363||0.0|1.0|0.0|1.0|0.0|0.0|0.0|0.0|0.0|1.0|0.0|0.0|0.0|1.0|0.0|0
-0.2502962021613969||-0.34787466630454367||||-0.3459362356123394|||-0.9456419143076685|-0.288103437469456|0.5430177112885604|-0.21680804202334422|-0.3032365061613393|0.5115427466400685|0.0|1.0|0.0|0.0|0.0|0.0|1.0|0.0|0.0|0.0|1.0|0.0|0.0|0.0|1.0|0
-0.2517183906600804|-0.1853802635416743||0.7666894143363828||1.3252315917003046|-0.3399549061952015|-1.2875669622844377||0.37168538250245353|||-0.23033328964262237|1.841548217679732|-1.0552724526192871|0.0|1.0|0.0|0.0|0.0|1.0|0.0|0.0|0.0|1.0|0.0|0.0|1.0|0.0|0.0|0
-0.2275411861824612|||1.3931233156397131|1.586676824031405||-0.3391573956062498|-0.9914103494858048|-0.3200286965510182||-1.3175786948350987|||-0.29499437869995176||0.0|1.0|0.0|0.0|0.0|1.0|0.0|1.0|0.0|0.0|0.0|1.0|0.0|0.0|0.0|0
|-0.22244413811979064|-0.34190959047091907||-0.3189720424265938|||-0.38334723316599084|-1.495912529981741|||0.9648469104465437|-0.054505070592006453|||0.0|1.0|1.0|0.0|0.0|0.0|0.0|0.0|0.0|1.0|0.0|0.0|0.0|0.0|1.0|0
-0.24792588799692447|-0.22244413811979064||-0.3592485026947178|-0.3281733896994747|-0.34277012048537814|||-0.31781399855640513|-1.2373358157441956||-0.33478876505448124||||1.0|0.0|0.0|0.0|0.0|0.0|1.0|0.0|1.0|0.0|0.0|0.0|0.0|0.0|1.0|1
-0.23275587734430062|-0.22244413811979064||1.660127929309985|-0.3154693333622468|-0.3667934185733883|-0.3403536614896774|-0.3936591243697223||1.4067282585675496|-0.2971589217390145|-1.0639506664561382||-0.3130049535229838||1.0|0.0|0.0|0.0|0.0|0.0|1.0|1.0|0.0|0.0|0.0|0.0|0.0|1.0|0.0|0
-0.22801524901535566|-0.22244413811979064|-1.7506128954516484|2.0298266251611308|||-0.3483287673791945|0.4916291458429681|-1.4581619959826553|-0.3810730728176162||-0.32193301803252367|||1.2949503462697463|1.0|0.0|0.0|0.0|0.0|1.0|0.0|0.0|0.0|0.0|1.0|1.0|0.0|0.0|0.0|0
|-0.22244413811979064|-0.354087349059564|-0.34980064713407744|-0.3313662437312063|||-0.39467451847074614|2.0581744109188542||-1.586485207408282|-0.32193301803252367|-0.24385853726190052|-0.28049433964751075|-0.2718648529896093|0.0|1.0|0.0|0.0|0.0|1.0|0.0|0.0|0.0|1.0|0.0|1.0|0.0|0.0|0.0|0
||0.6033410868173711|3.1800003455869175||-0.3697987235931633||2.357697860391306||-0.3652651452558947|-0.29375736927227675|0.7639758632284563|1.0545652341888017|-0.3175839132237547|-1.0552724526192871|0.0|1.0|0.0|1.0|0.0|0.0|0.0|0.0|0.0|0.0|1.0|1.0|0.0|0.0|0.0|0
2.480305715310893|-1.1931646627847423||-0.3600700553521648|-0.3211949154866602||2.8843804049365636|-1.971829764807755|-0.31243832251493536||||3.083352377080524||-0.2718648529896093|0.0|1.0|0.0|0.0|0.0|1.0|0.0|0.0|1.0|0.0|0.0|0.0|0.0|1.0|0.0|0
-0.2531405791587639|||-0.3424066732170545|-0.32954752940933385|||-0.3770969183663549|-0.3200286965510182|-0.3690289375324951||-0.35206367511523673|-0.24385853726190052|-0.3114786336227269||0.0|1.0|1.0|0.0|0.0|0.0|0.0|0.0|0.0|0.0|1.0|0.0|0.0|0.0|1.0|0
-0.22801524901535566||0.9072223085303213||-1.6839777648026295|-0.35536560267016754|0.402128696824365|-0.38221901749818654||-0.35811393993035406||||-0.2969785945702858||0.0|1.0|0.0|1.0|0.0|0.0|0.0|1.0|0.0|0.0|0.0|1.0|0.0|0.0|0.0|0
0.8803436542919731|-0.22244413811979064|-0.3551903253457814||-0.33248441624020947|-0.34510545304851536||0.8893251687439894||0.5222370735664675||0.5128870542058472|-0.284434280119735|||0.0|1.0|0.0|0.0|0.0|0.0|1.0|1.0|0.0|0.0|0.0|1.0|0.0|0.0|0.0|0
-0.2673624641455987|-0.22244413811979064|-0.3408291239048286||-0.3178673418755305|||-0.3852651998012582||-0.3799439351346361|0.31539632382512894|-1.2346910565915123|-0.23033328964262237|||0.0|1.0|0.0|0.0|0.0|0.0|1.0|1.0|0.0|0.0|0.0|0.0|0.0|0.0|1.0|0
|-0.22244413811979064|1.9077793681703683|-0.35472996307875937|-0.34272310427445457||-0.32998602383330516||-0.32802174294975794||1.1876187299919923|-1.4556492085314083|-0.25738378488117863|1.8644430161835863||0.0|1.0|0.0|1.0|0.0|0.0|0.0|1.0|0.0|0.0|0.0|1.0|0.0|0.0|0.0|0
|-0.22244413811979064|-0.3598498374120466|-0.3530868577638654||1.885137144747554||-0.3787441132413492|-0.3004588197258921||||-0.21680804202334422|-0.29911544243064553||0.0|1.0|0.0|0.0|1.0|0.0|0.0|0.0|0.0|0.0|1.0|0.0|0.0|0.0|1.0|0
|-0.22244413811979064|-0.3503057160782473|-0.3424066732170545|-0.32751326376042467||-0.34992378855709794|-0.37772871914032535|-0.31463288689141555||1.8748242621234605|-0.33639573343222595|-0.9742219087029205|-0.29529964268000314|-0.2718648529896093|0.0|1.0|0.0|0.0|0.0|0.0|1.0|0.0|0.0|0.0|1.0|1.0|0.0|0.0|0.0|0
-0.27636965797059415|-0.22244413811979064|-0.3644418203179312|-0.3407635679021605|0.23847063320629544|-0.34812990013848|||||-0.3012959450093711|-0.3460375436986941|||-1.0552724526192871|0.0|1.0|0.0|1.0|0.0|0.0|0.0|0.0|0.0|0.0|1.0|0.0|0.0|0.0|1.0|0
-0.24650369949824097||-0.34172951270990404|-0.35596229206492985|-0.31878343501543666|-0.3638263976939926|2.6451272282510505||-0.31098870200937045|||-0.33117308620455566||-0.2899575230291038||0.0|1.0|0.0|0.0|0.0|1.0|0.0|1.0|0.0|0.0|0.0|1.0|0.0|0.0|0.0|0
-0.23986681983771804||||||||0.5768434567947285||1.576039248153257||-1.3123530991848742|||0.0|1.0|0.0|0.0|0.0|0.0|1.0|1.0|0.0|0.0|0.0|1.0|0.0|0.0|0.0|0
-0.2853768517955895|-0.22244413811979064|||-0.31350242750303653|-0.358179486988046|-1.462052304850258|-0.3850395566676973|-0.3243976916858457|3.025158937505699|-0.3109949662320962|-0.3376009597155345|-0.2709090325004568|-0.29652069860020874|-1.0552724526192871|0.0|1.0|0.0|0.0|1.0|0.0|0.0|1.0|0.0|0.0|0.0|0.0|0.0|1.0|0.0|1
|-0.18361531713319257|||1.2273123459873403|-0.37967603181102244|-0.3283910026554017||-0.8994540927961859||0.7670213641723981|1.5674600521008055||||0.0|1.0|0.0|0.0|0.0|0.0|1.0|1.0|0.0|0.0|0.0|0.0|0.0|0.0|1.0|0
-1.2884938062003406|-0.22244413811979064|2.7316351248143667||2.807909811273935|||||||-0.34965322254861975|-0.24385853726190052||-1.0552724526192871|0.0|1.0|0.0|0.0|0.0|0.0|1.0|0.0|0.0|1.0|0.0|0.0|0.0|1.0|0.0|0
-0.24839995082981894|-0.22244413811979064|-0.335449300794503||-0.31239772695197326|||-0.37091429650678726||-0.3543501476537537|-0.29692908711288357|-0.37295426402591786|1.0545652341888017|-0.33284711222632424||1.0|0.0|0.0|0.0|0.0|0.0|1.0|0.0|0.0|0.0|1.0|0.0|0.0|1.0|0.0|1
1.6981020410349768|-0.22244413811979064|-1.4095906355293377|-1.7185073744407637|-0.32450901713985003|-0.37253603963028314|-0.34075241678415324|-0.3994130242755242|-0.32031056720487805|-0.35547928533673384||-0.3468410278875665|-0.24385853726190052|||0.0|1.0|0.0|0.0|1.0|0.0|0.0|1.0|0.0|0.0|0.0|1.0|0.0|0.0|0.0|0
-0.2616737101508648|-0.22244413811979064|-1.3296811290788952|-0.35637306839365335|||-1.063297010374403|-0.3803687438029874|||||-0.23033328964262237|||1.0|0.0|0.0|1.0|0.0|0.0|0.0|1.0|0.0|0.0|0.0|0.0|0.0|0.0|1.0|1
|-0.16773079945685698||||-0.35565273372301226|||-0.31221685271547406||-1.5175348195690042|-0.33278005458230037||0.8952298795204208|-0.2718648529896093|0.0|1.0|0.0|1.0|0.0|0.0|0.0|1.0|0.0|0.0|0.0|0.0|1.0|0.0|0.0|0
0.584054383732914|||-0.342817449545778|2.165971015442644|||-0.4032263932327029|||0.8957287548057166|-0.3384044439044068|-1.3123530991848742||-1.0552724526192871|0.0|1.0|0.0|0.0|0.0|1.0|0.0|1.0|0.0|0.0|0.0|0.0|0.0|1.0|0.0|0
|-0.17655553149926564|-0.35539291282692337|0.7153423732459459|0.46884111397681133|-0.3607636664636487||-0.38761188839029115|1.3041704118437811|||-1.3753007896441733||||0.0|1.0|0.0|0.0|0.0|1.0|0.0|1.0|0.0|0.0|0.0|0.0|0.0|1.0|0.0|0
-0.2365483800074566||2.1193707373630892||2.1855053544553487|-0.36631486681864706|||-0.32552517430128514|||||-0.29499437869995176||0.0|1.0|0.0|0.0|0.0|1.0|0.0|0.0|0.0|0.0|1.0|0.0|0.0|1.0|0.0|0
||1.6759292508634507||-0.32407791448577655|0.7605405211056427|-0.33955615090072566||-0.317310658103084|||1.1255437482210136|||2.0783579458994237|1.0|0.0|0.0|1.0|0.0|0.0|0.0|0.0|0.0|0.0|1.0|0.0|0.0|1.0|0.0|0
||||-0.30555397231855674|-0.366755134433009|-0.33955615090072566||-0.31787439941080375||||3.083352377080524|-0.30277861019126223|-1.0552724526192871|0.0|1.0|0.0|0.0|0.0|1.0|0.0|0.0|0.0|1.0|0.0|1.0|0.0|0.0|0.0|0
0.2048041174173181|-0.22244413811979064|-1.2098168694032316||-0.332646079735487|||0.1012665247826749|-0.308049193761975|||-0.35367064349298144||||0.0|1.0|0.0|0.0|0.0|0.0|1.0|1.0|0.0|0.0|0.0|0.0|0.0|1.0|0.0|0
-0.2351261915087731|-0.22244413811979064|-0.3528493144525853|-0.33870968625854303|3.2322764863775166|3.141814052698047|-0.3367648638393947||0.63472760892666|-0.37768565976867585|-0.30460556362565644|||-0.3059838819818018||0.0|1.0|0.0|0.0|0.0|0.0|1.0|1.0|0.0|0.0|0.0|0.0|0.0|1.0|0.0|1
|-0.22244413811979064||-0.34938987080535394|||-0.35311383091290477|-0.3762846030855358|-0.3306793805432936||-0.3174303357637621|-0.3396096701877154|-0.25738378488117863|-0.2986575464605684||0.0|1.0|0.0|0.0|0.0|0.0|1.0|0.0|0.0|0.0|1.0|1.0|0.0|0.0|0.0|0
-0.22422274635219971|-0.22244413811979064||-0.34856831814790695||-0.3598448470945455|-0.338758640311774|-0.3866867515426916|-0.32423662274078296|-0.3592430776133342|-0.3108110985311915|0.10110140740876822|-0.24385853726190052|-0.3212470809843714||1.0|0.0|0.0|0.0|0.0|1.0|0.0|1.0|0.0|0.0|0.0|0.0|0.0|0.0|1.0|0
||-0.34796470518505124|-0.35678384472237684|-0.3251287272050807||2.4856251104607083|-0.39740480038683257|0.6639213552192863|0.5316465542579684||-1.224647504230608|-0.23033328964262237|-0.30644177795187894||0.0|1.0|0.0|0.0|0.0|1.0|0.0|1.0|0.0|0.0|0.0|0.0|0.0|0.0|1.0|0
-0.26262183581665377|||1.2493516005864898|0.19030838357152383|||-0.3887626683714515||-0.3652651452558947|||1.7308276151527089|-0.2981996504904914||0.0|1.0|0.0|1.0|0.0|0.0|0.0|1.0|0.0|0.0|0.0|1.0|0.0|0.0|0.0|0
-1.3003453770227031|-0.22244413811979064|2.535800559710465|||-1.5570856271061768|-0.338758640311774|0.7375801614243089|-0.3238742176143918|||-0.3592950328150879||-0.3188049691439602||1.0|0.0|0.0|0.0|0.0|0.0|1.0|0.0|0.0|0.0|1.0|1.0|0.0|0.0|0.0|0
|-0.22244413811979064|-0.3304746526464614|-0.34774676549045996|1.102696735044225|0.5571560253406163||0.5322449098839235|||1.601321057027659|||-0.3122417935728553||0.0|1.0|0.0|1.0|0.0|0.0|0.0|0.0|0.0|1.0|0.0|0.0|0.0|0.0|1.0|0
3.3099156728762593|-0.22244413811979064||-0.36212393699578227|-0.32725729655956853|-0.3738185583329897|0.481879755719536|||0.4657801894174623||1.6277213662662318||-0.299878602380774|-1.0552724526192871|0.0|1.0|0.0|1.0|0.0|0.0|0.0|1.0|0.0|0.0|0.0|0.0|0.0|1.0|0.0|0
-0.23939275700482354|-0.22244413811979064|||-1.7385391944588042|||-0.37021480279274854||-1.2279263350526948|-1.5784409954936995||-0.25738378488117863|1.4523366431142088|0.5115427466400685|0.0|1.0|0.0|0.0|0.0|0.0|1.0|0.0|0.0|0.0|1.0|0.0|0.0|0.0|1.0|1
-0.18677178255353463|-0.22244413811979064||-0.3530868577638654||||0.34270467769279844|-0.31509596010847096|||1.6277213662662318|-0.2709090325004568|-0.3204839210342429||0.0|1.0|0.0|0.0|0.0|1.0|0.0|0.0|1.0|0.0|0.0|1.0|0.0|0.0|0.0|1
-0.23749650567324557|-0.22244413811979064|-0.33421126618752434|-0.3592485026947178|-1.739549591304289|-0.36409438667664773||||-0.36488876602823467|1.8219622981133474|-1.3652572372832694|-0.2709090325004568|0.6700976942325201|-1.0552724526192871|1.0|0.0|0.0|0.0|0.0|0.0|1.0|0.0|0.0|0.0|1.0|0.0|0.0|0.0|1.0|0
-0.23228181451140612|-1.7226485853292615|0.4125712087420191||0.4486331770671169|-1.3297735436040883||1.4438431694698102||-0.3694053167601551|2.129940697128788||-0.21680804202334422||-0.2718648529896093|0.0|1.0|1.0|0.0|0.0|0.0|0.0|0.0|0.0|1.0|0.0|0.0|1.0|0.0|0.0|0
|-0.22244413811979064|||-0.32391625099049903|||-0.3617531852842162||||-0.35085844883192824|-0.21680804202334422|||0.0|1.0|0.0|0.0|0.0|0.0|1.0|1.0|0.0|0.0|0.0|0.0|0.0|0.0|1.0|0
-0.2261189976837777||0.776103188791215||-0.31870260326779787|-0.3469430917867217|-0.3351698426614913|-0.37377996430301025||||-1.3150394754787476|-0.1491818039269535|-0.30277861019126223||1.0|0.0|0.0|1.0|0.0|0.0|0.0|1.0|0.0|0.0|0.0|0.0|0.0|1.0|0.0|0
|-0.22244413811979064||||||-0.3906806350067189||-1.4537538716487155|0.05338485003587354|-0.3195225654659066|-0.284434280119735|||0.0|1.0|0.0|0.0|1.0|0.0|0.0|1.0|0.0|0.0|0.0|1.0|0.0|0.0|0.0|0
-1.4781189393581387|-0.22244413811979064|||||0.37222204973867584|0.9327614719544555||-0.36865255830483507||||-1.6308295554048375||0.0|1.0|0.0|0.0|0.0|0.0|1.0|0.0|0.0|1.0|0.0|0.0|0.0|0.0|1.0|0
|||2.1530595237781793||-0.37069840089207684|-0.35470885209080816||-0.3047875476244539|-0.36150135297929437||-0.3396096701877154|-0.2709090325004568|-0.2986575464605684|1.2949503462697463|0.0|1.0|0.0|1.0|0.0|0.0|0.0|1.0|0.0|0.0|0.0|0.0|0.0|1.0|0.0|0
|1.1895129886655937|-0.3383305449707444||-0.3153346137828488|||2.0733875121046186|-0.3175925287569439||-1.3796340438904489|||-0.29453648272987465||0.0|1.0|0.0|0.0|0.0|0.0|1.0|0.0|0.0|0.0|1.0|0.0|0.0|0.0|1.0|0
-0.23180775167851164|-0.22244413811979064||-0.3399420152447135||||-0.388898054251588|||-0.3029507543175138|-0.3371992176210983||1.9026010136900102||0.0|1.0|0.0|0.0|0.0|0.0|1.0|0.0|0.0|0.0|1.0|0.0|0.0|1.0|0.0|0
||0.9893827869934523|-0.3407635679021605|-0.3380483348693453||-0.3423474379620567|0.663117927349224|-0.3215789851472473|||-0.3307713441101195|-0.20328279440406608|-0.28949962705902677|-0.2718648529896093|1.0|0.0|0.0|0.0|0.0|0.0|1.0|0.0|0.0|0.0|1.0|0.0|0.0|1.0|0.0|0
||0.7924227358832068||-0.9665960045084792|||-0.38298620415229345|1.8306645260176975|-0.3517154930601335|-0.3004225734300736|-0.3424218648487686|-0.17623229916550978|0.6472028957286657||0.0|1.0|0.0|0.0|0.0|0.0|1.0|0.0|0.0|0.0|1.0|0.0|1.0|0.0|0.0|0
-0.2265930605166722|-0.22244413811979064||||-0.3598831312349248|||-0.3157201022705892||||-0.23033328964262237|||0.0|1.0|0.0|0.0|0.0|0.0|1.0|0.0|0.0|0.0|1.0|1.0|0.0|0.0|0.0|0
0.8684920834696108|-0.22244413811979064|-0.361335478940421||-1.049785344786721||-0.34872752267367035|-0.3720650764879477|-0.31469328774581407||-1.4543302973829997|2.1098118795896412|-0.20328279440406608|-0.2899575230291038|0.5115427466400685|1.0|0.0|0.0|0.0|0.0|0.0|1.0|0.0|0.0|1.0|0.0|0.0|0.0|0.0|1.0|0
|-0.22244413811979064|-0.33187025529432834|||-0.34767049045392845|-0.3495250332626221|-0.37450202233040497|-0.3185992096635862|-0.3607485945239743||-0.3275574073546301|-0.9742219087029205|-0.2862943552684871||0.0|1.0|0.0|0.0|0.0|0.0|1.0|0.0|0.0|0.0|1.0|1.0|0.0|0.0|0.0|1
-2.0469943388315324|-0.22244413811979064|-0.34807725378568566|-0.3534976340925889|||-0.34154992737310497|-0.3702824957328168|-0.3214179162021846||-0.30791518224194175||-0.24385853726190052|||0.0|1.0|0.0|0.0|0.0|1.0|0.0|0.0|0.0|0.0|1.0|0.0|0.0|1.0|0.0|0
||-0.3334234259830834|-0.36212393699578227|-0.31033651738718443||-1.352394598869398|3.068473731108025|||2.334493514385312|-0.329566117826811|-0.2709090325004568||-0.2718648529896093|0.0|1.0|0.0|0.0|0.0|1.0|0.0|0.0|0.0|0.0|1.0|0.0|0.0|1.0|0.0|0
-0.25598495615613087|-0.22244413811979064||0.6948035568097711|-0.3305848701706982|0.4413465006932365|-0.34513872502338766||-0.3265318552079274|1.9524781386746||-1.5661282845013564|1.3926964246707552|||0.0|1.0|0.0|0.0|0.0|0.0|1.0|1.0|0.0|0.0|0.0|0.0|0.0|0.0|1.0|0
||||-0.29996310977354135|-0.3585431863216494|-0.3447399697289118|-0.3854005856813947|-0.3169482529766928||-0.3033644566445495|-0.3464392857931303||-0.30567861800175045||0.0|1.0|1.0|0.0|0.0|0.0|0.0|0.0|0.0|0.0|1.0|0.0|0.0|1.0|0.0|0
-0.2654662128140208|4.895900446477227|-0.3340987175868899|-1.215306371754482|-0.31102358724211404|-0.3747948039126618|-0.3491262779681462|-0.4016694556111329|||-0.31140866855913185|||-0.29499437869995176||0.0|1.0|0.0|0.0|0.0|1.0|0.0|1.0|0.0|0.0|0.0|0.0|1.0|0.0|0.0|0
||-0.34537608737045944|-0.34322822587450147|1.813005717419982|2.4861981487025497|-0.3471325014957669||-0.3146530205095484|0.8609783784604988||-0.34884973835974736|-0.25738378488117863|||0.0|1.0|0.0|0.0|0.0|1.0|0.0|1.0|0.0|0.0|0.0|1.0|0.0|0.0|0.0|0
|-0.22244413811979064|-0.3256350628191811|-1.1742287388821324||||2.964677889670028||-0.3524682515154535||-0.34764451207643887||1.3683890486000765||0.0|1.0|0.0|0.0|1.0|0.0|0.0|1.0|0.0|0.0|0.0|1.0|0.0|0.0|0.0|1
-0.23939275700482354|-0.22244413811979064||-0.35555151573620636|-1.2535487086261392|-0.33427104132117375|0.6712885205955672||1.548793872157857||||||-0.2718648529896093|0.0|1.0|0.0|0.0|0.0|1.0|0.0|1.0|0.0|0.0|0.0|0.0|0.0|0.0|1.0|0
-0.2545627676574474|-0.22244413811979064|-0.3536596643771532|-0.3530868577638654|-0.3309216691191931||-0.3447399697289118|||-1.209107373669693||-0.3556793539651623||||0.0|1.0|0.0|0.0|0.0|1.0|0.0|1.0|0.0|0.0|0.0|1.0|0.0|0.0|0.0|0
||-0.32667050994501784|-0.33583425195747857|-0.3034658188378883|||||||||-0.2904154189991809||0.0|1.0|0.0|0.0|1.0|0.0|0.0|1.0|0.0|0.0|0.0|0.0|0.0|0.0|1.0|0
2.0536491657058478||-1.2621519686982399|-0.35555151573620636|-0.3305175103809992||-0.34753125679024277||-0.3285250834030791|-0.3746746259473956|-0.3152239233529052|||-0.2899575230291038|-1.0552724526192871|0.0|1.0|0.0|0.0|0.0|1.0|0.0|0.0|0.0|0.0|1.0|0.0|0.0|0.0|1.0|0
-0.26499214998112625|-0.17126069227382046|-0.35825164728303777||-0.3355964385243024||-0.3527150756184289|-0.38206106730469386|-0.33136392355981037|-0.3611249737516343|1.015242760393798|0.3019724546268555||-1.0431963938059103||0.0|1.0|0.0|0.0|0.0|0.0|1.0|0.0|0.0|1.0|0.0|0.0|0.0|0.0|1.0|0
||1.0006376470568947|-0.3407635679021605|||||-0.3267533250073887||2.8493230769185858|-0.33036960201568333||0.9562826755306989||0.0|1.0|0.0|0.0|0.0|1.0|0.0|0.0|0.0|0.0|1.0|0.0|0.0|0.0|1.0|0
|-0.22244413811979064||1.8038996443632085|-0.3282003336153542|-0.36003626779644204||-0.38688983036289637|-0.287553170502738|||-0.3424218648487686||-0.3015575542710567|0.5115427466400685|0.0|1.0|1.0|0.0|0.0|0.0|0.0|0.0|1.0|0.0|0.0|0.0|0.0|1.0|0.0|0
-0.2597774588192868|-0.22244413811979064|-0.37481880129642525||||-0.34314494855100836|||-0.36752342062185495|0.7313969971221046|-1.4958234179750258|-0.21680804202334422|-0.29529964268000314|-1.0552724526192871|0.0|1.0|0.0|0.0|0.0|1.0|0.0|1.0|0.0|0.0|0.0|0.0|0.0|0.0|1.0|0
||-0.35708114183643974||-0.3344109062256003|-0.3523794397205822|-0.330384779127781|-0.37921796382182704|-1.2593425169208037|-1.4349349102657138|-1.2716117696089138|||-0.3015575542710567|1.2949503462697463|0.0|1.0|0.0|0.0|0.0|1.0|0.0|0.0|0.0|0.0|1.0|1.0|0.0|0.0|0.0|0
|-0.22244413811979064||-0.3526760814351419|-0.30042115634349437|0.8887923913762947|0.8208217560240129|-0.3987135305614856||-0.3539737684260937|||-0.23033328964262237|-0.3126996895429324|0.5115427466400685|0.0|1.0|0.0|0.0|0.0|0.0|1.0|0.0|0.0|1.0|0.0|0.0|0.0|1.0|0.0|0
-1.1818296687990792|-0.22244413811979064|2.2521780861117118||||-0.3610889368024219|1.5036385998634392|-0.9009641141561493||0.7716180566950168|-0.33197657039342804||||0.0|1.0|0.0|0.0|0.0|0.0|1.0|0.0|0.0|1.0|0.0|1.0|0.0|0.0|0.0|0
|-1.1490410025726991|1.0991176726120175|-0.3613023843383353||-0.35873460702354587|1.9672432276420966|3.4656056461751437||3.062796860271703|1.4473318575199385|-0.3556793539651623|0.7164340437068479|-0.989775197296917||0.0|1.0|0.0|0.0|0.0|0.0|1.0|1.0|0.0|0.0|0.0|0.0|1.0|0.0|0.0|0
||-0.3594221527296358|-1.4925803936428412||2.198109992348324|-1.6215544226406002|-0.3724712341283572|||-0.30354832434545426|-0.3307713441101195||||0.0|1.0|0.0|0.0|0.0|1.0|0.0|0.0|0.0|1.0|0.0|0.0|0.0|1.0|0.0|0
-0.2521924534929749|||1.8038996443632085|-0.31443199260088245|-0.3504078064910483|-1.432145657764569|-0.37723230424649146|-0.30839146527023337|-0.3694053167601551|||-0.2709090325004568||-1.0552724526192871|0.0|1.0|0.0|0.0|0.0|0.0|1.0|0.0|0.0|0.0|1.0|0.0|0.0|0.0|1.0|0
||-1.2266991594983956|-0.3465144365042894|-0.33195900988055743|-1.571442179748414||||-0.3645123868005747|0.9991543365646331|-0.34764451207643887|-1.3123530991848742|-0.30689967392195605|-1.0552724526192871|0.0|1.0|0.0|0.0|0.0|0.0|1.0|0.0|0.0|0.0|1.0|0.0|0.0|0.0|1.0|0
|||-0.36212393699578227|-0.32053478954761017|-0.34510545304851536|-0.3503225438515738||-0.31946495524329854|-0.3712872128984553||-0.3235399864102684|-0.17623229916550978||-0.2718648529896093|0.0|1.0|0.0|0.0|0.0|0.0|1.0|0.0|0.0|1.0|0.0|0.0|0.0|0.0|1.0|0
-0.24697776233113547|-0.22244413811979064||2.173598340214354|||||1.8840186140697386|||-0.33639573343222595||||0.0|1.0|1.0|0.0|0.0|0.0|0.0|0.0|0.0|0.0|1.0|1.0|0.0|0.0|0.0|1
|-0.22244413811979064|1.1019313876278782|||1.9511772869018449|-0.34075241678415324|||-0.3566084230197139|0.4843247740313594||-0.2709090325004568|-1.8674091399446653||1.0|0.0|0.0|0.0|0.0|0.0|1.0|1.0|0.0|0.0|0.0|0.0|0.0|0.0|1.0|1
|||-1.297461637499181|0.1960339656959373||0.9902927561762513|-0.38986831972589975|0.7676094886034419|-0.3739218674920755|-0.2991354995237404|-0.3436270911320771|||0.5115427466400685|0.0|1.0|0.0|0.0|0.0|0.0|1.0|0.0|0.0|0.0|1.0|0.0|0.0|1.0|0.0|0
-0.2673624641455987|-0.22244413811979064|1.4103145533662056|1.6395891128738103|-0.3294801696196349|-0.3470196600674803|-0.3598926709189943|||-1.058555682605679|-0.32142945825844027|1.5674600521008055||||1.0|0.0|1.0|0.0|0.0|0.0|0.0|0.0|0.0|0.0|1.0|0.0|0.0|0.0|1.0|0
-0.42332913616788753|||-1.2769228210630064|-0.3224343356171214|||-0.3822641461248987|3.272231584329453|||2.0294634607024062||-0.3163628573035491||0.0|1.0|0.0|0.0|0.0|0.0|1.0|0.0|0.0|0.0|1.0|0.0|0.0|0.0|1.0|0
|-0.22244413811979064||2.0709042580334804|-0.32394319490637863|-0.37450767285981706||-0.4013986838508599|-0.3269143939524514||0.44984958011172055|-0.3367974755266621|1.7308276151527089||-1.0552724526192871|0.0|1.0|0.0|1.0|0.0|0.0|0.0|0.0|0.0|0.0|1.0|1.0|0.0|0.0|0.0|0
|-0.22244413811979064|-0.32928163747973654|-0.341174344230884|||-0.3439424591399601|-0.38217388887147435|-0.33035724265316807|0.4563707087259614|||||-0.2718648529896093|0.0|1.0|0.0|0.0|0.0|0.0|1.0|1.0|0.0|0.0|0.0|0.0|0.0|1.0|0.0|0
-1.6558925016935742|-0.22244413811979064|0.44408481691965823||0.480629077174133|-0.35383423705499556|||||||-0.17623229916550978||1.2949503462697463|0.0|1.0|0.0|0.0|0.0|0.0|1.0|0.0|0.0|1.0|0.0|0.0|0.0|0.0|1.0|0
|-0.1906751027671195|||-0.9753527771693468|||-0.40374537243989284||-0.35811393993035406||0.6334096825366996|-0.23033328964262237|||0.0|1.0|0.0|1.0|0.0|0.0|0.0|0.0|0.0|0.0|1.0|0.0|1.0|0.0|0.0|0
0.7855310877130742|-0.22244413811979064||2.6870687511187232||-1.3321663023777945|-0.3507212991460496|-0.3870252162430329||||||-0.3168207532736262|-1.0552724526192871|0.0|1.0|0.0|0.0|0.0|0.0|1.0|1.0|0.0|0.0|0.0|0.0|0.0|1.0|0.0|0
||-0.3446557763263991|-0.3588377263659943|||||-0.3030157892287636|0.6445603225559788|-0.28902277597397974|1.3264147954391008|||-1.0552724526192871|1.0|0.0|0.0|1.0|0.0|0.0|0.0|0.0|0.0|1.0|0.0|0.0|1.0|0.0|0.0|0
-0.25930339598639235|-0.22244413811979064||-0.3473359891617364||-0.3654343315899232||||-0.35811393993035406|-0.3077313145410371||-0.25738378488117863|||1.0|0.0|0.0|1.0|0.0|0.0|0.0|0.0|1.0|0.0|0.0|0.0|0.0|0.0|1.0|1
|-0.15890606741444835||-0.3514437524489714||-0.36279272590375156|||2.2474304213676044|-0.36150135297929437|-0.291826758412777||-0.23033328964262237|-0.2977417545204143||1.0|0.0|0.0|0.0|1.0|0.0|0.0|0.0|0.0|0.0|1.0|0.0|0.0|0.0|1.0|1
-0.23986681983771804|-0.22244413811979064|||1.5853296282374256|-0.35923230084847674||0.5356295568873364||-0.36225411143461445||1.9491150418151715||||0.0|1.0|0.0|0.0|0.0|1.0|0.0|1.0|0.0|0.0|0.0|0.0|0.0|0.0|1.0|0
-0.2521924534929749|-0.16596585304837527||1.280159825240752|-0.3498497700246068|-0.3656448943620093|-0.33716361913387055|-0.3925083443885619|-0.3085525342152961|1.576098911014565||-0.33639573343222595||-0.29529964268000314||0.0|1.0|0.0|0.0|0.0|0.0|1.0|0.0|0.0|1.0|0.0|0.0|1.0|0.0|0.0|0
|-0.1624359602314118||2.194137156650529|-0.3215586583510347||-0.34154992737310497|-0.3755851093714971|-0.32560570877381645|||-0.3118894656716193|||0.5115427466400685|0.0|1.0|0.0|0.0|0.0|1.0|0.0|1.0|0.0|0.0|0.0|0.0|1.0|0.0|0.0|0
-0.2721030924745437||||-0.31105053115799364||-0.35231632032395305|-0.3929145020289714|-0.30939814617687567|-0.35999583606865426|||-0.2709090325004568|||1.0|0.0|0.0|0.0|0.0|0.0|1.0|0.0|0.0|0.0|1.0|1.0|0.0|0.0|0.0|0
|-0.22244413811979064||-0.34610366017556593||||-0.37678101797936975|-0.32242459710882687||3.2952022516125816||1.7308276151527089|-0.30186281825110806||0.0|1.0|1.0|0.0|0.0|0.0|0.0|1.0|0.0|0.0|0.0|0.0|0.0|0.0|1.0|0
||-0.7770674999638637||0.02965528513945355|-0.37146408369966283|1.6083634626138268|-0.3983299372344321|-0.32127698087525464|-0.3799439351346361||-0.3556793539651623||||0.0|1.0|0.0|0.0|0.0|1.0|0.0|1.0|0.0|0.0|0.0|0.0|0.0|1.0|0.0|0
3.1202905397184613|||-0.999648799174647|1.8460120143724832||||-0.32498156661169825|||-0.3560810960595985|-0.24385853726190052|-0.3155996973534207|2.0783579458994237|0.0|1.0|0.0|0.0|1.0|0.0|0.0|0.0|0.0|0.0|1.0|0.0|0.0|0.0|1.0|1
|||-0.3522653051064184|||||-0.3250822347023625|-0.35020997614949334||2.5919023929130507||-0.28003644367743363|-1.0552724526192871|1.0|0.0|0.0|1.0|0.0|0.0|0.0|0.0|0.0|0.0|1.0|0.0|0.0|1.0|0.0|0
3.2151031062973603||-0.35478515038349745|-0.34815754181918346|3.0355859004564913|0.3035235953277597|0.033280049434198926|2.3847750364186098|-1.813520356027383|0.3810948631939544|-0.2855752565820158|||||0.0|1.0|0.0|0.0|1.0|0.0|0.0|1.0|0.0|0.0|0.0|1.0|0.0|0.0|0.0|0
|-0.22244413811979064|||2.589664092649236|||2.671341816040906||-0.3584903191580141||0.7941065203111695|||-0.2718648529896093|0.0|1.0|0.0|0.0|0.0|0.0|1.0|1.0|0.0|0.0|0.0|0.0|0.0|1.0|0.0|0
|3.836932601388189|||-1.2232368032615977|-1.1752013268226682|0.7909151089383238|-0.39332065966938096|||0.7934523461774546|2.6722508118002857|-0.2709090325004568|-0.3097996817324442||1.0|0.0|0.0|0.0|0.0|0.0|1.0|1.0|0.0|0.0|0.0|0.0|1.0|0.0|0.0|0
|-0.22244413811979064||-0.33870968625854303|0.49174344247446494|-0.36608516197637125||-0.39295963065568357||-0.3532210099707736||-0.3484479962653112|-0.2709090325004568|||0.0|1.0|0.0|0.0|0.0|0.0|1.0|1.0|0.0|0.0|0.0|0.0|0.0|1.0|0.0|0
|-0.22244413811979064|-0.34535357765033253|-0.3518545287776949|1.8143529132139615|1.115625923123642||-0.3941555392635562|-0.30319699179195914|1.3314524130355425|||-0.24385853726190052||0.5115427466400685|0.0|1.0|0.0|0.0|0.0|1.0|0.0|0.0|0.0|0.0|1.0|1.0|0.0|0.0|0.0|0
-0.2142674268614153|-0.22244413811979064|-0.34737945246175217||-1.404771436500352||0.15290663777695548||-0.33524971185944963|||-0.3343870229600451||||0.0|1.0|0.0|0.0|0.0|1.0|0.0|0.0|0.0|0.0|1.0|1.0|0.0|0.0|0.0|0
-0.23417806584298412|||0.8693834965172567||-0.36168248583275187|||2.2132032705417664|3.100434783037706|0.975021700820886|-0.35969677490952406|||-0.2718648529896093|1.0|0.0|1.0|0.0|0.0|0.0|0.0|0.0|0.0|0.0|1.0|0.0|0.0|1.0|0.0|0
|-0.22244413811979064|-0.3531644505343617|0.797497638990645|1.4169301539899724||-0.36029142621347016|-1.2571051392537211||-0.36338324911759456|-1.676120711599343||-0.24385853726190052|-0.3076628338720845|-1.0552724526192871|1.0|0.0|0.0|0.0|0.0|0.0|1.0|0.0|0.0|1.0|0.0|1.0|0.0|0.0|0.0|0
||-0.35447001430172104|-1.3693474950257927||||0.8035807779908614|-0.31503555925407245|3.062796860271703|-0.30138787885982354|-1.7167815699149218||-0.2862943552684871||1.0|0.0|0.0|0.0|1.0|0.0|0.0|0.0|0.0|1.0|0.0|1.0|0.0|0.0|0.0|0
-1.3003453770227031|-0.22244413811979064|-0.33817297692985615||-0.31517295028757125|-0.35324083287911645|||||-0.2991354995237404||-0.2709090325004568|-0.29575753865008025|1.2949503462697463|0.0|1.0|0.0|0.0|1.0|0.0|0.0|1.0|0.0|0.0|0.0|0.0|0.0|1.0|0.0|0
-0.2758955951376997||-0.35458256290235546||-0.3318647061749788|||0.8391195715266972|-1.025792546579793|-1.2185168543611937||2.3106829268077287|-0.2709090325004568|-0.3134628494930609|-1.0552724526192871|0.0|1.0|0.0|0.0|0.0|1.0|0.0|0.0|0.0|0.0|1.0|0.0|0.0|1.0|0.0|0
-0.244607448166663||-0.33558435911526435||||-0.333176066189112|||||-0.329566117826811|1.7308276151527089||-1.0552724526192871|0.0|1.0|0.0|0.0|0.0|1.0|0.0|0.0|0.0|0.0|1.0|0.0|0.0|0.0|1.0|0
3.3099156728762593||1.9100303401830567||1.971974821109578|||-0.3683645290975495|-0.30867333592409324|||-0.338806185998843||-0.2977417545204143|-1.0552724526192871|0.0|1.0|0.0|1.0|0.0|0.0|0.0|1.0|0.0|0.0|0.0|1.0|0.0|0.0|0.0|0
|||0.9001917211715188||-0.3573946621102704||-0.3842498057002343||||-0.38098910591464136|-0.29795952773901313|-0.34108923968771176|-0.2718648529896093|0.0|1.0|0.0|0.0|0.0|0.0|1.0|1.0|0.0|0.0|0.0|0.0|0.0|1.0|0.0|0
-0.23133368884561714|||-0.34487133118939545|1.3563063432608893||0.6015063440622925|-0.3802784865495631||-0.3712872128984553|-1.3083853097898617|-0.3315748282989919||-1.6079347569009832|-0.2718648529896093|0.0|1.0|0.0|1.0|0.0|0.0|0.0|0.0|0.0|1.0|0.0|0.0|0.0|0.0|1.0|0
-0.25598495615613087||1.962928182481237||||-0.33277731089463614|||-0.35472652688141376|-0.2874139335910632||-0.20328279440406608|-0.28827857113882116|-1.0552724526192871|0.0|1.0|0.0|1.0|0.0|0.0|0.0|0.0|0.0|0.0|1.0|1.0|0.0|0.0|0.0|0
-0.26688840131270425|-0.22244413811979064||3.3443108770763157|1.831192860638707||-0.34154992737310497|||||-1.8172170935239655|-0.21680804202334422|2.6047081678082087||0.0|1.0|0.0|1.0|0.0|0.0|0.0|0.0|0.0|1.0|0.0|1.0|0.0|0.0|0.0|1
||||||-0.3367648638393947|-0.37450202233040497|-0.30869346954222604|||||-0.30232071422118517|0.5115427466400685|0.0|1.0|0.0|0.0|0.0|0.0|1.0|0.0|1.0|0.0|0.0|0.0|0.0|0.0|1.0|1
1.2358907789628444|-0.16420090663989353|-0.3612904595001673|1.7422831950546842|||-0.3503225438515738|0.9118894821000756|-0.3048278148607197|2.893426207824687||-0.357286322342907|-0.2709090325004568|-0.3168207532736262||0.0|1.0|0.0|0.0|0.0|1.0|0.0|1.0|0.0|0.0|0.0|0.0|0.0|0.0|1.0|0
|-0.22244413811979064|-0.326625490504764|-0.35555151573620636|-1.9325353887918704|-0.37561791293081676|0.770977344214531||||-0.29352753464614584||-1.650484289666828|-0.30735756989203306|-0.2718648529896093|0.0|1.0|0.0|0.0|0.0|1.0|0.0|0.0|0.0|1.0|0.0|0.0|0.0|0.0|1.0|0
||||-0.3303289029698421|3.0537605298256594|0.8706661678334947|-0.3898908840392558||||||-0.29529964268000314|0.5115427466400685|1.0|0.0|0.0|0.0|0.0|0.0|1.0|0.0|0.0|1.0|0.0|0.0|0.0|1.0|0.0|0
-0.24887401366271344|-0.15890606741444835|-0.3479872149051781|||-0.36336698800944106|-0.3447399697289118||0.9186116245997851|-0.3690289375324951|0.9669774889063035|0.42249508295770793|1.0545652341888017|-0.30812072984216154||0.0|1.0|0.0|1.0|0.0|0.0|0.0|0.0|0.0|1.0|0.0|0.0|0.0|1.0|0.0|0
-0.22469680918509422||-0.34825733154670074|0.5613012499746352||||0.9536334618088353|-0.3215185842928488|1.8207454089935877|3.3871361020649515|||||0.0|1.0|0.0|0.0|0.0|1.0|0.0|0.0|0.0|0.0|1.0|1.0|0.0|0.0|0.0|0
||-1.5772880504746325|-0.3686963582553582|-0.31769220642231316|0.6131465806453412|||-0.32244473072695967|-0.37618014285803575||-0.34202012275433236||||1.0|0.0|0.0|0.0|0.0|1.0|0.0|0.0|0.0|0.0|1.0|1.0|0.0|0.0|0.0|1
-0.24792588799692447|-0.22244413811979064|||0.6369037892757695|-0.3507715058246516|||-0.3425984824779383|-0.36413600757291464|0.04648981125194577||-0.2709090325004568|-1.1156965890681156|-0.2718648529896093|1.0|0.0|0.0|0.0|0.0|1.0|0.0|1.0|0.0|0.0|0.0|0.0|0.0|0.0|1.0|0
1.2003360664957572|||1.7012055621823345||-1.3082387146407326|||||2.1414324284353343|-0.33036960201568333|||1.2949503462697463|0.0|1.0|0.0|1.0|0.0|0.0|0.0|0.0|0.0|1.0|0.0|0.0|0.0|0.0|1.0|0
-0.23417806584298412||-0.33162264837293254|-0.3510329761202479||-0.35446592537125404||||-0.3543501476537537|-0.29325173309478875||-0.23033328964262237|0.4335181096926921|-0.2718648529896093|0.0|1.0|0.0|0.0|0.0|0.0|1.0|0.0|0.0|1.0|0.0|0.0|0.0|0.0|1.0|0
1.9114303158374994|||0.8591140882991692||-0.357854071794822||-1.4190040875836403||||-2.1386107690729053||-0.26889430840555784||0.0|1.0|0.0|0.0|0.0|0.0|1.0|0.0|0.0|0.0|1.0|0.0|0.0|0.0|1.0|1
|||||-0.36970301324221505||-0.3965699207926574|-1.7707364174950857|-1.1150125667546842|-0.28732199974061085||-1.3123530991848742|-1.2988549770989501|-1.0552724526192871|0.0|1.0|0.0|0.0|0.0|1.0|0.0|0.0|0.0|1.0|0.0|0.0|0.0|1.0|0.0|0
|-0.22244413811979064|||-1.5472373917136975|||-0.3947647757241705|-0.3047875476244539|-0.3690289375324951|-1.7082975592576726||||-1.0552724526192871|1.0|0.0|0.0|0.0|1.0|0.0|0.0|0.0|0.0|1.0|0.0|0.0|0.0|0.0|1.0|0
0.6788669503118129||-0.35235410060979383|-0.3666424766117407||-0.37345485899938635|-0.3555063626797599||||||||-0.2718648529896093|0.0|1.0|0.0|0.0|0.0|0.0|1.0|0.0|0.0|0.0|1.0|0.0|0.0|0.0|1.0|0
||-0.35600067527034923|0.5099542088841982|-0.33330620567453706|||-0.37910514225504655|-0.31199538291601275|-0.35472652688141376|-0.2982621279444429|||-0.2940785867597976|0.5115427466400685|0.0|1.0|0.0|0.0|0.0|1.0|0.0|1.0|0.0|0.0|0.0|0.0|1.0|0.0|0.0|0
|-0.22244413811979064|-0.35354711577651876|-0.34363900220322496|1.3973958149772678||-0.3503225438515738|||-0.3558556645643939|-0.28580509120814673|-0.9434280381252858|-0.2709090325004568|0.8112822850062883||0.0|1.0|0.0|0.0|0.0|1.0|0.0|0.0|0.0|1.0|0.0|0.0|0.0|0.0|1.0|1
||||||-0.3391573956062498|-0.3819031171112013|0.8244869598287312|2.1971246366536223||-0.3343870229600451||-1.535434561638778|-0.2718648529896093|0.0|1.0|0.0|0.0|0.0|1.0|0.0|0.0|0.0|0.0|1.0|0.0|0.0|1.0|0.0|0
|-0.17655553149926564|0.572952964646076|-0.3469252128330129||||-0.3862129009622138|-1.212028514308616|1.4443661813335529||||0.6472028957286657||0.0|1.0|0.0|0.0|0.0|1.0|0.0|0.0|0.0|0.0|1.0|0.0|0.0|0.0|1.0|1
-0.20146773037326396|-0.19244004917560123|-0.3603000318145843||||||-0.3165657142321688|-1.6137150434042307|-0.3029507543175138|-1.6163460463058783||-0.2904154189991809||0.0|1.0|0.0|0.0|0.0|1.0|0.0|0.0|0.0|0.0|1.0|0.0|0.0|1.0|0.0|0
-0.25835527032060335|-0.22244413811979064|-0.34357530976030864|||-0.34409092332846397|-0.34513872502338766|-0.37091429650678726|-0.3284244153124149||0.41077769366946315|-0.3215312759380875||-0.28003644367743363|1.2949503462697463|0.0|1.0|0.0|0.0|0.0|0.0|1.0|1.0|0.0|0.0|0.0|1.0|0.0|0.0|0.0|0
|-0.22244413811979064||-0.3522653051064184|-0.3265028669149399||||2.0662278581719926||-0.295550079356098|||1.5362842376283412||1.0|0.0|0.0|0.0|0.0|0.0|1.0|0.0|0.0|0.0|1.0|1.0|0.0|0.0|0.0|0
|-0.16949574586533872|-0.3392759532160735|-0.36335626598195275||||1.6254858919863053|-0.31211618462480983||-0.2984000287201215|-0.3544741276818538|-0.25738378488117863|-1.020301595302056||0.0|1.0|0.0|0.0|0.0|0.0|1.0|1.0|0.0|0.0|0.0|0.0|0.0|0.0|1.0|0
-0.2645180871482318|||1.927132542980257|2.6785790150518913|-0.3562461378988914|-0.34793001208471863||-0.33609532382102913||-0.32303830064135675|-0.32474521269357687||-1.783461545430533|-1.0552724526192871|0.0|1.0|1.0|0.0|0.0|0.0|0.0|0.0|1.0|0.0|0.0|0.0|1.0|0.0|0.0|1
-0.22280055785351624||-0.36714298673315743|-0.33747735727237255||0.5298785753203656|-0.35670262856318746||-0.32868615234814186||-0.31540779105381||-0.23033328964262237|||1.0|0.0|0.0|0.0|1.0|0.0|0.0|1.0|0.0|0.0|0.0|0.0|0.0|1.0|0.0|0
-0.24745182516402997||||||-0.3503225438515738|-0.3655665542413948||-1.5290297171807226||-0.3504567067374921||-0.3097996817324442||1.0|0.0|0.0|0.0|0.0|0.0|1.0|0.0|0.0|0.0|1.0|1.0|0.0|0.0|0.0|0
-0.2683105898113877|-0.22244413811979064|0.8199971430386411|-0.3658209239542937|-0.316910832861805|-1.15653780838776|||-0.33301488024670367||-0.31986658280075|-0.3432253490376409|2.4070899961166163|||0.0|1.0|0.0|0.0|0.0|0.0|1.0|0.0|0.0|1.0|0.0|0.0|0.0|0.0|1.0|0
-0.2517183906600804|||||-0.35454249365201257|-0.3455374803178635|-0.3813841379040113|-0.32373328228746184|-0.3626304906622745|-0.31030546235370343|||-1.6689875529112614||0.0|1.0|0.0|0.0|0.0|0.0|1.0|0.0|0.0|0.0|1.0|0.0|0.0|1.0|0.0|0
1.6506957577455272|||1.5985114800014608|-0.319618696407704||||-0.9291511795421334|3.062796860271703|||-0.25738378488117863|||1.0|0.0|0.0|0.0|0.0|0.0|1.0|0.0|0.0|0.0|1.0|0.0|0.0|0.0|1.0|0
-0.23986681983771804|-0.22244413811979064|-0.32937167636024406|||0.3418077357070588|-0.3447399697289118|-0.39485503297759483|0.9598855417721188|-0.3660179037112148|-0.3183037073430596|-0.3343870229600451||||0.0|1.0|0.0|0.0|0.0|0.0|1.0|1.0|0.0|0.0|0.0|1.0|0.0|0.0|0.0|0
-0.2512443278271859|-0.22244413811979064|0.4367691578784206||-0.3492974197490752|2.691975403241283|0.4320353439100541|1.1234299198133848|2.0541476872922853|-0.3712872128984553||-0.348046254170875||-0.30735756989203306||0.0|1.0|0.0|0.0|1.0|0.0|0.0|1.0|0.0|0.0|0.0|0.0|0.0|0.0|1.0|1
|0.9688946876053774|||2.539144250375|0.6992858964987642||1.7732821444686706||-0.35359738919843364|-0.30598457138244206||-0.23033328964262237|||1.0|0.0|1.0|0.0|0.0|0.0|0.0|0.0|0.0|0.0|1.0|0.0|1.0|0.0|0.0|0
|-0.22244413811979064|||0.14921891185514527|-0.36859277317121536|-0.35590511797423574||-0.3270754628975142|||-1.3652572372832694||1.6812846281527518|0.5115427466400685|0.0|1.0|0.0|0.0|0.0|1.0|0.0|0.0|0.0|0.0|1.0|1.0|0.0|0.0|0.0|0
|-0.22244413811979064||-0.3506221997915244|0.95820998613991|2.889138726194673|-0.3423474379620567|2.8676513422388568||0.8797973398435006|-0.33135831410729627|||||1.0|0.0|0.0|0.0|0.0|0.0|1.0|0.0|0.0|0.0|1.0|0.0|0.0|0.0|1.0|0
-2.3788383218576787|-0.22244413811979064|-0.12147190126833236|0.8899223129534314||2.8144846524550395||0.37993579473034084||-0.3596194568409942|3.028594085300708|||||0.0|1.0|1.0|0.0|0.0|0.0|0.0|1.0|0.0|0.0|0.0|1.0|0.0|0.0|0.0|0
0.4181323922198408|||-0.35760539737982383|0.9359812555392463||-0.3455374803178635||-0.31926361906197004||-0.3057087698310849||-0.25738378488117863|||0.0|1.0|0.0|0.0|0.0|1.0|0.0|1.0|0.0|0.0|0.0|0.0|0.0|0.0|1.0|0
-0.24792588799692447|3.660437960540016||0.9001917211715188||-0.3720192037351626|-1.2826124223361233|-0.39889404506833426|2.3017911903262878|-0.36564152448355475||||||0.0|1.0|0.0|1.0|0.0|0.0|0.0|1.0|0.0|0.0|0.0|0.0|0.0|0.0|1.0|0
1.8877271741927748||-0.3601199540535692|-0.3391204625872665|-1.0807708480482523|-0.3674442489598364||-1.178694150341321||-0.37279272980909545|||-0.24385853726190052|3.1999729289084207|0.5115427466400685|0.0|1.0|0.0|0.0|0.0|0.0|1.0|1.0|0.0|0.0|0.0|1.0|0.0|0.0|0.0|0
|-0.22244413811979064|-0.773691041944831||-0.3503886483421987|||||-1.3314306226592043|-0.3029507543175138|||-0.2911785789493094|-1.0552724526192871|0.0|1.0|0.0|0.0|0.0|1.0|0.0|0.0|1.0|0.0|0.0|1.0|0.0|0.0|0.0|0
-0.849985685772933|1.41013128972581|||||-0.3447399697289118|||1.2373576061205338|0.8543585221021499|2.7525992306875207|-1.650484289666828||0.5115427466400685|0.0|1.0|0.0|0.0|0.0|1.0|0.0|0.0|0.0|0.0|1.0|0.0|1.0|0.0|0.0|0
0.619609096200001||||-0.32875268389088586|-0.355614449582633|1.3890480506521066|||-0.37505100517505563|-0.2971129548137883|-0.3540723855874176|-0.25738378488117863|||0.0|1.0|0.0|0.0|0.0|0.0|1.0|1.0|0.0|0.0|0.0|1.0|0.0|0.0|0.0|0
-0.24650369949824097||||||-0.3439424591399601|-0.37594613838519453||-0.3724163505814354|-0.3023991512147996||3.083352377080524||0.5115427466400685|1.0|0.0|0.0|1.0|0.0|0.0|0.0|1.0|0.0|0.0|0.0|0.0|1.0|0.0|0.0|0
|||0.8077670472087323|-0.31998243927207853|-0.389476771748123|-0.3543100967963323||-0.33255180702964826|||||0.7731242874998645||0.0|1.0|0.0|1.0|0.0|0.0|0.0|1.0|0.0|0.0|0.0|0.0|0.0|0.0|1.0|0
|-0.22244413811979064||-0.3539084104213124|||2.0669320512610603|||0.5316465542579684|0.9290547755947008|-0.34402883322651323|3.083352377080524|-0.3032365061613393||0.0|1.0|0.0|0.0|1.0|0.0|0.0|1.0|0.0|0.0|0.0|0.0|0.0|0.0|1.0|0
-0.20099366754036946|||-0.3522653051064184|0.7426586591031701||-0.330384779127781|-0.370575831806446|-0.3138678094023674||-1.475015413734783|||-0.26614693258509536|-0.2718648529896093|0.0|1.0|0.0|0.0|0.0|1.0|0.0|0.0|0.0|1.0|0.0|1.0|0.0|0.0|0.0|0
-0.23228181451140612|-0.15184628178052142||-0.35760539737982383||-1.0948046320261402||-0.39654735647930134|-0.31823680453719494|1.3502713744185442|-0.3046515305508827|||-0.2833943474579989||0.0|1.0|0.0|1.0|0.0|0.0|0.0|0.0|0.0|1.0|0.0|0.0|1.0|0.0|0.0|0
-0.20288991887194746||1.4857221157912708|-0.35555151573620636||-0.3625247369210965|||0.8602241320145324|0.559874996332471|-0.320372218978238|-0.3468410278875665||-1.21872318233546||0.0|1.0|0.0|0.0|0.0|0.0|1.0|1.0|0.0|0.0|0.0|0.0|0.0|0.0|1.0|0
||-0.33945603097708865|0.9001917211715188|-0.3164797302077315|-0.36103165544630383||1.4054838367644638|-0.31261952507813096||-0.2989056648976095||-0.18975754678478793||-1.0552724526192871|0.0|1.0|0.0|0.0|0.0|0.0|1.0|1.0|0.0|0.0|0.0|0.0|0.0|1.0|0.0|0
0.4062808213974784|||1.927132542980257|2.1033264110225915|-0.35609300133737426|2.106807580708646||0.7369057209508522|-0.3652651452558947|-0.3003766065048475||-1.3123530991848742|||0.0|1.0|1.0|0.0|0.0|0.0|0.0|0.0|0.0|0.0|1.0|1.0|0.0|0.0|0.0|0
|-0.1730256386823022||||-1.2015216733334364|1.767865580404169|-0.3922601369416449|||-0.3218891275107021|-0.34965322254861975|-0.2709090325004568|-0.30888388979229003||0.0|1.0|0.0|0.0|0.0|1.0|0.0|1.0|0.0|0.0|0.0|0.0|0.0|1.0|0.0|0
|1.057142008029464||-0.36212393699578227|-0.31801553341286826|-1.1536664978593125||||-0.357361181475034|-0.31600536108175037||-0.284434280119735|2.3757601827696657|-1.0552724526192871|0.0|1.0|0.0|0.0|0.0|1.0|0.0|1.0|0.0|0.0|0.0|0.0|1.0|0.0|0.0|0
-2.094400622120982|-0.18714520995015602|||||-0.34793001208471863|0.7906062978111117|2.3118579993927106||-0.2905396845064438|-0.32394172850470454||-1.8025405441837448||0.0|1.0|0.0|1.0|0.0|0.0|0.0|0.0|1.0|0.0|0.0|0.0|0.0|0.0|1.0|1
||||-0.31237078303609367|-0.35611214340756386|-0.3339735767780637||-1.3222600735859467|3.13807270580371|-0.3057547367563111|0.32205955934866426||-0.7035902159987382||0.0|1.0|0.0|0.0|0.0|0.0|1.0|1.0|0.0|0.0|0.0|1.0|0.0|0.0|0.0|0
-0.2555108933232364|||||||-0.37786410502046186|-0.3424776807691412|||-1.606302493944974|-0.18975754678478793|-0.290873314969258||0.0|1.0|0.0|0.0|0.0|0.0|1.0|0.0|0.0|0.0|1.0|0.0|0.0|1.0|0.0|0
||||-0.33641822795862997|-1.5886700429190985|||||-0.2899421144785034|-0.33318179667673653|-1.3123530991848742|-0.29209437088946355|-0.2718648529896093|1.0|0.0|0.0|0.0|0.0|0.0|1.0|1.0|0.0|0.0|0.0|0.0|0.0|0.0|1.0|0
-0.26025152165218135|-0.22244413811979064|-0.32522988785689716|-0.35678384472237684|1.2360691186482078|-1.587712939409616||-0.37678101797936975|-0.3234312780154691|||-0.34724276998200265|-0.16270705154623163|-0.30644177795187894||0.0|1.0|0.0|0.0|0.0|1.0|0.0|0.0|1.0|0.0|0.0|0.0|0.0|1.0|0.0|1
|||||||||-0.3746746259473956|-1.0371804509553693||2.7452211865985703|||1.0|0.0|0.0|0.0|1.0|0.0|0.0|0.0|0.0|0.0|1.0|0.0|0.0|1.0|0.0|1
-0.27826590930217215|||-0.37157179255642264|0.7803801413345995||-0.34673374620129105|-1.6057237806052547|-0.3065190387838787|-0.3505863553771534|||-1.3123530991848742|-0.3168207532736262|-1.0552724526192871|0.0|1.0|0.0|0.0|0.0|0.0|1.0|0.0|0.0|1.0|0.0|0.0|0.0|0.0|1.0|0
-0.2356002543416676|||-0.3678748055979112|-0.3117780168867426|||||2.7993314009096784|-0.30469749747610886|-0.3404131543765877||1.74233742416303|2.0783579458994237|0.0|1.0|0.0|0.0|0.0|1.0|0.0|0.0|0.0|0.0|1.0|0.0|1.0|0.0|0.0|0
2.338086865442545|-0.22244413811979064||||0.47867353756305314|0.69122628531936||||-0.31251187476456027|-0.3492514804541835|-1.3123530991848742|-0.30857862581223866||0.0|1.0|0.0|0.0|0.0|1.0|0.0|0.0|0.0|0.0|1.0|1.0|0.0|0.0|0.0|1
-0.2185339923574658|-0.22244413811979064|0.8751459573495098||-1.6516450657471184|-1.3580080971338215|1.5884256978900342||-0.33438396627973727|-0.35547928533673384|0.8612535608860777|0.7740194155893607|0.37830285322489426|0.8456244827620698||0.0|1.0|0.0|0.0|0.0|1.0|0.0|0.0|0.0|0.0|1.0|0.0|0.0|0.0|1.0|0
-0.2721030924745437|-0.22244413811979064|-0.32336158108636565||-0.30009782935293927||-0.34872752267367035||-0.31912268373504016|-0.3660179037112148|-0.30557086905540637||-0.24385853726190052|-0.29911544243064553||0.0|1.0|0.0|0.0|0.0|0.0|1.0|0.0|0.0|1.0|0.0|1.0|0.0|0.0|0.0|1
-0.2640440243153373|-0.22244413811979064|-0.37060948363269774|-0.3514437524489714||-0.36005540986663165|2.585313934079672|||-0.36225411143461445|0.21311991519686696|-0.3404131543765877||-0.2994207064106969|0.5115427466400685|0.0|1.0|0.0|0.0|0.0|1.0|0.0|0.0|1.0|0.0|0.0|0.0|0.0|1.0|0.0|0
-0.2621477729837593|-0.22244413811979064|-0.35474013094324364|||-1.6370037701479636|-1.322487951783709|2.0598489240909665|1.1471281904075843|||-0.32996785992124716|||0.5115427466400685|0.0|1.0|0.0|1.0|0.0|0.0|0.0|0.0|0.0|1.0|0.0|1.0|0.0|0.0|0.0|0
|0.8806473671812909|||-0.32151824247721533|-0.3746033832107653|||-0.3225252651994911|-0.3716635921261153|-0.3090643553725964||-0.2709090325004568|||1.0|0.0|0.0|0.0|0.0|1.0|0.0|0.0|0.0|0.0|1.0|0.0|0.0|1.0|0.0|0
|||2.769224016863422|-0.32954752940933385|-0.3394011161319998|0.531724167529018|2.4885708778566067||-0.35472652688141376|-0.29844599564534763||-1.650484289666828|||0.0|1.0|0.0|0.0|0.0|1.0|0.0|0.0|0.0|1.0|0.0|0.0|0.0|0.0|1.0|0
-0.2654662128140208|-0.18714520995015602|1.8008581975676636|-0.34856831814790695|-1.4798776020147162||-0.34992378855709794||-0.31022362452032237|-0.3652651452558947||||-0.30186281825110806||0.0|1.0|1.0|0.0|0.0|0.0|0.0|0.0|0.0|0.0|1.0|0.0|0.0|1.0|0.0|0
|||0.5921094746288973|-0.3262064838402644|-0.34948898712194515|-0.34793001208471863||-0.3059955647124247||-0.2921025599641341||-1.9886154801487814|||0.0|1.0|0.0|0.0|0.0|0.0|1.0|0.0|0.0|0.0|1.0|0.0|0.0|1.0|0.0|1
-1.7744082099171978|-0.22244413811979064|||-0.33589282159897793||-0.3455374803178635|-0.39826224429436385|-0.29580795393720477|-0.3551029061090738||1.165717957664631|-0.21680804202334422||0.5115427466400685|1.0|0.0|0.0|0.0|0.0|0.0|1.0|0.0|0.0|0.0|1.0|0.0|0.0|0.0|1.0|0
|-0.22244413811979064||-0.3514437524489714|-1.2855446087331555|-0.3521880190186857|0.7011951676812563|-0.3790148850016222|2.109515137157611|-0.36677066216653487|-0.2946767077768005|-0.3380027018099706|-0.284434280119735|-0.2969785945702858||1.0|0.0|0.0|0.0|0.0|0.0|1.0|0.0|0.0|1.0|0.0|0.0|0.0|0.0|1.0|0
-0.26783652697849325|0.571781745696988|-0.35516781562565447|-1.4925803936428412|||-0.3519175650294772|-0.36502501072084875|||-0.30842081841942987|-0.35206367511523673|-2.664877861112689|-0.3114786336227269|-1.0552724526192871|1.0|0.0|0.0|0.0|0.0|1.0|0.0|0.0|0.0|0.0|1.0|0.0|1.0|0.0|0.0|0
|||0.5099542088841982||-0.34698137592710104|-1.5418033637454291|-0.3738025286163663||||-1.2949523707569386|-0.23033328964262237|0.5975974989703148|-0.2718648529896093|0.0|1.0|0.0|0.0|0.0|0.0|1.0|1.0|0.0|0.0|0.0|0.0|0.0|1.0|0.0|0
-0.24602963666534647|-0.22244413811979064|-0.3554379322671771||0.4674939181828317|0.0728616495424826||0.5187063218702717|-0.3113913743720274|-0.36865255830483507|||3.083352377080524|-0.2962154346201573|-0.2718648529896093|0.0|1.0|0.0|1.0|0.0|0.0|0.0|1.0|0.0|0.0|0.0|1.0|0.0|0.0|0.0|0
|-1.5020302842690452||-0.3510329761202479||-0.34828303669999716||-1.6587499169920574|||-0.29748069021559775|||1.3073362525897982|0.5115427466400685|1.0|0.0|0.0|0.0|0.0|0.0|1.0|0.0|0.0|0.0|1.0|0.0|1.0|0.0|0.0|0
-0.24697776233113547||-0.3407165753041942|||-0.3613762127097175||-0.3882211248509055|||0.9279056024640462|1.5071987379353795|-0.24385853726190052|-0.32170497695444844|1.2949503462697463|0.0|1.0|0.0|0.0|0.0|0.0|1.0|0.0|0.0|0.0|1.0|0.0|0.0|1.0|0.0|0
|-0.1571411210059666|-0.3608627748177564||-1.0619101069325376||-0.34154992737310497||-0.30778745672624797|-0.36338324911759456||||-0.29453648272987465|0.5115427466400685|0.0|1.0|0.0|0.0|0.0|0.0|1.0|0.0|0.0|0.0|1.0|0.0|1.0|0.0|0.0|0
-0.2526665163258694|-0.22244413811979064|-1.6037369716237226|0.3559130856128875||-0.3615293492712347|1.9473054629183038|0.4780905578293163|-0.3282432127492193|-0.3630068698899345||-0.36652639051493907||0.029043336124599497|0.5115427466400685|1.0|0.0|0.0|0.0|1.0|0.0|0.0|0.0|0.0|0.0|1.0|0.0|0.0|0.0|1.0|0
|-0.22244413811979064|-0.32225860480014834|-0.35760539737982383|-0.2989796568439362||-0.34513872502338766||-0.3288874885294703||0.39928596236291686|-0.34081489647102386|-2.326746670630735|-0.299878602380774|0.5115427466400685|1.0|0.0|0.0|0.0|0.0|1.0|0.0|0.0|0.0|0.0|1.0|0.0|0.0|1.0|0.0|0
||-0.3384430935713788|||-0.3468473814357735|1.5884256978900342|-1.6948528183617955||||||-0.2775943318370225||0.0|1.0|0.0|0.0|0.0|1.0|0.0|0.0|0.0|0.0|1.0|0.0|1.0|0.0|0.0|1
-0.26878465264428225||||-0.32450901713985003|||-0.3867093158560477||-0.3551029061090738|-0.3066740752608348||-0.2709090325004568|-1.4018815703662946|-0.2718648529896093|0.0|1.0|0.0|0.0|1.0|0.0|0.0|0.0|0.0|0.0|1.0|0.0|0.0|1.0|0.0|0
|||||-0.3636158349219065|-0.3391573956062498|2.975960046348071|||||1.7308276151527089|||0.0|1.0|0.0|1.0|0.0|0.0|0.0|1.0|0.0|0.0|0.0|0.0|1.0|0.0|0.0|0
-0.2721030924745437||1.014143479133026||-0.3518166758838171|-0.3449140323466189||-0.37172661178760635|-0.3299344366723783|||1.7884182040407017|-1.3123530991848742|-0.29652069860020874|-0.2718648529896093|1.0|0.0|0.0|0.0|0.0|1.0|0.0|0.0|0.0|0.0|1.0|1.0|0.0|0.0|0.0|0
-0.26262183581665377||-0.33675486456186243|||-0.349986680946876||||-0.3532210099707736|-0.3108110985311915|-1.2849088183960342|0.37830285322489426|-0.3039996661114678||0.0|1.0|1.0|0.0|0.0|0.0|0.0|1.0|0.0|0.0|0.0|0.0|0.0|0.0|1.0|0
-0.2721030924745437|||2.0914430744696553|2.2461291651844317|2.2488364783508956|-0.3539113415018565|-0.37145584002733334||||0.6133225778148909||||1.0|0.0|0.0|0.0|0.0|1.0|0.0|0.0|0.0|0.0|1.0|0.0|0.0|0.0|1.0|1
-0.23891869417192907|-0.15890606741444835|1.3557284820585087|1.4547397649482374||-0.3592131587782871|0.5018175204433287||-0.3209145757488634|-0.3603722152963143|1.5530557855401643|||-1.8025405441837448|-0.2718648529896093|1.0|0.0|0.0|1.0|0.0|0.0|0.0|0.0|0.0|1.0|0.0|0.0|1.0|0.0|0.0|0
-0.24934807649560795|-0.22244413811979064|-1.5243902081764522|2.6459911182463736|-0.31984771969268055||-0.3379611297228223|||-0.36978169598781513|||-0.21680804202334422|1.0707566680499705|1.2949503462697463|1.0|0.0|0.0|1.0|0.0|0.0|0.0|1.0|0.0|0.0|0.0|1.0|0.0|0.0|0.0|0
|||0.7564200061182954|1.349570364290991||3.3230112288600044|-0.38995857697932407||-0.3551029061090738||||||0.0|1.0|0.0|0.0|0.0|1.0|0.0|1.0|0.0|0.0|0.0|0.0|0.0|0.0|1.0|0
-0.2502962021613969||-0.34683921917870697|0.3867213102671496|-0.323983610780198||-0.34753125679024277|||-0.3532210099707736|||-0.25738378488117863|2.8336561528467517||0.0|1.0|1.0|0.0|0.0|0.0|0.0|0.0|0.0|0.0|1.0|0.0|1.0|0.0|0.0|0
1.41366434129828|-0.1853802635416743|-1.4388532716942886|-0.34938987080535394|-0.323323484841148|-0.3334287902328291|-0.35112005444052546||-0.3201696318779481|-0.3551029061090738|-0.3066740752608348|||-0.2730153721362516||0.0|1.0|1.0|0.0|0.0|0.0|0.0|1.0|0.0|0.0|0.0|0.0|0.0|0.0|1.0|0
||||-0.31812330907638664||-0.3403536614896774|-0.35787212338696933|-0.30833106441583485|1.7831074862275842||-0.3512601909263644||-0.3105628416825727||1.0|0.0|0.0|0.0|0.0|1.0|0.0|0.0|0.0|1.0|0.0|0.0|0.0|0.0|1.0|1
-0.21189711269694286||-0.33797038944871416|-0.36212393699578227|||-0.33835988501729813|-0.3893493405187098||-0.3660179037112148|-0.314166684072703||-0.25738378488117863|||0.0|1.0|0.0|1.0|0.0|0.0|0.0|0.0|0.0|1.0|0.0|0.0|0.0|1.0|0.0|0
|-0.22244413811979064|||-0.32848324473208995|-0.3678079482934397|||-0.32385408399625887||-0.31044336312938203||-0.18975754678478793|||0.0|1.0|0.0|1.0|0.0|0.0|0.0|1.0|0.0|0.0|0.0|0.0|0.0|0.0|1.0|0
-0.2147414896943098|||2.6870687511187232|||3.3230112288600044|-0.3874539381967985|2.7789579400747324||-0.2809325971341711||-0.2709090325004568|-0.2986575464605684|-0.2718648529896093|0.0|1.0|0.0|0.0|0.0|0.0|1.0|0.0|0.0|0.0|1.0|0.0|0.0|0.0|1.0|0
2.1721648739294714|-0.22244413811979064||-0.341174344230884|-0.3124516147837324|-1.800189918514726|-0.34872752267367035|-0.3682742718441252|1.493426422292531|-1.1432410088291869||-0.34161838065989625||-0.3006417623309025|-1.0552724526192871|0.0|1.0|0.0|0.0|1.0|0.0|0.0|0.0|0.0|0.0|1.0|1.0|0.0|0.0|0.0|1
-0.24081494550350704|-0.22244413811979064|||-0.35341983887865286|-0.36602773576580233|-1.6215544226406002||-0.31745159343001395|-0.3592430776133342|-0.30387009282203753|||1.7576006231655996||1.0|0.0|0.0|0.0|0.0|1.0|0.0|0.0|0.0|0.0|1.0|1.0|0.0|0.0|0.0|0
||-0.33828552553049057|1.5985114800014608|-0.31528072595108964|-0.3585431863216494|-0.3319798003056844|||2.4982280187816506|||||-0.2718648529896093|0.0|1.0|0.0|0.0|0.0|1.0|0.0|0.0|0.0|0.0|1.0|0.0|0.0|1.0|0.0|0
-1.6440409308712118|||1.3520456827673635|-0.3272438246016287|-0.38628004602645155|-0.35112005444052546|-0.4131772554227369||-0.3532210099707736|-0.3082829176437513|||1.185230660569242|-0.2718648529896093|1.0|0.0|0.0|0.0|0.0|1.0|0.0|1.0|0.0|0.0|0.0|0.0|0.0|1.0|0.0|0
|-0.22244413811979064|0.1165683890734786|-0.34528210751811894||-0.3477662008048767||-0.3745922795838293||-0.36488876602823467|-0.310213528503251||3.4214835675624777||2.8617655455291016|1.0|0.0|0.0|0.0|0.0|1.0|0.0|0.0|0.0|0.0|1.0|0.0|0.0|1.0|0.0|1
-0.23749650567324557|-0.8401753810883963||1.2698904170226646|0.09297348745649593||-0.34434121443443594|-0.38246722494510343|||0.9233089099414277||2.4070899961166163|-0.30567861800175045|-0.2718648529896093|0.0|1.0|1.0|0.0|0.0|0.0|0.0|0.0|0.0|1.0|0.0|0.0|0.0|0.0|1.0|0
-0.24128900833640152|||-0.3506221997915244|-0.3159543238480794|-0.34014765686939613||2.451339760819064||1.6701937179295736|||||0.5115427466400685|0.0|1.0|1.0|0.0|0.0|0.0|0.0|0.0|0.0|1.0|0.0|1.0|0.0|0.0|0.0|0
-0.25408870482455287|-0.22244413811979064|-0.35991736657242723||2.5128739323923974|||||-0.3611249737516343|-0.3075014799149062|-1.6766073604713043|-0.2709090325004568|0.986809073535838||0.0|1.0|1.0|0.0|0.0|0.0|0.0|0.0|0.0|0.0|1.0|0.0|0.0|0.0|1.0|0
-1.3833063727792396|-0.22244413811979064|||||-0.3355685979559671|-0.40656591160940364|||-0.30253705199047815|-1.3451701325614605|1.0545652341888017||0.5115427466400685|0.0|1.0|0.0|0.0|0.0|0.0|1.0|1.0|0.0|0.0|0.0|1.0|0.0|0.0|0.0|0
|-1.5020302842690452|-0.3415719446690158|||2.0344452922268204|-0.3307835344222569||-1.2100151524953315|||||||1.0|0.0|0.0|0.0|1.0|0.0|0.0|0.0|0.0|1.0|0.0|0.0|0.0|1.0|0.0|0
-0.2502962021613969||-0.34190959047091907|||-1.1723300162942207|0.4420042262719505|-1.2006943558635053|2.3571586401916136|||||0.9486510760294141||0.0|1.0|0.0|0.0|0.0|1.0|0.0|0.0|0.0|0.0|1.0|0.0|0.0|0.0|1.0|0
-0.2517183906600804|-0.1730256386823022||-0.35472996307875937||-0.3683822103991292||-0.3952611906180044||||-0.38098910591464136||-0.34108923968771176||1.0|0.0|1.0|0.0|0.0|0.0|0.0|1.0|0.0|0.0|0.0|0.0|0.0|1.0|0.0|0
||-0.35275927557207776|-0.36499937129684673|-0.3300055759792869|-1.0230218688149542|||||1.6541830210377717|-0.3424218648487686|2.4070899961166163||1.2949503462697463|0.0|1.0|0.0|0.0|0.0|0.0|1.0|0.0|0.0|0.0|1.0|1.0|0.0|0.0|0.0|0
0.6314606670223634|-0.22244413811979064||1.0028858033523926|-0.3293454500402369|||-0.4048058951676289|-0.31048536155604933|-0.35999583606865426||-1.2949523707569386||0.5975974989703148|0.5115427466400685|0.0|1.0|0.0|0.0|0.0|0.0|1.0|0.0|0.0|1.0|0.0|1.0|0.0|0.0|0.0|0
|-0.22244413811979064||1.2493516005864898|-0.329668777030792|-0.3654151895197335||2.7954455394993807|-0.32411582103198594|-0.3618777322069544|-0.31071916468073907||||-0.2718648529896093|0.0|1.0|0.0|1.0|0.0|0.0|0.0|0.0|0.0|0.0|1.0|0.0|0.0|0.0|1.0|0
-1.1818296687990792|-0.14125660332963105|-0.34001877398026076|-0.3682855819266347|-0.3170455524412029|-0.3590983063571492|1.8276788745755472|-0.38594212920194076|0.8843844737739472||2.208084470013303|||-0.3032365061613393|-1.0552724526192871|0.0|1.0|0.0|0.0|0.0|1.0|0.0|0.0|0.0|0.0|1.0|0.0|0.0|1.0|0.0|0
-0.244607448166663|-0.22244413811979064|1.9212852002464995|3.262155611331617|||-0.35470885209080816|-0.3772999971865597||-0.3471989423282131|-1.2267940175133831|1.4469374237699533|-0.24385853726190052|-0.3035417701413907||0.0|1.0|0.0|0.0|0.0|0.0|1.0|1.0|0.0|0.0|0.0|0.0|0.0|0.0|1.0|0
|-0.22244413811979064|||-1.2804926245057318||||-0.33337728537309497|-0.3603722152963143|2.1690125835710456||1.7308276151527089|-0.283852243428076||0.0|1.0|0.0|0.0|0.0|1.0|0.0|0.0|0.0|0.0|1.0|0.0|0.0|1.0|0.0|1
||-0.3425623723545988||-1.5273662537524977||||||-0.31559165875471473|-0.3625089695705773||-0.32216287292452556||0.0|1.0|0.0|0.0|0.0|0.0|1.0|0.0|0.0|0.0|1.0|1.0|0.0|0.0|0.0|0
||-0.375268995698963|-0.35472996307875937||||0.848709404703034|-0.30867333592409324|2.008935022823605||1.9491150418151715|||1.2949503462697463|1.0|0.0|0.0|0.0|0.0|0.0|1.0|0.0|0.0|0.0|1.0|0.0|0.0|1.0|0.0|0
||0.5678882776175269||-0.32717646481192975|0.6801438263091146|-0.33835988501729813||0.49630898426334547|||||-0.2940785867597976||0.0|1.0|0.0|0.0|0.0|1.0|0.0|0.0|0.0|1.0|0.0|1.0|0.0|0.0|0.0|0
|-0.22244413811979064||||-0.35687782621514985|1.7878033451279618|-0.3837308264930443|-0.30450567697059416|||-0.32996785992124716|-0.18975754678478793|||0.0|1.0|0.0|0.0|0.0|0.0|1.0|1.0|0.0|0.0|0.0|1.0|0.0|0.0|0.0|1
||-0.3568110251949171|0.8283058636449071|-0.3341279951088646|-0.342176716309499|-0.3435437038454842||0.9447853281724845||-0.31862547581964296|-1.696694465193113|-0.18975754678478793|||0.0|1.0|0.0|0.0|0.0|0.0|1.0|1.0|0.0|0.0|0.0|1.0|0.0|0.0|0.0|0
-0.2630958986495483|4.895900446477227|-0.3561807530313643|-0.34980064713407744|-0.3334948130856942|0.7385271403875457|-0.3630827132748011||-1.5663801934467012|-0.36564152448355475||-0.3544741276818538||||1.0|0.0|0.0|1.0|0.0|0.0|0.0|0.0|0.0|1.0|0.0|0.0|0.0|1.0|0.0|0
-0.27968809780085563||0.6686192751853381|||-0.34996753887668636|3.0438825227269057|-0.3768035822927258|1.7440899680464605|-0.3532210099707736||||-0.2974364905403629|-1.0552724526192871|1.0|0.0|0.0|1.0|0.0|0.0|0.0|0.0|0.0|0.0|1.0|0.0|0.0|1.0|0.0|0
-0.24034088267061254|-0.22244413811979064|-0.3553028739464158|0.17106373768731462|-0.3326056638616676||-0.35231632032395305||||-1.1888713042017804|3.1141671156800776||-0.30522072203167333||1.0|0.0|0.0|0.0|0.0|0.0|1.0|0.0|0.0|0.0|1.0|0.0|0.0|0.0|1.0|0
-0.24982213932850245|-0.22244413811979064|2.2206644779340725|||-0.3687267676625429|1.7279900509565833|-0.3955996553183457|-0.3036600650090146||-0.28971227985237247|||0.8532560822633545||0.0|1.0|0.0|0.0|0.0|1.0|0.0|0.0|0.0|0.0|1.0|0.0|0.0|0.0|1.0|0
-1.359603231134515|||-0.3596592790234413||-0.3680376531357155|-0.3539113415018565|2.533699504568779||||-0.32996785992124716|0.7164340437068479|||1.0|0.0|0.0|0.0|0.0|0.0|1.0|0.0|0.0|0.0|1.0|1.0|0.0|0.0|0.0|0
1.4966253370548164|-0.22244413811979064|||-0.33026154318014306||-0.33835988501729813|-0.37971437871566094|0.6271775021268429|2.2535815208026277|0.6670433018054454|-0.35005496464305585|-0.21680804202334422|-0.3093417857623671|2.0783579458994237|0.0|1.0|0.0|0.0|1.0|0.0|0.0|0.0|0.0|0.0|1.0|0.0|0.0|0.0|1.0|0
|-0.17126069227382046|-0.3385331324518863||-0.31553669315194577|0.6442524447035217|-0.34154992737310497||1.559867362130922|-0.36225411143461445|1.6243045196407513||-0.21680804202334422||-0.2718648529896093|0.0|1.0|0.0|1.0|0.0|0.0|0.0|0.0|0.0|0.0|1.0|0.0|1.0|0.0|0.0|1
|-0.1571411210059666|0.9612456368348458||-0.31115830682151197|-1.459461069138964||0.6394253983253334|-0.31978709313342407||0.6325681078858065|||-0.3110207376526498|0.5115427466400685|0.0|1.0|0.0|0.0|0.0|0.0|1.0|1.0|0.0|0.0|0.0|0.0|0.0|0.0|1.0|0
|||-0.34815754181918346||-0.35923230084847674|-0.3598926709189943|||-0.3637596283452546|0.8601043877554231||1.3926964246707552|-0.30812072984216154||0.0|1.0|0.0|0.0|0.0|0.0|1.0|1.0|0.0|0.0|0.0|0.0|1.0|0.0|0.0|0
-0.2142674268614153|1.3218839693017235|2.49753403549476|||2.229694408161246||-0.37183943335438685||||-0.345635801604258||-0.30476282606159627||1.0|0.0|1.0|0.0|0.0|0.0|0.0|0.0|1.0|0.0|0.0|0.0|1.0|0.0|0.0|0
|||-0.34487133118939545||-0.3418704431864646|-0.33716361913387055||1.6031546411165405|||-0.32474521269357687||-1.783461545430533||0.0|1.0|0.0|0.0|1.0|0.0|0.0|0.0|0.0|1.0|0.0|1.0|0.0|0.0|0.0|0
1.5203284786995412||1.8109875716247619||0.7527626275580173|-0.36796108485495693|||-0.32910895832893167|-0.36338324911759456|-0.31582149338084564|-0.3343870229600451||2.0476014042144204||0.0|1.0|0.0|0.0|0.0|0.0|1.0|0.0|0.0|1.0|0.0|1.0|0.0|0.0|0.0|0
-0.24081494550350704||-0.3221910756397677|||-1.2996247830553902|3.2033846405172475|0.4792187734971206|||-0.29017194910463434||-0.24385853726190052||-1.0552724526192871|0.0|1.0|0.0|0.0|0.0|0.0|1.0|0.0|0.0|1.0|0.0|1.0|0.0|0.0|0.0|1
||-0.3451509901691906|-0.35719462105110034||-0.36043825127042467|0.481879755719536||-1.708825541736585|-1.5384391978722234|-0.28985018062805107|-0.329566117826811||-0.28827857113882116||1.0|0.0|0.0|1.0|0.0|0.0|0.0|1.0|0.0|0.0|0.0|1.0|0.0|0.0|0.0|0
-0.23322994017719512|-0.22244413811979064||3.221077978459267||0.9787601212676479|-1.4919589519359473|-0.39690838549299867|-1.1481042767368308||-0.31287961016636984|-0.33478876505448124|0.7164340437068479||-0.2718648529896093|1.0|0.0|0.0|0.0|1.0|0.0|0.0|0.0|0.0|0.0|1.0|0.0|0.0|0.0|1.0|0
|-0.16420090663989353|||2.0339458276326408||-0.3295872685388293|-0.39629914903238433|2.0783080290517||-0.320372218978238||-0.25738378488117863|-0.2974364905403629|0.5115427466400685|0.0|1.0|0.0|0.0|0.0|1.0|0.0|1.0|0.0|0.0|0.0|0.0|1.0|0.0|0.0|0
|-0.22244413811979064|2.0394612309126465|||-0.3695498766806979|||-0.3045862114431255|||||||0.0|1.0|0.0|1.0|0.0|0.0|0.0|1.0|0.0|0.0|0.0|1.0|0.0|0.0|0.0|0
|-0.22244413811979064|-1.2964792918917396||3.3306217793380295|||-1.482184164980682||2.535865941547654||0.1312320644914813|-0.2709090325004568||-1.0552724526192871|0.0|1.0|0.0|0.0|0.0|0.0|1.0|0.0|0.0|0.0|1.0|1.0|0.0|0.0|0.0|0
||0.4232633258022894||-0.3330637104316207|-0.3541596522482196||-0.3810005445769578|0.3699705304797384|-0.37279272980909545|-0.31545375797903613||-0.24385853726190052||1.2949503462697463|1.0|0.0|0.0|0.0|1.0|0.0|0.0|0.0|0.0|1.0|0.0|1.0|0.0|0.0|0.0|0
|3.0427067175714106|||-0.3156579407734039|-0.36208446930673455|-0.3459362356123394|-0.3889431828783002||-0.3690289375324951||-0.3645176800427582|-0.2709090325004568|||1.0|0.0|1.0|0.0|0.0|0.0|0.0|0.0|0.0|1.0|0.0|0.0|0.0|0.0|1.0|1
-0.2517183906600804|-0.22244413811979064|-0.3305421818068421|||||||0.3528664211194518|-0.293803336197503|2.5919023929130507||||0.0|1.0|0.0|0.0|1.0|0.0|0.0|1.0|0.0|0.0|0.0|0.0|0.0|0.0|1.0|0
|-0.22244413811979064|-0.36284363018892235|0.8283058636449071|0.9245300912904195|-0.35588243856528806|-0.3419486826675808||0.40772106447882417|2.460590096015647||2.2303345079204937|3.083352377080524||-0.2718648529896093|0.0|1.0|0.0|1.0|0.0|0.0|0.0|0.0|0.0|0.0|1.0|0.0|0.0|0.0|1.0|0
0.6077575253776386|-0.22244413811979064||-0.3424066732170545|||3.2831356994124192||||1.8334540294198938|0.9949775675292568||-0.2846154033782045||0.0|1.0|0.0|0.0|0.0|1.0|0.0|0.0|0.0|0.0|1.0|1.0|0.0|0.0|0.0|1
|-0.22244413811979064||||||||1.3502713744185442||-1.777042884080348|-0.24385853726190052|-1.7720141461786059||1.0|0.0|1.0|0.0|0.0|0.0|0.0|0.0|0.0|0.0|1.0|1.0|0.0|0.0|0.0|0
|-0.22244413811979064||1.9065937265440822||-0.3535279639319612|-0.35789889444661505|-0.3803687438029874|||-1.3463080231014646|-0.34282360694320474|||-1.0552724526192871|0.0|1.0|0.0|0.0|0.0|0.0|1.0|0.0|0.0|0.0|1.0|1.0|0.0|0.0|0.0|0
||-0.36964156566724166||-0.8386124040804148|-0.3420618638883611|||||0.5854520095289667|-0.8630796192380508|-0.24385853726190052|||0.0|1.0|0.0|0.0|0.0|0.0|1.0|0.0|0.0|0.0|1.0|0.0|0.0|1.0|0.0|0
|-0.1624359602314118|-1.21206784141592|1.7422831950546842||0.4609671226376273|1.668176756785205|||-0.36564152448355475||-0.31831733918259814|2.4070899961166163|1.265362455332732|0.5115427466400685|1.0|0.0|0.0|1.0|0.0|0.0|0.0|1.0|0.0|0.0|0.0|0.0|1.0|0.0|0.0|0
||1.6140275205145165|||-0.3545616357222023||1.7292817334243022|||-0.28203580333959954||-0.21680804202334422|||0.0|1.0|1.0|0.0|0.0|0.0|0.0|0.0|0.0|1.0|0.0|1.0|0.0|0.0|0.0|0
||0.47559842509729755|-0.3592485026947178|-0.3309216691191931||-0.3563038732687116|-0.3872734236899498|||2.306913359249601|1.6678955757098493|||2.8617655455291016|1.0|0.0|0.0|0.0|1.0|0.0|0.0|0.0|0.0|1.0|0.0|0.0|1.0|0.0|0.0|0
-0.2356002543416676||0.45984162100847786||-0.3315683231003033|-0.3597874208839766|0.9404483443667694|3.359553373401538|0.4927856010900975|-0.35623204379205387|-0.3103973962041558||||-0.2718648529896093|0.0|1.0|1.0|0.0|0.0|0.0|0.0|0.0|0.0|1.0|0.0|1.0|0.0|0.0|0.0|0
2.7410402734028656||||-0.3248323441304052|-0.37314858587635197|-0.34872752267367035|2.02148959138562|2.032000707346155|-0.35547928533673384|-0.2962855501597169||-1.3123530991848742|-0.3101049457124956|-1.0552724526192871|0.0|1.0|1.0|0.0|0.0|0.0|0.0|0.0|0.0|0.0|1.0|0.0|0.0|0.0|1.0|0
-0.28679904029427306|-0.16773079945685698|-1.8811692721875828|-0.35514073940748286|-0.3053249490335802|0.30878766462991336|-0.34753125679024277|||||-0.3291643757323748|-0.284434280119735|-0.2879733071587698||0.0|1.0|0.0|0.0|0.0|0.0|1.0|1.0|0.0|0.0|0.0|0.0|0.0|0.0|1.0|0
-0.24271119683508502||-0.3592645846887476||-0.3366337792856667|-0.3719043513140248|-0.3399549061952015||1.7622102243660218||-0.3018015811868592||-0.2709090325004568|-0.2940785867597976||0.0|1.0|0.0|1.0|0.0|0.0|0.0|1.0|0.0|0.0|0.0|0.0|0.0|1.0|0.0|0
1.7929146076138758|-0.22244413811979064|-1.2970420348949119|-0.35596229206492985|-0.3290894828393808||-0.3423474379620567||0.680028249725563||0.721054438946213||-0.24385853726190052||0.5115427466400685|1.0|0.0|0.0|0.0|0.0|1.0|0.0|0.0|0.0|1.0|0.0|1.0|0.0|0.0|0.0|0
||-0.3510035174021807||||-1.4421145401264654||-0.31588117121565196||-0.30226125043912105|0.6032790254539866|0.7164340437068479|-0.3006417623309025||0.0|1.0|0.0|0.0|0.0|0.0|1.0|0.0|0.0|1.0|0.0|0.0|0.0|0.0|1.0|0
-0.2536146419916584|||-0.35596229206492985||-0.3572606676189428|-0.35231632032395305|1.5938958532877845|-0.32149845067471594|-0.3652651452558947|-0.3080071160923942||||-1.0552724526192871|1.0|0.0|0.0|0.0|0.0|0.0|1.0|0.0|0.0|0.0|1.0|0.0|0.0|0.0|1.0|0
|-0.22244413811979064|||-1.5903476571210455|2.139726678269893|3.3230112288600044||||2.1345373896514066|-1.9477832742157224|-0.20328279440406608||-1.0552724526192871|0.0|1.0|0.0|1.0|0.0|0.0|0.0|0.0|0.0|0.0|1.0|0.0|0.0|0.0|1.0|0
-0.24034088267061254|-0.18008542431622912|-0.3419546099111729|||-0.3555761654422537|-1.3723323635931908||-0.3143912834738214|-0.36413600757291464|||-1.650484289666828||-0.2718648529896093|1.0|0.0|0.0|0.0|1.0|0.0|0.0|0.0|0.0|0.0|1.0|0.0|1.0|0.0|0.0|0
|-0.18361531713319257|1.0349649702503947|-0.34774676549045996||-0.36350098250076857||-0.39036473461973364|-0.3259681139002077|-0.34494066696225284||-1.2346910565915123|-0.24385853726190052|1.414178645607785||0.0|1.0|0.0|1.0|0.0|0.0|0.0|0.0|0.0|0.0|1.0|0.0|1.0|0.0|0.0|0
-0.22043024368904376||-0.3351791841529804|-0.36335626598195275|-0.3121282877931773||-0.3706590638698424|-0.380774901443397|-1.215048557028543|-0.3611249737516343|3.1756882460245004|-0.3191208233714704||||0.0|1.0|1.0|0.0|0.0|0.0|0.0|0.0|0.0|1.0|0.0|0.0|0.0|1.0|0.0|0
-0.2512443278271859||-0.34499342212830236||-0.32211100862656633|0.8237093527314863||2.0237460227212285|-0.3265318552079274|||-1.1342555329824686|-0.23033328964262237|-1.1156965890681156||0.0|1.0|0.0|1.0|0.0|0.0|0.0|0.0|0.0|0.0|1.0|1.0|0.0|0.0|0.0|0
-0.23085962601272264|3.2192013584195838||-0.34363900220322496|||||0.1696410300579232|-1.2843832192017|||-0.24385853726190052|3.413657714944394|-1.0552724526192871|0.0|1.0|0.0|0.0|0.0|1.0|0.0|1.0|0.0|0.0|0.0|0.0|0.0|1.0|0.0|0
-0.2555108933232364|||-0.3539084104213124|||0.09309334360557721|-0.38409185550674163|-0.3061767672756203|-0.36865255830483507|-0.2922864276650389|-0.35688458024847086||0.27707031991635445|1.2949503462697463|0.0|1.0|0.0|0.0|0.0|0.0|1.0|0.0|0.0|1.0|0.0|0.0|0.0|1.0|0.0|1
||-0.33520169387310733|||-0.3483213208403765|||0.16108424235146376|-1.4443443909572147|||-0.24385853726190052|-0.29362069078972053||0.0|1.0|0.0|0.0|0.0|0.0|1.0|0.0|0.0|1.0|0.0|1.0|0.0|0.0|0.0|0
|-0.22244413811979064||-0.3526760814351419||-0.3583326235495632|0.1329688730531627|1.5408697169009817||-1.2749737385101991||||-0.30186281825110806||0.0|1.0|0.0|0.0|0.0|0.0|1.0|0.0|0.0|0.0|1.0|0.0|0.0|0.0|1.0|0
-0.2673624641455987|-0.15361122818900316||-0.3350126993000316|-0.31870260326779787|-1.0091438679274582|2.4856251104607083|2.026002454056837|-1.3605139480383535|-0.35472652688141376|-0.30419186129862075|-0.34402883322651323||3.444184112949533||0.0|1.0|0.0|0.0|0.0|1.0|0.0|0.0|0.0|0.0|1.0|0.0|0.0|1.0|0.0|0
1.769211465969151|||-0.3670532529404642|-0.3056617479820751|-0.3777618247920575||-0.4046479449741363|-1.4053112483839354||-1.4210042765940154|-1.2346910565915123||||0.0|1.0|0.0|1.0|0.0|0.0|0.0|0.0|0.0|0.0|1.0|0.0|0.0|1.0|0.0|0
-0.24745182516402997||0.6438585830457645||-0.32407791448577655|-0.3601319781473903|||3.2682048607028835|0.4751896701089631|3.377942717019715|-1.4355621038095996|1.3926964246707552|-0.2977417545204143||0.0|1.0|0.0|0.0|1.0|0.0|0.0|1.0|0.0|0.0|0.0|0.0|1.0|0.0|0.0|0
|-0.22244413811979064||||-0.3603999671300454||-0.38725085937659376|-0.31125043904509747|0.40932330526845706|-0.29748069021559775||3.083352377080524|-0.30232071422118517||0.0|1.0|0.0|0.0|0.0|0.0|1.0|1.0|0.0|0.0|0.0|0.0|0.0|0.0|1.0|1
||-0.3486850162291116||-0.3258696848917695|||||||-0.3436270911320771||||0.0|1.0|0.0|1.0|0.0|0.0|0.0|0.0|0.0|1.0|0.0|0.0|0.0|1.0|0.0|0
-0.23133368884561714|-0.22244413811979064|||-0.31053859675628137||||-0.329189492801463||-0.31591342723129806|1.487111633213571||||0.0|1.0|0.0|1.0|0.0|0.0|0.0|1.0|0.0|0.0|0.0|0.0|0.0|1.0|0.0|0
-0.2768437208034886|-0.22244413811979064||||0.23126228036183266|-0.34513872502338766||||-1.310683656051171|||1.6965478271553214|-1.0552724526192871|0.0|1.0|0.0|0.0|0.0|1.0|0.0|1.0|0.0|0.0|0.0|0.0|0.0|1.0|0.0|0
-0.2270671233495667|-0.22244413811979064|-0.3571261612766935|-0.3514437524489714|0.4247204517239786|-0.36606601990618165|-0.3455374803178635|-0.3929370663423275|-0.33069951416142646|||2.9534702779056086|1.0545652341888017|-0.30689967392195605|-0.2718648529896093|0.0|1.0|0.0|0.0|0.0|0.0|1.0|0.0|0.0|0.0|1.0|0.0|0.0|0.0|1.0|0
-0.24128900833640152|||2.440602953884626|||-0.3375623744283464|1.038249636894159|-0.31811600282839786|-0.36752342062185495|-0.3045595967004303|||-0.30186281825110806||1.0|0.0|1.0|0.0|0.0|0.0|0.0|0.0|0.0|0.0|1.0|0.0|0.0|0.0|1.0|1
||-1.9768355827268447|||-1.124953392574838||-0.39532888355807266||-1.2749737385101991|1.987443228927614|||-0.2916364749193865|-0.2718648529896093|1.0|0.0|0.0|0.0|0.0|0.0|1.0|1.0|0.0|0.0|0.0|0.0|0.0|0.0|1.0|0
1.2003360664957572|-0.22244413811979064||-0.3608916080096118|-0.31771915033819276|-0.3520540245273582||||1.7831074862275842|-0.2917807914875508|0.8543678344765957|0.37830285322489426|||0.0|1.0|0.0|1.0|0.0|0.0|0.0|0.0|0.0|0.0|1.0|0.0|0.0|0.0|1.0|0
-0.22090430652193827||-0.34384542640183124||-1.4946967557484923|-1.020150558286507|||0.4283580230649911|||0.3622337687922817|1.0545652341888017|-0.3105628416825727|1.2949503462697463|0.0|1.0|0.0|1.0|0.0|0.0|0.0|0.0|0.0|0.0|1.0|0.0|0.0|1.0|0.0|0
||-0.34199962935142664|3.5086214085657135||2.793428375246425|2.166620874880024|||0.3905043438854553|-0.2955960462813242|||||0.0|1.0|1.0|0.0|0.0|0.0|0.0|1.0|0.0|0.0|0.0|0.0|0.0|0.0|1.0|0
|||-0.34856831814790695|-0.32444165735015107|-0.35389166326556454|0.8407595207478056|||-0.34682256310055304|2.37126705456626|-0.34402883322651323||||1.0|0.0|0.0|0.0|0.0|0.0|1.0|0.0|0.0|1.0|0.0|0.0|0.0|1.0|0.0|0
-1.715150355805386|-0.22244413811979064|||1.076763216010117|-0.3688033359433015||1.0162494313719748||0.5034181121834658|-0.31398281637179826||||0.5115427466400685|0.0|1.0|0.0|0.0|0.0|1.0|0.0|0.0|0.0|0.0|1.0|0.0|0.0|1.0|0.0|0
||-1.4788080249195097|||-0.3747948039126618||-0.9947949964892177|1.0102195871042332|0.7668835715454901||-0.34402883322651323|||-1.0552724526192871|0.0|1.0|0.0|0.0|1.0|0.0|0.0|0.0|0.0|1.0|0.0|0.0|0.0|0.0|1.0|0
|-0.22244413811979064||-0.33829890992981954|-0.313138684638662||-0.35590511797423574|-1.3293109419931972|||-0.3025830189157043|-0.3315748282989919|1.0545652341888017||-0.2718648529896093|0.0|1.0|0.0|0.0|0.0|0.0|1.0|0.0|0.0|0.0|1.0|0.0|0.0|0.0|1.0|0
-1.489970510180501|2.6897174358750644||-0.34938987080535394||-0.36139535477990714||1.3874323860795945||-0.3660179037112148|-0.3029507543175138||-0.24385853726190052|||0.0|1.0|0.0|0.0|0.0|0.0|1.0|0.0|0.0|1.0|0.0|0.0|1.0|0.0|0.0|0
-0.2777918464692776|4.366416523932708|1.1126235046881487||-0.3050016220430251|-0.35308769631759923|-0.34274619325653255|0.6896309955426255|-0.31501542563593965|-0.3630068698899345|1.8564374920329865|-0.3155051445215449|-0.24385853726190052|3.0168145408775864|-0.2718648529896093|0.0|1.0|0.0|0.0|0.0|0.0|1.0|0.0|0.0|0.0|1.0|0.0|0.0|0.0|1.0|0
|-0.15890606741444835||||-0.3551550398980814|-0.3355685979559671|||-1.2373358157441956|-0.323865705295428|-0.33318179667673653|-0.21680804202334422|-0.29209437088946355||0.0|1.0|0.0|0.0|0.0|0.0|1.0|0.0|0.0|1.0|0.0|0.0|0.0|1.0|0.0|0
-0.22137836935483274|||-1.482310985424754||0.2929954567234526|0.481879755719536||0.44849164119783685||-0.31223607321320324||||-1.0552724526192871|0.0|1.0|0.0|0.0|0.0|1.0|0.0|0.0|0.0|1.0|0.0|1.0|0.0|0.0|0.0|0
|-0.22244413811979064||-0.3530868577638654|||-0.360690181507946|-0.3767584536660136|1.7692569907125177|-1.1432410088291869||-0.3359939913377898|0.7164340437068479||1.2949503462697463|0.0|1.0|0.0|0.0|0.0|1.0|0.0|0.0|0.0|0.0|1.0|0.0|0.0|1.0|0.0|0
-0.2365483800074566|-0.22244413811979064|1.6016471744447296|-1.3180004539353558|-0.32558677377503376||1.2295459328617644|-0.3813841379040113|-0.316666382322833|1.0491679922905164|-0.30304268816796615|-0.35085844883192824|-0.09508081344984089|-0.3101049457124956||0.0|1.0|0.0|0.0|0.0|1.0|0.0|0.0|0.0|0.0|1.0|0.0|0.0|1.0|0.0|0
|-0.22244413811979064||||||2.057592492755358|||1.024436145439035||-0.25738378488117863|||0.0|1.0|0.0|1.0|0.0|0.0|0.0|0.0|0.0|0.0|1.0|0.0|0.0|0.0|1.0|0
|||0.9823469869162178|||-0.3399549061952015|-0.4021433061916107|-0.32721639822444415|1.3126334516525409|||-0.24385853726190052|-0.2974364905403629||0.0|1.0|1.0|0.0|0.0|0.0|0.0|0.0|0.0|0.0|1.0|1.0|0.0|0.0|0.0|0
-0.2531405791587639||-0.33934348237645423|-0.3530868577638654||-0.3523794397205822|0.9703549914524585|||1.8583833317595913||||||1.0|0.0|0.0|0.0|0.0|0.0|1.0|0.0|0.0|0.0|1.0|0.0|0.0|1.0|0.0|0
-0.2621477729837593||0.71138774342642|-0.34856831814790695|-1.4849295862421399|-1.2646905049592798|-0.3419486826675808||-0.3219212566555057|-0.3603722152963143|-0.30846678534465605|1.4067632143263358|-0.24385853726190052|3.3220785209289767||0.0|1.0|0.0|0.0|0.0|1.0|0.0|0.0|0.0|0.0|1.0|1.0|0.0|0.0|0.0|0
|-0.22244413811979064||-1.1947675553183073|||-0.3411511720786291|-0.3617531852842162||||||||0.0|1.0|0.0|1.0|0.0|0.0|0.0|0.0|0.0|1.0|0.0|1.0|0.0|0.0|0.0|1
-0.23797056850614007|-0.22244413811979064|1.7445838972504506|0.530493025320373|1.8042489447591146||||-1.393734417957549||-1.409512545287469|-0.32836089154350245|-0.2709090325004568|||1.0|0.0|0.0|0.0|0.0|0.0|1.0|0.0|0.0|1.0|0.0|1.0|0.0|0.0|0.0|0
-0.24223713400219052|-0.22244413811979064|0.30452455213297003|0.6331871075012468||||||-1.1714694509036894|-0.2924243284407174||1.3926964246707552|-1.2988549770989501||0.0|1.0|0.0|0.0|0.0|0.0|1.0|0.0|0.0|1.0|0.0|0.0|0.0|1.0|0.0|0
-0.20336398170484193|-0.15537617459748487|-0.33042963320620766|-0.3534976340925889|1.1037071318897096||0.8108528736621166|-1.145975895974996|-0.976968522607642|||-0.3351905071489174|-0.25738378488117863|||0.0|1.0|0.0|0.0|0.0|0.0|1.0|0.0|0.0|0.0|1.0|0.0|1.0|0.0|0.0|0
-0.2346521286758786|-0.22244413811979064||-0.35514073940748286|-0.3296418331149124||-0.3379611297228223|0.7341955144208959|||-0.303502357420228||||-0.2718648529896093|0.0|1.0|0.0|0.0|0.0|1.0|0.0|1.0|0.0|0.0|0.0|0.0|0.0|0.0|1.0|0
-1.5966346475817623||0.7383994075786823||-0.34315420692852805||-0.3483287673791945|||-0.37843841822399593|0.711861053900976|||||0.0|1.0|1.0|0.0|0.0|0.0|0.0|1.0|0.0|0.0|0.0|1.0|0.0|0.0|0.0|0
|-0.16596585304837527||-0.3473359891617364|||0.7410706971288419|0.4724494794902947|-1.519569531287835|-0.3618777322069544|-1.5393691090514423||-2.664877861112689|1.4294418446103545||0.0|1.0|0.0|1.0|0.0|0.0|0.0|0.0|0.0|0.0|1.0|0.0|0.0|0.0|1.0|0
-0.2095267985324704|-0.22244413811979064|-0.33797038944871416||-0.3149708709184743|-0.3565141268815465||||-1.1526504895206877|-1.1440535521062498|-0.3404131543765877|-0.2709090325004568||1.2949503462697463|0.0|1.0|0.0|0.0|0.0|1.0|0.0|1.0|0.0|0.0|0.0|0.0|0.0|0.0|1.0|0
||-0.34602886925413906||-0.3231618213458704||-0.3351698426614913|1.4923564431853957||-0.3596194568409942|-0.30069837498143076|-0.33036960201568333||-0.2891943630789754||1.0|0.0|0.0|0.0|1.0|0.0|0.0|0.0|0.0|0.0|1.0|0.0|0.0|0.0|1.0|0
-0.28679904029427306|1.6307495907860263|||-0.2938064249950544|1.6018345059407406|-1.093203657460092||0.9513287540656595|-0.35359738919843364|2.343686899430549|-1.5962589415840696||||0.0|1.0|0.0|0.0|0.0|0.0|1.0|0.0|0.0|0.0|1.0|0.0|0.0|1.0|0.0|0
0.5484996712658268|-0.22244413811979064|-1.9498239185745825||-1.955100918341029|-0.37232547685819706|-0.33716361913387055|2.102721119467531||-0.3618777322069544||||-0.30735756989203306||0.0|1.0|0.0|0.0|0.0|0.0|1.0|0.0|0.0|0.0|1.0|1.0|0.0|0.0|0.0|0
|||-0.34815754181918346|-1.452933686135124|3.3791757230497015|-0.34513872502338766||-0.31064643050111207|0.6445603225559788|-1.5577558791419162|-0.3211295338436513||-0.27973117969738226||0.0|1.0|0.0|1.0|0.0|0.0|0.0|1.0|0.0|0.0|0.0|0.0|0.0|1.0|0.0|0
|-0.22244413811979064|-0.35507777674514696|||0.5250930577729532|-0.3491262779681462||-0.32308900650721073||-0.3096619254005369||-1.650484289666828|-0.29911544243064553||0.0|1.0|0.0|0.0|0.0|0.0|1.0|0.0|0.0|0.0|1.0|0.0|0.0|0.0|1.0|0
-0.25408870482455287|-0.22244413811979064||-0.3789657664734456|-0.3235255642102449|-0.34462690129377416||-0.37145584002733334|||-0.30566280290585873||-0.20328279440406608|||0.0|1.0|0.0|0.0|0.0|0.0|1.0|0.0|0.0|1.0|0.0|1.0|0.0|0.0|0.0|0
1.8877271741927748||1.360793169087058|-0.34856831814790695|1.4135621645050234|-0.3614719230606657||-0.38833394641768587|2.208169866008555||-0.2926541630668483||-1.650484289666828|||1.0|0.0|0.0|0.0|0.0|1.0|0.0|1.0|0.0|0.0|0.0|0.0|0.0|0.0|1.0|0
|-0.22244413811979064|-0.35350209633626495||3.1649166966785356|||2.1512343931831164||-0.3626304906622745|1.6082160958115865|-0.3371992176210983|-0.24385853726190052|0.7807558870011493|3.6451731451587794|0.0|1.0|0.0|0.0|0.0|1.0|0.0|0.0|0.0|1.0|0.0|0.0|0.0|0.0|1.0|0
||-0.366242597928082|-0.3534976340925889|-0.34373350111993933|-0.3773598413180749|-0.33835988501729813|-0.9304867034243717||-0.3603722152963143|1.9322829186561918|-1.5460411797795477||-0.29331542680966916||0.0|1.0|0.0|0.0|0.0|0.0|1.0|0.0|0.0|0.0|1.0|0.0|0.0|0.0|1.0|0
|||-1.3590780868077053|0.6577853240824537|-0.3634052721498203|1.5485501684424485|0.43070549978153505|-0.32379368314186036|1.0491679922905164|||-0.25738378488117863|||0.0|1.0|0.0|1.0|0.0|0.0|0.0|0.0|0.0|1.0|0.0|0.0|0.0|1.0|0.0|0
-0.2630958986495483|||-0.3510329761202479|-0.3318916500908584|-1.7068723263401846|0.3622531673767795||0.6820416115388475|0.9550731853755077|||-0.24385853726190052|||1.0|0.0|0.0|0.0|0.0|1.0|0.0|0.0|0.0|0.0|1.0|0.0|0.0|0.0|1.0|0
-0.27542153230480515||-1.5474626713065096|-0.35719462105110034|-1.5455533969712234|-0.361950474815407|-0.3503225438515738|||1.218538644737532||||||0.0|1.0|0.0|1.0|0.0|0.0|0.0|1.0|0.0|0.0|0.0|1.0|0.0|0.0|0.0|0
||-1.6082389156490997|0.48941539244802346|-0.3164258423759723|||-0.38788266015056416|3.417193634885942||||-0.17623229916550978|-0.29575753865008025|-1.0552724526192871|0.0|1.0|0.0|1.0|0.0|0.0|0.0|0.0|0.0|1.0|0.0|0.0|0.0|1.0|0.0|0
-1.7270019266277483||0.19310143750488828||-0.34242672119977907|||-0.3997289246625095||-0.357361181475034|1.3829781622032793|0.6936709967021258|-0.25738378488117863|||0.0|1.0|0.0|1.0|0.0|0.0|0.0|0.0|0.0|0.0|1.0|1.0|0.0|0.0|0.0|0
|||3.5086214085657135|1.2303435365237942|0.3638211164251558|3.2831356994124192|||-0.35133911383247346|2.306913359249601||0.7164340437068479||-1.0552724526192871|0.0|1.0|0.0|0.0|0.0|0.0|1.0|1.0|0.0|0.0|0.0|0.0|0.0|1.0|0.0|0
2.0536491657058478|-0.22244413811979064||-0.34856831814790695|1.8231096858748292||-0.3447399697289118|-0.39304988790910794|-0.3088142712510231||-0.2949984762533837||-0.25738378488117863|-0.28293645148792185|-0.2718648529896093|1.0|0.0|0.0|1.0|0.0|0.0|0.0|0.0|0.0|1.0|0.0|1.0|0.0|0.0|0.0|0
-0.2156896153600988||-0.35219653256890565||-0.3294397537458155||-0.3598926709189943|-0.38815343191083723|0.799319937162674|-0.35547928533673384||-0.33920792809327915||-0.2981996504904914|-0.2718648529896093|0.0|1.0|0.0|0.0|0.0|1.0|0.0|0.0|0.0|1.0|0.0|0.0|1.0|0.0|0.0|0
-0.2166377410258878|-0.22244413811979064|2.1069903912933023|-0.35472996307875937|-0.31530766986696923|-0.3606105299021315|-0.3527150756184289|-0.3874539381967985|||-1.348606369362774||||1.2949503462697463|0.0|1.0|0.0|0.0|1.0|0.0|0.0|0.0|0.0|0.0|1.0|1.0|0.0|0.0|0.0|0
|-0.22244413811979064|-0.37405347081211116|-0.3604808316808883||||-0.3801656649827827||-0.3543501476537537|||3.083352377080524|-0.3059838819818018||0.0|1.0|0.0|1.0|0.0|0.0|0.0|1.0|0.0|0.0|0.0|0.0|0.0|0.0|1.0|0
-0.24176307116929602|-0.22244413811979064|-0.3396811281783575|-0.3617131606670588|2.1026528131256015||-0.3379611297228223||||||-0.23033328964262237|||0.0|1.0|0.0|0.0|0.0|0.0|1.0|1.0|0.0|0.0|0.0|0.0|0.0|1.0|0.0|0
||-0.3510035174021807|||||0.6473229079999636||-0.37279272980909545|1.0037510290872518||-0.20328279440406608|-0.3097996817324442||0.0|1.0|0.0|0.0|1.0|0.0|0.0|0.0|0.0|1.0|0.0|0.0|1.0|0.0|0.0|0
||||0.718409134811537|0.3413291839523176|-1.3623634812312944|||-0.35886669838567414||-0.3384044439044068|||0.5115427466400685|0.0|1.0|0.0|0.0|0.0|1.0|0.0|0.0|0.0|0.0|1.0|0.0|0.0|1.0|0.0|0
-0.2270671233495667|-0.22244413811979064||0.43806835135758654|-0.31955133661800506|||-0.3952386263046483|-0.3180354683558665|1.0303490309075145||0.5932354730930822|-0.25738378488117863|0.6586502949805929||0.0|1.0|0.0|0.0|1.0|0.0|0.0|0.0|0.0|0.0|1.0|1.0|0.0|0.0|0.0|0
-0.26025152165218135|-0.22244413811979064|1.8098620856184178||-0.32135657898193776||-0.3423474379620567|-0.38291851121222514|-0.3055324914953693|-0.3551029061090738||||||1.0|0.0|0.0|0.0|0.0|1.0|0.0|1.0|0.0|0.0|0.0|0.0|0.0|0.0|1.0|0
|-0.22244413811979064||0.7769588225544701||-0.3405496403433788|-1.3623634812312944|-0.3673716993098817||-0.36752342062185495|-0.30138787885982354|-0.3351905071489174|-0.18975754678478793|-0.2940785867597976|2.0783579458994237|0.0|1.0|0.0|0.0|0.0|0.0|1.0|0.0|0.0|1.0|0.0|0.0|0.0|0.0|1.0|0
||-0.3624609649467653|-0.3510329761202479|-0.3398805211491576|1.1012693704814047|-0.34513872502338766|-0.4094541437189827|1.9846867047339674|||-0.38098910591464136|-0.29795952773901313|-0.34108923968771176|0.5115427466400685|1.0|0.0|0.0|0.0|0.0|1.0|0.0|0.0|0.0|0.0|1.0|0.0|0.0|1.0|0.0|0
-0.2180599295245713|-0.22244413811979064|-0.33806042832922173|-0.3522653051064184||-0.35869632288316655|-1.6614299520881857|-1.3981320977292606|-1.417894759716964||||-0.2709090325004568|-0.3126996895429324|0.5115427466400685|0.0|1.0|0.0|1.0|0.0|0.0|0.0|1.0|0.0|0.0|0.0|0.0|0.0|0.0|1.0|0
-0.21331930119562634||-0.34861748706873086|-0.36499937129684673||||-0.38388877668653687|-0.32272660138081954||-1.2474791338651665|-0.3516619330208006|-0.23033328964262237|||0.0|1.0|0.0|0.0|0.0|1.0|0.0|0.0|0.0|1.0|0.0|0.0|0.0|0.0|1.0|0
|||1.5574338471291111|||-0.3439424591399601||1.1692751703537143|-0.3543501476537537||-1.9176526171330093|1.7308276151527089|-0.2780522278070996|-0.2718648529896093|0.0|1.0|0.0|0.0|1.0|0.0|0.0|0.0|0.0|0.0|1.0|1.0|0.0|0.0|0.0|1
-0.9685013939965567|-0.16949574586533872||-0.340352791573437|||-1.5418033637454291||-0.303740599481546|||||||1.0|0.0|0.0|0.0|0.0|1.0|0.0|0.0|0.0|0.0|1.0|0.0|1.0|0.0|0.0|0
|-0.22244413811979064|0.7974874229117559|-0.34610366017556593|-0.31782692600171114|-0.35559530751244334||-1.4754148709738562|-0.32167965323791153|||-0.35206367511523673|-0.21680804202334422|||1.0|0.0|0.0|0.0|0.0|0.0|1.0|1.0|0.0|0.0|0.0|1.0|0.0|0.0|0.0|0
|-0.22244413811979064||2.1530595237781793|||||-0.32081390765819917|-0.35623204379205387|0.6061371258807501||-1.3123530991848742|||0.0|1.0|0.0|0.0|0.0|0.0|1.0|1.0|0.0|0.0|0.0|0.0|0.0|0.0|1.0|0
|-0.22244413811979064||-0.35760539737982383|||1.3890480506521066|1.4404585224663975|-1.648928027791369|-1.425525429574213|||-0.23033328964262237|-0.29285753083959204|0.5115427466400685|1.0|0.0|0.0|0.0|0.0|0.0|1.0|0.0|0.0|1.0|0.0|0.0|0.0|0.0|1.0|0
|1.4542549499378532||-0.35760539737982383||-0.3662191564676988|-0.3423474379620567|-0.39309501653582013||2.310038404951633|-1.6002752849761375|-1.1242119806215642|||-1.0552724526192871|0.0|1.0|0.0|0.0|0.0|1.0|0.0|0.0|0.0|0.0|1.0|0.0|0.0|0.0|1.0|0
|2.954459397147324|-0.36858360882127805|-0.35596229206492985|||1.8077411098517544||-0.3242970235951815|||1.8085053087625105|-0.23033328964262237|||0.0|1.0|0.0|0.0|0.0|0.0|1.0|0.0|0.0|1.0|0.0|0.0|0.0|1.0|0.0|1
-0.23939275700482354|-0.22244413811979064||-0.3543191867500359||-0.3605339616213729|-0.33477108736701544|-0.38738624525673027||-0.3566084230197139|-0.8900862902315768|-0.32675392316575774||||0.0|1.0|0.0|0.0|0.0|0.0|1.0|0.0|0.0|0.0|1.0|0.0|0.0|0.0|1.0|0
-0.25598495615613087||2.7046234606621042||-0.33461298559469727|-0.35207316659754784|-0.3658740003361321||-0.3162435763420432||-0.3026289858409305|-0.32474521269357687||||1.0|0.0|0.0|0.0|1.0|0.0|0.0|1.0|0.0|0.0|0.0|0.0|0.0|0.0|1.0|0
-0.23180775167851164|-0.15890606741444835|-0.3448133443672873|-1.4515027607704918||-0.36367326113247544|-0.35231632032395305||-1.4475918464629114|-0.35547928533673384|-0.3006064411309784|-0.3151034024271087||-0.2734732681063287|-0.2718648529896093|0.0|1.0|0.0|0.0|1.0|0.0|0.0|0.0|0.0|0.0|1.0|0.0|0.0|0.0|1.0|0
0.3825776797527537||-0.35460507262248236|-0.3526760814351419|-0.3318916500908584||-0.34154992737310497|-0.3860775150820772|-1.5240995953677252|1.5008230654825583|-0.29743472329037157|-0.33318179667673653|0.7164340437068479|||0.0|1.0|0.0|0.0|1.0|0.0|0.0|1.0|0.0|0.0|0.0|0.0|0.0|0.0|1.0|0
-0.25408870482455287|||-0.34610366017556593|-0.333171486095139|-1.21444257071145|||-0.29993534565443813|-0.36413600757291464||0.4024079782358992|-0.23033328964262237|-0.30888388979229003||0.0|1.0|1.0|0.0|0.0|0.0|0.0|1.0|0.0|0.0|0.0|0.0|0.0|1.0|0.0|0
|-0.22244413811979064|||-1.653329060489593|||-0.38804061034405674|||||-0.2709090325004568|-0.3032365061613393|-0.2718648529896093|0.0|1.0|0.0|0.0|0.0|0.0|1.0|0.0|0.0|0.0|1.0|0.0|0.0|0.0|1.0|0
-0.2521924534929749||-0.3294166958004978||-0.30626798608936595||-0.34513872502338766|||-1.350249584042206|||||0.5115427466400685|1.0|0.0|0.0|0.0|0.0|0.0|1.0|0.0|0.0|0.0|1.0|0.0|1.0|0.0|0.0|0
|-0.17655553149926564|||||0.7211329324050492|-0.3907708922601432|-1.474268890488932|-0.3532210099707736|0.801496558092037|||-1.7224087494202547|-1.0552724526192871|0.0|1.0|0.0|0.0|0.0|1.0|0.0|0.0|0.0|1.0|0.0|0.0|0.0|0.0|1.0|0
0.8210858001801613|-0.22244413811979064||-1.4720415772066666|||-0.3435437038454842||-0.3132436672402492|0.07999148106592653|0.8003473849613825||-0.25738378488117863|-0.29362069078972053|1.2949503462697463|0.0|1.0|0.0|0.0|0.0|0.0|1.0|0.0|0.0|0.0|1.0|0.0|0.0|0.0|1.0|1
|-0.22244413811979064||0.8488446800810818||-1.7973186079862786|-0.3439424591399601|-0.3683870934109056|0.7811996808431129|||0.42249508295770793|||0.5115427466400685|1.0|0.0|0.0|1.0|0.0|0.0|0.0|0.0|0.0|0.0|1.0|0.0|0.0|0.0|1.0|0
-0.2702068411429657|-0.22244413811979064|2.9927478782862345|||-0.37205748787554194||0.8526581595403491|-0.31811600282839786||-1.3658439663225932|1.0652824340555873||||1.0|0.0|0.0|0.0|1.0|0.0|0.0|1.0|0.0|0.0|0.0|1.0|0.0|0.0|0.0|0
|-0.1571411210059666|0.9038458505112885||-1.6806097753176803|-0.3722297665072488|1.4089858153758992|0.8447606498657189||-0.3712872128984553||-0.34282360694320474|-0.18975754678478793|-0.30186281825110806||0.0|1.0|0.0|0.0|0.0|0.0|1.0|1.0|0.0|0.0|0.0|0.0|1.0|0.0|0.0|0
-0.24887401366271344||-0.3460063595340122|-1.5233886182971035|-0.32313487742999086||||-0.3225655324357568|-0.3520918722877935|-0.3091103222978226|2.049550565424215||||0.0|1.0|0.0|1.0|0.0|0.0|0.0|0.0|0.0|0.0|1.0|0.0|0.0|0.0|1.0|0
||-0.3753590345794705|-0.3534976340925889|-0.35300220818251915|1.5137809830683526||-0.3861903366488577|||2.4953777526769603|-0.35487586977629|-0.21680804202334422|-0.31422600944318935|1.2949503462697463|0.0|1.0|0.0|1.0|0.0|0.0|0.0|0.0|1.0|0.0|0.0|1.0|0.0|0.0|0.0|0
-0.2607255844850758|-0.22244413811979064||1.3725844992035383|-0.32895476325998285||0.47191087335763965|0.3190121486689078|1.5518139148777839|||||-0.29575753865008025||1.0|0.0|0.0|1.0|0.0|0.0|0.0|1.0|0.0|0.0|0.0|0.0|0.0|0.0|1.0|1
|-0.22244413811979064|0.4277652698276665|||1.2850332443020405|-0.3447399697289118|-0.3907708922601432|0.768112829056763|-0.3430587708239527||-0.31389817614380017|-0.25738378488117863|-0.2722522121861231||1.0|0.0|0.0|1.0|0.0|0.0|0.0|0.0|0.0|0.0|1.0|0.0|0.0|0.0|1.0|1
-1.0988686730425428||-0.3523090811695401|2.1325207073420045|-1.279482227660247||-0.3483287673791945|0.7302467595835809||1.0303490309075145|-1.4324960079005618||1.7308276151527089|||0.0|1.0|0.0|0.0|1.0|0.0|0.0|0.0|0.0|0.0|1.0|0.0|0.0|0.0|1.0|0
-0.2450815109995575||||||-1.4122078930407762|-0.38447544883379514|0.6679480788458555|-0.35811393993035406|-0.30322655586887093|-0.345635801604258|-3.0030090515946424|||0.0|1.0|0.0|0.0|0.0|1.0|0.0|1.0|0.0|0.0|0.0|1.0|0.0|0.0|0.0|0
-0.2611996473179703||-0.3363046701593247|0.017022614416003883|2.2744202768580037|-0.3613570706395279|0.192782167224541|-1.3310032654949038|-0.32520303641115955|0.6821982453219824||||||0.0|1.0|0.0|0.0|0.0|0.0|1.0|0.0|0.0|0.0|1.0|0.0|0.0|0.0|1.0|0
||-0.380558779928781|0.9720775786981304|0.023256105118050333|||-0.37104968238692376||1.8583833317595913||-0.33478876505448124||-0.29362069078972053|-1.0552724526192871|1.0|0.0|0.0|0.0|0.0|0.0|1.0|1.0|0.0|0.0|0.0|0.0|0.0|0.0|1.0|0
|1.2777603090896803|-0.34467828604652595||-0.32178768163601124||-0.333176066189112||0.8909278996671222|1.4443661813335529||-0.3351905071489174|0.7164340437068479|||0.0|1.0|0.0|1.0|0.0|0.0|0.0|0.0|0.0|1.0|0.0|0.0|0.0|0.0|1.0|0
-0.2180599295245713|-0.22244413811979064||||1.1673095126356958||-0.3931175808491762|-0.31851867519105476|2.761693478143675||-0.33920792809327915|-0.21680804202334422|||0.0|1.0|0.0|0.0|0.0|0.0|1.0|0.0|0.0|0.0|1.0|1.0|0.0|0.0|0.0|0
|-0.22244413811979064|-0.345060951288683||||||-0.31688785212229426|1.218538644737532|-0.3032725227940971|||-0.3035417701413907|-0.2718648529896093|0.0|1.0|0.0|0.0|0.0|1.0|0.0|0.0|0.0|1.0|0.0|1.0|0.0|0.0|0.0|0
|||||||-0.3764651175923845|||-0.31591342723129806|-0.3544741276818538|-0.18975754678478793|||1.0|0.0|0.0|0.0|0.0|1.0|0.0|0.0|0.0|1.0|0.0|0.0|0.0|1.0|0.0|0
|-0.22244413811979064|-0.35431244626083286|0.4791459842299361|-1.2282887874890214|||-0.4016468912977768|-1.530139680807579|-0.35359738919843364||||||0.0|1.0|0.0|1.0|0.0|0.0|0.0|0.0|0.0|0.0|1.0|0.0|0.0|0.0|1.0|0
1.5440316203442659|-0.22244413811979064|||1.7476667214119703|-0.36003626779644204||1.4551253261478536||-1.5478486785637244|||-0.6360907182209669|-0.30888388979229003||0.0|1.0|0.0|0.0|1.0|0.0|0.0|1.0|0.0|0.0|0.0|0.0|0.0|1.0|0.0|0
||-0.3385331324518863||||-1.3324568341456051|-0.3726517486352059|||-0.32023431820255943|||||1.0|0.0|1.0|0.0|0.0|0.0|0.0|1.0|0.0|0.0|0.0|1.0|0.0|0.0|0.0|0
-0.2517183906600804||||-0.32776923096128074|-0.3595577160417008|1.9871809923658892|0.527167939378804|-1.0278059083930775||-0.3178440380907978||-0.21680804202334422|-0.29575753865008025|-0.2718648529896093|0.0|1.0|0.0|0.0|1.0|0.0|0.0|0.0|0.0|0.0|1.0|0.0|0.0|1.0|0.0|0
|2.601470115450978|3.0782848147683985|-0.3608916080096118|||||-0.32802174294975794||-1.1118767044479203|||-0.30735756989203306||0.0|1.0|0.0|0.0|0.0|0.0|1.0|0.0|0.0|0.0|1.0|0.0|1.0|0.0|0.0|0
-0.2450815109995575||-0.360952813698264|-0.34610366017556593||-0.36187390653464835|-0.3455374803178635||2.075287986331773||-0.2953662116551933|-0.3404131543765877|||-1.0552724526192871|0.0|1.0|0.0|1.0|0.0|0.0|0.0|0.0|0.0|1.0|0.0|0.0|0.0|0.0|1.0|0
-0.2825324747982226|1.8072442316341992|||-0.3243742975604521||||||-0.3187174096700953||-1.650484289666828|-0.2887364671088983||0.0|1.0|0.0|0.0|0.0|0.0|1.0|0.0|0.0|0.0|1.0|0.0|0.0|0.0|1.0|0
|||-0.35760539737982383|-0.3409852217002209|-0.37121523678719737|-0.3423474379620567|||-0.3543501476537537||-0.3367974755266621||-0.29575753865008025|0.5115427466400685|1.0|0.0|0.0|0.0|0.0|0.0|1.0|0.0|0.0|1.0|0.0|1.0|0.0|0.0|0.0|0
|||||-0.37422054180697234||-1.0088976923367716||0.5786939577154727|-1.657733941508869|-0.3424218648487686|-1.650484289666828|-0.3015575542710567||0.0|1.0|0.0|0.0|0.0|0.0|1.0|0.0|0.0|1.0|0.0|1.0|0.0|0.0|0.0|0
-0.26025152165218135||-0.3505083035593892||-1.3252868846555543|-1.5561285235966944|3.2831356994124192|0.7364519457565045|-0.3374845434721955|0.5692844770239719|-0.3244632753233685||-0.24385853726190052|||1.0|0.0|0.0|1.0|0.0|0.0|0.0|1.0|0.0|0.0|0.0|0.0|0.0|0.0|1.0|0
|-0.22244413811979064||-0.35760539737982383|-0.3170994402729621|-0.35165204105337555|-0.3379611297228223||||-0.31462635332496486|||-0.3006417623309025|0.5115427466400685|0.0|1.0|0.0|0.0|0.0|0.0|1.0|0.0|0.0|1.0|0.0|0.0|0.0|0.0|1.0|0
1.034414074982684|-0.22244413811979064||-1.5028498018609286|0.2970736502444092|-0.3509820685967378|-0.3411511720786291|||-0.3705344544431352|||-0.23033328964262237|-0.2870575152186156|-0.2718648529896093|1.0|0.0|0.0|0.0|0.0|0.0|1.0|1.0|0.0|0.0|0.0|0.0|0.0|0.0|1.0|0
|||-0.3530868577638654|1.217545176480988||-0.3403536614896774|0.630963780816801|3.223910900810623||-0.30855871919510836|3.55608341955987|-0.21680804202334422|-0.3006417623309025||0.0|1.0|0.0|0.0|0.0|0.0|1.0|1.0|0.0|0.0|0.0|0.0|0.0|1.0|0.0|0
-0.22848931184825017||1.6309098106096804|-0.35760539737982383||-0.3628884362546998||||||-0.34282360694320474|-0.24385853726190052|-1.3217497756028045||0.0|1.0|0.0|1.0|0.0|0.0|0.0|0.0|0.0|0.0|1.0|0.0|0.0|0.0|1.0|0
|-0.22244413811979064||-1.2563840046268315||-0.3457179992945842|0.5616308146147071|-0.37253892706842545||-0.37429824671973555|||-0.23033328964262237|||0.0|1.0|0.0|0.0|0.0|0.0|1.0|0.0|0.0|0.0|1.0|1.0|0.0|0.0|0.0|0
|-0.22244413811979064||-0.341174344230884|-0.32000938318795813|-0.35406394189727136|-1.3823012459550872|-1.5137742036792028|-0.32850494978494627||-0.3152239233529052||-0.25738378488117863||0.5115427466400685|0.0|1.0|0.0|0.0|0.0|0.0|1.0|0.0|0.0|0.0|1.0|0.0|0.0|0.0|1.0|0
-0.2166377410258878|-0.22244413811979064|-0.3455336554113476|-0.3617131606670588||-0.3463688296810322||-0.373193292155752|1.4994665077323848|2.1783056752706207|||||-0.2718648529896093|1.0|0.0|0.0|1.0|0.0|0.0|0.0|0.0|0.0|1.0|0.0|0.0|0.0|1.0|0.0|0
|-1.7667722455413046|1.7141957750791557|||-0.3475939221731698||||-0.3611249737516343|-0.2796455232278379||3.083352377080524|||0.0|1.0|0.0|1.0|0.0|0.0|0.0|1.0|0.0|0.0|0.0|0.0|0.0|0.0|1.0|0
||-0.3536596643771532|-0.3596592790234413|-1.2451287349137665||-1.3424257165075015|-0.38246722494510343|-0.3100625555752595|2.460590096015647|-0.2962855501597169|-0.3351905071489174|||-1.0552724526192871|1.0|0.0|0.0|0.0|0.0|0.0|1.0|1.0|0.0|0.0|0.0|0.0|0.0|0.0|1.0|0
-0.23939275700482354|-0.22244413811979064|-0.34598384981388536||-1.4401353260923173|-0.35770093523330476|-0.33835988501729813|||-0.3618777322069544|||-0.21680804202334422|1.4523366431142088|0.5115427466400685|0.0|1.0|0.0|1.0|0.0|0.0|0.0|1.0|0.0|0.0|0.0|1.0|0.0|0.0|0.0|0
|-0.22244413811979064||-0.33953123891599||||1.907539808937384||||0.723801653784839||||0.0|1.0|0.0|1.0|0.0|0.0|0.0|0.0|0.0|1.0|0.0|0.0|0.0|1.0|0.0|1
|-1.3696593036329154|-0.33308578018118007|-0.3321372649989671||-0.37496708254436867||-0.40184997011798157|-0.3103444262291194||-0.29656135171107406|-1.907609064772105||-0.2785101237771767||0.0|1.0|0.0|0.0|0.0|0.0|1.0|0.0|0.0|1.0|0.0|0.0|1.0|0.0|0.0|0
-0.2578812074877089||-0.33623714099894403|-0.35555151573620636|||-0.3543100967963323|-0.3817000382909965|-0.32608891560900477|0.5504655156409701|-0.3127417093906913||1.0545652341888017|-0.30109965830097957||1.0|0.0|0.0|0.0|0.0|1.0|0.0|0.0|0.0|0.0|1.0|0.0|0.0|0.0|1.0|0
2.219571157218921|-0.22244413811979064|-0.3460963984145198|-0.3510329761202479|-0.3232291811355694||1.9473054629183038||||-0.31540779105381|1.8285924134843192||-0.29575753865008025||0.0|1.0|0.0|1.0|0.0|0.0|0.0|0.0|0.0|0.0|1.0|0.0|0.0|1.0|0.0|0
|-0.22244413811979064|-0.34978799251532894|-0.37157179255642264|0.6113070691901566||-0.3423474379620567||-0.3146530205095484|-0.3596194568409942|0.7647230179110889|-1.7167815699149218|||-0.2718648529896093|0.0|1.0|0.0|1.0|0.0|0.0|0.0|0.0|0.0|0.0|1.0|0.0|0.0|0.0|1.0|0
-0.22232649502062174|-0.1730256386823022|2.4682713993298098|-0.3539084104213124|||1.6482389920614124|-0.39246321576184967|-0.32862575149374335|-0.37091083367079525|-0.3153618241285838|0.502843501844943|1.7308276151527089|0.5670711009651758|2.8617655455291016|1.0|0.0|0.0|0.0|0.0|1.0|0.0|0.0|0.0|1.0|0.0|0.0|0.0|1.0|0.0|1
-0.25645901898902534|-0.22244413811979064|-0.3455561651314745|||||1.5611775989214596|||-0.3011120773084664|-0.34402883322651323||||0.0|1.0|0.0|0.0|1.0|0.0|0.0|0.0|0.0|1.0|0.0|1.0|0.0|0.0|0.0|0
2.7173371317581405||-0.348392389867462||-0.325573301817094|||||||||||1.0|0.0|1.0|0.0|0.0|0.0|0.0|0.0|0.0|1.0|0.0|0.0|0.0|0.0|1.0|1
|-0.22244413811979064||-0.3530868577638654|-0.3291837865449594||-1.192892481079056||-0.3118745812072157|-0.35623204379205387|-0.29812422716876436|||-1.4324079683714337|-0.2718648529896093|0.0|1.0|0.0|1.0|0.0|0.0|0.0|0.0|0.0|0.0|1.0|0.0|0.0|0.0|1.0|0
-0.24271119683508502||-1.34149873214551|-0.34980064713407744||-1.3412587857178782|-0.3571013838576633|-1.3699267060341527|-0.3171495891580213|-0.37015807521547517|-1.391125775196995||-0.24385853726190052|0.7616768882479373|-0.2718648529896093|1.0|0.0|0.0|0.0|1.0|0.0|0.0|1.0|0.0|0.0|0.0|0.0|0.0|0.0|1.0|0
|-0.18714520995015602|-0.330947356769126|||-0.36660199787149184|||-0.30724384903666113|||-0.338806185998843|||-1.0552724526192871|0.0|1.0|0.0|1.0|0.0|0.0|0.0|1.0|0.0|0.0|0.0|0.0|0.0|1.0|0.0|0
-0.22896337468114467|||1.824438460799383|||||-0.3106866977373778|-0.368276179077175|-0.29692908711288357||1.0545652341888017|||0.0|1.0|0.0|0.0|1.0|0.0|0.0|0.0|1.0|0.0|0.0|0.0|0.0|0.0|1.0|0
|-0.17655553149926564|||-0.32702827327459194|-0.3559781489162363|-0.35470885209080816|||-0.3731691090367555||-0.3263521810713216|-0.23033328964262237|-0.2850732993482816||1.0|0.0|0.0|0.0|0.0|1.0|0.0|0.0|0.0|0.0|1.0|0.0|0.0|1.0|0.0|0
|-0.22244413811979064|-0.3388932879739165|||1.927249699164783||1.9052833776017755||||-0.3404131543765877||-0.2994207064106969||1.0|0.0|1.0|0.0|0.0|0.0|0.0|0.0|0.0|0.0|1.0|0.0|0.0|1.0|0.0|0
-0.24223713400219052|-0.22244413811979064||1.7422831950546842|-0.3034388749220087|-0.36237160035957927|2.326122992670366||1.1904154693932028|-0.3746746259473956||||1.9254958121938646||0.0|1.0|0.0|0.0|0.0|0.0|1.0|0.0|0.0|1.0|0.0|0.0|0.0|1.0|0.0|0
||1.4339497594994348|||-0.3590983063571492|0.7510395794907383|-0.38594212920194076||-0.34945721769417326||1.768331099318893|-0.24385853726190052|-0.2969785945702858|-0.2718648529896093|1.0|0.0|0.0|0.0|0.0|1.0|0.0|0.0|0.0|0.0|1.0|0.0|0.0|0.0|1.0|0
-0.27636965797059415||-0.3338060912252404|0.4996848006661109|-0.3107272041674385|||-1.1053601319340407|1.0962908046221487|-0.37429824671973555||3.3953865817854||3.5357633069649506|-0.2718648529896093|1.0|0.0|0.0|0.0|0.0|0.0|1.0|0.0|0.0|1.0|0.0|0.0|0.0|0.0|1.0|0
-0.2441333853337685||-0.37407598053223806||0.35331907464305845|-0.3649366377649923||||2.535865941547654||||||0.0|1.0|1.0|0.0|0.0|0.0|0.0|0.0|1.0|0.0|0.0|1.0|0.0|0.0|0.0|0
-0.24223713400219052|3.660437960540016|-1.9700826666887796|-0.3596592790234413||||||-0.3517154930601335|-1.5830376880163182|0.7438887585066477|-0.17623229916550978|||0.0|1.0|0.0|1.0|0.0|0.0|0.0|1.0|0.0|0.0|0.0|0.0|0.0|0.0|1.0|0
|-0.22244413811979064|0.8959674484668787|1.043963436224742|-0.3138257544935917||-0.35351258620738063|-0.37391535018314676||||||-0.2969785945702858|1.2949503462697463|1.0|0.0|0.0|1.0|0.0|0.0|0.0|1.0|0.0|0.0|0.0|1.0|0.0|0.0|0.0|0
||1.9730575565383355||-1.5674453286233918|-0.36032339884928677|-0.34793001208471863|-0.3871831664365255||-0.367899799849515||0.7539323108675521||-0.29453648272987465||0.0|1.0|0.0|0.0|0.0|1.0|0.0|1.0|0.0|0.0|0.0|1.0|0.0|0.0|0.0|0
|-0.22244413811979064|2.6010787480784328|||0.6016613385315515|||-0.3211159119301919|||1.848679518206128|||0.5115427466400685|1.0|0.0|0.0|0.0|0.0|0.0|1.0|1.0|0.0|0.0|0.0|1.0|0.0|0.0|0.0|1
|-0.22244413811979064||-0.3539084104213124||||-0.4018950987446938||-0.3705344544431352|-0.31770613731511926|-0.33358353877117275|1.0545652341888017|||0.0|1.0|0.0|0.0|0.0|0.0|1.0|0.0|0.0|0.0|1.0|1.0|0.0|0.0|0.0|0
|-0.22244413811979064|-1.0100431032771255|-0.3613023843383353||0.6705727912142899|-0.3411511720786291||1.3484643717360418|-0.3758037636303757|-0.31030546235370343|||0.7425978894947254||0.0|1.0|0.0|0.0|1.0|0.0|0.0|1.0|0.0|0.0|0.0|0.0|0.0|1.0|0.0|0
|-0.14302154973811276||-0.35760539737982383|||-0.34434121443443594|-0.3865062370358429||-1.1150125667546842||1.1255437482210136|||-1.0552724526192871|0.0|1.0|0.0|1.0|0.0|0.0|0.0|0.0|1.0|0.0|0.0|0.0|0.0|1.0|0.0|0
|||-0.3584269500372708|-0.33451868188911865|-0.3427509784151885||-0.3695604377054221|||-0.3108110985311915|-0.32434347059914076||||0.0|1.0|0.0|0.0|0.0|0.0|1.0|1.0|0.0|0.0|0.0|0.0|0.0|0.0|1.0|0
1.3425549163641057||-0.3270981946274286||||-0.3447399697289118||-0.3245587606309085|-0.367899799849515|1.3645913921128052||-0.2709090325004568||-0.2718648529896093|0.0|1.0|0.0|0.0|1.0|0.0|0.0|0.0|0.0|0.0|1.0|0.0|1.0|0.0|0.0|1
0.2403588298844052|-0.22244413811979064||-0.34938987080535394||-1.4446259647419857||-0.3825123535718156|-0.3094988142675399|||-0.3448323174153856|0.7164340437068479|-0.3039996661114678|0.5115427466400685|0.0|1.0|0.0|0.0|0.0|0.0|1.0|0.0|0.0|0.0|1.0|0.0|0.0|1.0|0.0|0
-0.25835527032060335|-0.22244413811979064|-0.34605137897426597||-0.32318876526175006||||||||0.37830285322489426|-0.27881538775722803||0.0|1.0|0.0|0.0|0.0|0.0|1.0|1.0|0.0|0.0|0.0|0.0|0.0|0.0|1.0|0
-0.24934807649560795|-0.22244413811979064|||-0.32096589220168364|-0.3460051303474289|-0.3435437038454842|0.866760855387903||-0.3603722152963143|-0.31251187476456027|1.7884182040407017||0.7731242874998645|-0.2718648529896093|0.0|1.0|0.0|1.0|0.0|0.0|0.0|0.0|0.0|0.0|1.0|1.0|0.0|0.0|0.0|0
|5.425384369021746||-0.35719462105110034|-0.32476498434070616|-0.3727848865427486||-0.3996612317224412|0.48221545157035345|-0.3532210099707736|-0.3108570654564176|-1.224647504230608|-0.2709090325004568|||0.0|1.0|0.0|0.0|0.0|0.0|1.0|0.0|0.0|0.0|1.0|0.0|0.0|1.0|0.0|0
-1.0988686730425428|-0.22244413811979064|1.283134634649304||-0.33206678554407576||-0.3355685979559671|-0.3823995320050352|-0.31789453302893655||-0.30432976207429935||-0.20328279440406608|-0.28125749959763924|-0.2718648529896093|0.0|1.0|0.0|0.0|0.0|0.0|1.0|0.0|1.0|0.0|0.0|0.0|0.0|1.0|0.0|1
|-0.18361531713319257|-0.34384542640183124|-0.3473359891617364|1.8911430734708004||-0.34753125679024277||-0.3307397813976921|-0.3490808384665132|-0.3175222696142145||-0.23033328964262237|-0.28095223561758775||0.0|1.0|0.0|1.0|0.0|0.0|0.0|1.0|0.0|0.0|0.0|0.0|0.0|0.0|1.0|0
|-0.17655553149926564||-0.3465144365042894||-0.37117695264681805|2.525500639908294||0.7167721028180064|||2.812860544852947||-0.2756101159666885||0.0|1.0|0.0|0.0|0.0|0.0|1.0|0.0|0.0|1.0|0.0|0.0|0.0|0.0|1.0|0
||||-0.30624104217348636|-0.3552698923192193|-0.34513872502338766||-1.2608525382807672|-0.36338324911759456|-0.3082829176437513||2.4070899961166163|1.9865486082041424||0.0|1.0|0.0|0.0|0.0|0.0|1.0|0.0|0.0|0.0|1.0|0.0|0.0|0.0|1.0|0
|-0.22244413811979064|||-1.775587078793244|1.5396227778243796||||-0.36413600757291464||-0.3432253490376409|-0.23033328964262237|-0.30232071422118517||0.0|1.0|0.0|0.0|1.0|0.0|0.0|1.0|0.0|0.0|0.0|0.0|0.0|0.0|1.0|0
-0.2531405791587639|||-0.35760539737982383|-0.32234003191154287|-1.9231777194832245||-0.3633326872191423|-0.30806932738010784|-0.37015807521547517|||-0.24385853726190052|-0.31422600944318935|-1.0552724526192871|1.0|0.0|0.0|0.0|0.0|0.0|1.0|0.0|0.0|0.0|1.0|0.0|0.0|0.0|1.0|0
|-0.22244413811979064|-0.3413243377476201|-0.3584269500372708||2.0296597746794083|-0.34992378855709794|||0.40932330526845706||-0.33036960201568333|1.7308276151527089|||0.0|1.0|1.0|0.0|0.0|0.0|0.0|0.0|0.0|0.0|1.0|0.0|0.0|1.0|0.0|0
|||1.1055798855332664|-0.3081405882429976|||-0.3824220963183913|-1.4189014406236062||||2.4070899961166163|0.6700976942325201|-1.0552724526192871|0.0|1.0|0.0|1.0|0.0|0.0|0.0|0.0|0.0|1.0|0.0|1.0|0.0|0.0|0.0|0
|-0.22244413811979064|-0.3426749209552332||-0.319753415987102|1.5310088462390372|||1.6897291990877772|-0.3690289375324951|-0.3243253745476899||-0.24385853726190052|||0.0|1.0|1.0|0.0|0.0|0.0|0.0|0.0|0.0|1.0|0.0|1.0|0.0|0.0|0.0|0
|-0.22244413811979064|1.5746355102924674|-0.34446055486067195|-0.3261391240505654|-0.3676356696617329||||||||||0.0|1.0|1.0|0.0|0.0|0.0|0.0|0.0|0.0|1.0|0.0|0.0|0.0|1.0|0.0|0
-0.2664143384798098||0.3270342722598552||-0.3369705782341616||-0.3391573956062498|-0.3914703859741819|-1.337360287185581|||-0.3323783124878642|-0.25738378488117863|||0.0|1.0|0.0|0.0|0.0|1.0|0.0|1.0|0.0|0.0|0.0|0.0|1.0|0.0|0.0|0
1.1529297832063077|||-0.36253471332450576|2.9210742579682236||-0.3622852026858494|0.7387083770921132|-0.32812241104042217|||||-0.29453648272987465||0.0|1.0|0.0|0.0|1.0|0.0|0.0|0.0|0.0|1.0|0.0|0.0|0.0|1.0|0.0|0
-0.21189711269694286||-0.3461414178547735||||-1.7611187757071496|-0.3784507771677201|-1.3690707357448129|-0.3758037636303757||0.20153693101781187|-0.25738378488117863|2.0552330037157054|-0.2718648529896093|0.0|1.0|0.0|0.0|0.0|1.0|0.0|0.0|0.0|1.0|0.0|0.0|0.0|0.0|1.0|0
-0.2346521286758786|-0.22244413811979064|1.7952307675359422|-1.6055438840418026|-0.32165296205661326|-0.3512309155092032||-0.3780671838406666|-0.32840428169428204|-0.3592430776133342|1.166933613640209|||0.9066772787723479||0.0|1.0|0.0|0.0|1.0|0.0|0.0|1.0|0.0|0.0|0.0|0.0|0.0|0.0|1.0|0
-0.2654662128140208|-0.22244413811979064||-0.35719462105110034|-0.31230342324639465|1.646818370886417|||-0.3219212566555057|-0.3539737684260937|-1.2681642502169497||-0.21680804202334422||-1.0552724526192871|0.0|1.0|0.0|0.0|0.0|1.0|0.0|1.0|0.0|0.0|0.0|0.0|0.0|1.0|0.0|0
-0.21900805519036026|-0.22244413811979064|1.0040141050759277|||-0.3778383930728161||-0.9186404389124264||0.37168538250245353|||-0.24385853726190052|||0.0|1.0|0.0|0.0|0.0|0.0|1.0|0.0|0.0|1.0|0.0|1.0|0.0|0.0|0.0|0
-0.2142674268614153||-0.3490676814712686|-1.4515027607704918|0.6294942124088816|-1.7202717754729393|||-0.3194448216251657|1.726650602078579|-0.30589263753198964|||-0.2780522278070996|-1.0552724526192871|1.0|0.0|0.0|0.0|1.0|0.0|0.0|1.0|0.0|0.0|0.0|1.0|0.0|0.0|0.0|0
-0.25740714465481435||-0.3587468611258292||-0.33610837292601464|-0.3586197546024079||-0.38546827862146293|-0.32329034268853923|0.23995265282144135|-1.2336890562973108|-0.33117308620455566|-1.650484289666828|2.2154965932426856||0.0|1.0|0.0|0.0|0.0|1.0|0.0|0.0|0.0|1.0|0.0|0.0|1.0|0.0|0.0|0
-0.25740714465481435|-0.22244413811979064|-0.3173965052527411|-0.3518545287776949|1.4351172972086974||||-0.3004588197258921||||-0.25738378488117863|||0.0|1.0|0.0|0.0|0.0|0.0|1.0|0.0|0.0|1.0|0.0|0.0|0.0|0.0|1.0|1
-0.2536146419916584|-0.22244413811979064|-0.33691243260275056|-0.3617131606670588|-0.3138931142832906|-0.3578349297246323||-0.38467852765399996|-0.3152368954354009||-0.30157174656072827|-0.3323783124878642|||-0.2718648529896093|1.0|0.0|0.0|0.0|0.0|0.0|1.0|0.0|0.0|1.0|0.0|0.0|0.0|0.0|1.0|0
||||-0.3442050196478322|||2.7142140114174698||1.8207454089935877|-0.2907235522073486||-0.21680804202334422|||0.0|1.0|0.0|0.0|0.0|0.0|1.0|0.0|0.0|1.0|0.0|1.0|0.0|0.0|0.0|0
3.333618814520984|-0.22244413811979064||-1.697968558004589|-0.32364681183170313|-0.3577392193736841||-0.3845882704005755|-0.3163643780508403|-0.3532210099707736|-1.4106617184181238|-0.320326049654779|-1.3123530991848742|-1.8979355379498044|-0.2718648529896093|1.0|0.0|0.0|0.0|0.0|0.0|1.0|0.0|0.0|0.0|1.0|0.0|0.0|1.0|0.0|0
||-0.35528036422628895|-0.3391204625872665|-1.2037024642488932||0.5616308146147071|||1.5384609882485616||-0.32836089154350245||-0.2870575152186156||0.0|1.0|0.0|0.0|0.0|1.0|0.0|0.0|0.0|0.0|1.0|0.0|0.0|1.0|0.0|0
-0.24934807649560795||0.6472350410647972||||2.2862474632227805|-0.40983773704603615||||-0.32996785992124716|0.7164340437068479|0.9677300747826261|0.5115427466400685|1.0|0.0|0.0|0.0|1.0|0.0|0.0|1.0|0.0|0.0|0.0|0.0|0.0|1.0|0.0|0
-0.25503683049034187|-0.22244413811979064|-0.9835941821280354|||0.44278215595746023||0.4171669117678833|-0.31968642504275985|2.8746072464416854|-1.3256229067496812|2.2504216126423024|||-1.0552724526192871|0.0|1.0|0.0|0.0|0.0|1.0|0.0|1.0|0.0|0.0|0.0|1.0|0.0|0.0|0.0|0
|-0.22244413811979064|-0.3481447829460663|-0.34856831814790695|-0.32531733461623785||-0.3598926709189943||||-0.2964234509353955|-0.3339852808656089||0.8647034815152816||1.0|0.0|0.0|0.0|0.0|1.0|0.0|0.0|0.0|1.0|0.0|1.0|0.0|0.0|0.0|0
3.3573219561657086||-0.35458256290235546|-0.36335626598195275|-0.3318647061749788|-0.3738377004031793||-0.40072175445017727||0.3905043438854553||||1.74233742416303||0.0|1.0|0.0|0.0|0.0|1.0|0.0|1.0|0.0|0.0|0.0|0.0|1.0|0.0|0.0|0
|-0.22244413811979064||-0.3510329761202479||||-0.399074559575183||-0.35359738919843364|-0.3144884525492863|-0.3355922492433536||-0.29453648272987465||0.0|1.0|0.0|0.0|1.0|0.0|0.0|0.0|0.0|0.0|1.0|0.0|0.0|1.0|0.0|0
|-0.22244413811979064|-0.3494728564335525|-0.3506221997915244||-1.4106487901553577|-1.3723323635931908||-0.3211763127845904|0.5881034384069737|1.5392657079723089|-0.3343870229600451|-0.21680804202334422|||0.0|1.0|0.0|0.0|0.0|0.0|1.0|0.0|0.0|0.0|1.0|0.0|0.0|1.0|0.0|0
|-0.22244413811979064|3.4226835327097422|-1.2358451881906567||||-0.3826928680786643|-0.3207736404219335|-0.37091083367079525|-0.30727164528877526|||||0.0|1.0|0.0|0.0|0.0|1.0|0.0|0.0|0.0|0.0|1.0|0.0|0.0|0.0|1.0|0
-0.22517087201798872|-0.22244413811979064||-0.34569288384684244||-0.34248298943253336|0.9703549914524585|-0.3693122302585052|||||-1.650484289666828|||0.0|1.0|0.0|0.0|0.0|0.0|1.0|0.0|0.0|0.0|1.0|0.0|0.0|1.0|0.0|0
-0.26262183581665377||0.7046348273883545|||-0.3643623756593028|||-1.7103355630965484|-0.35698480224737394||||-0.9096434025334269||0.0|1.0|0.0|0.0|0.0|0.0|1.0|0.0|0.0|0.0|1.0|1.0|0.0|0.0|0.0|0
|-0.22244413811979064|-1.5069451750781162||-0.32054826150554994|||||||-0.34121663856546003|||0.5115427466400685|0.0|1.0|0.0|0.0|1.0|0.0|0.0|0.0|0.0|1.0|0.0|0.0|0.0|0.0|1.0|0
-0.2356002543416676|-0.22244413811979064||-1.3590780868077053||-0.3796186056004535|2.0270565218134746|-0.40652078298269145|-0.3092773444680786||||||1.2949503462697463|1.0|0.0|0.0|0.0|0.0|0.0|1.0|0.0|1.0|0.0|0.0|0.0|0.0|0.0|1.0|1
|-0.22244413811979064||||-0.35605471719699494||||0.5316465542579684|-0.29587184783268133|-0.33358353877117275||-0.2923996348695149|0.5115427466400685|0.0|1.0|0.0|1.0|0.0|0.0|0.0|0.0|0.0|0.0|1.0|0.0|0.0|1.0|0.0|0
||||-0.2922167339581585||-0.3483287673791945|||-0.3517154930601335|||-1.650484289666828|1.5973370336386195||0.0|1.0|0.0|0.0|0.0|0.0|1.0|0.0|0.0|0.0|1.0|0.0|0.0|0.0|1.0|1
||-0.33954606985759617|-0.34980064713407744|-0.31657403391331007||||-0.32999483752677683|-0.3520918722877935||1.6678955757098493|-1.3123530991848742||-1.0552724526192871|0.0|1.0|0.0|0.0|0.0|0.0|1.0|0.0|0.0|0.0|1.0|1.0|0.0|0.0|0.0|0
-0.243659322500874|-0.22244413811979064|-0.3710146585949816|-1.5850050676056278|0.5089201888477052|-0.9507605538490272|2.565376169355879|-0.4023012563851033||-0.3645123868005747|-0.2985838964210262||-0.25738378488117863|||0.0|1.0|0.0|0.0|0.0|0.0|1.0|0.0|0.0|1.0|0.0|0.0|0.0|0.0|1.0|0
0.9870077916932345|-0.22244413811979064||||1.5989631954122931|1.9473054629183038|1.5758444026029155|0.30453627154798973|-0.3731691090367555|||0.7164340437068479|-0.30033649835085113||0.0|1.0|0.0|0.0|0.0|0.0|1.0|0.0|0.0|1.0|0.0|1.0|0.0|0.0|0.0|0
-0.2545627676574474|||1.660127929309985|-0.3178942857914101|-0.3543893570904954|0.5815685793384998|||-0.35472652688141376|-0.31048933005460816||-0.24385853726190052|-0.30109965830097957|-1.0552724526192871|0.0|1.0|0.0|0.0|0.0|0.0|1.0|1.0|0.0|0.0|0.0|0.0|1.0|0.0|0.0|0
0.4655386755092903|||0.5613012499746352|0.362075847303926|-0.36637229302921603||0.35680737354035236|-0.308049193761975||0.9336514681173194||-0.1221313086883972||-1.0552724526192871|0.0|1.0|0.0|0.0|0.0|0.0|1.0|0.0|1.0|0.0|0.0|0.0|0.0|1.0|0.0|0
|||-0.3613023843383353|||2.166620874880024||-0.31243832251493536|2.1030298297386136|||-0.18975754678478793|||0.0|1.0|0.0|0.0|1.0|0.0|0.0|1.0|0.0|0.0|0.0|0.0|1.0|0.0|0.0|0
-0.2512443278271859|-0.19244004917560123||-0.3617131606670588|-0.3158061323107417||-0.34793001208471863|-0.3818805527978452|||-0.3064442406347039|1.2360228241909619||||0.0|1.0|0.0|1.0|0.0|0.0|0.0|1.0|0.0|0.0|0.0|0.0|0.0|0.0|1.0|0
-0.24034088267061254|||-1.5439274347332783||||||||1.4268503190481445|-0.21680804202334422||1.2949503462697463|1.0|0.0|1.0|0.0|0.0|0.0|0.0|0.0|0.0|0.0|1.0|0.0|0.0|1.0|0.0|0
||-1.7342933483596568|1.9476713594164317|-0.31130649835884977|-0.3688416200836808|-0.33955615090072566|-0.3957124768851261||-0.3694053167601551||||||0.0|1.0|0.0|0.0|0.0|0.0|1.0|1.0|0.0|0.0|0.0|1.0|0.0|0.0|0.0|0
|-0.22244413811979064|-0.36099783313851774|0.20187196234157676|-0.33839860577578|-0.3525708604224787|-0.3503225438515738||-0.836536536131043|||||||0.0|1.0|0.0|0.0|0.0|1.0|0.0|0.0|0.0|0.0|1.0|1.0|0.0|0.0|0.0|0
0.9158983667590603|||1.2698904170226646|-0.3146206000120396||-0.34075241678415324||||||-0.21680804202334422|-0.27591537994673987||0.0|1.0|0.0|0.0|0.0|0.0|1.0|1.0|0.0|0.0|0.0|0.0|0.0|0.0|1.0|0
|-0.18891015635863775|-0.34845991902784273|-0.35760539737982383||||2.6961625607326005|||-0.30079030883188307|||-0.28095223561758775|-0.2718648529896093|0.0|1.0|1.0|0.0|0.0|0.0|0.0|0.0|0.0|0.0|1.0|0.0|0.0|1.0|0.0|0
-0.22469680918509422||||-1.991475204778479|-1.3163740944713336||||-0.367899799849515|-0.3047894313265612|-0.34081489647102386|1.0545652341888017|-0.299878602380774||0.0|1.0|0.0|0.0|0.0|0.0|1.0|0.0|0.0|1.0|0.0|0.0|1.0|0.0|0.0|0
|-0.22244413811979064|-0.3475595302227673||-0.3247245684668868|-0.3610125133761141||0.4910650380090659|||-1.8737784900719392|||||0.0|1.0|0.0|0.0|0.0|1.0|0.0|1.0|0.0|0.0|0.0|0.0|0.0|1.0|0.0|1
0.5366481004434644||-1.0967055257656335||||||-0.30698211200093417|-0.3716635921261153||-1.4154749990877908|||-0.2718648529896093|0.0|1.0|0.0|1.0|0.0|0.0|0.0|0.0|0.0|0.0|1.0|0.0|0.0|0.0|1.0|0
-0.22232649502062174|-0.22244413811979064||-0.3613023843383353|-0.3116702412232243|3.2853795791204186|-0.34274619325653255|-1.3467982848441642||-0.35811393993035406|1.798978835500255||||-1.0552724526192871|0.0|1.0|0.0|0.0|0.0|0.0|1.0|0.0|0.0|0.0|1.0|0.0|0.0|0.0|1.0|0
|-0.22244413811979064|-0.3435528000401817||0.7699393739312573||-0.34314494855100836||-0.33543091442264517||-0.3223487967629639|||-0.3032365061613393||0.0|1.0|0.0|1.0|0.0|0.0|0.0|1.0|0.0|0.0|0.0|1.0|0.0|0.0|0.0|0
-0.2142674268614153|-0.22244413811979064|-0.32646792246387585||-0.30326373946879137|-0.3874285702378305|0.7011951676812563|-0.41432803540389734|||||-0.23033328964262237|||0.0|1.0|0.0|0.0|0.0|0.0|1.0|0.0|0.0|1.0|0.0|0.0|0.0|1.0|0.0|0
-0.22848931184825017||-0.34328268339865914|-0.35719462105110034|||||-0.34328302549445505||0.029252214292126332||-0.24385853726190052|||0.0|1.0|1.0|0.0|0.0|0.0|0.0|0.0|1.0|0.0|0.0|1.0|0.0|0.0|0.0|1
||2.061970951039532|1.4752785813844123||-0.3452011633994636|||||2.00123330649547|-0.3424218648487686||-1.3293813751040893||0.0|1.0|0.0|0.0|0.0|0.0|1.0|1.0|0.0|0.0|0.0|0.0|0.0|0.0|1.0|0
|-0.22244413811979064|-0.3578914917610076||-0.33523269565992786||3.2033846405172475|-0.3792405281351831||||-0.3504567067374921||0.4411497091939769||1.0|0.0|0.0|0.0|0.0|1.0|0.0|0.0|0.0|1.0|0.0|1.0|0.0|0.0|0.0|0
-0.2360743171745621|-0.18008542431622912|-0.3403339100620371|2.6049134853740243|||0.6413818735098781|-0.37508869447766324|||-0.2982621279444429|-0.34202012275433236|-0.1221313086883972||0.5115427466400685|0.0|1.0|0.0|0.0|0.0|0.0|1.0|0.0|0.0|1.0|0.0|0.0|0.0|0.0|1.0|0
|||||||-0.38991344835261194|-0.3201494982598153||||-0.20328279440406608|-0.3155996973534207||0.0|1.0|0.0|0.0|0.0|1.0|0.0|1.0|0.0|0.0|0.0|0.0|0.0|0.0|1.0|0
0.9396015084037851||-0.3468842386189607|||-0.37445024664924814|-0.34633499090681524||-0.3145523524188842|||-0.32996785992124716||0.9677300747826261||0.0|1.0|0.0|0.0|0.0|1.0|0.0|1.0|0.0|0.0|0.0|0.0|0.0|0.0|1.0|0
-0.2171118038587823|-0.22244413811979064|1.594894258406664|3.303233244203966|-0.32573496531237156|-1.3355161646609832||1.4551253261478536||3.175710628569713|-0.2907695191325747|3.315038162898165|-0.24385853726190052|||0.0|1.0|0.0|0.0|0.0|1.0|0.0|0.0|0.0|0.0|1.0|1.0|0.0|0.0|0.0|0
-0.23180775167851164|-1.8550195659653912||||-0.36589374127447477|-0.34434121443443594|-0.3927565518354788|-1.289039603666751||-1.301490271005934|-0.3339852808656089|-0.18975754678478793|2.070496202718275|-0.2718648529896093|0.0|1.0|0.0|0.0|0.0|0.0|1.0|0.0|0.0|1.0|0.0|0.0|0.0|0.0|1.0|0
1.9114303158374994||-0.32790854455199653|||-0.35486790884523667||-0.3817000382909965|-1.6801351358972798|-0.3660179037112148||-0.3355922492433536||||0.0|1.0|0.0|0.0|0.0|1.0|0.0|0.0|0.0|1.0|0.0|1.0|0.0|0.0|0.0|1
-0.21284523836273184|-0.22244413811979064||0.746150597900208||0.44086794893849524|-0.33357482148358786|||-0.3652651452558947|0.8371209251423305|||-0.30033649835085113||0.0|1.0|0.0|0.0|0.0|0.0|1.0|0.0|0.0|0.0|1.0|0.0|0.0|0.0|1.0|0
|-0.22244413811979064|||-1.2215528085191232|-0.3599405574454938|1.7080522862327907|||-0.3592430776133342|-1.429048488508598|-0.3211295338436513|1.7308276151527089|-0.27973117969738226||0.0|1.0|0.0|0.0|0.0|0.0|1.0|0.0|0.0|1.0|0.0|1.0|0.0|0.0|0.0|0
||-0.3513861826443378|-1.7493155990950258|3.3804680237152755|||0.9824029613378453||||0.9347162533638306||-0.2870575152186156|1.2949503462697463|0.0|1.0|0.0|0.0|0.0|0.0|1.0|1.0|0.0|0.0|0.0|0.0|1.0|0.0|0.0|0
0.7736795168907119|||-0.36458859496812324|2.011043499134987||-0.34793001208471863|-0.39519349767793616|-0.31400874472929735|||-0.33117308620455566||||0.0|1.0|1.0|0.0|0.0|0.0|0.0|0.0|0.0|0.0|1.0|0.0|0.0|1.0|0.0|0
|-0.22244413811979064|-1.318989012018625|-0.34938987080535394|0.5809951638256151|-0.36239074242976893|||0.44949832210447915|-0.3592430776133342||0.5128870542058472||-1.256881179841884|1.2949503462697463|0.0|1.0|0.0|0.0|0.0|0.0|1.0|0.0|0.0|1.0|0.0|0.0|0.0|0.0|1.0|0
0.3233198256409418|-0.22244413811979064|1.9730575565383355|1.9476713594164317|-0.318029005370808|-0.3647643591332855|0.4320353439100541|-1.245822982575678|-0.3267331913892559|||||-1.3599077731092284|2.0783579458994237|0.0|1.0|0.0|0.0|0.0|0.0|1.0|0.0|0.0|0.0|1.0|0.0|0.0|1.0|0.0|0
|-0.1747905850907839|-0.33866819077264765|-1.7082379662226763|-1.6263851446100004||-1.7112743638976677|-0.37303534196225935|2.5917152914392667|||||0.8036506855050035|-1.0552724526192871|1.0|0.0|0.0|0.0|0.0|0.0|1.0|0.0|0.0|0.0|1.0|0.0|0.0|1.0|0.0|0
-0.2521924534929749|-0.22244413811979064|-0.35640585023263316|2.5638358525016747|-1.1750745536268261|||-0.3948775972909509|||1.8334540294198938|-0.348046254170875||||0.0|1.0|0.0|0.0|1.0|0.0|0.0|0.0|0.0|0.0|1.0|0.0|0.0|1.0|0.0|0
||||-0.32107366786520203||-0.33636610854491883||0.3629237641332423|-0.3603722152963143|-0.31577552645561946|-0.36491942213719436||||0.0|1.0|0.0|0.0|0.0|0.0|1.0|1.0|0.0|0.0|0.0|0.0|0.0|1.0|0.0|0
-0.23275587734430062|-0.22244413811979064|-0.3474920010623866|-1.564466251169453|||||||||-0.24385853726190052|-0.3105628416825727||0.0|1.0|0.0|0.0|0.0|1.0|0.0|0.0|0.0|1.0|0.0|1.0|0.0|0.0|0.0|0
-0.2346521286758786|-0.22244413811979064||1.146657518405616|||||-0.30591503023989336||0.9888117783887415||-0.23033328964262237|||0.0|1.0|0.0|0.0|0.0|1.0|0.0|1.0|0.0|0.0|0.0|0.0|0.0|1.0|0.0|0
-0.24650369949824097|-0.22244413811979064|-1.9154965953810825||-1.9200738276975589|3.2470954387411197|-0.3447399697289118|-0.3879729174039885|-0.30053935419842354|-0.35547928533673384|-0.2864945950865395|||-1.485829164880427||0.0|1.0|0.0|0.0|0.0|0.0|1.0|0.0|0.0|0.0|1.0|0.0|0.0|0.0|1.0|1
|1.6748732509980695|-0.3416844932696502|2.8513792826081215||-0.36413267081702705|||-0.3092370772318129|-0.36978169598781513|||-0.25738378488117863||-0.2718648529896093|0.0|1.0|0.0|0.0|0.0|0.0|1.0|0.0|0.0|1.0|0.0|0.0|0.0|0.0|1.0|0
||-0.35066587160027746|-1.513119210079016||-1.5269368665574787|-0.338758640311774||-0.2959287556460018||-1.9358338391272891|-0.3436270911320771|||-0.2718648529896093|0.0|1.0|0.0|0.0|0.0|1.0|0.0|0.0|0.0|0.0|1.0|0.0|0.0|0.0|1.0|0
|-0.22244413811979064||-0.34980064713407744||||||-0.35999583606865426|1.808172220545492|||-0.2981996504904914||0.0|1.0|0.0|1.0|0.0|0.0|0.0|1.0|0.0|0.0|0.0|0.0|0.0|0.0|1.0|0
-0.23038556317982814|-0.19596994199256468||2.2352147895228787|0.5190241573025524||||2.6339958895182427|-0.3660179037112148|-0.31462635332496486|-1.2949523707569386||3.413657714944394|-0.2718648529896093|1.0|0.0|0.0|0.0|0.0|0.0|1.0|0.0|0.0|1.0|0.0|0.0|1.0|0.0|0.0|0
|-0.22244413811979064|||2.542512239859949|1.1491245459555286|-0.3555063626797599|-0.3624978076249671|0.36644714730649036|||||||1.0|0.0|0.0|0.0|0.0|0.0|1.0|0.0|0.0|0.0|1.0|0.0|0.0|0.0|1.0|0
1.2358907789628444||-0.32802109315263095|-1.1947675553183073|-0.30483995854774754|1.5568506409950642|-0.3515188097350013|-0.3853103284279703|||-0.32225686291251154||-0.24385853726190052||-0.2718648529896093|0.0|1.0|0.0|0.0|0.0|1.0|0.0|0.0|0.0|0.0|1.0|0.0|0.0|1.0|0.0|0
|-0.22244413811979064|-0.32495977121537456||-0.3017279362636546|-0.366812560643578|||-0.7499619781598063||-0.3292438355468917|-0.38098910591464136|-0.29795952773901313|||0.0|1.0|0.0|1.0|0.0|0.0|0.0|1.0|0.0|0.0|0.0|1.0|0.0|0.0|0.0|0
-0.2351261915087731|5.601879009869919||-0.3543191867500359||1.7119014095312255|-1.4819900695740509|-0.38221901749818654||-0.3607485945239743|3.1710915535018818|||-0.2923996348695149||0.0|1.0|0.0|0.0|0.0|1.0|0.0|0.0|0.0|0.0|1.0|0.0|0.0|0.0|1.0|0
|-0.22244413811979064|-0.34967544391469446|2.97461218122517||||-1.314644138311741||-0.3758037636303757||0.643453234897604|-0.20328279440406608|0.708255691738944||1.0|0.0|0.0|0.0|0.0|1.0|0.0|0.0|0.0|1.0|0.0|0.0|0.0|1.0|0.0|0
-0.2521924534929749||||1.055208083306443|0.5719911297375947||-0.38562622881495556||||||||0.0|1.0|0.0|0.0|0.0|0.0|1.0|1.0|0.0|0.0|0.0|1.0|0.0|0.0|0.0|0
-0.23133368884561714|-0.22244413811979064|3.2763703518849887|-0.3473359891617364|-0.3287930997647053|||-0.3687932510513151||-0.3471989423282131|-0.9395007348497258|-0.35206367511523673||-0.3114786336227269|-0.2718648529896093|1.0|0.0|0.0|1.0|0.0|0.0|0.0|0.0|0.0|1.0|0.0|0.0|0.0|0.0|1.0|0
-0.2730512181403327||-1.2115050984127482||||-0.3403536614896774|-0.37540459486464844|-0.34879963686285476|-0.3558556645643939|||||-0.2718648529896093|0.0|1.0|1.0|0.0|0.0|0.0|0.0|0.0|0.0|0.0|1.0|1.0|0.0|0.0|0.0|0
||||2.5519426104178065||0.4120975791862614||-0.32687412671618576|||-0.3207277917492151||-0.27927328372730514||0.0|1.0|0.0|0.0|0.0|0.0|1.0|0.0|0.0|0.0|1.0|1.0|0.0|0.0|0.0|0
|-0.17655553149926564|-1.822643999857681|-0.34938987080535394||-0.3510012106669274|-1.7312121286214603|0.741528916261624|1.562887404850849||||1.7308276151527089|||0.0|1.0|1.0|0.0|0.0|0.0|0.0|0.0|0.0|1.0|0.0|0.0|0.0|0.0|1.0|0
-0.2441333853337685||0.823936344060846|-0.342817449545778|||-0.3439424591399601||-0.318357606245992|-0.3630068698899345|||-0.25738378488117863||-1.0552724526192871|1.0|0.0|0.0|0.0|0.0|0.0|1.0|0.0|0.0|1.0|0.0|0.0|0.0|0.0|1.0|0
|-0.22244413811979064|||3.271345164402926||||||1.0508671274440915|-1.144299085343373|-0.20328279440406608|-0.3097996817324442|-0.2718648529896093|1.0|0.0|0.0|0.0|0.0|0.0|1.0|1.0|0.0|0.0|0.0|0.0|0.0|0.0|1.0|0
-1.5255252226475882||0.6410448680299038|0.7666894143363828|||-1.2327680105266414||0.7988165967093528|1.5572799496315632||1.8285924134843192||||0.0|1.0|0.0|1.0|0.0|0.0|0.0|0.0|0.0|1.0|0.0|1.0|0.0|0.0|0.0|0
||-0.34353029032005483|1.9065937265440822|-0.32061562129524895|||-0.416336259292589||-0.3532210099707736|-0.30832888456897745|||-0.2899575230291038|-1.0552724526192871|0.0|1.0|0.0|0.0|0.0|0.0|1.0|0.0|0.0|0.0|1.0|1.0|0.0|0.0|0.0|0
-0.23417806584298412|-0.22244413811979064|0.615721432887158|-0.36417781863939974|-0.3252230309106593||0.9504172267286658|-0.3796692500889487||0.4563707087259614|1.5093872065752885|-1.5862153892231652||-0.2916364749193865||1.0|0.0|0.0|0.0|0.0|0.0|1.0|0.0|0.0|0.0|1.0|0.0|0.0|0.0|1.0|0
|||1.4752785813844123|-0.3406888386255454|-0.3672145441175606|0.7610084618526346|1.0952245281182769|-1.4022912056640084||-0.3024451181400258|-1.003689352290712|-0.23033328964262237|||0.0|1.0|0.0|0.0|1.0|0.0|0.0|1.0|0.0|0.0|0.0|1.0|0.0|0.0|0.0|0
-0.24128900833640152|-1.4137829638449586|1.4902240598166479|1.3520456827673635||-0.3552124661086503|-0.34872752267367035|-1.4850047041501928||-0.36338324911759456||-1.6163460463058783|-0.24385853726190052|-0.2904154189991809||0.0|1.0|0.0|0.0|0.0|0.0|1.0|0.0|0.0|0.0|1.0|0.0|0.0|0.0|1.0|1
-0.21379336402852084|-0.22244413811979064|-0.333108289901307|3.3443108770763157||-0.38591634669284824||-0.7161257265415517|-0.32228366178189694||-0.3088345207464655||-0.25738378488117863|-0.2969785945702858|0.5115427466400685|0.0|1.0|0.0|1.0|0.0|0.0|0.0|0.0|0.0|0.0|1.0|0.0|0.0|1.0|0.0|0
-0.24697776233113547|-0.22244413811979064|-0.36102034285864465|-0.3543191867500359||||1.2035332322274912|-0.3187804122267818|-0.37618014285803575|-0.30524910057882304|2.0093763559805975|||2.0783579458994237|0.0|1.0|0.0|0.0|0.0|1.0|0.0|0.0|0.0|0.0|1.0|0.0|0.0|0.0|1.0|1
-0.24271119683508502||1.4722162837151398|-0.34528210751811894|1.5267266111993119|||-0.3842046770735221||||-0.3468410278875665||1.414178645607785|0.5115427466400685|1.0|0.0|0.0|1.0|0.0|0.0|0.0|1.0|0.0|0.0|0.0|0.0|0.0|0.0|1.0|0
-0.23370400301008962|-0.22244413811979064|1.0377786852662554||-0.33706488193974016|1.0907412318770975||-0.3946519541573901||0.6539698032474797|-0.3027209196913829|-0.32313824431583216|-0.20328279440406608|||0.0|1.0|0.0|0.0|0.0|1.0|0.0|0.0|0.0|0.0|1.0|1.0|0.0|0.0|0.0|0
-0.24176307116929602|-0.1606710138229301|-0.3396135990179768||-0.3166413937030091||-1.4520834224883619|0.5373218803890428|-1.34138701081215||-0.304973299027466||-0.20328279440406608||-1.0552724526192871|0.0|1.0|1.0|0.0|0.0|0.0|0.0|0.0|0.0|0.0|1.0|0.0|0.0|0.0|1.0|0
-0.23370400301008962|-0.22244413811979064|1.1885938101163862||-0.3339932755294666|-0.3574329462506497||-0.3842723700135904|-0.3046868795337897|2.4982280187816506||-0.34884973835974736|0.37830285322489426|||1.0|0.0|0.0|1.0|0.0|0.0|0.0|0.0|0.0|1.0|0.0|0.0|0.0|0.0|1.0|0
0.7618279460683495||||-1.5677821275718868|-0.34973783403441056|0.6513507558717745||||-0.29899759874806187|-0.3460375436986941|-0.20328279440406608|-0.30522072203167333||0.0|1.0|0.0|0.0|0.0|1.0|0.0|1.0|0.0|0.0|0.0|0.0|1.0|0.0|0.0|0
-0.2588293331534978|||-1.564466251169453|-0.3340606353191656||-0.3491262779681462|||||0.723801653784839|||-1.0552724526192871|0.0|1.0|0.0|0.0|0.0|1.0|0.0|0.0|0.0|1.0|0.0|0.0|1.0|0.0|0.0|0
-0.565547986036236|-0.22244413811979064|3.2313509116312185|||-0.3493932767709969|1.9074299334707183|-0.3762169101454676|2.4829937535218995||-1.0751031642669722|||-0.29453648272987465||0.0|1.0|0.0|0.0|0.0|0.0|1.0|1.0|0.0|0.0|0.0|0.0|0.0|1.0|0.0|1
-0.22232649502062174|-0.22244413811979064|-0.3507108910405312|-0.3686963582553582|-0.3279308944565583|||-0.3825123535718156|-0.31592143845191767|-1.6325340047872323|-0.3023072173643472|||||0.0|1.0|0.0|0.0|0.0|1.0|0.0|1.0|0.0|0.0|0.0|1.0|0.0|0.0|0.0|0
-0.25835527032060335|-0.22244413811979064||-0.35678384472237684||||-0.3867318801694038||-0.357737560702694|-0.31269574246546505|-0.9735586952079989|2.4070899961166163|-0.3168207532736262|-1.0552724526192871|0.0|1.0|0.0|1.0|0.0|0.0|0.0|0.0|0.0|0.0|1.0|0.0|0.0|0.0|1.0|0
1.1529297832063077|-0.22244413811979064|2.538051531723154||-0.3065374252481619|-0.3572606676189428||||-0.37354548826441547|-0.29683715326243115|-1.2849088183960342|-0.25738378488117863|||0.0|1.0|0.0|1.0|0.0|0.0|0.0|1.0|0.0|0.0|0.0|0.0|0.0|0.0|1.0|1
|-0.22244413811979064|||-0.3221379525424459||||-0.3166261150865673||-0.30299672124274|||-0.28583645929841|2.0783579458994237|0.0|1.0|0.0|0.0|0.0|1.0|0.0|1.0|0.0|0.0|0.0|0.0|0.0|0.0|1.0|1
|-0.22244413811979064||-1.3693474950257927|0.8534655131579942|-0.3614144968500968|-0.3439424591399601|3.1970903172377168||-0.3663942829388748|-0.3172005011376312||-0.25738378488117863||-1.0552724526192871|0.0|1.0|0.0|0.0|0.0|0.0|1.0|0.0|0.0|0.0|1.0|0.0|0.0|1.0|0.0|0
-0.23702244284035107|-0.18008542431622912||||-0.3765750164402992||0.627015025979486||-0.3724163505814354|||-0.2709090325004568||-0.2718648529896093|0.0|1.0|0.0|0.0|0.0|1.0|0.0|1.0|0.0|0.0|0.0|0.0|1.0|0.0|0.0|0
-0.02037572820756694|-0.22244413811979064|1.7524622992948604|-0.35719462105110034|||-1.462052304850258|1.170814977861166||0.9738921467585093||-0.3207277917492151||-0.27927328372730514||1.0|0.0|1.0|0.0|0.0|0.0|0.0|0.0|0.0|0.0|1.0|0.0|0.0|0.0|1.0|0
-1.7981113515619227|-0.17832047790774738|-0.3697090948276223||1.5159490448474748|-0.36629572474845745||||-0.3607485945239743|-0.29058565143167|||||1.0|0.0|0.0|1.0|0.0|0.0|0.0|0.0|0.0|0.0|1.0|0.0|0.0|0.0|1.0|0
0.2048041174173181||-0.35134116320408404|||1.30417531449169|-0.33636610854491883|-0.3903872989330897|||-0.30598457138244206|2.873121859018373|3.083352377080524|||0.0|1.0|0.0|1.0|0.0|0.0|0.0|1.0|0.0|0.0|0.0|0.0|0.0|1.0|0.0|0
-0.23702244284035107||-0.3279310542721234||-0.304745654842169|-0.33698921528810394|-0.33716361913387055|||-0.36564152448355475||-0.32313824431583216|-0.1491818039269535|||0.0|1.0|0.0|0.0|0.0|1.0|0.0|0.0|0.0|0.0|1.0|0.0|0.0|0.0|1.0|1
-0.2716290296416492|||-0.35637306839365335||-0.37450767285981706||-0.4013986838508599||1.3502713744185442||-0.3384044439044068|||0.5115427466400685|1.0|0.0|0.0|0.0|1.0|0.0|0.0|0.0|0.0|0.0|1.0|1.0|0.0|0.0|0.0|0
0.29961668399621705||-1.5941703405697965|-0.3407635679021605||-0.34208100595855073|-0.93370153966975|0.9649156184868785|-1.9307986816512093|-0.3509627346048134||-0.3384044439044068||||0.0|1.0|1.0|0.0|0.0|0.0|0.0|0.0|0.0|0.0|1.0|0.0|1.0|0.0|0.0|0
-0.20810461003378689|-0.22244413811979064|-2.0049727328854514|-0.34322822587450147||||-0.3692445373184369||0.6539698032474797||1.7281568898752755||-1.424776368870149||0.0|1.0|0.0|0.0|0.0|0.0|1.0|1.0|0.0|0.0|0.0|1.0|0.0|0.0|0.0|1
|-0.22244413811979064|-0.36543224800351415||-0.34291171168561174|-0.3704495539796114|-0.3507212991460496|-0.39731454313340825|0.6412710348198348|||2.632076602356668||1.2081254590730963|0.5115427466400685|1.0|0.0|1.0|0.0|0.0|0.0|0.0|0.0|0.0|0.0|1.0|0.0|0.0|0.0|1.0|0
|-0.22244413811979064||-0.36335626598195275|1.9888147685343232||-0.3355685979559671|-0.37046301023966555|-1.505979339048164|-1.4631633523402165|0.8336734057503666||-0.23033328964262237|1.017335471540977|0.5115427466400685|0.0|1.0|0.0|0.0|0.0|1.0|0.0|0.0|0.0|0.0|1.0|0.0|0.0|1.0|0.0|0
-0.2588293331534978|-0.22244413811979064|0.8396931481496657||-0.3410929973637392|-0.3754073501587306||-0.4023012563851033|-1.8467408259465783|2.761693478143675||-1.2146039518697038||||0.0|1.0|0.0|1.0|0.0|0.0|0.0|1.0|0.0|0.0|0.0|1.0|0.0|0.0|0.0|0
-0.2683105898113877|-0.22244413811979064||-1.081804064919346|2.1060208026105505||-0.3423474379620567|||||-0.36009851700396023|-0.2709090325004568|-0.31972076108411446||0.0|1.0|0.0|0.0|0.0|1.0|0.0|0.0|0.0|0.0|1.0|0.0|0.0|0.0|1.0|0
|-0.22244413811979064|-1.5328313532240343|-0.34856831814790695|-1.5307342432374471||-0.34673374620129105||-0.3195052224795642||-0.30598457138244206|-0.3367974755266621|-0.24385853726190052|-0.29575753865008025|-0.2718648529896093|1.0|0.0|0.0|0.0|0.0|0.0|1.0|1.0|0.0|0.0|0.0|1.0|0.0|0.0|0.0|0
|-0.22244413811979064|-1.007792131264437||-0.34086397407876273||-0.36188644739137354|-0.39205705812144015|-1.196928300708982|-0.3645123868005747||1.467024528491762|-0.2709090325004568||-0.2718648529896093|1.0|0.0|0.0|0.0|0.0|0.0|1.0|1.0|0.0|0.0|0.0|0.0|0.0|1.0|0.0|0
-0.2621477729837593||-0.36322629543107937|0.1299861048149651|-0.3406618947096658||-0.3519175650294772|0.6292714573150946|-0.317189856394287|-0.3663942829388748||||||1.0|0.0|0.0|1.0|0.0|0.0|0.0|0.0|0.0|1.0|0.0|0.0|0.0|0.0|1.0|0
1.6032894744560777||-0.33421126618752434|-0.34404977853194846|-0.3111448348635722|-0.3703155594882838|0.6314129911479817|||1.5949178723975668|-0.27003843585556525|-0.3436270911320771|-0.23033328964262237|||0.0|1.0|0.0|0.0|0.0|0.0|1.0|1.0|0.0|0.0|0.0|1.0|0.0|0.0|0.0|0
-0.2692587154771767|-0.22244413811979064|2.871195389601055|-0.34980064713407744|-0.33291551889428295|-0.3760198964047994|||-0.3138275421661017||-0.3001467718787165||-0.25738378488117863|||0.0|1.0|0.0|0.0|0.0|0.0|1.0|1.0|0.0|0.0|0.0|1.0|0.0|0.0|0.0|0
|-0.22244413811979064|-0.35773392372011936|||-0.3581412028476667||-0.3849944280409851||-0.3611249737516343|-0.3031805889436447|2.792773440131138|-0.24385853726190052|-0.30857862581223866||0.0|1.0|0.0|0.0|0.0|0.0|1.0|0.0|0.0|0.0|1.0|0.0|0.0|1.0|0.0|0
|-0.22244413811979064|-0.36925890042508464|-0.33870968625854303|-0.3468051075302129|||-0.40898029313850487|-0.3183777398641249||-1.3589489275386655|-0.3376009597155345|0.37830285322489426|-0.29652069860020874|-0.2718648529896093|1.0|0.0|0.0|0.0|0.0|1.0|0.0|1.0|0.0|0.0|0.0|0.0|0.0|1.0|0.0|0
|-0.22244413811979064|1.9651791544939257||2.028557044456722||1.2096081681379716|||-1.2467452964356964|1.5116855528365978|-0.32474521269357687|-0.21680804202334422||-1.0552724526192871|0.0|1.0|0.0|0.0|0.0|1.0|0.0|1.0|0.0|0.0|0.0|0.0|0.0|0.0|1.0|0
|-0.18008542431622912||||-0.36003626779644204||-0.38688983036289637|2.4467532408827775|-0.35359738919843364|0.37515332661916967|-0.3351905071489174|-0.23033328964262237|-0.2940785867597976||0.0|1.0|0.0|1.0|0.0|0.0|0.0|0.0|0.0|0.0|1.0|0.0|1.0|0.0|0.0|0
||-0.34863999678885776||-1.372775536393336|-0.36788451657419835|0.5915374617003962|||-0.3758037636303757|1.5231772841431443|-0.34965322254861975|-0.23033328964262237|1.2691782550833743|0.5115427466400685|0.0|1.0|0.0|0.0|0.0|0.0|1.0|1.0|0.0|0.0|0.0|0.0|1.0|0.0|0.0|0
-0.5773995568585985|-0.22244413811979064|-0.33376107178498665|-0.3510329761202479|-0.3106867882936191|-1.092411873252434|-0.34075241678415324|||-0.3603722152963143||-0.3544741276818538||-0.313920745463138||0.0|1.0|0.0|0.0|0.0|0.0|1.0|0.0|0.0|1.0|0.0|1.0|0.0|0.0|0.0|0
|-0.22244413811979064|-0.35744129735846986|-0.35021142346280093|1.1993580332622629|-0.3537959529146163|-0.3435437038454842|-0.3806395155632604|-1.6932219876836294|0.6727887646304814|-0.2904937175812176|-0.34161838065989625|-0.24385853726190052|-1.3522761736079436||0.0|1.0|0.0|0.0|0.0|0.0|1.0|0.0|0.0|1.0|0.0|1.0|0.0|0.0|0.0|0
|-0.22244413811979064|-0.007235071624389976||-0.3505772557533558|-0.36009369400701097||||||-0.33278005458230037|-0.2709090325004568|0.8952298795204208|-0.2718648529896093|0.0|1.0|0.0|0.0|1.0|0.0|0.0|1.0|0.0|0.0|0.0|1.0|0.0|0.0|0.0|0
-1.169978097976717||-0.343102605637644|-0.3580161737085473|||||-0.327236531842577||-0.313936849446572|-0.34081489647102386||||0.0|1.0|0.0|0.0|0.0|1.0|0.0|0.0|0.0|0.0|1.0|0.0|0.0|0.0|1.0|0
-1.169978097976717|-0.22244413811979064|-0.3598948568523004|-0.3514437524489714|-0.33726696130883715|||||-0.34606980464523296||-1.7971299888021568||||0.0|1.0|0.0|0.0|0.0|1.0|0.0|0.0|0.0|0.0|1.0|0.0|0.0|1.0|0.0|1
|-0.22244413811979064|0.33322444529474854|-0.3580161737085473|-0.3367280829912453||-1.432145657764569|-0.3989391736950465|||3.3273790992709116|-0.3359939913377898|||-0.2718648529896093|0.0|1.0|0.0|0.0|0.0|1.0|0.0|0.0|0.0|1.0|0.0|0.0|0.0|1.0|0.0|0
|||0.5099542088841982||-0.35486790884523667|1.7479278156803761|-0.3817000382909965||-0.3652651452558947|-0.2925162622911698||-0.25738378488117863|-1.6804349521631885||0.0|1.0|0.0|0.0|0.0|0.0|1.0|0.0|0.0|1.0|0.0|0.0|0.0|1.0|0.0|0
-0.24982213932850245|-0.1571411210059666|||-1.2953117782395076||0.7610084618526346|-0.37962412146223656||-1.2843832192017|-0.28801150361900363|-0.34402883322651323||-0.3032365061613393||0.0|1.0|0.0|0.0|0.0|0.0|1.0|0.0|0.0|1.0|0.0|0.0|0.0|0.0|1.0|0
-0.2569330818219199|-0.22244413811979064||-0.34404977853194846|-0.3146879598017386||-1.352394598869398|2.4118522124459134|-0.3208541748944649||3.45608648990423|-1.0539071140952339|0.37830285322489426||0.5115427466400685|0.0|1.0|0.0|0.0|0.0|0.0|1.0|1.0|0.0|0.0|0.0|0.0|0.0|0.0|1.0|0
||0.28989323405049466|-0.3415851205596075||-0.3612422182183899|-0.36467773445270457|-0.38810830328412504|||-0.28952841215146774||1.0545652341888017|-0.28217329153779336||0.0|1.0|0.0|0.0|0.0|0.0|1.0|0.0|0.0|1.0|0.0|0.0|0.0|1.0|0.0|0
-0.2664143384798098|-0.22244413811979064||3.303233244203966|||-0.33955615090072566|-0.39009396285946063|-0.2973179752971682|-0.3663942829388748||-0.33318179667673653||-0.29209437088946355||0.0|1.0|0.0|0.0|0.0|0.0|1.0|0.0|0.0|0.0|1.0|0.0|0.0|1.0|0.0|0
|-0.22244413811979064||-0.33747735727237255|-0.32741896005484605|-0.3513457679303411|1.7479278156803761|0.7330672987530916|||-0.30299672124274|-0.31871908127703424|-0.24385853726190052|||1.0|0.0|0.0|1.0|0.0|0.0|0.0|1.0|0.0|0.0|0.0|0.0|0.0|1.0|0.0|0
||1.339408934966517|1.2698904170226646|-1.2451287349137665||-0.33955615090072566|-0.3693799231985734|1.9595196820679102|-0.367899799849515||-0.35487586977629|||0.5115427466400685|0.0|1.0|0.0|0.0|0.0|1.0|0.0|1.0|0.0|0.0|0.0|0.0|0.0|0.0|1.0|0
-0.23322994017719512||||-0.31428380106354475|0.273853386533803||-0.3975627505803252||0.635150841864478|-0.30216931658866863|-0.35527761187072615||-1.0012225965488442|-1.0552724526192871|0.0|1.0|0.0|0.0|0.0|1.0|0.0|0.0|0.0|1.0|0.0|1.0|0.0|0.0|0.0|0
|||||1.582692435751091||1.560049383253655||-0.36677066216653487||-0.33036960201568333|2.4070899961166163|||1.0|0.0|0.0|0.0|1.0|0.0|0.0|0.0|0.0|0.0|1.0|0.0|0.0|1.0|0.0|0
0.6670153794894506|2.248480833754632|-0.3504182646788817|-0.3333695939851376|-0.3276345113818828|1.4276416672149297|-0.3435437038454842|||-0.3611249737516343||||-0.3032365061613393|2.0783579458994237|0.0|1.0|0.0|0.0|0.0|0.0|1.0|1.0|0.0|0.0|0.0|0.0|1.0|0.0|0.0|1
|-0.22244413811979064|-0.3476945885435286|-1.297461637499181|1.695126085446765|-1.0914547697429515||2.357697860391306|-0.31080749944617486|-0.35472652688141376|-0.29702102096333594|0.7740194155893607|-0.21680804202334422|||0.0|1.0|0.0|1.0|0.0|0.0|0.0|0.0|0.0|0.0|1.0|1.0|0.0|0.0|0.0|0
-0.2711549668087547|||-0.3662317002830172||-0.3475747801029802||0.827273307014752|0.6709681215657823|-0.3596194568409942|-1.4026175065035413|-0.3271556652601939|3.083352377080524||0.5115427466400685|0.0|1.0|1.0|0.0|0.0|0.0|0.0|1.0|0.0|0.0|0.0|0.0|0.0|1.0|0.0|1
|-0.1730256386823022||-0.36294548965322926||||||-0.3509627346048134|||-1.650484289666828|0.7922032862530763||0.0|1.0|0.0|0.0|0.0|0.0|1.0|0.0|0.0|1.0|0.0|0.0|1.0|0.0|0.0|0
-0.24602963666534647|-0.22244413811979064|3.206590219491644|0.4586071677937613|1.4627348109852796|-0.3678079482934397|||-0.30637810345694877|-0.35698480224737394||-0.34724276998200265|1.7308276151527089|-0.30644177795187894||0.0|1.0|0.0|0.0|0.0|1.0|0.0|0.0|0.0|0.0|1.0|1.0|0.0|0.0|0.0|0
-0.2517183906600804|-0.22244413811979064|-0.33481902863095026||-0.31176454492880284|-0.35494447712599525||-0.38179029554442084|1.3867182461884486||||0.7164340437068479||-0.2718648529896093|0.0|1.0|1.0|0.0|0.0|0.0|0.0|0.0|0.0|1.0|0.0|0.0|0.0|0.0|1.0|0
-0.24176307116929602|-0.22244413811979064|-0.3650270730412302|-0.3407635679021605||-0.3511734892986343|||||||1.7308276151527089|-0.30857862581223866||0.0|1.0|0.0|0.0|0.0|0.0|1.0|0.0|0.0|0.0|1.0|1.0|0.0|0.0|0.0|0
|-0.22244413811979064||-0.35719462105110034|||3.1635091110696623|-0.3796015571488805|-0.31833747262785916|-0.37091083367079525|-0.3047894313265612|-0.3343870229600451|-0.2709090325004568|-0.29331542680966916||0.0|1.0|0.0|1.0|0.0|0.0|0.0|1.0|0.0|0.0|0.0|1.0|0.0|0.0|0.0|0
-0.26783652697849325|-0.22244413811979064|||||-0.34753125679024277|-1.1939250618566795||0.9362542239925059||0.6936709967021258||-0.2969785945702858||0.0|1.0|0.0|0.0|0.0|1.0|0.0|0.0|0.0|0.0|1.0|1.0|0.0|0.0|0.0|0
|-0.15361122818900316||-1.348808678589618|-0.3258427409758899|3.185840814134241||||||-0.3464392857931303|||0.5115427466400685|0.0|1.0|0.0|0.0|0.0|1.0|0.0|1.0|0.0|0.0|0.0|0.0|0.0|0.0|1.0|0
1.579586332811353|-0.22244413811979064|-0.3531194310941079|0.8693834965172567|-0.3303827908016012|-0.35463820400296087|-0.34075241678415324|-0.38147439515743564|-0.3133644689490463|||1.3465019001609095||||0.0|1.0|0.0|0.0|1.0|0.0|0.0|1.0|0.0|0.0|0.0|0.0|0.0|0.0|1.0|0
|-0.1624359602314118|-0.3534570768960112|0.7256117814640333||||1.6988199103935857|-0.31588117121565196|-0.3611249737516343||-1.4154749990877908||||1.0|0.0|0.0|0.0|0.0|1.0|0.0|0.0|0.0|0.0|1.0|0.0|0.0|1.0|0.0|0
||||-0.3180559492866877|-0.3624098844999586|0.2426265790340229|-0.3892590832652854|||0.717606919554249|-0.35246541720967295|-0.25738378488117863|-0.3117838976027783||0.0|1.0|0.0|0.0|0.0|0.0|1.0|0.0|0.0|0.0|1.0|0.0|0.0|1.0|0.0|0
||-0.3544475045815942|-0.3654101476255702||-0.34282754669594706|-0.3563038732687116|-1.7952640127963797||-0.3543501476537537||-0.3432253490376409||||0.0|1.0|0.0|0.0|0.0|1.0|0.0|0.0|0.0|0.0|1.0|0.0|0.0|0.0|1.0|0
1.86402403254805|-0.18185037072471083|2.227417393972138|||1.3826578022692533|-1.2626746576123304|-0.3888077969981637|||-1.3302195992722998||-0.25738378488117863|||0.0|1.0|0.0|0.0|1.0|0.0|0.0|0.0|0.0|0.0|1.0|0.0|1.0|0.0|0.0|0
-0.2654662128140208||-0.3509810076820538|-0.3526760814351419|||||0.6176140335137411|||-0.329566117826811||||0.0|1.0|0.0|0.0|0.0|0.0|1.0|0.0|0.0|0.0|1.0|0.0|0.0|1.0|0.0|0
||-1.5091961470908049|||0.49877271126218514|||-0.3147738222183455|-0.367899799849515|-0.3011120773084664|-1.7167815699149218|1.7308276151527089|-1.7109613501683276|1.2949503462697463|0.0|1.0|0.0|0.0|0.0|0.0|1.0|1.0|0.0|0.0|0.0|0.0|0.0|0.0|1.0|0
|-0.22244413811979064||-0.3604808316808883|-0.316250706922755|-0.33620439041032835|-0.36507648974718043|||1.6701937179295736|||-0.25738378488117863|-0.3238418248148082|-1.0552724526192871|0.0|1.0|0.0|0.0|0.0|0.0|1.0|0.0|0.0|0.0|1.0|0.0|0.0|1.0|0.0|0
|-0.22244413811979064||0.5818400664108099|2.0629105372032024|-0.36882247801349116||-0.39568991257177005|-0.3136060723666404||0.7911539999161453|-0.35005496464305585|0.37830285322489426|-0.3093417857623671||0.0|1.0|0.0|0.0|0.0|1.0|0.0|1.0|0.0|0.0|0.0|1.0|0.0|0.0|0.0|0
|5.0723950873254005|-0.35354711577651876||||0.5815685793384998|||2.7240555553776713|-0.28952841215146774||-0.23033328964262237|-0.29652069860020874||0.0|1.0|0.0|1.0|0.0|0.0|0.0|0.0|0.0|0.0|1.0|0.0|1.0|0.0|0.0|0
-0.288695291625851|-0.16773079945685698|0.7023838553756659|-0.340352791573437|-0.3216933779304327|-0.3587728911639252|-0.34633499090681524|-0.38562622881495556||-0.36150135297929437|-0.3058466706067635|-1.7167815699149218|-0.2709090325004568||-0.2718648529896093|1.0|0.0|0.0|0.0|0.0|0.0|1.0|1.0|0.0|0.0|0.0|0.0|1.0|0.0|0.0|0
|||-1.7287767826588512||||-0.37689383954615013||-0.367899799849515|0.28781616868941784|-0.33197657039342804|-0.24385853726190052||-1.0552724526192871|1.0|0.0|0.0|1.0|0.0|0.0|0.0|0.0|0.0|1.0|0.0|1.0|0.0|0.0|0.0|0
|-0.18361531713319257|-0.35399731017905645||-0.33127194002562776|2.079429157172497|||-1.6826518381638855|1.651374756546572|2.3758637470888786|-0.3179155970881619|||0.5115427466400685|0.0|1.0|0.0|0.0|1.0|0.0|0.0|0.0|0.0|0.0|1.0|0.0|1.0|0.0|0.0|1
0.7262732336012624|-0.22244413811979064||-1.9033567223663366||||-1.3197211088168606||-0.36225411143461445|2.3115100517722196|||0.6052290984715996||0.0|1.0|0.0|0.0|0.0|1.0|0.0|1.0|0.0|0.0|0.0|1.0|0.0|0.0|0.0|0
-0.2351261915087731||-0.3488425842699997||||-0.3435437038454842||-0.3247198295759713||-0.31131673470867954|||-0.285378563328333|-0.2718648529896093|0.0|1.0|0.0|0.0|0.0|0.0|1.0|0.0|0.0|0.0|1.0|0.0|1.0|0.0|0.0|1
1.9114303158374994|-0.22244413811979064|-0.3453985970905863||||||0.9508254136123382||||2.4070899961166163|-0.30476282606159627||0.0|1.0|0.0|1.0|0.0|0.0|0.0|0.0|0.0|0.0|1.0|1.0|0.0|0.0|0.0|0
-0.2526665163258694|-0.22244413811979064||2.1119818909058297|||||-0.3136463396029061|-0.8703660687756616|||0.37830285322489426|-0.29362069078972053||0.0|1.0|0.0|1.0|0.0|0.0|0.0|0.0|0.0|0.0|1.0|0.0|0.0|0.0|1.0|0
-0.26499214998112625||-0.35199394508776366|||||0.7798882489669707|-0.3028144530474351|||-0.3609020011928326|-0.23033328964262237||1.2949503462697463|0.0|1.0|0.0|1.0|0.0|0.0|0.0|1.0|0.0|0.0|0.0|0.0|0.0|0.0|1.0|0
|-0.22244413811979064|-0.33673235484173547||-0.31370450687213347|-0.3663531509590264|-1.3723323635931908||-0.3268338594799201|-0.3660179037112148|-0.3135231471195364|-1.5661282845013564|-0.25738378488117863||-0.2718648529896093|0.0|1.0|0.0|0.0|0.0|1.0|0.0|0.0|0.0|1.0|0.0|1.0|0.0|0.0|0.0|0
-0.22801524901535566||-0.3557980877892073|-0.35678384472237684|-0.3331041263054401|-1.2666047119782449||-0.3896426765923389||-0.36488876602823467||-0.3315748282989919||0.9257562775255598|-1.0552724526192871|0.0|1.0|0.0|0.0|0.0|1.0|0.0|1.0|0.0|0.0|0.0|1.0|0.0|0.0|0.0|0
-0.28300653763111705|-0.16773079945685698|2.6708588804717763||-0.33496325650113196|-1.6944299807169123|0.4519731086338469||0.543622986875533||-0.30832888456897745|||-0.30186281825110806||0.0|1.0|0.0|0.0|1.0|0.0|0.0|0.0|0.0|0.0|1.0|0.0|0.0|0.0|1.0|0
||-0.31296209038774475|-1.6055438840418026|-0.28952234237019925||||||-0.30589263753198964||||-1.0552724526192871|0.0|1.0|0.0|0.0|0.0|0.0|1.0|0.0|0.0|1.0|0.0|0.0|0.0|0.0|1.0|1
|-0.22244413811979064|||-0.33618920467365343||||2.306824594859499|-0.9926893177651729|-0.2906316183568962||-0.21680804202334422|-0.28751541118869267|-1.0552724526192871|0.0|1.0|0.0|1.0|0.0|0.0|0.0|0.0|0.0|0.0|1.0|0.0|0.0|0.0|1.0|0
0.809234229357799|-0.1853802635416743||||-0.3664488613099746|||-1.2970930509198895|1.293814490269539|-0.30676600911128715|-1.5661282845013564|1.0545652341888017|0.8761508807672088||1.0|0.0|1.0|0.0|0.0|0.0|0.0|0.0|0.0|0.0|1.0|0.0|1.0|0.0|0.0|1
|-0.22244413811979064|1.1762134640465993|1.7012055621823345||2.152169023893165||2.1297982954948345||||-0.32836089154350245|1.0545652341888017|-0.2870575152186156|2.0783579458994237|0.0|1.0|0.0|1.0|0.0|0.0|0.0|0.0|0.0|0.0|1.0|1.0|0.0|0.0|0.0|1
-0.2166377410258878||-0.3644868397581849|-1.1126122895736081|-0.3419417307139464|-0.3564375586007879|||1.8930787422295192||||||-1.0552724526192871|1.0|0.0|0.0|0.0|0.0|0.0|1.0|0.0|0.0|1.0|0.0|0.0|0.0|1.0|0.0|0
2.077352307350573|-0.22244413811979064|-0.3456912234522358||1.7968393678922268|-0.3585240442514597|||0.4062110431188609||-0.31398281637179826||-0.18975754678478793|||0.0|1.0|0.0|0.0|1.0|0.0|0.0|0.0|0.0|1.0|0.0|0.0|0.0|0.0|1.0|0
|||-0.3588377263659943||||||-0.3694053167601551|||-0.24385853726190052||-0.2718648529896093|0.0|1.0|0.0|0.0|0.0|0.0|1.0|1.0|0.0|0.0|0.0|0.0|1.0|0.0|0.0|0
1.6981020410349768||||-0.3296418331149124|-0.36887990422406014|-0.34513872502338766|||-0.3592430776133342||-1.6866509128322087|-0.054505070592006453|-0.28751541118869267||0.0|1.0|0.0|1.0|0.0|0.0|0.0|0.0|0.0|0.0|1.0|0.0|1.0|0.0|0.0|0
|-0.22244413811979064|0.8070540539656821|-0.3506221997915244|||-0.33835988501729813|1.7292817334243022|||-0.29959516877600223|0.5229306065667516|-0.24385853726190052||-0.2718648529896093|0.0|1.0|0.0|0.0|1.0|0.0|0.0|1.0|0.0|0.0|0.0|0.0|0.0|1.0|0.0|0
-0.25645901898902534|-0.22244413811979064||0.7564200061182954||-0.3389225643772586|-0.3411511720786291||||-0.30474346440133504||-0.284434280119735|||0.0|1.0|0.0|0.0|0.0|0.0|1.0|0.0|0.0|0.0|1.0|1.0|0.0|0.0|0.0|0
-0.26262183581665377||-2.3398048197728687||-0.2866528153290226|1.9904185307906266||-0.37662306778587706||1.51964202686556||-0.3275574073546301|-0.17623229916550978|-1.7109613501683276||0.0|1.0|0.0|0.0|0.0|0.0|1.0|0.0|0.0|0.0|1.0|1.0|0.0|0.0|0.0|1
|1.1012656682415072||-0.3518545287776949|-0.3400017687706157||-1.8408698346023207|0.2721911984550287|-0.31855894242732047||1.6725697911282458|-0.33358353877117275||-0.2923996348695149||0.0|1.0|0.0|0.0|0.0|1.0|0.0|0.0|0.0|1.0|0.0|0.0|1.0|0.0|0.0|0
-0.24081494550350704||-0.32790854455199653|-0.3514437524489714|||-0.35590511797423574|-0.373983043123215|0.5385895823423216|-0.35999583606865426|-0.30855871919510836|1.2862405859954835|-0.9742219087029205|-0.30689967392195605||0.0|1.0|0.0|0.0|0.0|0.0|1.0|0.0|0.0|0.0|1.0|0.0|1.0|0.0|0.0|1
|-0.22244413811979064|1.5408709301021395|||1.8076117604794733||-0.9767435458043486|-0.31265979231439667|-1.4819823137232182|-0.29895163182283574|-2.0883930072683836||||0.0|1.0|0.0|0.0|1.0|0.0|0.0|0.0|0.0|1.0|0.0|0.0|0.0|1.0|0.0|0
|||-0.3321372649989671|1.2108091975110897||-0.360690181507946|-0.38851446092453457|-0.3282432127492193||-0.31494812180154813|-0.3263521810713216|-0.25738378488117863||-0.2718648529896093|0.0|1.0|0.0|0.0|0.0|0.0|1.0|0.0|0.0|1.0|0.0|1.0|0.0|0.0|0.0|0
0.15739783412786862|||-1.6055438840418026|-1.4950335546969873|||1.97184810200223||-0.3607485945239743|-0.28355271187206366|||0.4602287079471889|-1.0552724526192871|0.0|1.0|0.0|0.0|0.0|0.0|1.0|0.0|0.0|1.0|0.0|0.0|1.0|0.0|0.0|0
|-0.1606710138229301||-1.3898863114619675|||||||-0.3006524080562045||-0.9742219087029205|-0.30857862581223866||0.0|1.0|0.0|1.0|0.0|0.0|0.0|0.0|0.0|0.0|1.0|0.0|0.0|0.0|1.0|0
||-0.3675706714155682|-0.3510329761202479|0.15898608136149756||-0.3379611297228223|||-0.3611249737516343||0.3923644258749948|-0.23033328964262237|0.4525971084459041||0.0|1.0|0.0|0.0|0.0|0.0|1.0|0.0|0.0|1.0|0.0|0.0|1.0|0.0|0.0|0
-0.2597774588192868|-0.22244413811979064|2.454765567253679|-0.3530868577638654||-0.3704495539796114|||-1.645907985071442|-0.3637596283452546||-0.3424218648487686|-0.2709090325004568||-1.0552724526192871|1.0|0.0|0.0|0.0|0.0|0.0|1.0|0.0|0.0|0.0|1.0|0.0|0.0|0.0|1.0|0
|-0.16420090663989353|-0.3316001386528057|||||||-0.3671470413941949||-0.33920792809327915|-0.21680804202334422|1.803390220173308||0.0|1.0|0.0|0.0|1.0|0.0|0.0|1.0|0.0|0.0|0.0|0.0|1.0|0.0|0.0|0
||-0.3453085582100788|-0.34938987080535394|-0.3224343356171214|-1.1263890478390621|-0.34753125679024277|1.0365573133924526||||1.1255437482210136||-0.3101049457124956|-0.2718648529896093|0.0|1.0|0.0|0.0|0.0|1.0|0.0|0.0|0.0|1.0|0.0|0.0|0.0|0.0|1.0|0
|-0.22244413811979064|-0.36207829970460825||-0.3394898343689035|0.5681627156996648|-0.3459362356123394||-0.3212367136389889|-0.3611249737516343|-0.3077313145410371||-1.9886154801487814||-1.0552724526192871|0.0|1.0|0.0|0.0|0.0|0.0|1.0|1.0|0.0|0.0|0.0|0.0|0.0|1.0|0.0|0
|-0.22244413811979064||1.4752785813844123|-0.31631806671245394|-0.3561887116883225|-0.34753125679024277||-0.32804187656789086|-0.3712872128984553|-0.3147642541006434||0.7164340437068479|-0.29453648272987465||0.0|1.0|0.0|1.0|0.0|0.0|0.0|0.0|0.0|1.0|0.0|0.0|0.0|0.0|1.0|0
|-0.22244413811979064||-0.3608916080096118|||||-1.2427322819612059|||-0.32193301803252367|-0.25738378488117863||-1.0552724526192871|1.0|0.0|0.0|0.0|1.0|0.0|0.0|1.0|0.0|0.0|0.0|1.0|0.0|0.0|0.0|0
|-0.22244413811979064||-1.513119210079016|-0.31851399585664075||0.5516619322528107|-0.39286937340225925||||-0.3492514804541835|-0.25738378488117863|-0.30857862581223866||0.0|1.0|0.0|0.0|0.0|1.0|0.0|1.0|0.0|0.0|0.0|1.0|0.0|0.0|0.0|0
-0.22991150034693367||-0.3257926308600693||-0.3025766696138618||||-0.33424303095280733|1.5384609882485616|-0.32110768978185694|2.190160298476876||||1.0|0.0|0.0|0.0|0.0|1.0|0.0|1.0|0.0|0.0|0.0|0.0|0.0|0.0|1.0|1
-0.2265930605166722|-0.22244413811979064|-1.0933290677466008||||-0.33716361913387055|||-0.3645123868005747|-0.2914590230109675|-0.34724276998200265||-1.207275783083533||0.0|1.0|0.0|0.0|0.0|1.0|0.0|0.0|0.0|0.0|1.0|0.0|0.0|0.0|1.0|0
0.809234229357799|-0.16596585304837527|||0.4247204517239786|-0.36553004194087146|||-0.30976055130326685|-0.3566084230197139|2.1253440046061693|0.3019724546268555|-0.25738378488117863|-0.3130049535229838|0.5115427466400685|0.0|1.0|0.0|0.0|0.0|0.0|1.0|0.0|0.0|1.0|0.0|0.0|0.0|0.0|1.0|0
|-0.15537617459748487||-0.35760539737982383|-0.32731118439132767|-0.35431278880973677|-0.34673374620129105|-0.3811584947704505|-1.2236053447350024|||-0.348046254170875|-0.25738378488117863|1.3454942500962221||0.0|1.0|0.0|0.0|1.0|0.0|0.0|0.0|0.0|1.0|0.0|0.0|0.0|0.0|1.0|0
-0.26262183581665377|-1.4137829638449586||1.6806667457461597|-0.31998243927207853||-0.34992378855709794|-1.113821749442573|-0.32761907058710105|1.9901160614406033|-0.31430458484838153||||-0.2718648529896093|1.0|0.0|0.0|1.0|0.0|0.0|0.0|0.0|0.0|1.0|0.0|0.0|0.0|1.0|0.0|0
|-0.22244413811979064|-0.33943352125696175|2.009287808724956|2.115451173168408|-0.3752542135972134|-0.3351698426614913|-0.4021433061916107|-1.4652087623291514||-0.2998709703273594|1.5875471568226145|2.4070899961166163||0.5115427466400685|0.0|1.0|0.0|0.0|1.0|0.0|0.0|0.0|0.0|1.0|0.0|0.0|0.0|0.0|1.0|0
|-0.22244413811979064||-0.35596229206492985||-0.3367786525160178|1.3092969917569355|-0.3635808946660592|0.985052564438176|1.726650602078579|2.4126372872698267||-0.24385853726190052|-0.30689967392195605||0.0|1.0|0.0|1.0|0.0|0.0|0.0|1.0|0.0|0.0|0.0|0.0|0.0|1.0|0.0|0
-2.438096175969491||-0.3559556558300955||2.915685474792305|-0.3601319781473903||-0.3869800876163207||-0.36413600757291464|||2.068958805634663|-0.3163628573035491||1.0|0.0|0.0|0.0|0.0|0.0|1.0|0.0|0.0|0.0|1.0|0.0|0.0|1.0|0.0|0
-0.21331930119562634|7.190330777503476|-0.36628761736833576|0.1916025541234894||-0.35858147046202865|-0.34633499090681524|||-0.3532210099707736||||-1.516355562885566||0.0|1.0|0.0|0.0|0.0|0.0|1.0|0.0|0.0|0.0|1.0|0.0|0.0|1.0|0.0|0
|-0.22244413811979064|||-0.3245359610557297|-0.3654534736601128||-0.39232782988171316|0.4902688988234918|-0.3539737684260937|0.5256950067349261||-0.25738378488117863|1.9865486082041424||0.0|1.0|0.0|0.0|0.0|0.0|1.0|0.0|0.0|0.0|1.0|0.0|0.0|1.0|0.0|0
||-0.3327481343792768||-0.3096494475322548|-1.623604321015209||-0.3753369019245802|||||||-1.0552724526192871|1.0|0.0|0.0|0.0|1.0|0.0|0.0|1.0|0.0|0.0|0.0|1.0|0.0|0.0|0.0|0
||-0.35593314610996857||-0.33323884588483804||-0.3654752450416563|-0.36897376555816386||||-0.34202012275433236||-0.30109965830097957|0.5115427466400685|0.0|1.0|0.0|1.0|0.0|0.0|0.0|1.0|0.0|0.0|0.0|1.0|0.0|0.0|0.0|0
||||-0.3420629783354046|||||-0.36564152448355475||-0.34884973835974736|-0.23033328964262237|-0.30812072984216154||0.0|1.0|0.0|0.0|0.0|0.0|1.0|1.0|0.0|0.0|0.0|0.0|0.0|1.0|0.0|0
-0.243659322500874||-0.35305190193372726|||-0.3606105299021315||0.5012189790193048|-1.4787989545688223|||-0.32836089154350245||||1.0|0.0|0.0|0.0|0.0|0.0|1.0|1.0|0.0|0.0|0.0|1.0|0.0|0.0|0.0|0
-0.244607448166663||0.25781688286968324|||1.1701808231641433||-0.817101028810038||||||-0.2916364749193865|-1.0552724526192871|0.0|1.0|0.0|0.0|0.0|1.0|0.0|1.0|0.0|0.0|0.0|0.0|0.0|0.0|1.0|0
|-0.22244413811979064|-0.33587698547691386||-1.6974497227424257||-1.5816788931930148|-0.38506212098105336|-0.314834223072744||||-0.2709090325004568|-0.29209437088946355||0.0|1.0|0.0|1.0|0.0|0.0|0.0|0.0|0.0|0.0|1.0|0.0|0.0|1.0|0.0|0
1.6506957577455272||-0.3558881266697148|-0.34569288384684244|-1.1882097126181275|1.0610710230831408|||-0.3187200113723832||-0.3051571667283707|0.4827563971231341|-0.25738378488117863|-0.30567861800175045||0.0|1.0|0.0|0.0|0.0|0.0|1.0|1.0|0.0|0.0|0.0|1.0|0.0|0.0|0.0|0
||-0.3484374093077158|-0.33953123891599|||-0.35351258620738063|-0.37766102620025704|-1.2452489842278116|-0.35472652688141376||||||1.0|0.0|0.0|0.0|0.0|0.0|1.0|1.0|0.0|0.0|0.0|0.0|0.0|0.0|1.0|0
||-0.3289214819577064||-0.3057560516876537||2.365998522117952|-0.3803010508629192|-0.32351181248800054|-0.3618777322069544|3.1848816310697377|-0.3351905071489174|||-0.2718648529896093|1.0|0.0|0.0|0.0|0.0|1.0|0.0|0.0|0.0|1.0|0.0|0.0|0.0|0.0|1.0|1
0.015178984259520176||-1.21206784141592|||-0.36912875113652555||-0.39600581295875525|-0.3142302145287586|1.4067282585675496||0.7539323108675521|||-0.2718648529896093|0.0|1.0|0.0|0.0|0.0|1.0|0.0|1.0|0.0|0.0|0.0|0.0|0.0|0.0|1.0|0
||-1.2041894393715102|||-0.36032339884928677|||||-0.29527427780474086|-0.32394172850470454|-0.25738378488117863|-0.2826311875078704||0.0|1.0|0.0|0.0|0.0|1.0|0.0|1.0|0.0|0.0|0.0|0.0|0.0|1.0|0.0|0
-0.2611996473179703|-0.22244413811979064|||-0.3276479833398226||-1.0732658927362992|-1.228335639724711|0.7525092750038076|-1.0679651632971798|0.7946015193081092||-0.13565655630767534|-0.30644177795187894||0.0|1.0|0.0|0.0|0.0|1.0|0.0|0.0|0.0|1.0|0.0|0.0|0.0|1.0|0.0|0
-0.21995618085614926|-0.22244413811979064|3.368660204405218|-0.3530868577638654|-1.3215820962221103|-0.36790365864438795|||3.455447509338349|0.43755174734295965|-0.30621440600857297|-0.35206367511523673||-0.3114786336227269|-1.0552724526192871|0.0|1.0|0.0|0.0|0.0|0.0|1.0|1.0|0.0|0.0|0.0|1.0|0.0|0.0|0.0|0
|-0.22244413811979064|-0.35613573359111056||-0.333440925253935|||||-1.5008012751062199||-0.34965322254861975||1.2691782550833743||1.0|0.0|0.0|0.0|1.0|0.0|0.0|0.0|0.0|1.0|0.0|1.0|0.0|0.0|0.0|0
-0.2237486835193052|-0.22244413811979064|-0.3582741570031646|-0.3670532529404642||-0.3472493649097561|||1.7994574179117864||||1.7308276151527089|-1.4934607643817117|-0.2718648529896093|0.0|1.0|0.0|0.0|0.0|0.0|1.0|0.0|0.0|0.0|1.0|0.0|0.0|1.0|0.0|0
|-0.2030297276264916|-0.3312850025710293|||||-0.36994403103247553|2.287697657633296|-0.3626304906622745|-0.29099935375870567||-0.284434280119735|-0.2904154189991809||0.0|1.0|0.0|1.0|0.0|0.0|0.0|0.0|0.0|0.0|1.0|0.0|0.0|1.0|0.0|0
|-0.1730256386823022|||-0.34432626726929033|-0.34181301697589567|-0.3563038732687116|2.367851801401545|-0.3257265104826136|||-0.34081489647102386|-0.9742219087029205|-0.299878602380774||0.0|1.0|0.0|0.0|0.0|1.0|0.0|1.0|0.0|0.0|0.0|0.0|0.0|0.0|1.0|0
|-0.22244413811979064||-0.35021142346280093|1.8574631786213098|||||||2.210247403198685|-0.284434280119735|||0.0|1.0|0.0|0.0|1.0|0.0|0.0|0.0|1.0|0.0|0.0|1.0|0.0|0.0|0.0|1
-0.2597774588192868|||-0.3469252128330129||1.6688317516045141||-0.38307646140571777||-0.3539737684260937|-0.2991354995237404|-0.38098910591464136|-0.29795952773901313|||0.0|1.0|0.0|1.0|0.0|0.0|0.0|0.0|0.0|1.0|0.0|0.0|0.0|0.0|1.0|0
|-0.22244413811979064||-0.3600700553521648|-0.3198611916506204|0.7102925868578127||0.6856822407053104|-0.31233765442427114|-0.3509627346048134|-0.2986298633462524|||-0.2730153721362516||0.0|1.0|0.0|0.0|0.0|0.0|1.0|0.0|0.0|1.0|0.0|0.0|0.0|1.0|0.0|0
0.8803436542919731|||||0.7141210008957426|-1.4221767754026726|-0.3799174575358657|-0.31447181794635276|||-0.3436270911320771||||1.0|0.0|0.0|0.0|0.0|1.0|0.0|1.0|0.0|0.0|0.0|0.0|1.0|0.0|0.0|1
-1.3240485186674278|-0.22244413811979064|1.2583739425097304|0.7153423732459459|-0.332578719945788|||0.3991154610830142||0.8421594170774972|-0.31071916468073907|||0.7502294889960102||0.0|1.0|0.0|1.0|0.0|0.0|0.0|0.0|0.0|0.0|1.0|1.0|0.0|0.0|0.0|0
1.769211465969151||-0.3353592619139955|1.3520456827673635||||-0.3974499290135448||||-0.34282360694320474||||1.0|0.0|0.0|0.0|1.0|0.0|0.0|0.0|0.0|1.0|0.0|1.0|0.0|0.0|0.0|0
-0.2597774588192868|-0.22244413811979064|-0.343507780599928|||-0.35660983723249473||-1.450030018448259||||-1.445605656170504|-0.21680804202334422|||0.0|1.0|0.0|0.0|0.0|0.0|1.0|0.0|0.0|0.0|1.0|1.0|0.0|0.0|0.0|0
-0.23085962601272264||-0.3669629089721423|-0.3608916080096118|-0.3444609868486883||||-0.32167965323791153||-0.3081909837932989|-0.32836089154350245||||0.0|1.0|1.0|0.0|0.0|0.0|0.0|0.0|0.0|1.0|0.0|1.0|0.0|0.0|0.0|0
||||-0.32247475149094085|-0.35628442203927074||||-0.35811393993035406|-0.31205220551229845|0.6233661301757952|-0.284434280119735|||0.0|1.0|0.0|0.0|0.0|0.0|1.0|0.0|0.0|1.0|0.0|1.0|0.0|0.0|0.0|0
|1.1895129886655937||-0.36212393699578227|-0.33342745329599516|||0.5739888895926831|-0.3234312780154691||-0.31002966080234634|||-0.2916364749193865||0.0|1.0|0.0|0.0|0.0|0.0|1.0|0.0|0.0|1.0|0.0|0.0|1.0|0.0|0.0|0
||0.36698902548507634|0.4277989431394992|-0.33535394328138607||0.32237763792919394|2.7412911874447734|-0.3230084720346794||0.5498276424786732||-0.23033328964262237||-1.0552724526192871|0.0|1.0|0.0|0.0|1.0|0.0|0.0|0.0|0.0|0.0|1.0|0.0|0.0|0.0|1.0|0
|-0.22244413811979064|-0.3630237079499374||0.2745081206952504|-0.37573276535195466|2.4656873457369155|-0.40261715677208854|||-1.1049816656639924||||2.8617655455291016|0.0|1.0|0.0|0.0|0.0|1.0|0.0|0.0|0.0|1.0|0.0|0.0|0.0|0.0|1.0|1
-0.25740714465481435|-0.22244413811979064|-1.0792604926672975|-0.35719462105110034||-0.35710753105742565||||-0.36564152448355475|||-0.2709090325004568||0.5115427466400685|0.0|1.0|0.0|0.0|0.0|0.0|1.0|0.0|0.0|1.0|0.0|0.0|0.0|0.0|1.0|0
3.2625093895868096||1.7423329252377622|-0.36212393699578227||-1.4546755515915517|-0.3435437038454842|-0.38210619593140605|-0.30980081853953256|-1.5008012751062199||-0.34402883322651323|||2.0783579458994237|0.0|1.0|0.0|0.0|0.0|1.0|0.0|1.0|0.0|0.0|0.0|0.0|0.0|0.0|1.0|0
1.6151410452784403|-0.15537617459748487|||1.0104138231566206||-0.3447399697289118||-0.3163643780508403||-0.3027668866166091||-0.21680804202334422||-1.0552724526192871|0.0|1.0|0.0|0.0|1.0|0.0|0.0|0.0|0.0|1.0|0.0|0.0|1.0|0.0|0.0|0
-1.3714548019568773|-1.2814119832088289|0.13795262319401955||-0.34466306621778525||||-0.30939814617687567|-0.3498335969218333||1.607634261544423|-1.3123530991848742|||1.0|0.0|0.0|0.0|0.0|0.0|1.0|0.0|0.0|1.0|0.0|0.0|1.0|0.0|0.0|0
-0.23417806584298412|-0.22244413811979064|||3.2659563812270074||2.6850027576986357|0.5880915854402371|-0.32176018771044296|-1.3784780261167087|3.3641526394518597||2.4070899961166163|-0.29911544243064553||0.0|1.0|0.0|0.0|0.0|1.0|0.0|0.0|0.0|0.0|1.0|1.0|0.0|0.0|0.0|0
-0.24839995082981894||||-1.7584103324200038||3.1236335816220766|||-0.3626304906622745|-0.32575034922970164|||2.6199713668107782|2.0783579458994237|0.0|1.0|0.0|0.0|0.0|0.0|1.0|0.0|0.0|1.0|0.0|0.0|0.0|0.0|1.0|0
|-0.22244413811979064|||-0.3256810774806123||||-0.2961300918273303|-0.3596194568409942|-0.2819438694891472|0.5530612636494647|1.7308276151527089|3.489973709957242||0.0|1.0|0.0|0.0|0.0|1.0|0.0|1.0|0.0|0.0|0.0|0.0|0.0|0.0|1.0|0
|-0.22244413811979064||-1.7185073744407637||1.9205499745984056|-0.3423474379620567||0.8164335125755928|-1.1056030860631834|0.8612535608860777|-0.35527761187072615|-0.23033328964262237||-1.0552724526192871|0.0|1.0|0.0|0.0|0.0|0.0|1.0|0.0|0.0|1.0|0.0|0.0|0.0|1.0|0.0|0
|-0.22244413811979064|-0.3557080489086997|3.1800003455869175|-0.3330098225998615|2.153126127402648|||-0.31404901196556306|-0.37768565976867585|-0.3003766065048475|||||1.0|0.0|0.0|1.0|0.0|0.0|0.0|1.0|0.0|0.0|0.0|0.0|0.0|0.0|1.0|0
-0.2526665163258694|-0.22244413811979064|||-0.3174631831373366|1.7884696902898238|-1.4122078930407762|0.6704513291899521|-0.32498156661169825|-0.35623204379205387|||1.7308276151527089|0.4525971084459041||0.0|1.0|0.0|0.0|1.0|0.0|0.0|0.0|0.0|0.0|1.0|0.0|0.0|0.0|1.0|0
-0.2555108933232364||-0.3551227961854007|1.0850410690970917||||0.369781853720102|||-0.29509041010383613||-0.17623229916550978|||1.0|0.0|0.0|0.0|1.0|0.0|0.0|0.0|0.0|0.0|1.0|0.0|0.0|1.0|0.0|0
-0.2270671233495667|1.9837388724823724|-0.9295708538235109|-0.34774676549045996|0.1845828014471105||-0.3575001391521392|-0.3901616557995289||2.761693478143675||-0.3291643757323748|-0.16270705154623163|-0.2879733071587698||0.0|1.0|0.0|0.0|1.0|0.0|0.0|0.0|0.0|0.0|1.0|0.0|0.0|0.0|1.0|0
||-0.3289214819577064||||-0.35789889444661505|-0.3901390914861728|-0.31463288689141555|0.6539698032474797|-1.4554794705136542|-0.3396096701877154|-0.2709090325004568|0.719703090990871|-1.0552724526192871|0.0|1.0|0.0|1.0|0.0|0.0|0.0|1.0|0.0|0.0|0.0|0.0|0.0|0.0|1.0|0
2.029946024061123|-0.22244413811979064||0.9823469869162178||-0.34843617326151444||2.036156395067076|1.3474576908293994|||2.712425021243903|-0.17623229916550978|||0.0|1.0|0.0|0.0|0.0|1.0|0.0|0.0|0.0|0.0|1.0|0.0|0.0|1.0|0.0|0
-0.25598495615613087|-0.22244413811979064|3.2651154918215464|-0.34610366017556593|-1.2953117782395076||-0.35112005444052546||2.064214496358708||-0.2955960462813242|||-0.2994207064106969||0.0|1.0|1.0|0.0|0.0|0.0|0.0|0.0|0.0|1.0|0.0|0.0|0.0|0.0|1.0|0
0.29961668399621705|-0.22244413811979064||-1.4925803936428412|-1.4172329975946638||-0.33835988501729813||-0.3170690546854899|1.4631851427165548||-0.3460375436986941||-0.30522072203167333|-0.2718648529896093|1.0|0.0|0.0|0.0|0.0|0.0|1.0|0.0|0.0|0.0|1.0|0.0|0.0|1.0|0.0|0
||-1.3904573734214853|-0.34897909447663045|||-0.35112005444052546|-0.3963894062858087|1.027333162517152|-0.3705344544431352|-1.056716394176498|-0.3468410278875665|-0.9742219087029205||-0.2718648529896093|1.0|0.0|0.0|1.0|0.0|0.0|0.0|0.0|0.0|0.0|1.0|1.0|0.0|0.0|0.0|0
-0.2611996473179703|-0.22244413811979064|-0.34287750843637516|-0.3522653051064184||-0.3788720648630572||-0.4057535963285845|-1.3771241829979513||-1.3922749483276498|2.431205555138581|-0.25738378488117863||-1.0552724526192871|1.0|0.0|0.0|0.0|0.0|0.0|1.0|0.0|0.0|0.0|1.0|1.0|0.0|0.0|0.0|0
-0.2521924534929749|6.4843522141107846|-0.36052512901585315||-0.33791361528994734||-1.5717100108311184||-0.33003510476304254||-0.31678679881059557|-0.3275574073546301||||0.0|1.0|0.0|1.0|0.0|0.0|0.0|0.0|0.0|0.0|1.0|0.0|0.0|0.0|1.0|0
||-0.3413918669080007|||0.5542847148121689|0.37222204973867584||-0.3424776807691412|-0.36338324911759456|1.2358840014794867|-0.3464392857931303|-0.21680804202334422||-1.0552724526192871|0.0|1.0|0.0|0.0|0.0|0.0|1.0|0.0|0.0|0.0|1.0|0.0|0.0|0.0|1.0|0
|||-0.36417781863939974||-0.3614719230606657|-1.6215544226406002|0.4792187734971206|0.17366775368449236|-0.35623204379205387||||-0.30476282606159627||1.0|0.0|0.0|0.0|0.0|1.0|0.0|1.0|0.0|0.0|0.0|0.0|0.0|0.0|1.0|0
-0.23417806584298412|-0.22244413811979064|-0.3447683249270335|-0.3539084104213124||||-0.4072654053234423|-0.32306887288907793|1.5572799496315632|-0.30961595847531065|-0.3195225654659066||||0.0|1.0|0.0|0.0|1.0|0.0|0.0|0.0|0.0|0.0|1.0|0.0|0.0|1.0|0.0|0
|||0.6434565157193342|-0.3261121801346858|||-1.6023391336018415||-0.3712872128984553|-0.30961595847531065|-0.3396096701877154||-0.2986575464605684|-0.2718648529896093|0.0|1.0|0.0|0.0|0.0|1.0|0.0|1.0|0.0|0.0|0.0|0.0|1.0|0.0|0.0|0
1.958836599126949||-0.3619432413838469|-0.36458859496812324|-0.33935511478950553|-1.0957617355356226||||1.5384609882485616|1.4657186276104126||-0.25738378488117863||-0.2718648529896093|1.0|0.0|0.0|0.0|0.0|0.0|1.0|0.0|0.0|1.0|0.0|0.0|0.0|1.0|0.0|0
|-0.22244413811979064|||1.7826938120554405|||2.4524679764868687|-1.5714135979799126|||||0.7616768882479373||1.0|0.0|0.0|0.0|0.0|0.0|1.0|1.0|0.0|0.0|0.0|1.0|0.0|0.0|0.0|0
1.8995787450151371|-0.16949574586533872|-0.3535246060563919|-0.3469252128330129|-1.2484967243987157||||||-0.29191869226322936||-0.25738378488117863|||1.0|0.0|0.0|0.0|0.0|1.0|0.0|0.0|0.0|0.0|1.0|0.0|0.0|0.0|1.0|0
-1.0988686730425428|1.057142008029464|||-1.7375287976133196|-0.3585431863216494||||0.2587716142044431||0.6133225778148909|-0.21680804202334422|0.6777292937338049||1.0|0.0|0.0|1.0|0.0|0.0|0.0|0.0|0.0|1.0|0.0|0.0|1.0|0.0|0.0|0
2.480305715310893||-0.3395910892978499||||0.30243987320540117|-0.3814969594707917||-0.357737560702694|-0.2899421144785034|-0.33358353877117275|-0.24385853726190052|-0.2923996348695149|-1.0552724526192871|0.0|1.0|0.0|0.0|1.0|0.0|0.0|0.0|0.0|0.0|1.0|0.0|0.0|0.0|1.0|0
|-0.22244413811979064|-0.34602886925413906|||-1.2484197452980776|||-0.3108679003005734|-0.36338324911759456||-0.33197657039342804|-0.21680804202334422|||1.0|0.0|1.0|0.0|0.0|0.0|0.0|1.0|0.0|0.0|0.0|0.0|0.0|1.0|0.0|0
-0.23417806584298412|-0.22244413811979064|-0.35053081327951613|-0.34487133118939545|0.5924463280744419||-1.8109631875166314|1.8116414771740172|-0.33579331954903646||1.9207911873496455||-0.23033328964262237|||1.0|0.0|0.0|1.0|0.0|0.0|0.0|0.0|0.0|0.0|1.0|0.0|0.0|0.0|1.0|0
|||-0.34938987080535394|1.4708179857491575|-0.3558058702845295|-0.3503225438515738|-0.3826477394519522||-0.3566084230197139|-0.30547893520495395|||2.2383913917465397||0.0|1.0|0.0|0.0|0.0|1.0|0.0|1.0|0.0|0.0|0.0|1.0|0.0|0.0|0.0|0
|-0.22244413811979064|-0.3559781655502223|||-0.35752865660159794|-0.3287897579498776|0.5779376444299982||3.2133485513357165|1.4450335112586292|0.8141936250329782|-0.17623229916550978|-0.29209437088946355|-0.2718648529896093|0.0|1.0|0.0|1.0|0.0|0.0|0.0|0.0|0.0|0.0|1.0|0.0|0.0|0.0|1.0|0
1.2951486330746562|||-0.34363900220322496||-0.351518046562048|2.7049405224224286||-1.2593425169208037|-0.3596194568409942|-1.2716117696089138|||-0.3204839210342429|-0.2718648529896093|0.0|1.0|1.0|0.0|0.0|0.0|0.0|0.0|0.0|0.0|1.0|0.0|0.0|1.0|0.0|0
1.6506957577455272|||-0.35760539737982383|-0.3159004360163203|2.502468908363752|0.6015063440622925|||-0.37730928054101587|-0.33503566812539104|-0.3235399864102684||-0.28217329153779336|-0.2718648529896093|0.0|1.0|0.0|0.0|0.0|0.0|1.0|0.0|0.0|0.0|1.0|0.0|0.0|0.0|1.0|0
|-0.22244413811979064|-0.3559781655502223|-0.36212393699578227||-0.3650514901861302|||-1.4440684632896634||0.7704688835643622|-0.3504567067374921|-0.24385853726190052|0.4411497091939769||0.0|1.0|0.0|0.0|0.0|1.0|0.0|1.0|0.0|0.0|0.0|1.0|0.0|0.0|0.0|0
-0.2090527356995759||2.2319193379975153|1.7833608279270337|0.9669667588007776|-0.36401781839588915||||2.4982280187816506|||-0.20328279440406608|2.2383913917465397||0.0|1.0|0.0|1.0|0.0|0.0|0.0|0.0|0.0|0.0|1.0|0.0|0.0|0.0|1.0|0
|-0.22244413811979064||-0.3604808316808883|||-0.34992378855709794|1.9492837886461438|||-0.3132013786429531|||-1.256881179841884||0.0|1.0|0.0|0.0|0.0|1.0|0.0|0.0|0.0|1.0|0.0|0.0|0.0|1.0|0.0|0
-0.26783652697849325|0.9688946876053774|-0.38238206725905866|2.0503654415973056|-0.360155817848551|-1.3857640989088134|-0.3471325014957669|-0.38488160647420466|-0.31193498206161424|-0.3758037636303757|-0.2982161610192167|||0.33049151642534785|-0.2718648529896093|0.0|1.0|0.0|0.0|0.0|0.0|1.0|0.0|0.0|0.0|1.0|0.0|1.0|0.0|0.0|0
|-0.22244413811979064|-0.35350209633626495|-0.34322822587450147||-0.3760581805451787|-0.35112005444052546|1.7304099490921065|-0.30825052994330343||-0.29440090622544335|2.712425021243903||-0.2775943318370225||1.0|0.0|0.0|0.0|0.0|0.0|1.0|1.0|0.0|0.0|0.0|0.0|0.0|1.0|0.0|1
|-0.22244413811979064|-0.31566325680297097|0.7666894143363828|-2.2114049181456528||3.4027622877551758||||1.3393095832384034|-0.3540723855874176||-0.3134628494930609|-1.0552724526192871|0.0|1.0|0.0|0.0|0.0|0.0|1.0|0.0|0.0|0.0|1.0|0.0|0.0|0.0|1.0|1
-0.2180599295245713|-0.22244413811979064|-0.3409641822255899|||-0.3551933240384607|1.2494836975855572|-0.3820385029913378|-0.3155791669436593|-1.2749737385101991|-0.3019394819625377||-0.25738378488117863|-0.30735756989203306|-0.2718648529896093|0.0|1.0|1.0|0.0|0.0|0.0|0.0|0.0|0.0|0.0|1.0|0.0|0.0|1.0|0.0|0
-0.23891869417192907|-0.22244413811979064||-0.35760539737982383|||1.1697326386903861|-1.2644385410944492||-0.35547928533673384||-0.38098910591464136|-0.29795952773901313|||1.0|0.0|0.0|0.0|0.0|1.0|0.0|1.0|0.0|0.0|0.0|0.0|0.0|0.0|1.0|0
-0.26262183581665377|||-0.3321372649989671|2.9675525128605207|1.7721989306286217|||||-0.30005483802826416|||0.4335181096926921||0.0|1.0|0.0|0.0|0.0|0.0|1.0|0.0|0.0|0.0|1.0|0.0|1.0|0.0|0.0|0
||-0.3396811281783575||||-1.2327680105266414|||-0.37542738440271567|||-0.284434280119735|2.093391001222129|1.2949503462697463|0.0|1.0|0.0|1.0|0.0|0.0|0.0|1.0|0.0|0.0|0.0|0.0|0.0|1.0|0.0|0
0.6788669503118129||-0.3412117891469857|||1.6477754743958994||0.5999378499521824|||||-0.21680804202334422||1.2949503462697463|1.0|0.0|0.0|0.0|0.0|1.0|0.0|0.0|0.0|0.0|1.0|1.0|0.0|0.0|0.0|0
|-0.22244413811979064|-0.3306097109672227|0.6023788828469847||-1.3742788567950235||0.5542451154061078||-1.1902884122866912|1.4266467411681552|-0.3315748282989919||-0.2904154189991809|1.2949503462697463|0.0|1.0|0.0|1.0|0.0|0.0|0.0|1.0|0.0|0.0|0.0|1.0|0.0|0.0|0.0|0
||||||-0.33716361913387055||0.19531139317730153|-0.36225411143461445|-0.32262459831432105||-0.24385853726190052|-0.2899575230291038||0.0|1.0|0.0|0.0|0.0|0.0|1.0|0.0|0.0|0.0|1.0|0.0|0.0|0.0|1.0|0
||||1.1468173972970577||1.7479278156803761|-0.3770066611129306|-0.30829079717956914|-0.35359738919843364||-0.3532689013985453||||0.0|1.0|1.0|0.0|0.0|0.0|0.0|0.0|0.0|0.0|1.0|0.0|0.0|1.0|0.0|0
-0.24128900833640152|-0.22244413811979064||-0.3465144365042894||-0.35793064007558056||-0.3847687849074243|||-0.2899421144785034||-0.24385853726190052|-0.30735756989203306|-0.2718648529896093|1.0|0.0|0.0|0.0|0.0|0.0|1.0|0.0|0.0|0.0|1.0|1.0|0.0|0.0|0.0|0
-0.24318525966797952|-0.14831638896355795|-0.3652746799626259|-0.3613023843383353|0.21725229945111632|0.6700942394595486||-0.3817000382909965|||-0.2954121785804194||-0.2709090325004568||-1.0552724526192871|0.0|1.0|0.0|0.0|1.0|0.0|0.0|0.0|0.0|0.0|1.0|0.0|0.0|0.0|1.0|0
||||-0.31763831859055397||0.4918486380814324|-0.38907856875843677|||-0.31140866855913185|-0.3275574073546301|-0.24385853726190052|||0.0|1.0|0.0|0.0|1.0|0.0|0.0|1.0|0.0|0.0|0.0|1.0|0.0|0.0|0.0|0
|-0.22244413811979064|-0.35368217409728003|-1.2769228210630064||-0.3595577160417008|-0.35311383091290477||2.9521070560172054|||-0.33920792809327915|1.7308276151527089|-0.2981996504904914|-1.0552724526192871|0.0|1.0|0.0|0.0|0.0|0.0|1.0|0.0|0.0|0.0|1.0|0.0|0.0|0.0|1.0|0
|||-0.35472996307875937||-0.3517477514043238|-0.3507212991460496|1.8703086918998417||-0.3592430776133342|-0.3199125497259761||-0.25738378488117863|||0.0|1.0|0.0|0.0|0.0|0.0|1.0|1.0|0.0|0.0|0.0|0.0|0.0|1.0|0.0|0
-2.0469943388315324|-0.22244413811979064||-0.3580161737085473||2.8642540349481287||2.8428305975471617|1.3041704118437811|-0.3607485945239743||||||0.0|1.0|0.0|0.0|0.0|1.0|0.0|0.0|0.0|0.0|1.0|1.0|0.0|0.0|0.0|0
|-0.22244413811979064||2.0914430744696553|||0.32237763792919394|1.009480137365149|-0.3064989051657459|2.1218487911216157|||||0.5115427466400685|0.0|1.0|0.0|0.0|0.0|0.0|1.0|1.0|0.0|0.0|0.0|0.0|0.0|1.0|0.0|0
||2.3714796027842033||-0.3099323586489905|0.36334256467041454|-0.3419486826675808|-0.3939750247567074||-0.37203997135377537|||-0.18975754678478793|-0.3114786336227269||0.0|1.0|0.0|0.0|0.0|0.0|1.0|1.0|0.0|0.0|0.0|0.0|0.0|1.0|0.0|0
|||-0.34446055486067195|||-0.3527150756184289|||-0.3765565220856958||||||1.0|0.0|0.0|0.0|1.0|0.0|0.0|0.0|0.0|1.0|0.0|0.0|0.0|0.0|1.0|0
-1.395157943601602|-0.22244413811979064|||1.8877750839858514|-0.3497761181747899||-0.376600503472521||-0.35698480224737394|||-0.24385853726190052|-0.2826311875078704||0.0|1.0|0.0|0.0|0.0|1.0|0.0|0.0|0.0|0.0|1.0|0.0|0.0|1.0|0.0|0
-0.26594027564691525|-0.17126069227382046||||1.7377432042872525|-0.3419486826675808||-0.3071834481822626|1.369090335801546|||2.4070899961166163|-1.6804349521631885||0.0|1.0|0.0|0.0|0.0|0.0|1.0|0.0|0.0|1.0|0.0|0.0|0.0|0.0|1.0|0
|||-0.3415851205596075||||-0.3869575233029646|-0.3212568472571218|-0.35133911383247346|-0.3077772814662632||-0.24385853726190052||-0.2718648529896093|0.0|1.0|0.0|0.0|1.0|0.0|0.0|1.0|0.0|0.0|0.0|0.0|0.0|0.0|1.0|0
|-0.22244413811979064|-0.326040237781465|||-0.3658171729937162|-0.3379611297228223||||-0.31402878329702444||-0.24385853726190052|-0.33208395227619575|1.2949503462697463|0.0|1.0|0.0|1.0|0.0|0.0|0.0|1.0|0.0|0.0|0.0|1.0|0.0|0.0|0.0|0
1.0818203582721335|-0.1606710138229301|-0.343102605637644|||2.2134236485000436|-0.34992378855709794|-0.372155333741372||-0.36225411143461445|1.8725259158621512|-0.34764451207643887|-1.650484289666828|-0.30689967392195605||1.0|0.0|0.0|0.0|0.0|1.0|0.0|1.0|0.0|0.0|0.0|0.0|0.0|0.0|1.0|0
|-0.22244413811979064|-0.3516788090059873||-0.32891434738616343|-1.5652210069367778||-0.3776835905136131|-0.3215991187653802|-0.3663942829388748|||-0.24385853726190052|0.5975974989703148|0.5115427466400685|1.0|0.0|0.0|0.0|0.0|0.0|1.0|1.0|0.0|0.0|0.0|0.0|0.0|0.0|1.0|0
|-0.22244413811979064||-0.341174344230884||1.570250090127819||||||-0.338806185998843|0.37830285322489426|1.8262850186771624||0.0|1.0|0.0|0.0|1.0|0.0|0.0|0.0|0.0|1.0|0.0|0.0|0.0|1.0|0.0|1
2.1721648739294714||-0.35095849796192696|-0.3617131606670588||1.5692929866183363|1.3890480506521066|-0.38506212098105336||||||-0.290873314969258|-1.0552724526192871|0.0|1.0|0.0|1.0|0.0|0.0|0.0|0.0|0.0|1.0|0.0|1.0|0.0|0.0|0.0|0
-0.2588293331534978||-0.339185914335566|||1.4180706321201049|||-1.2769594327870437|||-1.4255185514486952||||0.0|1.0|0.0|0.0|0.0|1.0|0.0|0.0|0.0|0.0|1.0|0.0|0.0|1.0|0.0|0
|-0.1730256386823022|||-0.31995549535619894|1.9617054255061521|-0.338758640311774|||-0.3505863553771534|1.2565691178312701||-1.650484289666828|-1.6689875529112614||1.0|0.0|0.0|0.0|0.0|0.0|1.0|0.0|0.0|0.0|1.0|0.0|0.0|0.0|1.0|1
|-0.22244413811979064|-0.3453310679302056|-0.3465144365042894|-0.32244780757506125|3.0403610806929047|-0.33357482148358786||-0.30581436214922914||0.9911101246500508|-0.3404131543765877||1.74233742416303||0.0|1.0|0.0|0.0|0.0|0.0|1.0|1.0|0.0|0.0|0.0|1.0|0.0|0.0|0.0|0
||-0.3477170982636555|||||0.48260342050053356|-0.3247802304303698|1.0303490309075145|3.0515775479138005|-0.329566117826811|-0.20328279440406608|||1.0|0.0|0.0|0.0|0.0|0.0|1.0|0.0|0.0|0.0|1.0|0.0|0.0|0.0|1.0|0
|-0.22244413811979064||-0.3510329761202479|||-0.3491262779681462|||1.7831074862275842||||-0.3171260172536776|1.2949503462697463|0.0|1.0|0.0|0.0|0.0|1.0|0.0|0.0|0.0|0.0|1.0|0.0|0.0|0.0|1.0|0
|-0.22244413811979064|0.4018790916817485|-0.34774676549045996||-1.292925058489013|2.0071187570896822|||-0.34155325391331254|0.73024782399145|-0.3492514804541835|-0.284434280119735|||1.0|0.0|0.0|0.0|0.0|0.0|1.0|1.0|0.0|0.0|0.0|0.0|0.0|0.0|1.0|0
||-0.35566302946844597|-0.3465144365042894|-0.33296940672604214||||||-0.29302189846865784|-0.3512601909263644|2.7452211865985703|-0.3105628416825727||1.0|0.0|0.0|1.0|0.0|0.0|0.0|0.0|0.0|1.0|0.0|0.0|0.0|0.0|1.0|0
|||1.660127929309985|-0.32279807848149594|-0.3748713721934204|-0.3459362356123394|-0.40175971286455725|-0.3079082584350451||||-0.21680804202334422|||1.0|0.0|0.0|0.0|1.0|0.0|0.0|1.0|0.0|0.0|0.0|1.0|0.0|0.0|0.0|0
-0.25408870482455287|-0.22244413811979064|-0.3654772674437679|||-0.36776966415306045|-0.3439424591399601|-0.394629389844034|2.706476914796487|||-0.3275574073546301|-0.2709090325004568|||0.0|1.0|0.0|0.0|0.0|1.0|0.0|0.0|0.0|1.0|0.0|0.0|0.0|1.0|0.0|0
1.508476907877179|-0.22244413811979064|0.7727267307721822|||-0.3415067438528613|2.8843804049365636||-0.3490613738985818||-0.5717653330402446|-0.3384044439044068|-0.24385853726190052|1.841548217679732||0.0|1.0|0.0|1.0|0.0|0.0|0.0|0.0|0.0|0.0|1.0|1.0|0.0|0.0|0.0|0
|2.424975474602805|0.5408766134652646||3.415495114358746|||-0.3732609850958203||-0.35698480224737394|-0.29352753464614584|-0.3371992176210983|-1.650484289666828|1.9026010136900102|-0.2718648529896093|0.0|1.0|0.0|0.0|0.0|0.0|1.0|1.0|0.0|0.0|0.0|0.0|1.0|0.0|0.0|0
|-0.22244413811979064|3.325891736164136|0.9309999458257809||-0.3587728911639252||-0.38562622881495556||-0.3645123868005747|||-0.20328279440406608|-0.28949962705902677||1.0|0.0|1.0|0.0|0.0|0.0|0.0|0.0|0.0|0.0|1.0|1.0|0.0|0.0|0.0|1
|-0.22244413811979064||-0.35472996307875937|||-0.34673374620129105|-0.37535946623793626|-0.3049284829513839|0.5692844770239719||-0.3339852808656089|-0.25738378488117863|||0.0|1.0|0.0|1.0|0.0|0.0|0.0|0.0|0.0|0.0|1.0|0.0|0.0|0.0|1.0|0
||-0.34337272227916665|||-0.35645670067097757|||-1.1174005090842412|||||||0.0|1.0|1.0|0.0|0.0|0.0|0.0|0.0|1.0|0.0|0.0|1.0|0.0|0.0|0.0|0
1.935133457482224|-0.22244413811979064|-1.2621519686982399||-0.3305175103809992|-0.3615293492712347|1.3092969917569355||-0.30812972823450635||-1.6232587475892302|-0.3315748282989919|-0.24385853726190052|-0.2904154189991809||1.0|0.0|0.0|0.0|0.0|0.0|1.0|0.0|0.0|1.0|0.0|0.0|0.0|0.0|1.0|0
|-0.22244413811979064||||-0.35224544522925466|-0.33636610854491883|-0.3790825779416905||-0.35472652688141376|||-0.23033328964262237||1.2949503462697463|0.0|1.0|0.0|0.0|0.0|1.0|0.0|0.0|0.0|0.0|1.0|1.0|0.0|0.0|0.0|0
-0.24223713400219052||1.3799264311949104||-0.3300998796848655||||||-0.3143505517736077|0.834280729754787|||-0.2718648529896093|0.0|1.0|0.0|0.0|0.0|0.0|1.0|1.0|0.0|0.0|0.0|0.0|0.0|0.0|1.0|0
|-0.22244413811979064|||1.4021110002561965||-0.33716361913387055|0.38275633389985164|-0.3095592151219384||-0.29573394705700273|1.9692021465369802|-0.24385853726190052|0.8647034815152816||0.0|1.0|0.0|0.0|0.0|1.0|0.0|0.0|0.0|1.0|0.0|0.0|0.0|1.0|0.0|1
|-0.22244413811979064|-0.3456462040119821||-0.32277113456561635|-0.3504460906314276|-1.8508387169642169||-0.30913640914114865||||1.3926964246707552||-0.2718648529896093|1.0|0.0|0.0|1.0|0.0|0.0|0.0|0.0|0.0|0.0|1.0|1.0|0.0|0.0|0.0|1
|-0.18008542431622912|-0.35861180280506794|-0.3534976340925889|-0.33596018138867684||0.7211329324050492||||||-0.25738378488117863|-0.299878602380774||0.0|1.0|1.0|0.0|0.0|0.0|0.0|1.0|0.0|0.0|0.0|0.0|0.0|0.0|1.0|0
-0.21379336402852084|||-0.3588377263659943||||-0.37784154070710574|-1.5115160840346966||||3.083352377080524|-0.30033649835085113|-0.2718648529896093|0.0|1.0|0.0|0.0|0.0|0.0|1.0|0.0|0.0|0.0|1.0|0.0|0.0|1.0|0.0|0
-0.24034088267061254|-0.22244413811979064|2.814921089283842||0.4486331770671169|-0.3740482631752655|||||-0.29789439254263345|||||0.0|1.0|0.0|0.0|0.0|1.0|0.0|0.0|0.0|1.0|0.0|0.0|0.0|1.0|0.0|0
|-0.18891015635863775|||-0.34599679005382505||0.47191087335763965|-0.3817000382909965|3.3124988205951444|-1.4537538716487155||-1.1141684282606599|-0.24385853726190052|||0.0|1.0|0.0|0.0|0.0|0.0|1.0|0.0|0.0|0.0|1.0|0.0|0.0|0.0|1.0|0
-0.2175858666916768|-1.0607936821486126|-0.3467716900183263||-0.32391625099049903|1.464011600575264|-0.3571013838576633||-1.4933958277151353|-0.3618777322069544||||-0.2714890522359947|-1.0552724526192871|0.0|1.0|0.0|0.0|0.0|1.0|0.0|0.0|0.0|0.0|1.0|0.0|0.0|0.0|1.0|0
-1.6440409308712118||||||3.2831356994124192|0.6507075550033766|0.8129101294023449|||-0.3315748282989919||2.192601794738831||0.0|1.0|0.0|0.0|0.0|1.0|0.0|0.0|0.0|1.0|0.0|0.0|1.0|0.0|0.0|0
||0.19310143750488828|||-1.0603489056847708||||-0.3630068698899345|1.3599946995901866|-1.2849088183960342||-0.3039996661114678||0.0|1.0|0.0|0.0|0.0|0.0|1.0|0.0|0.0|0.0|1.0|0.0|0.0|1.0|0.0|0
|-0.22244413811979064|-0.38031117300738526|-0.3682855819266347|-0.3580407204520029|-0.3629458624652688|-1.2726435399742269||-0.3072035818003955|0.14585784590643264|2.2563497415007974|2.1700731937550675|-0.2709090325004568|||0.0|1.0|0.0|0.0|0.0|0.0|1.0|0.0|0.0|1.0|0.0|0.0|0.0|1.0|0.0|0
-0.245555573832452||-0.3327031149390231|-0.35514073940748286|-0.3096090316584354||0.7311018147669455|-0.3973596717601204|-0.31964615780649414||1.6174094808568236|0.9246727010029262|-0.23033328964262237||-0.2718648529896093|0.0|1.0|0.0|0.0|0.0|1.0|0.0|0.0|0.0|0.0|1.0|0.0|1.0|0.0|0.0|0
||-0.8299653422620439|-1.513119210079016||-0.3572606676189428|0.6214441087860854|-1.4336708912650964|-1.2623625596407304||1.5139838990979069|-0.33358353877117275||||0.0|1.0|0.0|0.0|0.0|0.0|1.0|0.0|0.0|0.0|1.0|0.0|0.0|0.0|1.0|0
-1.0514623897530933|-0.22244413811979064|||-1.2141432316522351||||||-1.462374509297582|0.8543678344765957||||0.0|1.0|0.0|0.0|0.0|1.0|0.0|0.0|0.0|1.0|0.0|1.0|0.0|0.0|0.0|1
-0.24318525966797952|||||-0.3484744574018937|-0.330384779127781|-0.3753143376112241|||-0.3211536567070831||-0.25738378488117863|0.5861500997183876||0.0|1.0|0.0|0.0|0.0|1.0|0.0|1.0|0.0|0.0|0.0|0.0|0.0|0.0|1.0|0
1.41366434129828|||0.4996848006661109|1.0744056233706527|-0.35972999467340766|||1.7481166916730297||-1.4267501422472886|-0.33197657039342804||||0.0|1.0|0.0|0.0|0.0|1.0|0.0|0.0|0.0|0.0|1.0|0.0|0.0|1.0|0.0|0
|-1.3696593036329154||||-0.3563609903200293|-1.2826124223361233|-1.4562352046211828|-0.30672037496520715|-1.651352966170234|-0.29283803076775305|-0.32313824431583216|-0.20328279440406608||-0.2718648529896093|0.0|1.0|0.0|1.0|0.0|0.0|0.0|0.0|1.0|0.0|0.0|0.0|1.0|0.0|0.0|1
0.6077575253776386|2.777964756299151|1.374299001163189|-1.3898863114619675|3.2201517242317004|||-0.38147439515743564|-0.3053311553140408|-0.3490808384665132||-0.3355922492433536|-0.284434280119735|-0.29453648272987465|-0.2718648529896093|0.0|1.0|0.0|0.0|1.0|0.0|0.0|0.0|0.0|1.0|0.0|0.0|0.0|0.0|1.0|0
||-0.356833534915044|||-1.4680750007243064||1.7202560080818678|3.1272695337729637|1.0491679922905164|||-0.21680804202334422|-0.2850732993482816|-0.2718648529896093|0.0|1.0|0.0|0.0|0.0|0.0|1.0|0.0|0.0|0.0|1.0|1.0|0.0|0.0|0.0|0
2.7173371317581405|-0.22244413811979064|2.0901081011981386||-0.3156579407734039|3.2088112983618204|-0.33596735325044297||-0.32308900650721073|1.726650602078579||||||0.0|1.0|0.0|0.0|0.0|1.0|0.0|0.0|0.0|0.0|1.0|0.0|0.0|1.0|0.0|0
|-0.15361122818900316||-0.34938987080535394|-0.3170455524412029|-1.2072642943903311||-0.3920344938080841|-0.319666291424627|-0.3558556645643939|-0.3061224721581206||-0.25738378488117863|-0.2994207064106969||0.0|1.0|0.0|0.0|0.0|1.0|0.0|0.0|0.0|0.0|1.0|0.0|0.0|0.0|1.0|0
|-0.22244413811979064|||0.7561306170429664|-0.356705547583443|0.5715996969766034|1.6221012449828922||||-0.3492514804541835|||-0.2718648529896093|0.0|1.0|0.0|1.0|0.0|0.0|0.0|1.0|0.0|0.0|0.0|0.0|0.0|0.0|1.0|0
-0.24318525966797952|-0.22244413811979064||1.064502252660917|-0.9753527771693468|-0.3515946148428066|1.26942146230935|1.878206201574472|-0.32812241104042217|-0.35698480224737394|-0.31481022102586953|-0.35969677490952406||-0.31926286511403734|3.6451731451587794|0.0|1.0|0.0|0.0|0.0|1.0|0.0|1.0|0.0|0.0|0.0|0.0|0.0|1.0|0.0|1
0.9514530792261474|-0.17126069227382046|0.6213488629188793|-0.3473359891617364|-0.32499400762568276|-1.7154862579255268|0.611475226424189||0.8808610906006993|||||||0.0|1.0|0.0|0.0|0.0|1.0|0.0|1.0|0.0|0.0|0.0|0.0|0.0|1.0|0.0|0
-0.21948211802325476|||0.22241077877775153|||-0.3355685979559671||-0.3306189796888951|-0.35999583606865426|-0.31738436883853594||0.37830285322489426|||0.0|1.0|1.0|0.0|0.0|0.0|0.0|0.0|0.0|0.0|1.0|0.0|0.0|0.0|1.0|0
|||2.255753605959053|||||2.9219066288179367||-1.1877221310711257|-0.36050025909839645||||0.0|1.0|0.0|0.0|0.0|0.0|1.0|0.0|0.0|0.0|1.0|0.0|0.0|0.0|1.0|0
-0.2166377410258878||0.4649063080370271|-0.34569288384684244|-0.3313662437312063|-0.355557023372064|3.083758052174491|1.6796402440409124|-1.4888657636352451|2.159486713887619||-0.36491942213719436|-0.23033328964262237|||0.0|1.0|0.0|0.0|0.0|0.0|1.0|1.0|0.0|0.0|0.0|1.0|0.0|0.0|0.0|0
|||0.8693834965172567|-0.3060389628043894|2.764715269961951|-0.3527150756184289|1.1595328211831228|-1.3358502658256175||1.6633764060830087|0.6836274443412215|-0.23033328964262237||-1.0552724526192871|0.0|1.0|0.0|0.0|0.0|1.0|0.0|1.0|0.0|0.0|0.0|0.0|1.0|0.0|0.0|0
2.598821423534517|-0.22244413811979064|-0.34913521063164926|-0.34856831814790695|-0.32632773146172256|0.041277233729560846||-0.40690437630974496|-0.3152368954354009|-0.3611249737516343|||-0.20328279440406608|-0.30109965830097957||0.0|1.0|0.0|0.0|0.0|0.0|1.0|1.0|0.0|0.0|0.0|0.0|0.0|0.0|1.0|0
-0.7314699775493092||-0.36421672311666237|-0.36253471332450576|0.24419621533070884|||0.28234513946526757|-0.3103846934653851|-0.357361181475034|-0.29660731863630024||||0.5115427466400685|1.0|0.0|0.0|0.0|0.0|0.0|1.0|0.0|0.0|1.0|0.0|0.0|0.0|0.0|1.0|0
-0.23038556317982814||-0.34470079576665286|0.6948035568097711|-1.4728048240963232|||-0.399864310542646|-0.3252231700292924||0.4923689859459418|||||0.0|1.0|0.0|0.0|0.0|0.0|1.0|0.0|0.0|0.0|1.0|0.0|0.0|1.0|0.0|1
-0.2365483800074566|||||-0.3710046740151112|0.6513507558717745|||-0.367899799849515|-1.0659097792217351|-0.3355922492433536||||0.0|1.0|1.0|0.0|0.0|0.0|0.0|1.0|0.0|0.0|0.0|0.0|0.0|0.0|1.0|0
-0.2853768517955895||||||-0.3515188097350013|1.2328668395904034||0.559874996332471|-0.8314784605681907|0.502843501844943|||-0.2718648529896093|0.0|1.0|1.0|0.0|0.0|0.0|0.0|0.0|0.0|0.0|1.0|0.0|0.0|1.0|0.0|0
|-0.22244413811979064|-0.36673781177087345|||0.5940045104556917||-0.38474622059406816|-0.33047804436196515|||-0.3584915486262156|-0.23033328964262237||-0.2718648529896093|1.0|0.0|1.0|0.0|0.0|0.0|0.0|1.0|0.0|0.0|0.0|0.0|0.0|0.0|1.0|0
-0.2569330818219199|-0.17655553149926564|0.819434400035469|-0.34856831814790695||1.566421676089889|||-0.330759915015825|2.234762559419626|-0.3175222696142145||2.4070899961166163|-0.3076628338720845|-0.2718648529896093|0.0|1.0|1.0|0.0|0.0|0.0|0.0|1.0|0.0|0.0|0.0|0.0|0.0|0.0|1.0|0
-0.21379336402852084||-0.35858929308494103|||-0.35710753105742565|||-1.20498174796212|3.2509864741017203||-0.33639573343222595|-0.24385853726190052|-1.485829164880427||0.0|1.0|0.0|0.0|0.0|0.0|1.0|0.0|0.0|1.0|0.0|0.0|0.0|1.0|0.0|1
-0.23180775167851164|-0.22244413811979064|-1.3358713021137887|-0.34569288384684244|0.5981719101988553|-0.35599729098642596|-0.3339735767780637||0.46359185479747117||-0.3285083647432728||-0.20328279440406608|||0.0|1.0|0.0|0.0|0.0|0.0|1.0|1.0|0.0|0.0|0.0|1.0|0.0|0.0|0.0|0
-0.23797056850614007|-0.22244413811979064||||||-0.39061294206665065|0.7122420387381161||-0.30138787885982354|-0.34965322254861975||-0.30888388979229003||0.0|1.0|1.0|0.0|0.0|0.0|0.0|1.0|0.0|0.0|0.0|0.0|0.0|0.0|1.0|0
||-0.34701929693972206|0.7358811896821207|0.6816980494255921|-0.3579880662861495|-0.3483287673791945|||0.7198361680879858|-0.30322655586887093|-0.33639573343222595|||-0.2718648529896093|0.0|1.0|0.0|0.0|0.0|1.0|0.0|0.0|1.0|0.0|0.0|0.0|0.0|0.0|1.0|0
-0.23228181451140612|-0.22244413811979064|-0.36495954388084956|-0.34363900220322496|-0.34242672119977907|-0.3504843747718069|-0.33636610854491883||-0.3254245062106209|-1.2937926998932008|-1.1785287460258886|-0.35527761187072615||-0.31468390541326646|-1.0552724526192871|1.0|0.0|0.0|0.0|0.0|0.0|1.0|0.0|0.0|1.0|0.0|0.0|0.0|0.0|1.0|0
||||-0.34039245555086983||0.6712885205955672|-0.3947873400375266|-0.3242970235951815|-0.3603722152963143|||-0.2709090325004568|||1.0|0.0|1.0|0.0|0.0|0.0|0.0|1.0|0.0|0.0|0.0|0.0|1.0|0.0|0.0|0
0.18110097577259338|||-0.37116101622769915|-0.3269878574007726||-1.462052304850258||-1.7767765029349394|-0.3663942829388748||||-1.1843809845796787||0.0|1.0|0.0|0.0|1.0|0.0|0.0|0.0|0.0|0.0|1.0|0.0|0.0|0.0|1.0|0
-0.21094898703115386|-0.22244413811979064|-1.358943765243846||||0.5217552851671216|-0.39713402862655955|-0.3373234745271327||||||-1.0552724526192871|0.0|1.0|0.0|0.0|0.0|1.0|0.0|0.0|0.0|0.0|1.0|0.0|0.0|0.0|1.0|0
-0.2185339923574658|||-0.34980064713407744|||-0.3423474379620567||1.2639031755780896|-1.4725728330317174|2.987223852597141|0.33210311170956863||1.1241778645589637|-0.2718648529896093|1.0|0.0|0.0|0.0|1.0|0.0|0.0|0.0|0.0|0.0|1.0|0.0|0.0|0.0|1.0|0
|-0.16596585304837527||-0.34569288384684244||||-0.39959353878237297|0.3080596547212378|-0.357361181475034||-0.33278005458230037|-0.25738378488117863|-0.2916364749193865||0.0|1.0|0.0|0.0|0.0|1.0|0.0|0.0|0.0|0.0|1.0|0.0|0.0|1.0|0.0|0
-0.2692587154771767|-0.17655553149926564|||||1.1697326386903861||-0.3226460669082881|-0.35886669838567414|-0.30920225614827496|-0.34884973835974736|-0.25738378488117863||-1.0552724526192871|0.0|1.0|0.0|0.0|0.0|1.0|0.0|0.0|0.0|1.0|0.0|0.0|0.0|0.0|1.0|0
|-0.22244413811979064||-0.35021142346280093||0.4025838085591961|-1.7411810109833568|-0.3924180871351375|0.7202954859912545|-1.3972969874997103||0.8443242821156913||-0.290873314969258||0.0|1.0|0.0|0.0|0.0|0.0|1.0|1.0|0.0|0.0|0.0|1.0|0.0|0.0|0.0|0
|-0.22244413811979064|3.0782848147683985|-0.35472996307875937|-0.3308138934556747|-0.3581412028476667||-0.3849944280409851|-1.534166404434148||-0.29702102096333594||-0.284434280119735|-0.2879733071587698|-0.2718648529896093|0.0|1.0|0.0|0.0|0.0|0.0|1.0|0.0|0.0|1.0|0.0|0.0|0.0|0.0|1.0|0
3.0965873980737366||-0.3532094699746155||-0.33046362254924||0.5018175204433287|1.6221012449828922|||-0.29614764938403837|||2.787866555839043||1.0|0.0|0.0|0.0|0.0|1.0|0.0|1.0|0.0|0.0|0.0|1.0|0.0|0.0|0.0|0
-0.25077026499429145|-0.22244413811979064||-0.34938987080535394|0.35298227569456353|-0.3567821158642016|||3.300418649715437||3.4147162572006633|-0.3592950328150879|-1.9886154801487814|-0.8981960032814998||1.0|0.0|0.0|0.0|1.0|0.0|0.0|0.0|1.0|0.0|0.0|1.0|0.0|0.0|0.0|0
|-0.22244413811979064|-0.34335021255903975|-0.3510329761202479|-0.3204404858420316|-0.35463820400296087|-0.34872752267367035|-0.38147439515743564|1.0525001851832092||-1.069357298613699|||||0.0|1.0|0.0|1.0|0.0|0.0|0.0|1.0|0.0|0.0|0.0|0.0|0.0|1.0|0.0|0
|||0.5099542088841982|0.537884898418267|||1.309585505001097|||-0.3179819388664764|-0.329566117826811||||0.0|1.0|0.0|0.0|0.0|1.0|0.0|0.0|0.0|0.0|1.0|1.0|0.0|0.0|0.0|0
-0.2142674268614153|||-1.2255757799725693|-1.5307342432374471||||-0.331283389087279|-1.5666676399467263|-0.3180738727169287||||0.5115427466400685|0.0|1.0|0.0|1.0|0.0|0.0|0.0|0.0|0.0|1.0|0.0|1.0|0.0|0.0|0.0|0
-0.24128900833640152||-0.33819548664998306|-0.3473359891617364|-1.6381731078073223||-0.3367648638393947||||-0.29035581680553907|-0.3371992176210983|3.083352377080524|-0.2962154346201573||1.0|0.0|0.0|0.0|0.0|1.0|0.0|0.0|0.0|0.0|1.0|1.0|0.0|0.0|0.0|0
|-0.15361122818900316|0.6562389291155513|-0.3534976340925889|||-1.5318344813835327||-0.32421648912265016|||||-0.3171260172536776||0.0|1.0|0.0|0.0|0.0|1.0|0.0|0.0|0.0|1.0|0.0|0.0|0.0|0.0|1.0|0
-0.22943743751403917|||-0.3617131606670588|-0.3164258423759723||-0.3411511720786291|-0.4048735881076972|1.3937650125349446||||1.0545652341888017||-1.0552724526192871|0.0|1.0|0.0|0.0|0.0|0.0|1.0|1.0|0.0|0.0|0.0|0.0|0.0|1.0|0.0|0
-0.4470322778126123|-0.22244413811979064|-0.34472330548677976|||-0.3603425409194764||-1.3563881180205009|-1.2965897104665682|-0.3607485945239743||0.5932354730930822||||0.0|1.0|0.0|1.0|0.0|0.0|0.0|1.0|0.0|0.0|0.0|1.0|0.0|0.0|0.0|0
|||-0.34938987080535394|-0.3401634322658933|0.50834374635701|-0.36029142621347016|-1.332131481162708|-0.3031365909375606|-0.3532210099707736||2.45129265986039|||1.2949503462697463|0.0|1.0|0.0|1.0|0.0|0.0|0.0|1.0|0.0|0.0|0.0|1.0|0.0|0.0|0.0|0
1.0225625041603217|1.3660076295137666||0.16079432946922723|-0.3280251981621369|||1.8657958292286245|1.832677887830982||0.21771660771948548||-0.2709090325004568|-0.29499437869995176|1.2949503462697463|1.0|0.0|0.0|0.0|0.0|0.0|1.0|1.0|0.0|0.0|0.0|0.0|0.0|0.0|1.0|0
|3.836932601388189|-0.329191598599229||-0.3060389628043894|-0.36750167517040533|-0.35351258620738063|-0.39435861808376094|-0.33186726401313155|||-0.3516619330208006||||1.0|0.0|0.0|0.0|0.0|0.0|1.0|1.0|0.0|0.0|0.0|0.0|0.0|0.0|1.0|0
-0.2588293331534978||-0.34143688634825453|-0.35596229206492985|-0.31848705194076116|0.5389710586604493|-0.34154992737310497|||-0.3532210099707736|-1.301490271005934|2.2504216126423024||-0.2870575152186156||0.0|1.0|0.0|1.0|0.0|0.0|0.0|1.0|0.0|0.0|0.0|0.0|0.0|1.0|0.0|0
|-0.1606710138229301|-0.33297323158054565|-0.35719462105110034|-0.30987847081723136|1.0208726756848765|-0.3447399697289118||||-0.2887010074973964||-0.21680804202334422|2.757340157833904||0.0|1.0|0.0|0.0|0.0|1.0|0.0|0.0|0.0|1.0|0.0|0.0|0.0|1.0|0.0|0
||-0.32358667828763454||-0.3003268526379158|1.3099179355485848||||3.2886243968677236||-0.32313824431583216|2.4070899961166163|-0.28171539556771624||1.0|0.0|0.0|0.0|0.0|1.0|0.0|1.0|0.0|0.0|0.0|1.0|0.0|0.0|0.0|1
-0.21995618085614926|2.601470115450978|0.693942710328084|-0.3600700553521648|0.7349122832877872|-0.36591288334466443||-0.3927791161488349|-0.3165858478503016|||||||0.0|1.0|0.0|0.0|0.0|0.0|1.0|0.0|0.0|0.0|1.0|0.0|0.0|1.0|0.0|0
|-0.22244413811979064|-1.4810589969321983|-0.34363900220322496|0.7456898496396243|-0.3512117734390136||||||0.5932354730930822||-1.3408287743560163|0.5115427466400685|0.0|1.0|0.0|0.0|0.0|1.0|0.0|0.0|0.0|0.0|1.0|0.0|0.0|0.0|1.0|0
|-0.22244413811979064|-0.3407165753041942||0.8420143489091673|||-1.4652609299636172|-1.439035058756452|-0.3607485945239743|-1.456628643644309|1.5875471568226145||-0.3006417623309025|1.2949503462697463|1.0|0.0|0.0|0.0|0.0|0.0|1.0|1.0|0.0|0.0|0.0|0.0|0.0|1.0|0.0|0
-0.23133368884561714||-0.35627079191187183||-0.33358911679127273|-0.3537385267040473|-0.3447399697289118|-0.38057182262319217|-0.3185790760454533|||-1.254778161313321||-0.30522072203167333|-1.0552724526192871|0.0|1.0|0.0|0.0|0.0|1.0|0.0|0.0|0.0|0.0|1.0|0.0|1.0|0.0|0.0|0
|4.366416523932708||-0.35514073940748286|-0.31557710902576513||-0.3351698426614913||-1.6378545378183036|-0.35886669838567414||-0.357286322342907||2.0857594017208445||1.0|0.0|0.0|0.0|0.0|1.0|0.0|1.0|0.0|0.0|0.0|0.0|0.0|0.0|1.0|0
-0.2792140349679611|-0.22244413811979064|-0.3527817852922046||-0.3300325198951665|-0.3697987235931633|-0.3555063626797599|||1.3314524130355425|||1.0545652341888017|-0.30277861019126223|-0.2718648529896093|0.0|1.0|0.0|0.0|0.0|0.0|1.0|1.0|0.0|0.0|0.0|0.0|0.0|1.0|0.0|0
0.7381248044236247|-0.1730256386823022||||-0.35477219849428837|-0.32679598147749833|||2.1971246366536223|1.4680169738717217|0.7438887585066477|1.3926964246707552|-1.4934607643817117|-1.0552724526192871|0.0|1.0|0.0|0.0|0.0|1.0|0.0|0.0|0.0|0.0|1.0|0.0|0.0|0.0|1.0|0
-2.0588459096538947|-0.22244413811979064||-0.37075023989897565|-0.3303558468857216|-0.3868351660619514|-0.3391573956062498|0.6495793393355722||-0.3607485945239743|-0.31159253626003663|0.5128870542058472||-0.3044575620815449|-1.0552724526192871|0.0|1.0|0.0|0.0|0.0|0.0|1.0|0.0|0.0|0.0|1.0|0.0|0.0|0.0|1.0|0
-0.2237486835193052|-0.22244413811979064||||||-0.3845205774605073||||-0.34402883322651323||-0.3032365061613393|0.5115427466400685|1.0|0.0|1.0|0.0|0.0|0.0|0.0|0.0|0.0|0.0|1.0|1.0|0.0|0.0|0.0|0
-0.2512443278271859|-0.22244413811979064|-0.3352917327536149|-0.3534976340925889|||1.189670403414179||-0.30029775078082943|2.460590096015647|-1.8243640454537902|-0.35206367511523673||2.6199713668107782||0.0|1.0|0.0|0.0|0.0|0.0|1.0|0.0|0.0|0.0|1.0|0.0|0.0|0.0|1.0|1
||||-0.3294397537458155||-0.34154992737310497|-0.38429493432694645|-0.7721089581059366|-1.4067064681912111|-0.3283704639675942||1.3926964246707552|1.4523366431142088|2.8617655455291016|0.0|1.0|0.0|0.0|0.0|0.0|1.0|0.0|0.0|0.0|1.0|0.0|1.0|0.0|0.0|1
||-0.3458037720528702|-1.0407264320469964||2.7781147190947055|-0.34992378855709794||||-0.30281285354183524|-0.3279591494490663|1.0545652341888017||-0.2718648529896093|1.0|0.0|0.0|0.0|0.0|0.0|1.0|1.0|0.0|0.0|0.0|1.0|0.0|0.0|0.0|0
|||||1.8545098324441147|-0.33835988501729813|-0.37935334970196355|0.5199659855694393||-0.3092941899987274|0.723801653784839||-0.29575753865008025||0.0|1.0|0.0|0.0|0.0|1.0|0.0|0.0|0.0|1.0|0.0|0.0|0.0|1.0|0.0|0
-0.245555573832452|-0.22244413811979064||||||||0.7762930522369911|-0.31761420346466684||-0.2709090325004568|||0.0|1.0|0.0|0.0|0.0|1.0|0.0|0.0|0.0|1.0|0.0|1.0|0.0|0.0|0.0|0
-1.4544157977134138||||-0.3154289174884274|0.624631822759131|-0.3439424591399601||-0.2991098673109915||||-0.25738378488117863|-0.29209437088946355||0.0|1.0|0.0|0.0|0.0|1.0|0.0|0.0|0.0|1.0|0.0|1.0|0.0|0.0|0.0|0
-0.25740714465481435|-0.17655553149926564|-0.361538066421563||-0.3389374840933718|-0.35660983723249473|-0.33835988501729813|0.6010660656199867|-1.0252892061264718|3.3262623196337273|-0.3179359719412502|-0.3271556652601939|-1.3123530991848742|||0.0|1.0|0.0|0.0|0.0|0.0|1.0|1.0|0.0|0.0|0.0|0.0|0.0|0.0|1.0|0
|-0.16420090663989353|0.9162261965810753||0.9612411766763642|0.7169923114241901||-0.37980463596908526||||-0.3504567067374921|-1.650484289666828|||0.0|1.0|0.0|0.0|0.0|0.0|1.0|0.0|0.0|0.0|1.0|0.0|0.0|0.0|1.0|0
||||-0.3166413937030091|||-0.37502100153759493|1.4561792287467665|-0.34080049545799246|||1.0545652341888017|-0.29331542680966916||0.0|1.0|0.0|1.0|0.0|0.0|0.0|1.0|0.0|0.0|0.0|0.0|0.0|1.0|0.0|0
|-0.1606710138229301||0.5510318417565477|||0.9504172267286658|-0.3821287602447621|-0.30762638778118523||0.9451431994238656|-1.1844732947869905||||1.0|0.0|0.0|0.0|0.0|1.0|0.0|0.0|0.0|0.0|1.0|0.0|0.0|0.0|1.0|0
-1.3121969478450655|-0.22244413811979064|-0.3694164684659728||0.11217102752070558||||||-0.27302628599526724|-0.33036960201568333|-0.25738378488117863|-0.2891943630789754|-1.0552724526192871|0.0|1.0|0.0|0.0|0.0|1.0|0.0|0.0|0.0|1.0|0.0|0.0|0.0|0.0|1.0|0
|-0.15361122818900316|||-0.3241048584016562|||-0.38515237823447773|-0.3047674140063211|-0.3660179037112148|1.0186902797857618||-0.20328279440406608||-0.2718648529896093|0.0|1.0|0.0|0.0|0.0|1.0|0.0|0.0|0.0|1.0|0.0|0.0|0.0|0.0|1.0|0
||||0.9898690872984313|-0.3467708131550149||-0.3735994497961615|||0.4429545413277928|0.5731483683712735||1.6202318321424738||0.0|1.0|0.0|0.0|0.0|1.0|0.0|0.0|1.0|0.0|0.0|1.0|0.0|0.0|0.0|1
-0.22043024368904376|-0.22244413811979064||-1.3180004539353558||1.4716684286511237|||||-0.30759341376535854|-0.3468410278875665||||0.0|1.0|0.0|0.0|0.0|0.0|1.0|0.0|0.0|0.0|1.0|0.0|0.0|1.0|0.0|0
-1.3833063727792396|||0.7564200061182954||-0.35812206077747705||-0.38497186372762904|-0.32149845067471594||-0.3080071160923942|-0.34202012275433236|-0.24385853726190052||-1.0552724526192871|1.0|0.0|0.0|0.0|0.0|0.0|1.0|0.0|0.0|1.0|0.0|0.0|1.0|0.0|0.0|0
-0.28679904029427306|-0.17832047790774738||-0.3670532529404642|-0.32564066160679295|-0.36449637015063036|-0.3471325014957669||||-0.32377377144497566|-1.5159105226968346|-0.23033328964262237|1.9865486082041424|0.5115427466400685|0.0|1.0|0.0|0.0|0.0|0.0|1.0|1.0|0.0|0.0|0.0|0.0|0.0|1.0|0.0|0
||-0.3451284804490637|-0.35555151573620636|||-0.3379611297228223|-0.3850846852944094||||1.6678955757098493|-1.3123530991848742|1.7576006231655996||0.0|1.0|0.0|1.0|0.0|0.0|0.0|1.0|0.0|0.0|0.0|1.0|0.0|0.0|0.0|0
|-0.1606710138229301||2.214675973086704|-0.32604482034498683|||-0.382354403378323|0.9296851145728502|-0.3660179037112148||-0.329566117826811|0.7164340437068479||-1.0552724526192871|0.0|1.0|0.0|0.0|1.0|0.0|0.0|0.0|0.0|0.0|1.0|0.0|0.0|0.0|1.0|0
-0.2702068411429657|-0.22244413811979064|||||-0.3423474379620567|-0.38991344835261194|-0.3258473121914106||1.2979393505348367|||-0.30857862581223866||0.0|1.0|0.0|0.0|0.0|0.0|1.0|0.0|0.0|0.0|1.0|1.0|0.0|0.0|0.0|0
0.8210858001801613|-0.22244413811979064||-0.3588377263659943||-0.3514031941409101||-0.3782476983475153|-0.3160221065425819|-0.3645123868005747|||-0.6360907182209669|-1.1538545865745395||0.0|1.0|0.0|0.0|0.0|1.0|0.0|0.0|0.0|1.0|0.0|1.0|0.0|0.0|0.0|0
1.354406487186468|-0.22244413811979064|-0.3510710465625614||||1.3292347564807283|-0.376600503472521|1.35651781898918|-1.6043055627127296|0.5348883917801631|-0.33036960201568333||||0.0|1.0|0.0|1.0|0.0|0.0|0.0|0.0|0.0|0.0|1.0|0.0|0.0|0.0|1.0|0
2.693633990113416||-0.33673235484173547||||0.6015063440622925||||-1.5014463957398394|||||1.0|0.0|0.0|0.0|0.0|0.0|1.0|0.0|0.0|1.0|0.0|0.0|0.0|1.0|0.0|0
-0.2351261915087731|-0.22244413811979064|-0.3639240967550128||-0.34137590848047494|-0.3524177238609615||0.7059901227257881||-0.3551029061090738||-0.34282360694320474|-1.3123530991848742|||0.0|1.0|0.0|1.0|0.0|0.0|0.0|0.0|0.0|1.0|0.0|0.0|0.0|1.0|0.0|0
|-0.22244413811979064||||1.1127546125951948|-0.34992378855709794|2.6013924446370384|-0.3191025501169073||-0.30557086905540637||-0.21680804202334422|-0.29453648272987465||0.0|1.0|0.0|0.0|0.0|1.0|0.0|0.0|0.0|1.0|0.0|1.0|0.0|0.0|0.0|0
|-0.22244413811979064||1.3315068663311889||-1.409213134891134||0.5892198011080414|-0.3369812030188743|-0.3520918722877935||-0.357286322342907|-2.326746670630735|-0.3168207532736262||0.0|1.0|0.0|1.0|0.0|0.0|0.0|1.0|0.0|0.0|0.0|0.0|0.0|0.0|1.0|0
0.6551638086670881|||-0.35596229206492985|-0.32797131033037774|-0.3519391721062203|-0.35590511797423574||||1.2129005388663943|-0.3380027018099706||||0.0|1.0|0.0|0.0|0.0|0.0|1.0|1.0|0.0|0.0|0.0|0.0|0.0|1.0|0.0|0
||-1.7928186206895582||-1.7951214178059485||||-0.3095592151219384|||2.6722508118002857|-0.25738378488117863|||1.0|0.0|0.0|0.0|0.0|0.0|1.0|0.0|0.0|1.0|0.0|0.0|0.0|0.0|1.0|0
-0.7196184067269469||1.6219059225589263|1.310968049895014|0.6564381282884741|-0.35676297379401195|-0.34434121443443594|||||-0.3371992176210983|-0.23033328964262237|-0.2962154346201573||1.0|0.0|0.0|0.0|0.0|0.0|1.0|0.0|0.0|0.0|1.0|0.0|0.0|1.0|0.0|0
|-0.22244413811979064|-0.3569235737955515|-0.3543191867500359|-0.33424924273032275|-0.3545042095116333||0.6540922020067895|1.3615512235223914||||-0.23033328964262237|||1.0|0.0|0.0|0.0|0.0|1.0|0.0|0.0|0.0|1.0|0.0|1.0|0.0|0.0|0.0|0
-0.2811102862995391|-0.22244413811979064||0.612648291065072||-0.3588303173744941|-0.3419486826675808||-0.31841800710039053|-1.3408401033507051|1.6817631761734828|||-0.2891943630789754|0.5115427466400685|0.0|1.0|0.0|1.0|0.0|0.0|0.0|0.0|0.0|0.0|1.0|0.0|0.0|0.0|1.0|0
2.385493148731994||0.8267500590767066||-1.6021356203183672||||-0.3263103854084661|-0.35359738919843364||-0.3613037432872688|-0.23033328964262237|1.673653028651467|1.2949503462697463|1.0|0.0|0.0|0.0|0.0|0.0|1.0|0.0|0.0|0.0|1.0|0.0|0.0|0.0|1.0|0
0.7499763752459871|-0.16773079945685698|-0.34733443302149847|-0.35637306839365335|0.6736148746617143|-0.3567438317238223|-0.3375623744283464|||-0.3607485945239743|-1.4198551034633609||-0.24385853726190052|-0.2940785867597976||0.0|1.0|0.0|1.0|0.0|0.0|0.0|0.0|0.0|0.0|1.0|0.0|1.0|0.0|0.0|0
||-0.34805474406555875|0.6023788828469847|||-0.3403536614896774|2.804471264841815|-0.3335987551725562||0.2774736105135262|||-0.30277861019126223|-0.2718648529896093|0.0|1.0|0.0|0.0|0.0|0.0|1.0|0.0|0.0|1.0|0.0|1.0|0.0|0.0|0.0|0
0.584054383732914|-0.22244413811979064||||||-1.0968985144255083||-0.3694053167601551|1.5346690154496903||-0.25738378488117863||-0.2718648529896093|0.0|1.0|0.0|0.0|0.0|0.0|1.0|1.0|0.0|0.0|0.0|0.0|0.0|0.0|1.0|0
|-0.22244413811979064|-0.34978799251532894||-0.3269878574007726||||-0.33390075944454894||-0.9613350243321638||||0.5115427466400685|0.0|1.0|0.0|0.0|0.0|1.0|0.0|1.0|0.0|0.0|0.0|0.0|0.0|1.0|0.0|0
|||-0.33665580461492556|1.7469931235149805|-0.36248645278071717|2.7248782871462214|-0.3893493405187098|||-0.3190391781466786|||-0.2904154189991809||0.0|1.0|0.0|0.0|1.0|0.0|0.0|0.0|0.0|0.0|1.0|0.0|1.0|0.0|0.0|0
-0.23417806584298412|-0.1571411210059666||-1.513119210079016||||0.5548092232400098|-0.31125043904509747||||2.4070899961166163|||0.0|1.0|0.0|0.0|1.0|0.0|0.0|0.0|0.0|1.0|0.0|0.0|0.0|1.0|0.0|0
-0.2090527356995759|||-0.36212393699578227||-0.34826389462980756|-0.3419486826675808|||-1.0209177598396755||||||0.0|1.0|0.0|0.0|0.0|1.0|0.0|1.0|0.0|0.0|0.0|1.0|0.0|0.0|0.0|0
|-0.22244413811979064|-0.3391634046154391|-0.36458859496812324|-1.613586784567194||-0.3391573956062498||-0.3111296373363004||||||-0.2718648529896093|0.0|1.0|0.0|0.0|0.0|0.0|1.0|1.0|0.0|0.0|0.0|1.0|0.0|0.0|0.0|0
|-0.22244413811979064||-0.3534976340925889|-1.9170426371611047||0.7111640500431528|-0.3810908018303822|-0.3218608558011072|||1.3866761096045273||-0.30476282606159627|-1.0552724526192871|1.0|0.0|0.0|0.0|0.0|0.0|1.0|1.0|0.0|0.0|0.0|0.0|0.0|1.0|0.0|1
-0.008524157385204567|-0.22244413811979064|0.9792534129363539|||-0.3623524582893896||3.1023202011421542|-0.32075350680380066|-0.35886669838567414|0.6072862990114047|-0.3195225654659066|||-1.0552724526192871|0.0|1.0|0.0|0.0|1.0|0.0|0.0|0.0|0.0|0.0|1.0|1.0|0.0|0.0|0.0|1
||-0.3593546235692551||-0.3367280829912453|-0.3883473896069337|2.7248782871462214|-0.4152531722514969||-1.1526504895206877||-0.3452340595098218||3.3220785209289767|-1.0552724526192871|0.0|1.0|0.0|0.0|0.0|0.0|1.0|1.0|0.0|0.0|0.0|0.0|0.0|1.0|0.0|0
||2.454765567253679|-0.3465144365042894|-0.33715918564531877|-0.3652429108880267|-0.34075241678415324||-0.3267331913892559||-0.3133852463438579|3.55608341955987||-0.3006417623309025|0.5115427466400685|1.0|0.0|0.0|0.0|0.0|0.0|1.0|0.0|0.0|1.0|0.0|1.0|0.0|0.0|0.0|0
-0.2156896153600988|-0.22244413811979064|-0.3479872149051781|-0.37075023989897565|||||||0.4441037144584474|||-0.2974364905403629|2.0783579458994237|0.0|1.0|0.0|0.0|1.0|0.0|0.0|0.0|0.0|1.0|0.0|0.0|0.0|0.0|1.0|0
-0.24982213932850245||||-0.329668777030792|-0.34872330431435916|-0.3287897579498776|||2.3476763277176365||||-0.2994207064106969||1.0|0.0|0.0|0.0|0.0|0.0|1.0|0.0|0.0|1.0|0.0|1.0|0.0|0.0|0.0|0
||||-0.3315279072264839||-0.3507212991460496|||||-0.3339852808656089||-1.5468819608907052||0.0|1.0|0.0|0.0|0.0|0.0|1.0|0.0|0.0|0.0|1.0|0.0|0.0|0.0|1.0|0
-0.2232746206864107|-0.18008542431622912|||-0.31572530056310294|-0.35764350902273584|-0.3391573956062498|0.5751171052604874|-0.28688876110435413|-0.35811393993035406|1.4772103589169587|-0.3484479962653112||0.4945709057029704||0.0|1.0|0.0|1.0|0.0|0.0|0.0|0.0|0.0|0.0|1.0|0.0|0.0|0.0|1.0|0
|-0.22244413811979064|-0.3503957549587548|||3.2853795791204186|-0.34793001208471863||2.9943876540961814|-0.3630068698899345|1.3760831234193516|-0.3404131543765877||1.74233742416303|0.5115427466400685|0.0|1.0|0.0|0.0|0.0|0.0|1.0|0.0|0.0|0.0|1.0|0.0|0.0|0.0|1.0|0
-0.24176307116929602|-0.1624359602314118|-1.3004184929139446|-1.2461145964087441|-0.32895476325998285|-0.36466864878233723|0.7809462265764274|-0.3915380789142502|||-0.29164289071187227|-0.3424218648487686||||0.0|1.0|0.0|0.0|0.0|0.0|1.0|0.0|0.0|0.0|1.0|0.0|0.0|0.0|1.0|1
||-0.34346276115967417|-0.34980064713407744|1.9106774124835046|-0.3601319781473903|-0.3491262779681462|-0.3869800876163207|-0.31491475754527537|||-0.3147016603326725||||0.0|1.0|0.0|0.0|0.0|0.0|1.0|0.0|0.0|0.0|1.0|1.0|0.0|0.0|0.0|0
-0.22848931184825017|||||-1.4987023130277457|||||0.3969876161016076||3.083352377080524|-0.3035417701413907|1.2949503462697463|0.0|1.0|0.0|0.0|1.0|0.0|0.0|0.0|1.0|0.0|0.0|0.0|0.0|0.0|1.0|0
-0.23797056850614007|-0.1606710138229301|-0.3470643163799758|||1.6382044393010748|-0.3379611297228223|-1.4443889401092374|-0.31884081308118034|||||1.9254958121938646||0.0|1.0|0.0|0.0|0.0|1.0|0.0|1.0|0.0|0.0|0.0|0.0|1.0|0.0|0.0|0
-0.8262825441282082||-0.3439129555622119|||||-0.3757204952516336||-0.367899799849515|-0.2912291883848366|-0.35005496464305585|-0.9742219087029205|0.4525971084459041|-0.2718648529896093|0.0|1.0|0.0|0.0|0.0|1.0|0.0|1.0|0.0|0.0|0.0|0.0|1.0|0.0|0.0|0
-0.2351261915087731||-0.3566759668741558|||-0.35325997494930605|2.166620874880024|-0.38009797204271434|-0.3199884293147525|-0.3520918722877935|1.5990227107663497|-0.3359939913377898||||0.0|1.0|0.0|0.0|0.0|1.0|0.0|0.0|0.0|1.0|0.0|1.0|0.0|0.0|0.0|0
-1.9284786306079087|||-0.3596592790234413|||-0.34673374620129105|-0.3880631746574129|-0.31110950371816753||-1.54626414783537||-1.3123530991848742|-0.3039996661114678|2.8617655455291016|0.0|1.0|0.0|1.0|0.0|0.0|0.0|0.0|0.0|1.0|0.0|1.0|0.0|0.0|0.0|0
|-0.22244413811979064|-0.361740653902705|||-0.3565906951623051|-0.3423474379620567|-1.4505941262821611|-0.3096397495944698|-0.3645123868005747||-0.345635801604258|-0.23033328964262237|-0.30476282606159627||0.0|1.0|0.0|1.0|0.0|0.0|0.0|0.0|0.0|0.0|1.0|0.0|0.0|1.0|0.0|0
||-0.34461075688614534|0.7153423732459459|||1.5684879331662414|-0.38869497543138326||||-0.3343870229600451|-0.18975754678478793|||1.0|0.0|0.0|0.0|0.0|0.0|1.0|0.0|0.0|1.0|0.0|1.0|0.0|0.0|0.0|0
-0.2654662128140208||-0.33349095514346405|-0.3506221997915244|||||0.5526831150353135|-0.35472652688141376|-0.307961149167168|0.4024079782358992||-0.30888388979229003||0.0|1.0|0.0|0.0|0.0|1.0|0.0|1.0|0.0|0.0|0.0|0.0|0.0|0.0|1.0|0
|-0.22244413811979064|-0.3554829517074309|-0.33953123891599|0.46648352133734694|-0.37280402861293827|-0.3491262779681462|0.8154270425028066|||-0.30681197603651333|-0.36009851700396023||0.193122725402222|-0.2718648529896093|0.0|1.0|0.0|0.0|0.0|0.0|1.0|1.0|0.0|0.0|0.0|1.0|0.0|0.0|0.0|0
|-0.22244413811979064|1.5149847519562216|-0.3506221997915244|-0.3273516002651471|-0.36503234811594054|0.6314129911479817|0.3900897357405797|2.1075017753443266||-0.2947226747020267|0.6133225778148909|-0.16270705154623163|-0.30033649835085113|1.2949503462697463|0.0|1.0|0.0|1.0|0.0|0.0|0.0|0.0|0.0|1.0|0.0|1.0|0.0|0.0|0.0|0
-0.23797056850614007|-0.22244413811979064|-0.3365972965209742||-0.31356978729273555|-0.3622376058682517|-1.4919589519359473|-0.38910113307179284|1.335377519949692|-1.2561547771271973||-0.345635801604258|0.7164340437068479|3.2915521229238376||0.0|1.0|0.0|0.0|0.0|0.0|1.0|1.0|0.0|0.0|0.0|1.0|0.0|0.0|0.0|0
-1.3003453770227031||-0.34382291668170434|||||0.5903480167758457||-0.3498335969218333|-1.431346834769907|-0.34764451207643887|||2.0783579458994237|0.0|1.0|0.0|0.0|0.0|1.0|0.0|0.0|0.0|0.0|1.0|0.0|0.0|0.0|1.0|0
0.44183553386456553|-0.16420090663989353||0.4688765760118487|||||||-0.2860808927595039||-0.25738378488117863||0.5115427466400685|1.0|0.0|0.0|0.0|1.0|0.0|0.0|1.0|0.0|0.0|0.0|0.0|1.0|0.0|0.0|1
-0.2502962021613969||-0.37108218775536234|-0.34404977853194846|||||2.0269673028129436|1.2749955288865373||1.7884182040407017|-0.25738378488117863||-1.0552724526192871|0.0|1.0|0.0|1.0|0.0|0.0|0.0|0.0|0.0|0.0|1.0|0.0|0.0|0.0|1.0|0
||0.5279335243923059|2.276292422395228|-1.2983429687759618|0.48776602090313664|-0.3419486826675808|-0.3889883115050124|-0.31366647322103897|1.5572799496315632|-0.2999629041778118||0.7164340437068479|-0.3163628573035491||0.0|1.0|0.0|0.0|0.0|0.0|1.0|1.0|0.0|0.0|0.0|1.0|0.0|0.0|0.0|0
-1.1581265271543546|-0.22244413811979064|-1.4140925795547148||-0.3243338816866327|0.5557203700763925|1.5485501684424485|-0.38628059390228203|-0.3336591560269548||2.1414324284353343|3.23468974401093||||0.0|1.0|0.0|1.0|0.0|0.0|0.0|1.0|0.0|0.0|0.0|1.0|0.0|0.0|0.0|0
-0.24223713400219052||||||-0.3519175650294772|1.9515402199817524|-1.5930572374727219|-0.36488876602823467|-0.2946307408515743|-0.3359939913377898|||0.5115427466400685|0.0|1.0|0.0|0.0|0.0|0.0|1.0|0.0|0.0|0.0|1.0|0.0|0.0|1.0|0.0|0
||||-0.322730718691797|-0.37485223012323077||-0.40173714855120113|||||-0.24385853726190052|0.9486510760294141||0.0|1.0|0.0|0.0|0.0|0.0|1.0|0.0|0.0|0.0|1.0|0.0|0.0|0.0|1.0|0
1.508476907877179||-0.3521740228487788|-0.34980064713407744|3.300983471870478|2.8317125156257243||0.3844486574015581||0.559874996332471||-0.34282360694320474|-0.24385853726190052|||0.0|1.0|0.0|1.0|0.0|0.0|0.0|1.0|0.0|0.0|0.0|0.0|0.0|1.0|0.0|0
|-0.22244413811979064|||-0.3328751030204635||-0.34075241678415324||-1.3499437985186096||0.6739383405893732||-0.24385853726190052|-1.0737227918110495|1.2949503462697463|0.0|1.0|0.0|0.0|1.0|0.0|0.0|0.0|0.0|1.0|0.0|0.0|0.0|0.0|1.0|0
||-0.3385331324518863||0.897586175410827|-0.37471823563190326||-0.4016017626710647|0.47315532341057287|1.726650602078579|0.5084574097751066||-2.664877861112689|-1.5278029621374931|2.0783579458994237|1.0|0.0|0.0|0.0|0.0|0.0|1.0|0.0|0.0|1.0|0.0|0.0|0.0|1.0|0.0|0
1.6032894744560777|-0.16773079945685698|-0.3376327436468109|||2.1770537151397096|0.42206646154815775|0.2202932777360302|-0.33363902240882193||-0.967080889985437||-0.23033328964262237|||0.0|1.0|0.0|0.0|0.0|0.0|1.0|1.0|0.0|0.0|0.0|0.0|1.0|0.0|0.0|1
-1.1462749563319923|-0.22244413811979064|||||||-0.3250621010842296|-0.36978169598781513|-0.311684470110489||-0.24385853726190052|-0.2977417545204143||0.0|1.0|0.0|0.0|0.0|1.0|0.0|0.0|0.0|1.0|0.0|0.0|0.0|1.0|0.0|0
-0.24792588799692447|1.4983786101498966||||-0.356705547583443|0.7211329324050492|-0.3835503119861956|-1.3423936917187924|||-0.3404131543765877|1.3926964246707552|-0.2994207064106969||1.0|0.0|0.0|0.0|0.0|1.0|0.0|0.0|0.0|1.0|0.0|0.0|0.0|1.0|0.0|0
|-0.22244413811979064||-0.3415851205596075|||-0.36746902151403554|-0.3930047592823958||-0.3517154930601335|-1.1612911490660693|-0.3448323174153856|||-1.0552724526192871|0.0|1.0|0.0|1.0|0.0|0.0|0.0|1.0|0.0|0.0|0.0|1.0|0.0|0.0|0.0|0
|-0.22244413811979064||-0.34774676549045996|||||-0.31193498206161424|3.2509864741017203|||-0.20328279440406608|||0.0|1.0|0.0|1.0|0.0|0.0|0.0|1.0|0.0|0.0|0.0|0.0|0.0|1.0|0.0|0
-1.845517634851372|-0.22244413811979064|1.9955672766652206||-0.317570958800855|-0.34768963252411805|||||-0.31554569182948855|-1.4656927608923127||-0.29652069860020874|-1.0552724526192871|0.0|1.0|0.0|0.0|0.0|0.0|1.0|0.0|0.0|0.0|1.0|0.0|0.0|0.0|1.0|0
1.0107109333379594|-2.208008847661737||-0.3469252128330129|-1.1134403460522582|-0.35766265109292544|0.5516619322528107|-0.3845205774605073|-0.3293505617465258|-0.35698480224737394|||-1.9886154801487814|1.9254958121938646||1.0|0.0|0.0|0.0|0.0|1.0|0.0|0.0|0.0|0.0|1.0|0.0|0.0|0.0|1.0|1
-1.169978097976717||3.2741193798722996||-1.297669370878972|-1.7949258492125724|0.6613196382336709|-0.36847735066432996|3.33263243872799||-0.30745551298967994||-0.21680804202334422|||1.0|0.0|0.0|1.0|0.0|0.0|0.0|1.0|0.0|0.0|0.0|1.0|0.0|0.0|0.0|0
-0.2545627676574474|-0.1571411210059666|-0.33484153835107716|-1.1742287388821324|-0.3117780168867426|-0.34698137592710104||-0.3738025286163663||-1.5290297171807226|1.0577621662280192|0.41245153059680356|||-0.2718648529896093|0.0|1.0|0.0|0.0|0.0|0.0|1.0|0.0|1.0|0.0|0.0|0.0|0.0|1.0|0.0|0
-1.2529390937332536|-0.22244413811979064|-0.35080092992103873|||-0.3559015806354777|||-0.31352553789410903|0.8797973398435006|||-0.9742219087029205|||0.0|1.0|1.0|0.0|0.0|0.0|0.0|0.0|0.0|1.0|0.0|1.0|0.0|0.0|0.0|0
|-0.22244413811979064||||||-0.4003607254364799|-0.3051902199871109|-0.3539737684260937||-0.34764451207643887|0.37830285322489426|||0.0|1.0|0.0|0.0|0.0|1.0|0.0|1.0|0.0|0.0|0.0|0.0|0.0|1.0|0.0|1
-0.24034088267061254|-0.22244413811979064|-0.34850493846809644|-0.3682855819266347|-1.3761435258782853||2.086869815984853|||-0.3479517007835331|||-0.2709090325004568|-0.29499437869995176||0.0|1.0|0.0|0.0|1.0|0.0|0.0|0.0|0.0|0.0|1.0|1.0|0.0|0.0|0.0|0
-0.291539668623218|2.1602335133305455|||||-0.3543100967963323|||-1.2749737385101991|2.5620297942549284|-0.3351905071489174|-0.9742219087029205||0.5115427466400685|1.0|0.0|0.0|0.0|0.0|0.0|1.0|0.0|0.0|1.0|0.0|0.0|1.0|0.0|0.0|0
0.9158983667590603|-0.22244413811979064|||-0.31347548358715693|||-0.36003829746915367||-1.6043055627127296||-0.3424218648487686|-0.284434280119735|-0.3015575542710567||0.0|1.0|0.0|0.0|0.0|0.0|1.0|0.0|0.0|1.0|0.0|0.0|0.0|0.0|1.0|1
-0.2607255844850758|-0.18008542431622912||-1.6055438840418026||-0.34435891231111904|-1.5418033637454291|-0.37118506826706027|-1.2371955369746732|-1.0679651632971798|||-0.20328279440406608||-0.2718648529896093|0.0|1.0|0.0|1.0|0.0|0.0|0.0|0.0|0.0|1.0|0.0|0.0|0.0|1.0|0.0|0
|-0.22244413811979064|-0.3324555080176273|1.1877351512779655|-0.30935306445757926|||-0.37278713451534246||-0.3690289375324951|-0.3107651316059653||-0.20328279440406608|-0.3015575542710567|-1.0552724526192871|0.0|1.0|0.0|0.0|0.0|0.0|1.0|0.0|0.0|1.0|0.0|0.0|0.0|1.0|0.0|1
-0.2517183906600804|||-0.35678384472237684|0.9555155945519508|-0.3472876490501354|0.9703549914524585|-0.3741184290033515|||-0.2945388070011219|-0.32836089154350245||2.360496983767096||0.0|1.0|0.0|0.0|1.0|0.0|0.0|0.0|0.0|0.0|1.0|0.0|0.0|1.0|0.0|0
-0.2654662128140208|-0.22244413811979064|||-0.34039245555086983||-0.3423474379620567|-0.3842723700135904|-0.3053311553140408|-0.3705344544431352|-0.2914130560857413|-0.32514695478801303|-0.284434280119735|-0.283852243428076|-1.0552724526192871|1.0|0.0|0.0|0.0|0.0|0.0|1.0|1.0|0.0|0.0|0.0|1.0|0.0|0.0|0.0|1
-0.24128900833640152|-0.22244413811979064|-0.35161127984560664|-0.33706658094364905|1.4957411079377805|||-1.1628991309920607|-1.4133646956370736||||-0.24385853726190052|-0.29362069078972053||0.0|1.0|0.0|0.0|0.0|0.0|1.0|1.0|0.0|0.0|0.0|0.0|0.0|1.0|0.0|0
-0.24034088267061254|||-0.34980064713407744|-0.3135428433768559|-0.35657155309211547||||1.3879092971845477||-0.33920792809327915||-0.2981996504904914||0.0|1.0|0.0|0.0|0.0|0.0|1.0|1.0|0.0|0.0|0.0|0.0|0.0|1.0|0.0|0
-0.22469680918509422|-0.22244413811979064|-0.35678851547479024|-0.3543191867500359|||0.5416930498909143|-0.400654061510109|-0.33861202608763485|-0.3716635921261153|-0.3256124484540231|-0.3207277917492151||-1.8864881386978773||0.0|1.0|0.0|0.0|0.0|0.0|1.0|1.0|0.0|0.0|0.0|0.0|0.0|1.0|0.0|0
2.9069622649159386|-0.22244413811979064||-0.3666424766117407||-0.34945070298156583|-0.3391573956062498|||-0.357737560702694|-0.3040079935977161||||2.8617655455291016|1.0|0.0|0.0|0.0|0.0|1.0|0.0|0.0|0.0|1.0|0.0|1.0|0.0|0.0|0.0|1
||||0.879399032192102|-1.5159301761984303|-0.3519175650294772||-0.32486076490290117|3.3262623196337273|3.046980855391182|-0.3448323174153856||||0.0|1.0|0.0|1.0|0.0|0.0|0.0|1.0|0.0|0.0|0.0|0.0|0.0|0.0|1.0|0
-0.24223713400219052||||-0.33990746506503716||-0.3491262779681462|3.4069384314493196|1.6021479602098982||0.6612974361521723|-0.35085844883192824||||0.0|1.0|0.0|0.0|0.0|0.0|1.0|1.0|0.0|0.0|0.0|0.0|1.0|0.0|0.0|0
1.4729221954100917||-0.34402550416284633||-0.3211275556969612|0.25710407511785965||-1.0805393872423457|-0.32671305777112297||||-0.25738378488117863|||0.0|1.0|0.0|0.0|0.0|0.0|1.0|0.0|0.0|0.0|1.0|0.0|0.0|0.0|1.0|0
2.3617900070872695|-0.22244413811979064|-0.3312174734106486|0.5818400664108099|-0.30810017236917825||-0.3391573956062498|-0.38842420367111025|-0.3292700272739944|-0.3498335969218333|-0.31600536108175037|0.502843501844943|||-0.2718648529896093|1.0|0.0|0.0|0.0|1.0|0.0|0.0|0.0|0.0|0.0|1.0|1.0|0.0|0.0|0.0|0
|||-0.3530868577638654|||-0.360690181507946|-0.37831539128758357|||-0.2926541630668483||||-1.0552724526192871|1.0|0.0|0.0|0.0|0.0|0.0|1.0|0.0|0.0|1.0|0.0|0.0|0.0|0.0|1.0|0
-0.24934807649560795||-0.3320728427754703||1.0619440622763412|-0.35706924691704633|-0.34753125679024277|1.6040497942980232||-0.35623204379205387|-0.3103973962041558|1.4469374237699533|-0.25738378488117863|-0.3035417701413907|-1.0552724526192871|0.0|1.0|0.0|0.0|0.0|0.0|1.0|0.0|0.0|0.0|1.0|0.0|0.0|0.0|1.0|0
1.2951486330746562|||-0.34980064713407744|-0.33640475600069014|-0.35295370182627167||-0.3797820716557292|2.631982527704958|-0.36488876602823467||-0.322736502221396|||-0.2718648529896093|0.0|1.0|0.0|1.0|0.0|0.0|0.0|0.0|0.0|1.0|0.0|0.0|1.0|0.0|0.0|0
|-0.22244413811979064|-0.33839807413112505|-0.35021142346280093|0.9009541648957761|||-0.3731481635290398|||||||-1.0552724526192871|0.0|1.0|0.0|0.0|0.0|0.0|1.0|1.0|0.0|0.0|0.0|1.0|0.0|0.0|0.0|0
|-0.22244413811979064|||-1.6297531340949496||0.7909151089383238|0.42788496061202425|-0.3163643780508403|-0.36150135297929437|-0.3027668866166091|0.8644113868375001||-0.2899575230291038||0.0|1.0|0.0|0.0|0.0|0.0|1.0|0.0|0.0|0.0|1.0|0.0|0.0|0.0|1.0|0
||-0.8811749555507078|0.3867213102671496|||-1.4919589519359473|-0.3742312505701319||-0.35284463074311356|||3.083352377080524|3.444184112949533|-0.2718648529896093|0.0|1.0|0.0|0.0|0.0|1.0|0.0|0.0|0.0|1.0|0.0|0.0|0.0|1.0|0.0|0
0.6077575253776386||-0.3423822945935837|0.23268018699583892|||-1.6514610697262893||1.412891949761148||-0.30897242152214405|1.306327690717292||0.5250973037081095|-1.0552724526192871|0.0|1.0|1.0|0.0|0.0|0.0|0.0|0.0|0.0|1.0|0.0|1.0|0.0|0.0|0.0|0
|-0.22244413811979064||-0.34856831814790695|-0.3171668000626611|-0.3525900024926683||-1.5510053207167454|-0.31163297778962157|-0.34080049545799246|-0.29789439254263345|1.3866761096045273||1.4752314416180632||0.0|1.0|0.0|1.0|0.0|0.0|0.0|0.0|0.0|1.0|0.0|1.0|0.0|0.0|0.0|0
2.029946024061123|-1.5902776046931317|-0.34733443302149847|-0.34774676549045996|-0.32449554518191026||1.6083634626138268|||||-0.3291643757323748|-0.24385853726190052|||0.0|1.0|0.0|1.0|0.0|0.0|0.0|1.0|0.0|0.0|0.0|0.0|0.0|0.0|1.0|0
|||-0.34322822587450147||2.748444510300749|1.5684879331662414|-0.36143728489723104|-0.32554530791941794|-1.2373358157441956|-0.31219010628797705|2.7525992306875207|-0.21680804202334422||-0.2718648529896093|1.0|0.0|0.0|0.0|0.0|1.0|0.0|0.0|0.0|0.0|1.0|0.0|0.0|0.0|1.0|0
2.029946024061123|-0.22244413811979064|||2.68329420033082||-0.338758640311774|-0.38463339902728777|-0.3165858478503016|-0.3630068698899345||-0.32474521269357687|-0.2709090325004568|1.1012830660551094||0.0|1.0|0.0|1.0|0.0|0.0|0.0|0.0|0.0|0.0|1.0|0.0|0.0|0.0|1.0|1
0.7973826585354366|-0.22244413811979064|-0.34337272227916665|-0.34815754181918346||-0.3640369604660788||-1.263874433260547||-0.368276179077175|-0.3018015811868592|||-0.29911544243064553||0.0|1.0|0.0|0.0|1.0|0.0|0.0|0.0|0.0|0.0|1.0|1.0|0.0|0.0|0.0|0
|-0.22244413811979064|0.2589423688760275|-1.7287767826588512||-0.37117695264681805|-0.35231632032395305||||-0.2990435656732881|||1.1623358620653876||0.0|1.0|0.0|0.0|0.0|0.0|1.0|1.0|0.0|0.0|0.0|1.0|0.0|0.0|0.0|0
||-0.3273232918286975|-1.1023428813555207|-1.9150218434701352|-0.3535279639319612|||-0.33047804436196515|||-0.3424218648487686|1.3926964246707552|1.6354950311450434||0.0|1.0|0.0|0.0|0.0|0.0|1.0|0.0|0.0|0.0|1.0|1.0|0.0|0.0|0.0|1
||2.1126178213250237|-0.3415851205596075|||||-0.3120759173885441||2.005829999018088|-0.3291643757323748|-0.24385853726190052|2.3147073867593875||0.0|1.0|0.0|1.0|0.0|0.0|0.0|0.0|0.0|1.0|0.0|0.0|0.0|1.0|0.0|0
|-0.22244413811979064||-0.3617131606670588|-0.35191097958939566||-0.3399549061952015|-0.3741184290033515||||-0.345635801604258|0.37830285322489426|-1.2492495803405992||0.0|1.0|0.0|0.0|0.0|0.0|1.0|1.0|0.0|0.0|0.0|1.0|0.0|0.0|0.0|0
-0.25077026499429145|-0.22244413811979064|-0.35645086967288697|1.4958173978205869|-0.3337642522444901||-0.3351698426614913|-0.3767133250393014|-0.33047804436196515||||0.37830285322489426||0.5115427466400685|0.0|1.0|0.0|0.0|0.0|1.0|0.0|0.0|0.0|0.0|1.0|0.0|0.0|0.0|1.0|0
||-1.4529218467735918|2.9335345483528203|-0.3227576626076766|3.1322430176032223|-1.5517722461073256||-0.30635796983881597|-0.36865255830483507||||-0.2974364905403629||0.0|1.0|0.0|1.0|0.0|0.0|0.0|0.0|0.0|1.0|0.0|1.0|0.0|0.0|0.0|1
-0.2270671233495667|-0.22244413811979064||-0.33829890992981954|-0.3211949154866602||-0.3271947367719742|-0.3888077969981637|-0.32705532927938136|-0.3652651452558947|1.238182347740796||-0.284434280119735|-0.3006417623309025|1.2949503462697463|0.0|1.0|0.0|0.0|0.0|1.0|0.0|1.0|0.0|0.0|0.0|0.0|0.0|0.0|1.0|0
-1.3240485186674278|-0.22244413811979064||||-0.3583134814793736|||1.359537861709107|-0.35698480224737394|-0.31007562772757247|||-0.2841575074081274|-1.0552724526192871|0.0|1.0|0.0|0.0|0.0|1.0|0.0|0.0|0.0|0.0|1.0|1.0|0.0|0.0|0.0|0
|-0.22244413811979064|-0.3490451717511417|-0.34322822587450147|1.6264190999538042|||-0.39354630280294184||3.2886243968677236||-0.3351905071489174|-0.25738378488117863|-0.2940785867597976|0.5115427466400685|0.0|1.0|0.0|0.0|0.0|1.0|0.0|0.0|1.0|0.0|0.0|1.0|0.0|0.0|0.0|0
|||-0.35021142346280093||||-0.3885595895512468|||-0.30727164528877526|||-0.3105628416825727||0.0|1.0|0.0|0.0|0.0|1.0|0.0|0.0|0.0|0.0|1.0|1.0|0.0|0.0|0.0|1
|-0.22244413811979064|-0.3429900570370096|-0.35596229206492985|-0.3200767429776571||-0.3491262779681462|-0.39295963065568357|-0.30772705587184945|1.4443661813335529|-0.29384930312272917|-0.3452340595098218||1.4904946406206327|-0.2718648529896093|0.0|1.0|0.0|1.0|0.0|0.0|0.0|1.0|0.0|0.0|0.0|0.0|0.0|0.0|1.0|0
||-0.35640585023263316|2.1325207073420045|||-0.3507212991460496||-0.31441141709195425|||-1.0237764570125207||-0.31468390541326646|-0.2718648529896093|0.0|1.0|0.0|0.0|0.0|0.0|1.0|0.0|0.0|0.0|1.0|1.0|0.0|0.0|0.0|0
-1.4781189393581387||-0.33513416471272667|-0.340352791573437|2.334370489690097|0.4446963629764252|0.30243987320540117|-0.39072576363343103||-0.3539737684260937|-0.3322316856865938|-0.3516619330208006||1.1623358620653876||1.0|0.0|0.0|1.0|0.0|0.0|0.0|0.0|0.0|0.0|1.0|0.0|0.0|0.0|1.0|0
-0.24081494550350704|||-0.3526760814351419|-0.3236872277055225|-0.36595116748504375|-0.3503225438515738|-0.39282424477554706||-0.3607485945239743||-0.3556793539651623|-0.24385853726190052|2.2536545907491092|1.2949503462697463|0.0|1.0|0.0|0.0|1.0|0.0|0.0|0.0|0.0|0.0|1.0|0.0|0.0|0.0|1.0|0
-1.7625566390948355|-0.22244413811979064|||-0.3078442051683221||-0.3439424591399601|-0.802998332962484||||-0.33358353877117275|-0.9742219087029205||0.5115427466400685|0.0|1.0|0.0|0.0|0.0|0.0|1.0|0.0|0.0|1.0|0.0|0.0|0.0|1.0|0.0|0
-0.05593044067465405|-0.22244413811979064|||-0.32417221819135517|0.6303744438160258|0.3821909321005722||0.6810349306322052|-0.3724163505814354||1.3665890048827183|||0.5115427466400685|0.0|1.0|0.0|0.0|0.0|1.0|0.0|0.0|0.0|0.0|1.0|1.0|0.0|0.0|0.0|0
|||-0.3608916080096118||-0.3449523164869982|-0.33118228971673275|2.211029823576745||2.366495289100638|-2.32080683789659|||0.4335181096926921||1.0|0.0|0.0|1.0|0.0|0.0|0.0|0.0|0.0|0.0|1.0|0.0|0.0|1.0|0.0|0
1.1410782123839454|||||1.6171481620924602|-0.3471325014957669|-0.3841144198200978|-0.33579331954903646|0.6727887646304814||1.165717957664631|-0.2709090325004568|1.24628345657952||0.0|1.0|1.0|0.0|0.0|0.0|0.0|0.0|0.0|0.0|1.0|1.0|0.0|0.0|0.0|0
|-0.22244413811979064||1.7012055621823345||1.2764193127166983|-1.3125190694218125||-0.316142908251379|-1.209107373669693|||-0.25738378488117863|||0.0|1.0|0.0|0.0|0.0|0.0|1.0|0.0|0.0|1.0|0.0|0.0|0.0|0.0|1.0|0
0.9277499375814227|-0.16773079945685698|-1.4315376126530508|-0.3506221997915244||-0.35972999467340766|-0.3351698426614913||-0.3282432127492193|-0.3584903191580141|||||0.5115427466400685|1.0|0.0|0.0|1.0|0.0|0.0|0.0|0.0|0.0|1.0|0.0|0.0|0.0|0.0|1.0|0
-0.26878465264428225|||-0.3691071345840817||-0.35525075024902963|-0.3598926709189943|-0.38208363161805|-1.2064917693220836|-0.34945721769417326|-0.31048933005460816|3.1945155345673126||-0.3044575620815449||0.0|1.0|0.0|0.0|0.0|1.0|0.0|1.0|0.0|0.0|0.0|1.0|0.0|0.0|0.0|0
-0.2920137314561125||||||-0.3503225438515738|-0.3978335223405982|-0.3190824164987745|||||-0.3035417701413907|0.5115427466400685|0.0|1.0|0.0|0.0|0.0|1.0|0.0|0.0|1.0|0.0|0.0|0.0|0.0|0.0|1.0|1
|-0.22244413811979064|||-0.32093894828580405|||-0.38079746575675305|||-0.3011120773084664|-0.3436270911320771||||0.0|1.0|0.0|0.0|1.0|0.0|0.0|1.0|0.0|0.0|0.0|0.0|0.0|0.0|1.0|0
|||||-0.3622950320788207|1.7080522862327907|1.342303759367422|-0.3140892792018287||-0.3004225734300736||-1.9886154801487814|2.2536545907491092||0.0|1.0|0.0|0.0|0.0|0.0|1.0|1.0|0.0|0.0|0.0|0.0|0.0|0.0|1.0|0
-0.28490278896269505|2.5132227950268913||-0.3465144365042894|-0.33101597282477163||1.9672432276420966|3.140679533847501|1.9001255085760151||1.9736531513597586|1.6277213662662318|0.37830285322489426|1.7194426256591757||0.0|1.0|0.0|0.0|0.0|1.0|0.0|0.0|0.0|1.0|0.0|0.0|1.0|0.0|0.0|1
-0.23133368884561714|-0.22244413811979064||||-0.35331740115987503||-0.3801656649827827||0.3528664211194518||-0.3556793539651623|-0.17623229916550978||0.5115427466400685|0.0|1.0|0.0|0.0|0.0|1.0|0.0|1.0|0.0|0.0|0.0|1.0|0.0|0.0|0.0|0
-2.580315025837839||-0.3664226756890971||0.18828758988055438||1.668176756785205|0.9429154129646943|0.6996585274050875|-0.3566084230197139||||-0.2962154346201573||1.0|0.0|0.0|1.0|0.0|0.0|0.0|1.0|0.0|0.0|0.0|0.0|0.0|1.0|0.0|1
|-0.22244413811979064|-1.3561300502279854|||2.2478793748414128|-1.3922701283169834||1.5920811511434754|||1.6478084709880405|-0.17623229916550978|-0.2994207064106969||0.0|1.0|0.0|0.0|0.0|0.0|1.0|0.0|0.0|0.0|1.0|0.0|0.0|0.0|1.0|0
-0.22801524901535566||-0.35645086967288697|1.4752785813844123|-0.3337642522444901|-0.369377598048991|-1.3823012459550872|||-1.1056030860631834||-0.34884973835974736|-0.20328279440406608|||0.0|1.0|0.0|0.0|0.0|0.0|1.0|1.0|0.0|0.0|0.0|0.0|0.0|0.0|1.0|0
-2.48550245925894|4.895900446477227||-0.34404977853194846|1.364389518024767|||-0.3775482046334766|-0.32677345862552154|-0.36564152448355475|-0.313431213269084||0.37830285322489426|||0.0|1.0|0.0|0.0|0.0|0.0|1.0|1.0|0.0|0.0|0.0|0.0|0.0|0.0|1.0|0
|-0.22244413811979064||||-0.353757668774237|-0.3471325014957669||-1.225618706548287||3.221655171250686|||2.787866555839043||1.0|0.0|0.0|0.0|0.0|0.0|1.0|1.0|0.0|0.0|0.0|1.0|0.0|0.0|0.0|0
|-0.16596585304837527||0.7256117814640333|1.04813530538805|-0.37351228520995533|-0.3491262779681462||-0.31225711995173977|-0.3660179037112148||1.7281568898752755||0.7425978894947254|1.2949503462697463|0.0|1.0|0.0|0.0|0.0|0.0|1.0|0.0|0.0|1.0|0.0|0.0|0.0|1.0|0.0|0
-0.28964341729164||-0.3383755644109981|-0.3469252128330129||2.7762005120757407|-0.3391573956062498||-1.6011106847258603||-0.2942630054497648|-1.4656927608923127||||1.0|0.0|1.0|0.0|0.0|0.0|0.0|1.0|0.0|0.0|0.0|0.0|0.0|1.0|0.0|0
||1.4198811844201316|-0.3530868577638654||-1.2010431215786952||-0.392282701255001||||-0.34884973835974736|||-0.2718648529896093|0.0|1.0|0.0|0.0|0.0|1.0|0.0|0.0|0.0|1.0|0.0|1.0|0.0|0.0|0.0|1
-0.25930339598639235|-0.22244413811979064|||-0.3102691575974854|-0.11042367252341186||-0.41297417660253216|||0.6314189347551519|-0.3355922492433536|-0.2709090325004568|-1.504908163633639||0.0|1.0|0.0|1.0|0.0|0.0|0.0|1.0|0.0|0.0|0.0|0.0|0.0|0.0|1.0|0
-0.23417806584298412||-0.3316001386528057|-1.266653412844919|-0.30847738719149254|0.6275031332875783||||||0.7338452061457433|-0.21680804202334422|-0.29529964268000314|1.2949503462697463|0.0|1.0|0.0|1.0|0.0|0.0|0.0|1.0|0.0|0.0|0.0|0.0|0.0|1.0|0.0|0
|-0.22244413811979064|0.944926089742854|||-0.3673868227492675||-0.3942457965169805|-1.5709102575265916|-1.5290297171807226|-0.2955041124308718|0.3521902164313773|-0.2709090325004568||-1.0552724526192871|0.0|1.0|0.0|0.0|1.0|0.0|0.0|0.0|0.0|0.0|1.0|1.0|0.0|0.0|0.0|1
-0.27968809780085563||1.409189067359861||0.5483256658216091|||-0.38291851121222514||0.6916077260134832||-0.3436270911320771||||0.0|1.0|0.0|1.0|0.0|0.0|0.0|1.0|0.0|0.0|0.0|0.0|0.0|0.0|1.0|0
-0.2502962021613969|-0.22244413811979064|0.44577304592917466|-0.3543191867500359|-0.33214761729171455||-0.3411511720786291||-0.3308404494883564|-0.36338324911759456||-0.34402883322651323|0.37830285322489426|-0.3032365061613393|2.0783579458994237|0.0|1.0|0.0|1.0|0.0|0.0|0.0|0.0|1.0|0.0|0.0|0.0|0.0|0.0|1.0|1
-0.20288991887194746|-0.22244413811979064||0.48941539244802346|-1.2299727822314959|-0.3461391248387565||-0.37296764902219115|0.5476497105021021|-0.3724163505814354|3.377942717019715|-0.32193301803252367||-0.28049433964751075||1.0|0.0|1.0|0.0|0.0|0.0|0.0|1.0|0.0|0.0|0.0|0.0|0.0|0.0|1.0|0
|||0.6434565157193342||-0.349603839543083|-0.35112005444052546|-1.62546755479183||-0.35284463074311356|-0.2954121785804194|0.7740194155893607||-0.29362069078972053||0.0|1.0|0.0|0.0|0.0|0.0|1.0|0.0|0.0|1.0|0.0|0.0|0.0|0.0|1.0|0
|0.8365237069692476||||||-0.3858518719485164|-0.3258473121914106|||1.2661534812736748||1.353125849597507|0.5115427466400685|0.0|1.0|0.0|0.0|0.0|1.0|0.0|0.0|0.0|0.0|1.0|0.0|0.0|1.0|0.0|0
0.5722028129105515|-0.22244413811979064|-0.33087982760874535|-0.3608916080096118||1.3290600057382345|||-0.32697479480685|0.16467680728943437||-0.3384044439044068|-0.18975754678478793|||1.0|0.0|0.0|0.0|1.0|0.0|0.0|0.0|0.0|0.0|1.0|0.0|0.0|1.0|0.0|0
-0.24034088267061254||-0.32419444073106046|-0.35719462105110034|||-0.3403536614896774|-1.1775659346735168|-1.579970385686372||-0.2951363770290623|-0.34724276998200265|||-1.0552724526192871|0.0|1.0|0.0|0.0|0.0|1.0|0.0|0.0|0.0|0.0|1.0|1.0|0.0|0.0|0.0|1
-0.24650369949824097|||-0.3937537143074914|-0.3660834793420613||-0.33357482148358786||-0.32421648912265016|2.9122451692076887|-0.3108110985311915|-0.35367064349298144|||2.0783579458994237|0.0|1.0|0.0|0.0|0.0|0.0|1.0|0.0|0.0|0.0|1.0|1.0|0.0|0.0|0.0|1
|-0.22244413811979064|-0.35811658896227644||||0.6812574029574636|||||-0.3380027018099706|-0.9742219087029205||-0.2718648529896093|0.0|1.0|0.0|0.0|0.0|0.0|1.0|0.0|1.0|0.0|0.0|0.0|0.0|0.0|1.0|1
-1.6084862184041246||-0.33758772420655714|0.8077670472087323|0.9214989007539653|3.275808544025594||0.4955779006802832|-0.311572576935223|-1.3126116612762024|-0.2978024586921811||-1.3123530991848742||-1.0552724526192871|0.0|1.0|0.0|0.0|0.0|0.0|1.0|0.0|0.0|1.0|0.0|0.0|0.0|0.0|1.0|0
|-0.22244413811979064|-0.35404232961931026|0.612648291065072|0.5031946067232917|-0.3573755200400807|||||-0.29017194910463434|-0.33318179667673653||0.8837824802684936||0.0|1.0|0.0|0.0|0.0|0.0|1.0|0.0|0.0|0.0|1.0|1.0|0.0|0.0|0.0|0
3.072884256429012||||||||-0.31356580513037474|1.4631851427165548|-0.2998709703273594|1.8687666229279365|0.7164340437068479|-0.31804180919383174||1.0|0.0|0.0|0.0|0.0|1.0|0.0|1.0|0.0|0.0|0.0|0.0|0.0|1.0|0.0|0
-0.26688840131270425|-0.22244413811979064||0.879652904735344|||-0.34314494855100836|-0.38018822929613877|-0.3114115079901602|||||||0.0|1.0|1.0|0.0|0.0|0.0|0.0|0.0|0.0|1.0|0.0|1.0|0.0|0.0|0.0|1
-0.28679904029427306||||||-0.3598926709189943|-0.37418612194341977|||-0.31251187476456027|-0.33318179667673653||-0.29209437088946355|-0.2718648529896093|0.0|1.0|0.0|1.0|0.0|0.0|0.0|0.0|0.0|1.0|0.0|0.0|0.0|0.0|1.0|0
2.930665406560663|||1.7628220114908588|0.1515765044946096|-1.3608794076622688|-0.3419486826675808|-0.38587443626187246||||||||1.0|0.0|0.0|1.0|0.0|0.0|0.0|1.0|0.0|0.0|0.0|0.0|0.0|1.0|0.0|0
-0.2346521286758786|-0.22244413811979064|-0.3624609649467653||-0.3398805211491576|-0.35609300133737426||-0.38294107552558126|-0.3074049179817239|1.51964202686556|-0.29352753464614584||-0.25738378488117863|||0.0|1.0|0.0|0.0|0.0|1.0|0.0|1.0|0.0|0.0|0.0|0.0|0.0|0.0|1.0|0
-0.24318525966797952|-0.22244413811979064|-0.35496522814451253|0.663995332155509|||-0.3543100967963323|0.6433741531626486|-0.3249412993754326||-1.1911696504630895|||||0.0|1.0|1.0|0.0|0.0|0.0|0.0|1.0|0.0|0.0|0.0|1.0|0.0|0.0|0.0|0
||-0.32007516194784047|-0.35555151573620636||0.7533622447845242|-0.3379611297228223||-0.31882067946304743|||||||0.0|1.0|0.0|0.0|0.0|1.0|0.0|0.0|0.0|0.0|1.0|0.0|1.0|0.0|0.0|0
||-0.35757635567923124|||-0.35846661804089075||-0.3853103284279703|0.7907631494562145||-1.5255790314835866|-0.3355922492433536||-0.29453648272987465||0.0|1.0|0.0|0.0|0.0|1.0|0.0|0.0|0.0|0.0|1.0|0.0|0.0|1.0|0.0|0
-0.24697776233113547|-0.22244413811979064|-0.3500130897165978||3.5205763862891564||-0.35112005444052546|-0.3926662945820545|-0.3192233518257044|-0.36865255830483507||0.9045855962811175||||0.0|1.0|0.0|0.0|0.0|1.0|0.0|0.0|0.0|0.0|1.0|0.0|0.0|0.0|1.0|0
|-0.22244413811979064|-0.3370700006436388|1.4342009485120626|-0.31405477777856816|-1.3278593365851235||-0.38720573074988157|||-0.29504444317860995|||||0.0|1.0|0.0|0.0|0.0|0.0|1.0|1.0|0.0|0.0|0.0|0.0|0.0|0.0|1.0|0
0.5722028129105515|||-0.35637306839365335|||||-0.3020292419402541|-0.3663942829388748|-1.7795462933582598|-1.4154749990877908||||0.0|1.0|0.0|0.0|0.0|1.0|0.0|0.0|0.0|0.0|1.0|0.0|0.0|0.0|1.0|1
0.5366481004434644|-0.22244413811979064|||-0.3376441761311514|-0.3738377004031793|-0.33955615090072566|||1.4820041040995564|-0.31729243498808357|-0.32836089154350245||-1.6918823514151158|0.5115427466400685|1.0|0.0|0.0|0.0|0.0|0.0|1.0|1.0|0.0|0.0|0.0|0.0|0.0|0.0|1.0|0
0.4655386755092903|-0.22244413811979064||-0.36253471332450576||0.7145995526504838||-0.3799174575358657|-1.6242643455786328|-0.3637596283452546||||-0.2850732993482816||0.0|1.0|0.0|0.0|0.0|1.0|0.0|0.0|0.0|1.0|0.0|0.0|0.0|1.0|0.0|0
|-0.22244413811979064||||-0.38472953834108997|2.086869815984853|0.8616838848827836|-0.3255654415375508|0.7386551294709875|-1.1750812266339248||||1.2949503462697463|0.0|1.0|0.0|0.0|0.0|0.0|1.0|0.0|0.0|0.0|1.0|0.0|0.0|0.0|1.0|0
-0.23749650567324557|5.248889728173573|-0.9785294950994863|-0.3465144365042894|2.0359666213236096||-0.3355685979559671|-0.37890206343484184|-0.3048278148607197||||-0.21680804202334422|-0.3093417857623671|1.2949503462697463|0.0|1.0|0.0|0.0|0.0|0.0|1.0|1.0|0.0|0.0|0.0|0.0|0.0|0.0|1.0|0
-0.23844463133903457|-0.22244413811979064|2.3692286307715147|-0.3539084104213124|-0.3099727745228099|||||-0.3532210099707736|-0.28948244522624156|||-1.7529351474253938|-0.2718648529896093|0.0|1.0|0.0|1.0|0.0|0.0|0.0|0.0|0.0|0.0|1.0|0.0|0.0|1.0|0.0|1
|-0.22244413811979064|-0.3466816511378188|0.8180364554268197|-0.3238219472849205|1.7463571358725947|-0.34753125679024277||1.4591992714666933||-0.30805308301762035|-0.3343870229600451||-0.29331542680966916|-0.2718648529896093|0.0|1.0|0.0|0.0|0.0|1.0|0.0|0.0|0.0|0.0|1.0|0.0|0.0|0.0|1.0|0
-0.25077026499429145|||||-0.3632329935181135|-0.3439424591399601|-0.39009396285946063||-1.491391794414719||0.8543678344765957|-0.284434280119735|-0.2904154189991809||0.0|1.0|0.0|0.0|0.0|0.0|1.0|1.0|0.0|0.0|0.0|0.0|0.0|0.0|1.0|0
-0.24839995082981894|-0.22244413811979064|0.9376104307016163|||-1.3297735436040883|-0.34274619325653255|-1.3586445493561095|-0.32351181248800054|-0.36488876602823467|-0.31007562772757247||-0.24385853726190052|-0.30567861800175045||0.0|1.0|0.0|1.0|0.0|0.0|0.0|0.0|1.0|0.0|0.0|0.0|0.0|0.0|1.0|0
-0.23180775167851164|-0.22244413811979064|-0.3463440053359155|0.9104611293896061|-0.32348514833642555|-0.3473450752607044||2.0914389627894874|0.13994394331197574|1.9712971000576016||1.9290279370933627||-0.29362069078972053|2.0783579458994237|0.0|1.0|0.0|0.0|0.0|0.0|1.0|1.0|0.0|0.0|0.0|1.0|0.0|0.0|0.0|0
|||-0.36294548965322926|||-0.3419486826675808|-0.394629389844034||-0.34606980464523296|-0.31430458484838153|||0.41062331118883794|-0.2718648529896093|0.0|1.0|0.0|1.0|0.0|0.0|0.0|1.0|0.0|0.0|0.0|0.0|0.0|0.0|1.0|0
-1.4307126560686891|-0.22244413811979064||-0.3424066732170545|-0.3249670637098031|0.3791347725768756|-1.771087658069046|||-0.3498335969218333|-0.2906775852821224|||||0.0|1.0|0.0|0.0|1.0|0.0|0.0|0.0|0.0|1.0|0.0|1.0|0.0|0.0|0.0|0
-0.20288991887194746|-0.22244413811979064||-1.4412333525524044||-0.34902957743739355|-0.3403536614896774|||1.3502713744185442|-1.3646947931919386|1.4067632143263358||-0.3044575620815449||0.0|1.0|0.0|0.0|0.0|0.0|1.0|0.0|0.0|1.0|0.0|0.0|0.0|1.0|0.0|0
-1.241087522910891|-0.22244413811979064|-0.36162810530207057|-0.35678384472237684|2.339085674969026|-0.36993271808449085||||1.218538644737532||-0.348046254170875||-0.30735756989203306|-0.2718648529896093|1.0|0.0|0.0|0.0|0.0|0.0|1.0|0.0|0.0|0.0|1.0|1.0|0.0|0.0|0.0|0
||-1.0184842483247074|-0.3506221997915244|0.2751817185922402|-0.36047653541080393|-0.34154992737310497|-0.3873411166300181|-0.3158006367431206|-0.36488876602823467||0.030796540882437655||-0.3241470887948596||0.0|1.0|0.0|0.0|0.0|0.0|1.0|1.0|0.0|0.0|0.0|0.0|0.0|0.0|1.0|1
-0.24697776233113547|2.601470115450978|1.5071063499118118||||-0.34673374620129105|||||-0.3468410278875665|-0.20328279440406608||-1.0552724526192871|0.0|1.0|0.0|0.0|0.0|0.0|1.0|0.0|0.0|0.0|1.0|0.0|0.0|0.0|1.0|0
-0.2531405791587639|-0.14831638896355795|||0.8608750900248822|-0.3615293492712347|1.7479278156803761||-2.0365001768486493|||-0.3355922492433536|-0.16270705154623163|-0.29453648272987465||1.0|0.0|0.0|1.0|0.0|0.0|0.0|0.0|0.0|1.0|0.0|0.0|0.0|1.0|0.0|0
|-0.22244413811979064|2.3771070328159247|-1.8212014566216375|-0.30981111102753234|-0.35125005757939287||-0.3780897481540227|1.0781705483025876||||-0.23033328964262237|||0.0|1.0|0.0|0.0|0.0|1.0|0.0|0.0|0.0|0.0|1.0|1.0|0.0|0.0|0.0|1
1.259593920607569||1.374299001163189|-1.7698544155312006|||-0.34753125679024277|-0.41085313114706007||-0.35472652688141376|-1.6991041742124355||-0.16270705154623163|-0.28583645929841||0.0|1.0|0.0|0.0|0.0|0.0|1.0|0.0|0.0|0.0|1.0|0.0|1.0|0.0|0.0|0
||-0.3560682044307299|||-0.3454308682417394||||||-0.3452340595098218|-0.24385853726190052|3.3220785209289767|-0.2718648529896093|0.0|1.0|0.0|1.0|0.0|0.0|0.0|0.0|1.0|0.0|0.0|0.0|0.0|0.0|1.0|0
|-0.22244413811979064||-0.3465144365042894|1.9517668841998832||||||-0.3035942912706804||-0.2709090325004568|-0.29911544243064553||0.0|1.0|0.0|0.0|0.0|1.0|0.0|0.0|0.0|0.0|1.0|1.0|0.0|0.0|0.0|0
|-0.22244413811979064|-0.3619207316637201|0.8283058636449071||||-1.0145387706757931|0.7369057209508522|-0.3618777322069544|-0.3003766065048475|-0.33278005458230037|2.4070899961166163|-0.2916364749193865|-0.2718648529896093|0.0|1.0|0.0|0.0|0.0|0.0|1.0|0.0|0.0|0.0|1.0|0.0|0.0|1.0|0.0|0
-0.2716290296416492|-0.22244413811979064|-0.3531644505343617||||-0.34434121443443594|-0.37454715095711716|-0.3191629509713058|3.2886243968677236||||-1.4743817656284999||0.0|1.0|0.0|0.0|1.0|0.0|0.0|1.0|0.0|0.0|0.0|0.0|0.0|0.0|1.0|0
-0.23370400301008962|-0.15361122818900316|-0.335066635552346|-0.34980064713407744|||-0.34154992737310497||-0.3225453988176239|-0.3596194568409942|-0.3091103222978226|-0.34443057532094945|-0.24385853726190052|-0.3035417701413907|0.5115427466400685|0.0|1.0|0.0|0.0|0.0|0.0|1.0|1.0|0.0|0.0|0.0|0.0|1.0|0.0|0.0|0
-0.2588293331534978|-0.1853802635416743|2.720380264750924|||-0.3477662008048767||2.0700028651012055|1.0051861825710218||-0.31738436883853594||-0.2709090325004568|||0.0|1.0|0.0|0.0|0.0|0.0|1.0|0.0|0.0|0.0|1.0|0.0|0.0|0.0|1.0|0
-1.9640333430749959|-0.22244413811979064|-0.37652954002606853|-1.5028498018609286||-0.36654457166092286|2.9242559343841488|1.1290709981524063|-0.3128611284957251|-0.3566084230197139||-0.3404131543765877||-0.2994207064106969||0.0|1.0|0.0|0.0|0.0|1.0|0.0|0.0|0.0|0.0|1.0|0.0|0.0|0.0|1.0|0
-0.23939275700482354|-0.22244413811979064|||-0.8315396261620217|-0.35532731852978827|||-0.3104048270835179|-0.357361181475034|||-0.25738378488117863|3.3220785209289767|-1.0552724526192871|0.0|1.0|0.0|0.0|1.0|0.0|0.0|0.0|0.0|1.0|0.0|1.0|0.0|0.0|0.0|0
-0.2834806004640116|-0.1606710138229301||-0.3534976340925889|-1.3481892131532078|-1.1302174618769918|2.146683110156231|-1.1583862683208435|2.9762673977766205||-0.31113286700777476|2.4713797645821987||-1.0737227918110495||0.0|1.0|0.0|0.0|0.0|1.0|0.0|0.0|0.0|0.0|1.0|0.0|1.0|0.0|0.0|0
||||-0.33722654543501773||2.8046293460413922|-0.39679556392621823|-0.29689516931637844||1.2209447507809765||1.7308276151527089|-0.3097996817324442|-0.2718648529896093|0.0|1.0|0.0|1.0|0.0|0.0|0.0|1.0|0.0|0.0|0.0|0.0|0.0|0.0|1.0|0
|-0.22244413811979064||-0.3415851205596075|-0.3209254763278643||-1.302550187059916|2.5675459746029086|1.6967759654342731|-0.3626304906622745||||||0.0|1.0|0.0|1.0|0.0|0.0|0.0|0.0|1.0|0.0|0.0|1.0|0.0|0.0|0.0|0
-0.24839995082981894|-0.22244413811979064|-0.3445207180056378|0.879652904735344||-1.4848243121402498|-0.36388022386375285|-0.3809102873235335|-0.31952535609769706|||-1.9176526171330093|-0.24385853726190052||-0.2718648529896093|1.0|0.0|0.0|0.0|0.0|1.0|0.0|1.0|0.0|0.0|0.0|0.0|0.0|0.0|1.0|0
|||-0.3506221997915244||-0.37309115966578305||||-0.36564152448355475|-0.32313023449180905|-0.3436270911320771||3.489973709957242||0.0|1.0|0.0|0.0|0.0|1.0|0.0|0.0|0.0|0.0|1.0|0.0|0.0|1.0|0.0|0
|||||-0.35997884158587307||1.4585099731512667|||-0.2984919625705738|-0.34724276998200265|3.083352377080524||1.2949503462697463|1.0|0.0|0.0|0.0|0.0|0.0|1.0|0.0|0.0|1.0|0.0|0.0|1.0|0.0|0.0|0
|||1.3520456827673635|||-0.35112005444052546||0.7202954859912545||1.870227569600842||-0.09508081344984089||1.2949503462697463|0.0|1.0|0.0|0.0|0.0|0.0|1.0|0.0|0.0|0.0|1.0|1.0|0.0|0.0|0.0|1
|-0.22244413811979064|0.9983866750442063||-0.3096494475322548|||||-0.36413600757291464||3.2748639534545476||-0.3035417701413907|-1.0552724526192871|0.0|1.0|0.0|1.0|0.0|0.0|0.0|1.0|0.0|0.0|0.0|0.0|0.0|1.0|0.0|0
-0.24318525966797952|-0.22244413811979064|-0.337024981203385|-0.34404977853194846||-0.3461582669089461|||-0.32900829023826744|||-1.6866509128322087||-0.28751541118869267||0.0|1.0|0.0|0.0|0.0|0.0|1.0|0.0|0.0|0.0|1.0|1.0|0.0|0.0|0.0|0
|-0.22244413811979064|1.7479603552694833|-0.34856831814790695||-0.37544563429910993|-0.35231632032395305|-0.4023238206984594||||-0.33197657039342804|-0.24385853726190052|2.169706996234977|-1.0552724526192871|1.0|0.0|0.0|0.0|0.0|0.0|1.0|1.0|0.0|0.0|0.0|1.0|0.0|0.0|0.0|0
-1.9521817722526333||||-0.32282502239737554||-1.4022390106788798||-0.3180556019739993|-0.36225411143461445|-0.3044676628499779|-1.5359976274186433||0.8456244827620698||0.0|1.0|0.0|0.0|0.0|1.0|0.0|0.0|1.0|0.0|0.0|0.0|0.0|1.0|0.0|0
|-0.22244413811979064|-0.388212084771922|-0.3937537143074914|||||-0.3238742176143918|-0.36413600757291464|-0.31044336312938203||||-0.2718648529896093|0.0|1.0|0.0|0.0|0.0|0.0|1.0|0.0|0.0|0.0|1.0|0.0|0.0|1.0|0.0|0
-0.24650369949824097|-0.18891015635863775|-1.0100431032771255||-0.9989287035639901|-0.35394908947613346|||0.8682775792676707|-0.368276179077175||1.8285924134843192||||0.0|1.0|0.0|0.0|0.0|0.0|1.0|1.0|0.0|0.0|0.0|0.0|1.0|0.0|0.0|0
-0.243659322500874||3.3844170084940375|0.797497638990645||1.7004161674174358||||||-1.556084732140452|-0.2709090325004568|-0.29285753083959204||0.0|1.0|1.0|0.0|0.0|0.0|0.0|1.0|0.0|0.0|0.0|0.0|0.0|0.0|1.0|0
|-0.22244413811979064|-0.3584992542044335||1.145470201503078|||-0.3865964942892673|-0.32246486434509253|||||-0.34108923968771176||0.0|1.0|0.0|0.0|0.0|1.0|0.0|1.0|0.0|0.0|0.0|0.0|0.0|0.0|1.0|0
|-0.22244413811979064||||||1.9526684356495567|||-0.3132933124934055|-0.33318179667673653|-1.650484289666828|-0.29209437088946355|-1.0552724526192871|0.0|1.0|1.0|0.0|0.0|0.0|0.0|1.0|0.0|0.0|0.0|1.0|0.0|0.0|0.0|0
-0.2597774588192868||-0.34017634202114894|||||||||0.7639758632284563|-1.650484289666828||-0.2718648529896093|1.0|0.0|0.0|0.0|0.0|0.0|1.0|0.0|0.0|1.0|0.0|0.0|0.0|0.0|1.0|0
|-0.22244413811979064||-0.34446055486067195|-0.3259101007655889|0.0728616495424826|-0.3571013838576633||0.6583846102327537|||-0.3384044439044068|||-1.0552724526192871|0.0|1.0|0.0|0.0|1.0|0.0|0.0|0.0|0.0|0.0|1.0|1.0|0.0|0.0|0.0|0
-0.2517183906600804|||||-0.35459991986258155||-0.3814518308440796||2.9122451692076887|3.037787470345945|-0.34282360694320474||-0.30186281825110806||0.0|1.0|0.0|0.0|0.0|1.0|0.0|0.0|0.0|1.0|0.0|0.0|0.0|1.0|0.0|0
|-0.22244413811979064|0.41763589577056803|-1.215306371754482|0.4536851612945405|||-0.4075813057104275|-0.3109081675368391|||-0.345635801604258|2.068958805634663|-1.2492495803405992|2.0783579458994237|0.0|1.0|0.0|0.0|0.0|0.0|1.0|0.0|0.0|0.0|1.0|1.0|0.0|0.0|0.0|1
0.7262732336012624|-0.22244413811979064||-0.33665580461492556|-0.3373343210985361|||0.8690172867235116|-0.3103846934653851||-0.29660731863630024|-1.2748652660351298||||0.0|1.0|0.0|0.0|0.0|0.0|1.0|0.0|0.0|0.0|1.0|0.0|0.0|0.0|1.0|0
-1.1581265271543546|||0.6845341485916837|||0.5217552851671216||1.9534795966280565|||-0.33358353877117275|-0.2709090325004568|-0.2923996348695149||0.0|1.0|0.0|1.0|0.0|0.0|0.0|0.0|0.0|1.0|0.0|0.0|0.0|1.0|0.0|1
|-0.22244413811979064||||||||2.4982280187816506|||-0.25738378488117863|-0.2923996348695149||0.0|1.0|1.0|0.0|0.0|0.0|0.0|1.0|0.0|0.0|0.0|0.0|0.0|1.0|0.0|0
|-0.16949574586533872||-0.35472996307875937|-0.32414527427547557||1.8077411098517544|-0.3798723289091535||1.6701937179295736|-0.2940331708236339|1.306327690717292||-0.30644177795187894||0.0|1.0|0.0|0.0|0.0|1.0|0.0|0.0|0.0|0.0|1.0|0.0|0.0|0.0|1.0|0
|||||-0.3569543944959085|-1.322487951783709|-0.38379851943311255||-0.3705344544431352||||-0.290873314969258|-0.2718648529896093|0.0|1.0|1.0|0.0|0.0|0.0|0.0|0.0|0.0|0.0|1.0|0.0|0.0|1.0|0.0|0
-0.2441333853337685|-0.22244413811979064|-0.3507108910405312||||1.428923580099692|0.49783433201589194|3.0225747194821655|||2.712425021243903||||0.0|1.0|0.0|0.0|0.0|1.0|0.0|0.0|0.0|0.0|1.0|0.0|0.0|0.0|1.0|0
|-1.2814119832088289||0.8385752718629945|-0.33496325650113196|-1.513537417424724||-0.3797595073423731||||0.5631048160103691|-0.24385853726190052|0.6281238969754539||0.0|1.0|0.0|0.0|0.0|0.0|1.0|1.0|0.0|0.0|0.0|0.0|1.0|0.0|0.0|0
-1.4188610852463268|-0.18714520995015602|-0.35091347852167315|2.810301649735772||||||-1.2561547771271973||||1.6812846281527518||0.0|1.0|0.0|0.0|0.0|0.0|1.0|0.0|0.0|1.0|0.0|0.0|0.0|0.0|1.0|0
1.86402403254805|-0.22244413811979064|-0.34857246762847716|-0.35678384472237684|-0.32574843727031133|-0.36407524460645807|-0.34314494855100836|2.9308314196358984|-0.3106061632648464|2.1218487911216157||-1.3552136849223648||-0.30109965830097957||0.0|1.0|0.0|0.0|0.0|1.0|0.0|0.0|0.0|1.0|0.0|1.0|0.0|0.0|0.0|0
-0.24602963666534647|-0.22244413811979064|-0.3561807530313643|-0.35719462105110034|-0.3334948130856942||0.5616308146147071|-0.3852651998012582||0.6727887646304814|-0.3033644566445495|1.4469374237699533||-0.3035417701413907|-1.0552724526192871|0.0|1.0|0.0|0.0|0.0|0.0|1.0|0.0|0.0|1.0|0.0|1.0|0.0|0.0|0.0|0
0.9870077916932345||0.6112194888617809|0.8488446800810818||-1.817896333440152||-0.3675522138167304|-0.3190220156443759|-0.35999583606865426|-1.3428605037095007|0.38232087351409044|-0.25738378488117863|-0.3097996817324442||0.0|1.0|0.0|0.0|1.0|0.0|0.0|1.0|0.0|0.0|0.0|0.0|0.0|1.0|0.0|0
||-0.3694839976263535|2.6459911182463736||-1.3096743699049562|-0.3439424591399601|-0.38792778877727635|-0.32755866973270253||2.7665826115114527|||-0.2969785945702858||0.0|1.0|1.0|0.0|0.0|0.0|0.0|0.0|0.0|1.0|0.0|1.0|0.0|0.0|0.0|0
0.05073369672660729|-0.1571411210059666|-0.33531424247374175|-0.3522653051064184||||1.3332780340249875|1.0494801424632825|1.5949178723975668||0.1914933786569075||||0.0|1.0|0.0|0.0|0.0|0.0|1.0|0.0|0.0|0.0|1.0|0.0|1.0|0.0|0.0|0
1.2477423497852067|||-0.35472996307875937|-0.34187437092424744|-0.3704112698392321|-0.3455374803178635||-0.3215185842928488|-0.3603722152963143|-0.30805308301762035|-0.3544741276818538||||0.0|1.0|0.0|0.0|0.0|0.0|1.0|1.0|0.0|0.0|0.0|1.0|0.0|0.0|0.0|0
0.6670153794894506||-0.35458256290235546|||||-1.2486435217451888||-0.36338324911759456|||||1.2949503462697463|1.0|0.0|0.0|0.0|0.0|0.0|1.0|0.0|0.0|1.0|0.0|0.0|0.0|1.0|0.0|1
|-0.18714520995015602||-0.3604808316808883|||-0.34154992737310497|||-0.36150135297929437||||||0.0|1.0|0.0|1.0|0.0|0.0|0.0|1.0|0.0|0.0|0.0|0.0|0.0|1.0|0.0|0
-0.24223713400219052||-0.352129003408525|-0.37526877951493415|-1.2838606139906807|0.6624374113836888|||||-0.2912751553100628||-0.284434280119735|||1.0|0.0|0.0|0.0|1.0|0.0|0.0|1.0|0.0|0.0|0.0|0.0|1.0|0.0|0.0|0
|-1.4579066240570018||-0.34569288384684244|-0.3441241879001934|-0.3670231234156641||-0.3938847675032831|1.1803486603267799|||-0.33920792809327915|-0.25738378488117863|0.7311504902427982||1.0|0.0|0.0|0.0|0.0|0.0|1.0|0.0|1.0|0.0|0.0|0.0|0.0|1.0|0.0|0
-0.25598495615613087|-0.22244413811979064|-0.3565409085533945|-0.36212393699578227|-0.33385855595006864|3.3389773756514374||-1.360336872857816|-0.30694184476466846||-1.6531372489862504|-1.556084732140452||||0.0|1.0|1.0|0.0|0.0|0.0|0.0|0.0|0.0|0.0|1.0|0.0|0.0|1.0|0.0|0
|-0.22244413811979064|-0.36126794978004034|-0.3329588176564141|-0.3386680449345759|||-0.38003027910264614||||-0.3625089695705773|||0.5115427466400685|1.0|0.0|0.0|0.0|1.0|0.0|0.0|0.0|0.0|1.0|0.0|1.0|0.0|0.0|0.0|0
-0.2521924534929749||-0.9503923449408798|-0.3592485026947178||-0.34711537041842855|-0.3355685979559671|||-0.3660179037112148|-0.2927001299920745|-0.34161838065989625|-0.20328279440406608|||0.0|1.0|0.0|0.0|0.0|0.0|1.0|0.0|0.0|0.0|1.0|0.0|1.0|0.0|0.0|0
-0.2095267985324704|-0.22244413811979064||||-0.3647452170630958||2.8631384795676396|-0.32794120847722663|-0.367899799849515|||-0.21680804202334422||0.5115427466400685|0.0|1.0|0.0|1.0|0.0|0.0|0.0|1.0|0.0|0.0|0.0|1.0|0.0|0.0|0.0|0
|-0.22244413811979064|0.7406503795913708|||||-0.36895120124480774|-0.338068418398048|-0.36413600757291464|1.6863598686961012|-0.3359939913377898||-0.29499437869995176|0.5115427466400685|0.0|1.0|0.0|0.0|0.0|1.0|0.0|0.0|1.0|0.0|0.0|1.0|0.0|0.0|0.0|0
|||-0.340352791573437|-0.318029005370808|1.4841107742743957||3.3460147853878865|||||2.068958805634663|-0.3122417935728553|-0.2718648529896093|1.0|0.0|0.0|0.0|0.0|0.0|1.0|0.0|0.0|1.0|0.0|0.0|0.0|0.0|1.0|0
-0.2702068411429657||-0.34364283892068925|2.481680586756976|-0.3207368689167071||-0.33716361913387055|-0.3719973835478794|-0.31398861111116444|||-0.3504567067374921|-0.24385853726190052|||0.0|1.0|0.0|0.0|0.0|1.0|0.0|0.0|0.0|0.0|1.0|0.0|0.0|0.0|1.0|0
-0.23275587734430062|-0.22244413811979064|-0.33423377590765124|-0.34980064713407744|-1.739212792355794|-0.37288059689369685|||-0.3075458533086538|0.635150841864478|-0.2936654354218244||-0.23033328964262237||-0.2718648529896093|0.0|1.0|0.0|0.0|1.0|0.0|0.0|0.0|0.0|1.0|0.0|0.0|0.0|0.0|1.0|0
||-0.3511835951631958||||-0.33835988501729813|0.9936851180158885|-0.30698211200093417||-0.2931138323191102|0.7438887585066477|-0.2709090325004568|-0.29499437869995176||0.0|1.0|0.0|0.0|0.0|0.0|1.0|1.0|0.0|0.0|0.0|1.0|0.0|0.0|0.0|0
|-0.22244413811979064|||||-0.34673374620129105||||-0.31205220551229845|-0.33197657039342804||||0.0|1.0|0.0|0.0|1.0|0.0|0.0|0.0|0.0|0.0|1.0|1.0|0.0|0.0|0.0|0
|-0.1571411210059666||-0.3321372649989671||-0.35086721617559985|-0.34673374620129105|-0.3777061548269693|||-1.2693134233476044|-1.7067380175540174||||1.0|0.0|0.0|0.0|0.0|0.0|1.0|0.0|0.0|1.0|0.0|0.0|0.0|0.0|1.0|0
-0.25077026499429145|-1.0607936821486126|||-0.3402981518452913|2.107185158947489|||-0.33299474662857087||-0.31982061587552374|-0.33639573343222595||-0.29529964268000314|-1.0552724526192871|1.0|0.0|0.0|0.0|0.0|0.0|1.0|0.0|1.0|0.0|0.0|0.0|0.0|1.0|0.0|1
||-0.3372500784046538|||1.8487672113872198|-0.34673374620129105|-0.379466171268744|2.3319916175255564|||-1.4656927608923127||-0.29652069860020874||0.0|1.0|0.0|0.0|1.0|0.0|0.0|0.0|0.0|0.0|1.0|0.0|1.0|0.0|0.0|0
|5.778373650718092|-0.33308578018118007|-0.34528210751811894||-0.35551873923168475||-0.382354403378323|-0.31541809799859655|-0.3487044592388532|1.835752375681203||-0.21680804202334422|-0.30109965830097957||1.0|0.0|0.0|0.0|0.0|1.0|0.0|0.0|1.0|0.0|0.0|0.0|0.0|0.0|1.0|0
-0.2645180871482318|-0.22244413811979064|||-0.31955133661800506|-0.3524177238609615|2.2264341690514025|-0.37926309244853923|-0.31257925784186524|1.7078316406955771||-0.320326049654779||||1.0|0.0|0.0|0.0|0.0|0.0|1.0|0.0|0.0|0.0|1.0|1.0|0.0|0.0|0.0|0
|-0.22244413811979064|-0.35744129735846986|-0.3465144365042894||0.7658045904077964|-0.3307835344222569||-0.31982736036968973||-0.30630633985902533|-0.3464392857931303|-0.24385853726190052|1.4294418446103545||0.0|1.0|0.0|0.0|0.0|0.0|1.0|0.0|0.0|0.0|1.0|1.0|0.0|0.0|0.0|0
-0.22848931184825017|-0.22244413811979064||||||-1.4263374894243683||-0.3626304906622745|-0.3207399543800475|-0.3609020011928326|-0.16270705154623163|-0.8562222060244336||1.0|0.0|0.0|0.0|0.0|0.0|1.0|0.0|0.0|1.0|0.0|0.0|0.0|0.0|1.0|0
1.7455083243244263|3.9251799218122754|2.7057489466684483||||-0.33835988501729813|0.4701930481546861||-1.5572581592552253|-0.2946767077768005||-0.2709090325004568|-0.30476282606159627||1.0|0.0|0.0|0.0|0.0|0.0|1.0|1.0|0.0|0.0|0.0|0.0|1.0|0.0|0.0|0
-1.5018220810028633||||-0.32126227527635914|1.6037487129597057|-1.2527057752504343|-1.4269015972582706|-0.3173710589574826|-0.3724163505814354|-0.30377815897158517|-0.34764451207643887||-0.30689967392195605||0.0|1.0|0.0|0.0|1.0|0.0|0.0|1.0|0.0|0.0|0.0|0.0|0.0|1.0|0.0|1
|-0.22244413811979064|||-1.5357862274648704|-0.3614144968500968||||||0.5430177112885604||0.6052290984715996||0.0|1.0|0.0|0.0|0.0|0.0|1.0|0.0|0.0|0.0|1.0|0.0|0.0|0.0|1.0|0
||-0.33817297692985615|-0.3530868577638654|-0.31517295028757125|-0.3695690187508875||0.9778900986666281|-0.3023715134485125||2.504571137722197||-0.24385853726190052|0.5747027004664604||0.0|1.0|0.0|1.0|0.0|0.0|0.0|0.0|0.0|0.0|1.0|0.0|0.0|1.0|0.0|0
2.31438372379782|-0.2083245668519368|||-0.3151190624558121|0.42316153401306944||-0.3915832075409623|-2.2579699763099526|0.6727887646304814|||0.37830285322489426|0.6586502949805929||0.0|1.0|0.0|0.0|0.0|0.0|1.0|0.0|0.0|0.0|1.0|0.0|0.0|0.0|1.0|0
|2.248480833754632||-1.4617721689885792|-0.3365798914539075|-0.3674442489598364|-0.36467773445270457|-0.39431348945704875|-0.32818281189482074||2.702228916194793|-1.4154749990877908|-0.2709090325004568||0.5115427466400685|1.0|0.0|0.0|0.0|0.0|0.0|1.0|1.0|0.0|0.0|0.0|0.0|1.0|0.0|0.0|0
|-0.22244413811979064|-1.3690731393009443|-0.3506221997915244||0.4222044305035869|||||1.9391779574401196|1.2862405859954835|2.4070899961166163||-1.0552724526192871|1.0|0.0|0.0|1.0|0.0|0.0|0.0|0.0|0.0|0.0|1.0|1.0|0.0|0.0|0.0|0
-0.24081494550350704||-1.752863867464337|-0.34856831814790695|||-0.3295872685388293|||1.218538644737532|3.460683182426848|-0.34965322254861975|-0.25738378488117863|-0.30888388979229003|2.0783579458994237|1.0|0.0|0.0|0.0|0.0|1.0|0.0|1.0|0.0|0.0|0.0|0.0|0.0|1.0|0.0|0
-0.20194179320615846|-0.22244413811979064|-0.3383305449707444|||-1.7623843298901682|-0.3654752450416563||-0.32415608826825154||-1.2107055936842184|0.8945420439202132|-2.326746670630735|||0.0|1.0|0.0|0.0|0.0|0.0|1.0|1.0|0.0|0.0|0.0|0.0|0.0|0.0|1.0|0
|-0.22244413811979064|||2.25151794836035||-1.4122078930407762||-0.3324310053208512|-0.36677066216653487||||||1.0|0.0|0.0|0.0|0.0|0.0|1.0|0.0|0.0|1.0|0.0|1.0|0.0|0.0|0.0|0
-1.489970510180501||-0.33875822965315516|-0.33747735727237255||1.390314630345113||-1.3202852166507628|||-0.307225678363549|1.5272858426571883|-0.2709090325004568|1.6202318321424738||0.0|1.0|0.0|0.0|0.0|1.0|0.0|0.0|0.0|0.0|1.0|0.0|0.0|1.0|0.0|0
||-0.3555955003080653||||||0.9125715391599313|-0.3724163505814354|-0.2931597992443364||||0.5115427466400685|1.0|0.0|0.0|0.0|0.0|0.0|1.0|0.0|0.0|1.0|0.0|1.0|0.0|0.0|0.0|0
|-1.987390546601521||||-0.37515850324626515|-0.34154992737310497|0.13680531831851084||-0.3566084230197139|-0.29964113570122847|2.873121859018373|0.7164340437068479|||0.0|1.0|0.0|0.0|0.0|0.0|1.0|0.0|0.0|0.0|1.0|0.0|1.0|0.0|0.0|0
-0.22991150034693367||-1.367384910291428|-0.3608916080096118|-0.326233427756144|||1.5837419122775456|||-0.2990435656732881||-0.20328279440406608|-0.28293645148792185|0.5115427466400685|1.0|0.0|1.0|0.0|0.0|0.0|0.0|1.0|0.0|0.0|0.0|0.0|0.0|0.0|1.0|1
||-0.3635639412329827||-0.34099869365816066|-0.333983910268329||-0.3607829198099045|-0.3057942285310962|0.6163318804814762|-0.2918727253380032|-0.3544741276818538||-0.313920745463138||0.0|1.0|1.0|0.0|0.0|0.0|0.0|0.0|0.0|0.0|1.0|1.0|0.0|0.0|0.0|0
2.219571157218921||1.4485810775819101|-0.34446055486067195|-0.3473978736795639||-0.3515188097350013|||-0.357361181475034||||-0.30033649835085113||0.0|1.0|0.0|0.0|0.0|1.0|0.0|0.0|0.0|0.0|1.0|0.0|0.0|0.0|1.0|0
||||-0.3355290787346034|-0.37439282043867916|0.531724167529018|-1.0049489374994565|-1.6398678996315883|-0.35133911383247346||1.989289251258789||2.0857594017208445||1.0|0.0|0.0|0.0|0.0|1.0|0.0|1.0|0.0|0.0|0.0|0.0|0.0|0.0|1.0|0
||-1.159732742120912|-0.35514073940748286|-0.3346803453843962||1.26942146230935|0.5813222914334112|||-0.296055715533586|-0.3464392857931303||3.1999729289084207||0.0|1.0|1.0|0.0|0.0|0.0|0.0|1.0|0.0|0.0|0.0|0.0|0.0|1.0|0.0|0
|-0.22244413811979064|0.7203916314771741|-0.35760539737982383||-0.36110822372706236|-0.35829764974109085||-0.3151966281991352||||||-1.0552724526192871|1.0|0.0|0.0|1.0|0.0|0.0|0.0|0.0|0.0|0.0|1.0|0.0|0.0|0.0|1.0|0
-0.25503683049034187||||0.768255379188783|1.1022264739908871|||3.308472096968575|1.0303490309075145|-0.3077313145410371|3.3552123723417826||||0.0|1.0|0.0|0.0|0.0|0.0|1.0|0.0|0.0|0.0|1.0|0.0|0.0|1.0|0.0|0
1.4255159121206422|-0.22244413811979064|-0.3793207453218023|-0.3617131606670588|-0.1397545859534843|-1.6623670131492494|||-0.320451502531808|-0.3660179037112148|-0.30694987681219194|1.6277213662662318||-0.299878602380774|-1.0552724526192871|0.0|1.0|0.0|0.0|0.0|0.0|1.0|0.0|0.0|1.0|0.0|0.0|0.0|0.0|1.0|0
-0.27542153230480515|-0.22244413811979064|1.8571324978848767|-0.34980064713407744|-1.5085055126367832||||||-0.3280027285657847|-0.3484479962653112||-0.3076628338720845|0.5115427466400685|0.0|1.0|1.0|0.0|0.0|0.0|0.0|1.0|0.0|0.0|0.0|1.0|0.0|0.0|0.0|0
0.7381248044236247|-0.22244413811979064|||-0.3301672394745645|-0.3562461378988914||-0.38309902571907384||-0.37091083367079525|-0.29918146644896665|||1.2233886580756659|-0.2718648529896093|0.0|1.0|0.0|0.0|0.0|0.0|1.0|0.0|0.0|0.0|1.0|0.0|0.0|0.0|1.0|0
-0.26025152165218135|||3.0978450798422186|||-0.3455374803178635|-0.37890206343484184|-0.31195511567974704|||-0.3448323174153856|-0.23033328964262237|3.367868117936686|1.2949503462697463|0.0|1.0|0.0|0.0|0.0|0.0|1.0|1.0|0.0|0.0|0.0|0.0|0.0|1.0|0.0|0
-0.2536146419916584|-0.22244413811979064||-0.34446055486067195|0.3920509537199727||||-0.3180556019739993|0.3905043438854553|-0.3044676628499779|0.4827563971231341|1.0545652341888017|-0.30567861800175045||0.0|1.0|0.0|0.0|1.0|0.0|0.0|1.0|0.0|0.0|0.0|1.0|0.0|0.0|0.0|0
|||-0.34938987080535394|||-0.3503225438515738|1.6875377537155427||3.3262623196337273|-0.3073176122140014|-0.36050025909839645|||-1.0552724526192871|0.0|1.0|0.0|1.0|0.0|0.0|0.0|0.0|0.0|1.0|0.0|1.0|0.0|0.0|0.0|0
0.5010933879763774||-0.3474469816221329|||-0.35622699582870176|-0.3391573956062498||-0.31431074900129|-0.35999583606865426|-1.4635236824282367||2.4070899961166163|-0.2714890522359947|-1.0552724526192871|0.0|1.0|0.0|0.0|0.0|1.0|0.0|0.0|1.0|0.0|0.0|0.0|1.0|0.0|0.0|1
|-0.1747905850907839|||0.9797651188435841||-0.33477108736701544|1.5589211675858503|-0.3187200113723832||-0.3051571667283707|-0.364115937948322||-0.3238418248148082||0.0|1.0|0.0|0.0|0.0|1.0|0.0|0.0|0.0|0.0|1.0|0.0|1.0|0.0|0.0|0
|||-1.2050369635363947|||0.3921598144624686||-0.3228675367077495|0.6916077260134832||-0.3207277917492151||||1.0|0.0|0.0|1.0|0.0|0.0|0.0|0.0|0.0|0.0|1.0|0.0|0.0|0.0|1.0|0
-0.7788762608387587||||-0.3186082995622193|-0.37127266299776635|0.8108528736621166|-0.39814942272758347|-0.3345651688429328|-1.0961936053716825|-0.32142945825844027||-0.25738378488117863|||0.0|1.0|0.0|1.0|0.0|0.0|0.0|0.0|0.0|0.0|1.0|0.0|0.0|0.0|1.0|0
1.484773766232454|||-0.3530868577638654|3.0827377532457785|||-0.36664964128248695|1.2397428338186745||2.9366602348483375|-0.3484479962653112||-0.3076628338720845|-1.0552724526192871|0.0|1.0|0.0|0.0|0.0|1.0|0.0|0.0|0.0|1.0|0.0|1.0|0.0|0.0|0.0|0
1.508476907877179|-0.22244413811979064|||1.1986844353652732||-1.591647775554911|-0.37391535018314676|||-0.3112248008582271|||-0.2916364749193865|-0.2718648529896093|0.0|1.0|0.0|1.0|0.0|0.0|0.0|0.0|0.0|1.0|0.0|0.0|0.0|1.0|0.0|1
|-0.22244413811979064||-1.6260827004779772||-0.362716157622993|-1.302550187059916||-0.3162838435783089|1.5384609882485616|-0.30267495276615675|-0.3396096701877154||-0.2986575464605684||1.0|0.0|0.0|1.0|0.0|0.0|0.0|0.0|0.0|1.0|0.0|1.0|0.0|0.0|0.0|0
|-0.22244413811979064||0.5202236171022856|-0.3402442640135321|-0.3675591013809743|-0.35949391562451843|-0.3944263110238292||||-0.3155051445215449||-0.2739311640764058|-1.0552724526192871|0.0|1.0|1.0|0.0|0.0|0.0|0.0|1.0|0.0|0.0|0.0|0.0|0.0|0.0|1.0|0
-0.2597774588192868||-0.36464440779907314||-0.342103394209224|-0.3818199436722632|||||-1.22104815186011|||2.917603747360884||1.0|0.0|0.0|0.0|0.0|1.0|0.0|0.0|0.0|0.0|1.0|0.0|0.0|1.0|0.0|0
1.1410782123839454||||-0.3216933779304327||-0.34673374620129105|||-0.36413600757291464|1.9184928410883364|-0.357286322342907||||0.0|1.0|0.0|0.0|0.0|0.0|1.0|1.0|0.0|0.0|0.0|0.0|0.0|0.0|1.0|0
-1.620337789226487|||0.6537259239374216||-0.3405113562029995|1.9473054629183038|-0.3673265706831696|-0.3186596105179847||-0.3051111998031445|3.55608341955987|||-0.2718648529896093|0.0|1.0|0.0|0.0|0.0|1.0|0.0|0.0|0.0|0.0|1.0|1.0|0.0|0.0|0.0|0
-0.23702244284035107|-0.22244413811979064|||-0.30810017236917825|||-1.3885422645529237||0.6163318804814762||||-0.30109965830097957||0.0|1.0|0.0|0.0|0.0|0.0|1.0|0.0|0.0|0.0|1.0|1.0|0.0|0.0|0.0|0
-0.2616737101508648|||3.385388509948665|1.6345022747176818|||-0.3799625861625779|-0.29637169524492446||-0.28221967104050427||-0.2709090325004568|-0.3044575620815449|-0.2718648529896093|1.0|0.0|0.0|1.0|0.0|0.0|0.0|0.0|0.0|0.0|1.0|0.0|1.0|0.0|0.0|0
||||||0.8906039325572875|1.4325610127917672||-0.35472652688141376|-0.30281285354183524|-1.4857798656141215||-0.29575753865008025|-1.0552724526192871|0.0|1.0|1.0|0.0|0.0|0.0|0.0|1.0|0.0|0.0|0.0|0.0|0.0|1.0|0.0|0
|||-0.3613023843383353|-0.31924148158538973|2.1445121958173057|||-0.3195857569520956|-0.3558556645643939|-0.3060765052328944|-0.3215312759380875||-0.28003644367743363||0.0|1.0|0.0|0.0|0.0|1.0|0.0|1.0|0.0|0.0|0.0|0.0|0.0|0.0|1.0|0
|-0.22244413811979064||-0.35555151573620636|-0.31420296931590597||0.8307906383859093|0.30490945282135384|-0.32476009681223694|||-0.3432253490376409|1.0545652341888017|-0.30232071422118517|1.2949503462697463|1.0|0.0|0.0|0.0|0.0|0.0|1.0|0.0|0.0|0.0|1.0|1.0|0.0|0.0|0.0|0
|-0.22244413811979064|2.2465506560799904||-0.3124650867416722|1.163481098597766||||1.4820041040995564|-0.2869542643388014|-0.34081489647102386|-0.25738378488117863|-0.299878602380774||0.0|1.0|0.0|0.0|0.0|0.0|1.0|0.0|0.0|0.0|1.0|1.0|0.0|0.0|0.0|0
|-0.22244413811979064|0.3619243384565274|||1.3529875934752964|-1.2726435399742269|-0.3893944691454219|-0.3093176117043443|||-0.3291643757323748||||0.0|1.0|0.0|1.0|0.0|0.0|0.0|0.0|1.0|0.0|0.0|0.0|0.0|1.0|0.0|1
-0.2275411861824612|-0.22244413811979064|-0.3580715695220227|||||-1.2221304535517872||0.9080257819180032|-1.3463080231014646|-0.3191208233714704|-0.25738378488117863||-0.2718648529896093|0.0|1.0|0.0|1.0|0.0|0.0|0.0|1.0|0.0|0.0|0.0|1.0|0.0|0.0|0.0|0
||-0.35215151312865184|||0.9318620493030063|-0.3575001391521392|-1.0906933282525846|||-0.28074872943326634|0.5932354730930822||||0.0|1.0|0.0|0.0|1.0|0.0|0.0|0.0|0.0|0.0|1.0|0.0|0.0|0.0|1.0|0
-0.23797056850614007|3.660437960540016||||-0.3546573460731505|0.6413818735098781||2.0984416471845457|-0.3712872128984553|-0.2949065424029314||-0.2709090325004568|-0.29529964268000314|-1.0552724526192871|0.0|1.0|0.0|0.0|0.0|1.0|0.0|0.0|0.0|0.0|1.0|0.0|0.0|0.0|1.0|0
|-0.22244413811979064|-1.6678896739853455||-1.6681482142233688|-1.2398058137127355|||1.7169095835671189||-1.4106617184181238|0.2517546928223337|-0.24385853726190052|||0.0|1.0|0.0|0.0|0.0|0.0|1.0|0.0|0.0|0.0|1.0|0.0|0.0|1.0|0.0|0
|||-1.6260827004779772||-0.3464262558916012|0.8108528736621166|-0.3732609850958203|0.7620727436169094|3.025158937505699|-0.2993653341498713|-0.33358353877117275||-0.2923996348695149||0.0|1.0|0.0|0.0|0.0|1.0|0.0|0.0|0.0|1.0|0.0|1.0|0.0|0.0|0.0|0
-0.29248779428900695|-0.22244413811979064|1.8188659736691717|-0.34980064713407744|||-0.3527150756184289|||||2.431205555138581||0.3800969131836988||0.0|1.0|0.0|0.0|0.0|0.0|1.0|0.0|0.0|0.0|1.0|1.0|0.0|0.0|0.0|0
-1.3477516603121524|-0.22244413811979064|-0.34384542640183124||-0.32093894828580405||-1.5318344813835327|-0.3926662945820545||||-0.329566117826811||-1.6613559534099767|-0.2718648529896093|0.0|1.0|0.0|0.0|0.0|1.0|0.0|1.0|0.0|0.0|0.0|0.0|0.0|0.0|1.0|0
1.2240392081404818|-0.22244413811979064|-0.33878073937328207||-0.3157926603528019|||||2.0465729455896087||0.5932354730930822||||0.0|1.0|1.0|0.0|0.0|0.0|0.0|0.0|0.0|0.0|1.0|1.0|0.0|0.0|0.0|0
|-0.16949574586533872|-0.35368217409728003|0.530493025320373||||-0.39544170512485305||0.5128275928749666||-1.6665638081104|-0.24385853726190052|-0.28827857113882116|2.0783579458994237|1.0|0.0|0.0|0.0|0.0|0.0|1.0|0.0|0.0|0.0|1.0|0.0|0.0|0.0|1.0|1
-0.23180775167851164|-0.22244413811979064|-0.3395910892978499||-0.3166144497871295||-1.5218655990216363||-0.31543823161672935|1.651374756546572|-1.434794354161871|0.6032790254539866||-0.32094181700431995||0.0|1.0|0.0|1.0|0.0|0.0|0.0|1.0|0.0|0.0|0.0|0.0|0.0|0.0|1.0|0
-0.23228181451140612|2.601470115450978|||||-0.35351258620738063|0.8317861696859692||||-0.3376009597155345||||0.0|1.0|0.0|0.0|0.0|1.0|0.0|1.0|0.0|0.0|0.0|0.0|0.0|1.0|0.0|0
|-0.15890606741444835|-0.362123319144862|||0.7346987263496159|-0.34753125679024277|-0.37910514225504655|-0.3065190387838787|-0.3660179037112148|||-0.21680804202334422|0.8647034815152816||0.0|1.0|0.0|0.0|0.0|0.0|1.0|0.0|0.0|1.0|0.0|0.0|1.0|0.0|0.0|0
|-0.22244413811979064||||-0.36928188769804277|-0.35351258620738063||1.380678160748595|||-0.3384044439044068||||0.0|1.0|0.0|0.0|1.0|0.0|0.0|0.0|0.0|1.0|0.0|0.0|0.0|1.0|0.0|0
|-0.22244413811979064|-1.258775510679207|||-0.3405113562029995|-0.3423474379620567|-0.3673265706831696|0.7001618678584087|1.3879092971845477|-0.3018935150373115|-0.33639573343222595|1.7308276151527089|0.8036506855050035|-1.0552724526192871|1.0|0.0|0.0|0.0|0.0|0.0|1.0|1.0|0.0|0.0|0.0|1.0|0.0|0.0|0.0|0
1.7455083243244263|-0.22244413811979064|-0.3575088265188505|-0.3510329761202479|||||||-0.29766455791650254|-0.33478876505448124|-0.284434280119735||1.2949503462697463|1.0|0.0|0.0|0.0|0.0|0.0|1.0|1.0|0.0|0.0|0.0|0.0|0.0|0.0|1.0|0
||-0.3498330119555827|-0.3584269500372708|-0.32702827327459194|-0.3444354805918776|-0.3503225438515738|-0.3712527612071285|||-1.1854237848098166|-0.33197657039342804|-0.21680804202334422|||0.0|1.0|1.0|0.0|0.0|0.0|0.0|0.0|0.0|1.0|0.0|1.0|0.0|0.0|0.0|0
-0.2588293331534978||-0.3268956071462867|3.221077978459267||-0.37690043163352327|-1.6315233050024966||1.5095333167988076||-0.3069958437374181||-0.2709090325004568|||0.0|1.0|0.0|0.0|0.0|0.0|1.0|0.0|0.0|0.0|1.0|0.0|0.0|0.0|1.0|0
0.4655386755092903||||-0.3179885894969887||-1.2726435399742269||3.0406949758017268|1.369090335801546|-0.31044336312938203|-0.357286322342907|-0.24385853726190052|||0.0|1.0|0.0|0.0|0.0|0.0|1.0|0.0|0.0|0.0|1.0|0.0|1.0|0.0|0.0|0
-0.26594027564691525|-0.19244004917560123|0.9426751177301654|||-1.1780726373511157|-0.34793001208471863||-0.31020349090218946||-1.5692476104484625|-0.33197657039342804|-0.25738378488117863|-0.290873314969258|0.5115427466400685|0.0|1.0|0.0|1.0|0.0|0.0|0.0|0.0|0.0|0.0|1.0|0.0|0.0|1.0|0.0|0
-0.2621477729837593|-0.22244413811979064||2.009287808724956||||-0.3822641461248987||-0.3445642877345928||1.3264147954391008|1.7308276151527089|3.1694465309032815||0.0|1.0|0.0|0.0|1.0|0.0|0.0|0.0|0.0|1.0|0.0|0.0|0.0|0.0|1.0|0
||-1.6431289818457717||||-0.34633499090681524|-0.38093285163688956||||||-0.30476282606159627||0.0|1.0|0.0|0.0|0.0|1.0|0.0|0.0|0.0|0.0|1.0|0.0|0.0|0.0|1.0|0
-0.22848931184825017|||-0.36335626598195275||-0.3654151895197335|-0.35311383091290477|2.7954455394993807|||0.9382481606399379|||||0.0|1.0|0.0|1.0|0.0|0.0|0.0|1.0|0.0|0.0|0.0|0.0|0.0|0.0|1.0|0
1.0818203582721335|-0.22244413811979064|1.8391247217833684||-0.3207638128325867||1.8675544040231327|||||||-0.2916364749193865||0.0|1.0|0.0|0.0|0.0|0.0|1.0|0.0|0.0|0.0|1.0|0.0|0.0|0.0|1.0|0
||||-0.3311776363200492|-0.3449906006273775|1.3691102859283137|-0.37181686904103073||-0.35472652688141376|||1.3926964246707552|||0.0|1.0|0.0|0.0|0.0|0.0|1.0|0.0|0.0|0.0|1.0|0.0|0.0|0.0|1.0|0
-0.2256449348508832||-0.3347740091906965|||-0.3638838239045616||-0.39074832794678716|0.7006652083117298||||-0.25738378488117863|3.444184112949533||1.0|0.0|0.0|0.0|0.0|0.0|1.0|1.0|0.0|0.0|0.0|0.0|0.0|0.0|1.0|0
|-0.22244413811979064|-0.3284262681149148|-0.3600700553521648|-1.886730731796563|3.061417357901519|-0.3555063626797599|-0.38982319109918756|-0.31535769714419803||0.7463362478206148|-0.3464392857931303|-0.2709090325004568|-0.30567861800175045|-0.2718648529896093|0.0|1.0|1.0|0.0|0.0|0.0|0.0|0.0|0.0|1.0|0.0|1.0|0.0|0.0|0.0|0
-0.2597774588192868|-0.22244413811979064|-0.3438004069615775||-0.3208985324119847|-0.33901827472820684|0.42206646154815775|-0.36583732600166785|||-0.31002966080234634|||-0.3134628494930609||1.0|0.0|0.0|1.0|0.0|0.0|0.0|1.0|0.0|0.0|0.0|1.0|0.0|0.0|0.0|0
-0.2825324747982226||0.7322092345437888|-0.3526760814351419|-0.320480901715851||||||-0.005222979627512537|||||0.0|1.0|1.0|0.0|0.0|0.0|0.0|1.0|0.0|0.0|0.0|0.0|0.0|1.0|0.0|0
||-0.33560686883539126||||-0.3419486826675808|-0.3846108347139316||-0.3618777322069544||-0.33278005458230037|1.0545652341888017|||0.0|1.0|0.0|0.0|0.0|0.0|1.0|0.0|0.0|0.0|1.0|0.0|0.0|1.0|0.0|0
||0.642170354036248|-0.3530868577638654||-0.3669082709945262||0.3432687855267006|-0.29508314368442234|||1.0251082246119698||2.5436553717979304||0.0|1.0|0.0|0.0|0.0|0.0|1.0|0.0|0.0|0.0|1.0|0.0|0.0|0.0|1.0|0
|-0.22244413811979064||1.577972663565286|0.4321300285908665|-0.3701049967161977||0.2631654731125942||-0.3596194568409942|-0.29881373104715714||-0.23033328964262237|||0.0|1.0|1.0|0.0|0.0|0.0|0.0|0.0|0.0|0.0|1.0|0.0|0.0|0.0|1.0|0
-0.2607255844850758|-0.22244413811979064|2.01920248279845|-0.34774676549045996||-0.34768963252411805|-0.3455374803178635||-1.5346697448874693||-0.29702102096333594|-0.34724276998200265|-0.25738378488117863|-0.30644177795187894|-0.2718648529896093|1.0|0.0|0.0|1.0|0.0|0.0|0.0|1.0|0.0|0.0|0.0|0.0|0.0|1.0|0.0|1
-0.23133368884561714|||-0.36499937129684673|-0.3186487154360387|||-0.3861000793954334|||1.6633764060830087|-0.33117308620455566||-0.2899575230291038||0.0|1.0|0.0|0.0|0.0|0.0|1.0|1.0|0.0|0.0|0.0|1.0|0.0|0.0|0.0|0
|-0.22244413811979064|-0.35676600575466333|0.4072601267033244|-0.33408757923504523|-0.3587728911639252|0.8008839913002201|0.5469117135653796|||-0.3032725227940971|-0.3355922492433536|1.3926964246707552|1.9865486082041424||0.0|1.0|0.0|0.0|0.0|1.0|0.0|0.0|0.0|1.0|0.0|1.0|0.0|0.0|0.0|0
|-0.22244413811979064||||-0.35377681084442664|-0.3435437038454842|-0.38061695124990436|-0.3187401449905161|||-0.3452340595098218|1.7308276151527089|0.5747027004664604||0.0|1.0|1.0|0.0|0.0|0.0|0.0|0.0|0.0|0.0|1.0|0.0|0.0|0.0|1.0|0
|-0.1606710138229301|-0.3499905799964709|-0.33788813360109604||-0.3643049494487339|||-0.3146530205095484|-0.3603722152963143||-0.34282360694320474|-0.20328279440406608|||0.0|1.0|0.0|0.0|0.0|0.0|1.0|1.0|0.0|0.0|0.0|0.0|0.0|0.0|1.0|0
|-0.22244413811979064|-0.3491577203517761|-1.2461145964087441||||-1.596133947428918|-0.3132436672402492|0.2211336914384396|-0.2995492018507761|-0.34202012275433236|-0.2709090325004568|-0.30109965830097957||0.0|1.0|0.0|0.0|0.0|0.0|1.0|0.0|0.0|0.0|1.0|0.0|0.0|1.0|0.0|0
|-0.22244413811979064|-0.3522190422890325|-0.3526760814351419|-0.32946669766169506|-0.3645920805015786|||-0.30486808209698535|-0.35886669838567414||-0.3584915486262156||||0.0|1.0|0.0|0.0|1.0|0.0|0.0|0.0|0.0|0.0|1.0|0.0|0.0|0.0|1.0|0
-0.2161636781929933|-0.22244413811979064|-0.3623033969058771||-0.33971885765388005|-0.3598831312349248|-0.3411511720786291|-0.3867318801694038|-0.31509596010847096||-0.30143384578504967||-0.25738378488117863|||0.0|1.0|0.0|0.0|0.0|1.0|0.0|0.0|0.0|0.0|1.0|0.0|0.0|0.0|1.0|0
-0.24887401366271344|-0.18891015635863775|-1.158044513111396|-0.3473359891617364|0.4173108748570907||-0.3435437038454842||-0.34354476253018207|-1.2937926998932008|||-0.25738378488117863|-0.28949962705902677|0.5115427466400685|1.0|0.0|0.0|0.0|0.0|0.0|1.0|0.0|0.0|0.0|1.0|0.0|0.0|0.0|1.0|0
-0.7907278316611211|-0.22244413811979064|-0.3674581228149338||-0.3449729212504006|-0.35712667312761526|0.8108528736621166|-0.38397903393996125|-0.33186726401313155|-0.3724163505814354|-0.31867144274486914|-0.32836089154350245||-0.2870575152186156||1.0|0.0|0.0|0.0|0.0|0.0|1.0|1.0|0.0|0.0|0.0|0.0|0.0|0.0|1.0|0
-0.21948211802325476|-1.2372883229967855||-0.34774676549045996|||-0.34314494855100836|-0.39896173800840257||1.9148402159085964||||-0.28583645929841||1.0|0.0|0.0|0.0|0.0|1.0|0.0|1.0|0.0|0.0|0.0|0.0|1.0|0.0|0.0|0
-0.2758955951376997|-0.22244413811979064|-0.3618532025033394|-0.35514073940748286|-0.33926081108392697|1.8554669359535971|-0.338758640311774|-0.3793307853886075|-0.3133040680946477|-0.3592430776133342|||-0.2709090325004568|-0.3039996661114678||0.0|1.0|0.0|0.0|1.0|0.0|0.0|0.0|0.0|0.0|1.0|0.0|0.0|0.0|1.0|0
|-0.22244413811979064|||0.9124053291446028|-0.3655683260812508|-0.3343723320725396|-0.3924406514484936|||-0.3033644566445495|0.07097075032605511|-0.24385853726190052||-1.0552724526192871|1.0|0.0|0.0|1.0|0.0|0.0|0.0|0.0|0.0|1.0|0.0|0.0|0.0|0.0|1.0|1
|-0.22244413811979064|-0.3533670380155037||1.4068261855351252||1.6482389920614124|2.865394910903248|-0.312096051006677||-0.29835406179489526||2.4070899961166163||1.2949503462697463|0.0|1.0|0.0|0.0|0.0|0.0|1.0|0.0|0.0|0.0|1.0|1.0|0.0|0.0|0.0|0
-0.2545627676574474|-0.22244413811979064|-0.32937167636024406||-0.30621409825760676|-0.35626527996908103||-0.38312159003243||-0.3637596283452546|-0.28916067674965823|-0.34884973835974736|-0.21680804202334422|0.4831235064510432||0.0|1.0|0.0|0.0|0.0|0.0|1.0|0.0|0.0|0.0|1.0|1.0|0.0|0.0|0.0|1
-0.2275411861824612|||-0.3510329761202479||1.3826578022692533|-0.3399549061952015||1.328330753603196|1.3879092971845477|-0.31071916468073907|||-0.3015575542710567|2.0783579458994237|0.0|1.0|0.0|0.0|0.0|0.0|1.0|0.0|1.0|0.0|0.0|0.0|0.0|1.0|0.0|1
-0.2441333853337685|-0.1906751027671195|-0.35447001430172104||-0.3317569305114605|1.238135172337399|-0.3519175650294772|-0.39169602910774276||||-0.33478876505448124|-0.20328279440406608||-1.0552724526192871|1.0|0.0|0.0|1.0|0.0|0.0|0.0|1.0|0.0|0.0|0.0|0.0|0.0|0.0|1.0|1
||-0.333693542624606|-0.3518545287776949|1.0205177916114678||-0.35351258620738063|0.6597332803458111|||-0.29325173309478875|-0.32514695478801303||-0.283852243428076|0.5115427466400685|0.0|1.0|0.0|0.0|0.0|0.0|1.0|0.0|0.0|0.0|1.0|0.0|0.0|1.0|0.0|1
-0.22848931184825017|-0.22244413811979064|2.531298615685088||-0.30667214482755983||0.8606972854715984||||1.1738286524241368|||-0.2969785945702858||0.0|1.0|0.0|0.0|0.0|0.0|1.0|0.0|0.0|0.0|1.0|0.0|0.0|0.0|1.0|1
|||-0.3518545287776949||-0.3619887589557863|-0.34992378855709794|-0.3888529256248759|-0.310002154720861||||-0.18975754678478793||0.5115427466400685|0.0|1.0|0.0|0.0|0.0|0.0|1.0|1.0|0.0|0.0|0.0|1.0|0.0|0.0|0.0|0
0.8329373710025237|-0.22244413811979064|0.0023315594295362837||||-0.3419486826675808||-0.31358593874850754||-0.2998709703273594|-0.3452340595098218|-0.23033328964262237|||0.0|1.0|0.0|0.0|0.0|0.0|1.0|1.0|0.0|0.0|0.0|1.0|0.0|0.0|0.0|0
|-1.1490410025726991|||-0.33023459926426346|-1.3986849962868266|-0.3355685979559671|||||1.848679518206128|-0.25738378488117863|||0.0|1.0|0.0|0.0|0.0|0.0|1.0|0.0|0.0|1.0|0.0|0.0|1.0|0.0|0.0|1
-1.6321893600488495|-0.22244413811979064|-0.37443613605426823||0.3344583335273437|-0.37988659458310864|3.1236335816220766|||-0.35698480224737394||0.9949775675292568||-0.2846154033782045|2.8617655455291016|1.0|0.0|0.0|1.0|0.0|0.0|0.0|1.0|0.0|0.0|0.0|0.0|0.0|0.0|1.0|1
-0.23228181451140612|-0.22244413811979064|||-0.3099323586489905|1.5453653988812743|-0.34513872502338766|-0.4050089739878337|||2.803356151692401|||-0.2969785945702858|-1.0552724526192871|0.0|1.0|0.0|0.0|0.0|0.0|1.0|0.0|1.0|0.0|0.0|0.0|0.0|0.0|1.0|0
|-0.22244413811979064|-0.3651846410821184|-0.3526760814351419|-0.3426557444847556||-0.3439424591399601|-0.398555580367993||-0.36488876602823467||1.1958486147473442||-0.27637327591681693|1.2949503462697463|0.0|1.0|0.0|0.0|0.0|1.0|0.0|1.0|0.0|0.0|0.0|0.0|0.0|1.0|0.0|0
-0.2702068411429657|-0.15890606741444835|-0.33623714099894403|-0.35596229206492985||||-0.39232782988171316||-0.3671470413941949||-0.3504567067374921||2.787866555839043||0.0|1.0|0.0|0.0|0.0|0.0|1.0|1.0|0.0|0.0|0.0|0.0|1.0|0.0|0.0|0
-0.2545627676574474|-0.22244413811979064|-0.337024981203385||0.9359812555392463|-0.35706924691704633|0.8108528736621166||-1.6574848154978283|||-0.33318179667673653||-0.29209437088946355|-1.0552724526192871|0.0|1.0|0.0|0.0|0.0|1.0|0.0|0.0|1.0|0.0|0.0|0.0|0.0|1.0|0.0|0
|-0.22244413811979064|1.7817249354598113||0.7379434738242414|-0.36731025446850885|-0.35112005444052546|-0.39417810357691224|-0.3104450943197836|-0.3603722152963143||-0.32996785992124716|-0.21680804202334422||-0.2718648529896093|0.0|1.0|0.0|0.0|0.0|0.0|1.0|0.0|0.0|0.0|1.0|1.0|0.0|0.0|0.0|0
-1.9521817722526333||||-0.32884698759646447|1.5759927111847136||-0.38492673510091685|-0.3293505617465258||0.38664505792571596|-0.348046254170875|-0.2709090325004568||-0.2718648529896093|1.0|0.0|0.0|0.0|0.0|1.0|0.0|1.0|0.0|0.0|0.0|1.0|0.0|0.0|0.0|0
|6.4843522141107846|-0.3388257588135358|3.385388509948665||-1.2613406426760911|0.3423154026529867|-0.38986831972589975|0.1661176468846752||-0.323865705295428|0.723801653784839||||1.0|0.0|0.0|0.0|1.0|0.0|0.0|1.0|0.0|0.0|0.0|0.0|1.0|0.0|0.0|0
|-0.22244413811979064||-1.533658026515191|1.2047468164381814|-0.36579803092352653|||||||2.4070899961166163|-0.28217329153779336||1.0|0.0|0.0|0.0|0.0|0.0|1.0|0.0|0.0|1.0|0.0|0.0|0.0|1.0|0.0|0
-0.2175858666916768|-0.22244413811979064|-0.8817376985538798||-0.34599679005382505||-0.34673374620129105|-0.371117375326992|-0.32351181248800054|-0.36488876602823467|-0.31007562772757247|-0.338806185998843||||1.0|0.0|0.0|1.0|0.0|0.0|0.0|0.0|0.0|1.0|0.0|1.0|0.0|0.0|0.0|0
-0.244607448166663|-0.22244413811979064|||||||-0.32379368314186036||3.1527047834114077||1.3926964246707552||-0.2718648529896093|0.0|1.0|0.0|0.0|0.0|0.0|1.0|0.0|0.0|0.0|1.0|0.0|0.0|0.0|1.0|0
-0.24223713400219052|-0.22244413811979064|-0.36493703416072265|3.467543775693364||3.2260391615325053||||1.9524781386746|-0.2984000287201215||-0.25738378488117863||-0.2718648529896093|0.0|1.0|0.0|0.0|0.0|0.0|1.0|0.0|0.0|0.0|1.0|0.0|0.0|1.0|0.0|0
||-0.6819639324277738|-0.35021142346280093|-0.354133852649462|1.709030099002778|0.7410706971288419|||-0.36413600757291464|-0.32216492906205924||-0.2709090325004568||0.5115427466400685|0.0|1.0|0.0|0.0|0.0|0.0|1.0|1.0|0.0|0.0|0.0|0.0|0.0|0.0|1.0|0
|-0.22244413811979064|1.473341769721484|-0.35021142346280093|-1.3131621225097376||1.7878033451279618|||-0.36488876602823467||3.1141671156800776||||1.0|0.0|0.0|0.0|0.0|0.0|1.0|0.0|0.0|1.0|0.0|0.0|0.0|1.0|0.0|1
|-0.22244413811979064|-0.3550102475847663|-0.34856831814790695|-0.3322958088290523||-0.34673374620129105||-0.3306793805432936|2.159486713887619||-0.3151034024271087|0.7164340437068479||0.5115427466400685|0.0|1.0|0.0|0.0|0.0|0.0|1.0|0.0|0.0|0.0|1.0|1.0|0.0|0.0|0.0|0
|||||0.6298958920612846||||-0.37354548826441547||-0.3355922492433536||-0.29453648272987465|-1.0552724526192871|0.0|1.0|0.0|1.0|0.0|0.0|0.0|1.0|0.0|0.0|0.0|0.0|0.0|0.0|1.0|0
|-0.22244413811979064|||||-0.3515188097350013|2.2020040982343105|-0.3133846025671791|-0.36338324911759456|-0.29968710262645465||-0.16270705154623163|||0.0|1.0|0.0|0.0|0.0|1.0|0.0|0.0|0.0|1.0|0.0|0.0|0.0|1.0|0.0|0
|-0.18361531713319257|-0.3421797071124417|||||-1.0940779752559975|1.7058360935940537|-0.3611249737516343|-0.3029507543175138||-0.23033328964262237|-0.30567861800175045||0.0|1.0|0.0|0.0|1.0|0.0|0.0|1.0|0.0|0.0|0.0|0.0|1.0|0.0|0.0|0
|-0.22244413811979064||-0.3350126993000316|0.6554277314429894||||-0.3055324914953693|||-0.3424218648487686|-0.2709090325004568||-1.0552724526192871|0.0|1.0|0.0|0.0|0.0|0.0|1.0|0.0|0.0|0.0|1.0|0.0|0.0|0.0|1.0|0
|||-1.0920734731374333||1.9684051500725295||-0.37707435405299883|-0.2995930741461798|||-0.32675392316575774|-0.23033328964262237|-0.285378563328333||0.0|1.0|0.0|1.0|0.0|0.0|0.0|0.0|0.0|1.0|0.0|0.0|0.0|1.0|0.0|0
|2.777964756299151|0.19535240951757682|-0.3526760814351419|-0.3423324174942005|-0.35232201351001324||-0.37915027088175873|0.9337118381994195|0.559874996332471|-0.2922864276650389||-0.24385853726190052|||0.0|1.0|0.0|1.0|0.0|0.0|0.0|1.0|0.0|0.0|0.0|0.0|0.0|0.0|1.0|0
|-0.22244413811979064|-0.33421126618752434|-0.35637306839365335|1.0073826326201665|-0.3636541190622858|-1.4221767754026726|||0.710426687396485||-0.357286322342907|-0.25738378488117863|-0.3168207532736262||0.0|1.0|0.0|0.0|0.0|0.0|1.0|0.0|0.0|1.0|0.0|0.0|0.0|0.0|1.0|0
-0.2597774588192868|-0.22244413811979064||1.8655160936717328|||-0.3495250332626221|-0.3732609850958203|-0.3273573335513741|1.5008230654825583|0.43835784880517425||||-1.0552724526192871|0.0|1.0|0.0|0.0|0.0|0.0|1.0|1.0|0.0|0.0|0.0|1.0|0.0|0.0|0.0|0
|-0.22244413811979064||-0.35021142346280093|0.4846706645560719|1.6200194726209076||-0.38404672688002944|-0.31684758488602854|-1.209107373669693|-0.30322655586887093|||-0.299878602380774|0.5115427466400685|0.0|1.0|0.0|0.0|0.0|1.0|0.0|0.0|0.0|0.0|1.0|0.0|0.0|0.0|1.0|0
|-0.22244413811979064|-0.34519600960944435|||2.075600743134567|0.7410706971288419||-1.4022912056640084|||-1.6766073604713043||-0.2879733071587698||0.0|1.0|0.0|1.0|0.0|0.0|0.0|1.0|0.0|0.0|0.0|1.0|0.0|0.0|0.0|0
-0.2166377410258878|1.4983786101498966|-0.3390283462946778||-0.3160351555957182||-0.34793001208471863|0.6563486333423981||0.7386551294709875|-0.3029507543175138|-0.3516619330208006||0.41062331118883794||1.0|0.0|0.0|0.0|0.0|1.0|0.0|0.0|0.0|0.0|1.0|0.0|0.0|0.0|1.0|0
-0.22801524901535566||||-0.34374697307787916|-0.3600745519368213|-0.3527150756184289|-0.38693495898960856|-1.8115069942140982|-0.3705344544431352|-0.285621223507242|||-0.34108923968771176||1.0|0.0|0.0|0.0|0.0|0.0|1.0|1.0|0.0|0.0|0.0|1.0|0.0|0.0|0.0|0
-0.2346521286758786|-0.22244413811979064|-0.3592420749686207||-0.3366068353697871|-0.3750436508251273|1.4887368742710703|1.831949359194495||-0.35020997614949334||-0.3376009597155345|-0.23033328964262237|||0.0|1.0|0.0|0.0|0.0|0.0|1.0|0.0|0.0|0.0|1.0|1.0|0.0|0.0|0.0|0
0.6551638086670881|-0.15537617459748487|-0.3349540869517116||0.9885218915044517|-0.35974913674359726||-0.3865964942892673|-1.4123580147304313|0.559874996332471||-0.34282360694320474||||0.0|1.0|0.0|1.0|0.0|0.0|0.0|0.0|0.0|0.0|1.0|0.0|0.0|1.0|0.0|0
0.8210858001801613|-0.22244413811979064|0.09518415495293768|-0.3473359891617364|-0.34641442074995876||-0.3491262779681462||-0.30156616872319864|-0.3584903191580141|-1.7910380246648059|-0.31831733918259814||||0.0|1.0|0.0|0.0|0.0|0.0|1.0|0.0|0.0|1.0|0.0|0.0|0.0|1.0|0.0|0
-1.5373767934699505||-0.35642835995276007|-0.3543191867500359||-0.3654534736601128|-0.34793001208471863|0.3793716868964387|-0.30261311686610665|-0.3618777322069544|-0.28860907364694405||-0.2709090325004568|||0.0|1.0|0.0|1.0|0.0|0.0|0.0|0.0|0.0|0.0|1.0|0.0|0.0|0.0|1.0|0
||-0.3444531888452571|0.6742647403735964||-0.36386468183437193|-0.3519175650294772|-0.39072576363343103||1.6701937179295736||||-0.29362069078972053||0.0|1.0|0.0|0.0|0.0|1.0|0.0|0.0|0.0|0.0|1.0|0.0|1.0|0.0|0.0|0
-0.23986681983771804|||-1.4206945361162295|-0.3277018711715818||1.4089858153758992||-0.30120376359680745|-0.3596194568409942|-0.2871840989649323|-0.31148772357718313||||0.0|1.0|0.0|0.0|0.0|1.0|0.0|0.0|0.0|1.0|0.0|0.0|0.0|1.0|0.0|0
1.828469320080963||-0.3354267910743762|-0.33870968625854303|0.9767339283071299||-0.34793001208471863|2.7254961680955128|-0.3193240199163686|||0.8443242821156913|-0.24385853726190052|0.2885177191682816||0.0|1.0|0.0|0.0|0.0|0.0|1.0|0.0|0.0|0.0|1.0|1.0|0.0|0.0|0.0|0
||-0.35350209633626495|-0.3617131606670588||-0.3599022733051145||||-0.36338324911759456|-0.2929299646182055||-0.17623229916550978||-0.2718648529896093|0.0|1.0|0.0|0.0|0.0|0.0|1.0|1.0|0.0|0.0|0.0|0.0|0.0|1.0|0.0|0
-0.23275587734430062|2.248480833754632|2.835179837398038||-0.33329273371659723|-0.36503234811594054|-0.3491262779681462|-0.3918991079279475|0.757542679537019||||||-0.2718648529896093|0.0|1.0|0.0|1.0|0.0|0.0|0.0|0.0|0.0|0.0|1.0|0.0|0.0|0.0|1.0|0
|-0.15184628178052142|-0.33950105041734235|-0.3608916080096118|-0.3165201460815509|-0.3497569761046002|-0.3495250332626221|0.7725548471262427|-0.32043136891367513|0.5316465542579684|||-0.24385853726190052||-0.2718648529896093|0.0|1.0|0.0|0.0|0.0|1.0|0.0|0.0|1.0|0.0|0.0|0.0|0.0|1.0|0.0|0
||||-0.329008651091742|-0.368611915241405|-0.3527150756184289|-0.3954868337515653||-0.3505863553771534|||-0.2709090325004568|||0.0|1.0|0.0|0.0|0.0|1.0|0.0|0.0|0.0|0.0|1.0|0.0|0.0|1.0|0.0|0
||0.9477398047587146|-0.35678384472237684|-0.33889706821955246|-0.3582943394091839|||-0.32318967459787495|-0.36225411143461445||1.7080697851534667|-0.21680804202334422|-0.2981996504904914||0.0|1.0|0.0|0.0|0.0|1.0|0.0|0.0|0.0|0.0|1.0|1.0|0.0|0.0|0.0|0
|||||-0.35992141537530414|-0.33277731089463614|1.4607664044868751|-0.32027029996861234|-0.35623204379205387|-1.310683656051171|-0.3400114122821515||-0.29911544243064553|-0.2718648529896093|0.0|1.0|0.0|0.0|0.0|0.0|1.0|0.0|0.0|0.0|1.0|0.0|0.0|0.0|1.0|0
|-0.22244413811979064|||3.0207667467227157||-0.3459362356123394||-0.3252231700292924||-0.3118683378113937|-0.345635801604258|1.3926964246707552|||0.0|1.0|0.0|1.0|0.0|0.0|0.0|0.0|0.0|0.0|1.0|0.0|0.0|0.0|1.0|0
-0.22280055785351624||-0.3411217502664781|0.7358811896821207|-0.31817719690814583|-0.3752350715270238||-0.40212074187825464|-0.33579331954903646|||||||1.0|0.0|0.0|0.0|0.0|0.0|1.0|0.0|0.0|0.0|1.0|0.0|0.0|0.0|1.0|0
1.129226641561583||-0.33322083850194145|-0.33624502828620206||1.1448175801628575|-1.2726435399742269|1.1211734884777762|-0.3242768899770487|2.7240555553776713|||-0.21680804202334422|-0.2974364905403629|-1.0552724526192871|0.0|1.0|0.0|0.0|0.0|0.0|1.0|1.0|0.0|0.0|0.0|0.0|0.0|0.0|1.0|0
||-0.34875254538949224|-0.3543191867500359|-0.32593704468146845||0.8307906383859093|||||-0.3584915486262156|-0.1491818039269535|0.8112822850062883||0.0|1.0|0.0|0.0|0.0|0.0|1.0|0.0|0.0|1.0|0.0|0.0|0.0|0.0|1.0|0
-0.2521924534929749||||||-0.34753125679024277|-0.4013986838508599|-1.722919074429577|-0.3637596283452546||1.4268503190481445|-0.2709090325004568|||0.0|1.0|0.0|0.0|1.0|0.0|0.0|1.0|0.0|0.0|0.0|0.0|0.0|0.0|1.0|0
||1.8334972917516472|-0.36376704231067625||-0.34095162381736144|||-0.3152368954354009|-0.3724163505814354|-0.30157174656072827|-0.3279591494490663|-0.9742219087029205|-1.6995139509164006||0.0|1.0|0.0|0.0|0.0|0.0|1.0|0.0|0.0|1.0|0.0|0.0|0.0|1.0|0.0|0
-0.24839995082981894|-0.22244413811979064||-0.33788813360109604|-0.3286314362694277|||-0.39693094980635474|-0.30684117667400423|-0.3690289375324951|-0.29297593154343166|||-1.6384611549061223|-0.2718648529896093|0.0|1.0|0.0|0.0|1.0|0.0|0.0|1.0|0.0|0.0|0.0|0.0|0.0|0.0|1.0|0
|||-0.35555151573620636|-0.3118319047185018||-0.3403536614896774|3.3663226674083644|||-0.2814382333116592|||-0.2940785867597976||0.0|1.0|0.0|1.0|0.0|0.0|0.0|0.0|0.0|0.0|1.0|1.0|0.0|0.0|0.0|1
-0.25077026499429145|-0.22244413811979064|-0.36968658510749547|0.39699071848523704|-0.8372652082864351|-0.36554918401106107|2.8046293460413922||-1.337863627638902|||||-0.3114786336227269||0.0|1.0|0.0|1.0|0.0|0.0|0.0|0.0|0.0|1.0|0.0|0.0|0.0|0.0|1.0|0
||-1.6037369716237226|-0.34815754181918346|-0.3166144497871295|||-0.39501298317108746|1.927305893055357||||-0.24385853726190052|-0.2887364671088983|-0.2718648529896093|0.0|1.0|0.0|0.0|0.0|1.0|0.0|0.0|0.0|0.0|1.0|0.0|0.0|1.0|0.0|0
1.0699687874497712|||0.8283058636449071|||-0.3351698426614913|-0.3863482868423503|||||-0.25738378488117863|||1.0|0.0|0.0|0.0|0.0|1.0|0.0|0.0|0.0|0.0|1.0|1.0|0.0|0.0|0.0|0
|-0.22244413811979064|-0.3558656169495879|-0.37116101622769915|0.4567163518309947|1.2591914495460137|-0.3423474379620567|1.235123270926012||-0.36413600757291464||0.7840629679502651|-0.21680804202334422|2.0552330037157054||0.0|1.0|0.0|0.0|0.0|1.0|0.0|1.0|0.0|0.0|0.0|1.0|0.0|0.0|0.0|0
|-0.15361122818900316|0.7271445475152397|-1.4925803936428412|0.7685921781372779|-0.3438803605563778||2.2640559599635477||-0.3724163505814354|||-0.20328279440406608|-0.29453648272987465|-0.2718648529896093|0.0|1.0|0.0|1.0|0.0|0.0|0.0|1.0|0.0|0.0|0.0|0.0|0.0|1.0|0.0|0
|4.895900446477227|-0.34643404421642304||||1.8675544040231327||-0.327236531842577|||-0.33639573343222595||-1.485829164880427||0.0|1.0|0.0|0.0|0.0|0.0|1.0|1.0|0.0|0.0|0.0|0.0|0.0|0.0|1.0|0
||2.7091254046874815||||-1.1829235987171596||||-0.30653617448515624|1.9491150418151715|-0.16270705154623163|||0.0|1.0|0.0|0.0|0.0|0.0|1.0|0.0|0.0|1.0|0.0|1.0|0.0|0.0|0.0|0
-1.5373767934699505||1.153141000916542|||-0.34422491781979153|-0.34434121443443594|-0.37104968238692376|2.2121965896351243|-0.3660179037112148|-0.29256222921639596|0.7137581014239346||||0.0|1.0|0.0|0.0|0.0|0.0|1.0|0.0|0.0|1.0|0.0|0.0|0.0|0.0|1.0|1
-1.5018220810028633|||-0.35596229206492985|||||||-0.3105812639050606|-0.3556793539651623|-0.9742219087029205||1.2949503462697463|0.0|1.0|0.0|1.0|0.0|0.0|0.0|0.0|0.0|0.0|1.0|0.0|0.0|1.0|0.0|0
-0.2536146419916584|||0.6537259239374216|-0.3251287272050807|-0.3654151895197335|0.4519731086338469||-0.3218407221829743|0.21172421074693873||-0.3464392857931303|-0.24385853726190052||1.2949503462697463|0.0|1.0|0.0|0.0|0.0|0.0|1.0|1.0|0.0|0.0|0.0|0.0|0.0|1.0|0.0|0
|-0.13596176410418584|-0.3398386962192456|1.3725844992035383|||-0.34992378855709794|-0.3864611084091307||-0.34757532155587306|0.538335911172127|-0.348046254170875|-0.23033328964262237||-1.0552724526192871|1.0|0.0|0.0|0.0|0.0|1.0|0.0|1.0|0.0|0.0|0.0|0.0|0.0|0.0|1.0|0
|-0.22244413811979064||-0.35555151573620636|-0.32875268389088586|-0.3585240442514597||||-0.35886669838567414|-0.31251187476456027|-0.320326049654779|-0.24385853726190052||0.5115427466400685|0.0|1.0|1.0|0.0|0.0|0.0|0.0|1.0|0.0|0.0|0.0|1.0|0.0|0.0|0.0|0
||-0.35134116320408404|-0.36212393699578227||-0.3717320726823179|-0.34075241678415324||1.2387361529120324|-1.2937926998932008|-0.32896803399553465|-0.345635801604258|1.0545652341888017||0.5115427466400685|0.0|1.0|0.0|1.0|0.0|0.0|0.0|0.0|0.0|1.0|0.0|0.0|0.0|0.0|1.0|0
-0.2517183906600804|-0.22244413811979064||||-0.3583326235495632|||-0.31322353362211636||-0.2995032349255499|-0.3271556652601939||2.4215497797773744|-0.2718648529896093|0.0|1.0|0.0|0.0|0.0|0.0|1.0|0.0|0.0|0.0|1.0|1.0|0.0|0.0|0.0|0
-0.23844463133903457|2.0719861929064587|-0.3532769991349961|0.7358811896821207|||-0.3323785556001603|-0.38018822929613877||-0.36225411143461445|-0.2912751553100628|-0.8329489621553378|2.4070899961166163|-0.32246813690457693||1.0|0.0|0.0|1.0|0.0|0.0|0.0|0.0|0.0|0.0|1.0|0.0|0.0|0.0|1.0|0
0.8803436542919731|-0.22244413811979064|-0.33367103290447914|0.6537259239374216|-0.31059248458804056|1.2816833820188518|||1.2840367937109354||0.4981148515992149|-0.3355922492433536|-0.25738378488117863|0.8227296842582155||1.0|0.0|0.0|0.0|1.0|0.0|0.0|0.0|1.0|0.0|0.0|1.0|0.0|0.0|0.0|1
|-2.163885187449694|-0.3310148859295067|-0.3415851205596075||||-0.38991344835261194|-0.318357606245992|-0.35133911383247346|||-0.24385853726190052||1.2949503462697463|0.0|1.0|0.0|1.0|0.0|0.0|0.0|0.0|0.0|1.0|0.0|0.0|0.0|0.0|1.0|0
2.2669774405083705|-0.16420090663989353||-0.35678384472237684|||-0.34075241678415324|-0.3845882704005755|0.39866093631904376|2.7240555553776713||1.8888537276497452|-1.650484289666828|||0.0|1.0|0.0|0.0|1.0|0.0|0.0|1.0|0.0|0.0|0.0|0.0|1.0|0.0|0.0|0
|-0.22244413811979064|-0.3622133580253695|0.3559130856128875|-0.3396245539483015|||||-0.3660179037112148|||-0.23033328964262237|||0.0|1.0|0.0|0.0|0.0|0.0|1.0|0.0|0.0|0.0|1.0|0.0|0.0|0.0|1.0|0
|-0.22244413811979064|-0.3573512584779624|||-0.3572032414083739||-0.38404672688002944|-0.3193240199163686||-0.3058007036815373|-0.33639573343222595||-0.29529964268000314|-0.2718648529896093|0.0|1.0|0.0|0.0|0.0|0.0|1.0|1.0|0.0|0.0|0.0|0.0|0.0|0.0|1.0|0
-0.24792588799692447||-0.3435528000401817|||-0.3523985817907718|-0.32799224736092586||-0.2923047043820896|-0.3626304906622745|3.02169904651678|-0.3404131543765877||||0.0|1.0|0.0|0.0|0.0|1.0|0.0|0.0|0.0|1.0|0.0|0.0|0.0|1.0|0.0|0
|-0.18891015635863775||3.467543775693364|-0.33569074222988093|-0.35839004976013217|-0.34513872502338766|-0.3852426354879021|||1.2542707715699608|-0.3291643757323748|-0.20328279440406608|-0.2879733071587698|1.2949503462697463|1.0|0.0|0.0|0.0|0.0|0.0|1.0|1.0|0.0|0.0|0.0|0.0|1.0|0.0|0.0|0
-0.2156896153600988|0.8806473671812909|2.0833551851600727||0.8911869953894237|||0.5841428306029219|-0.3089954738142187|-0.36677066216653487||-0.32554869688244925|-0.18975754678478793|-0.2841575074081274||0.0|1.0|1.0|0.0|0.0|0.0|0.0|1.0|0.0|0.0|0.0|0.0|0.0|0.0|1.0|0
-0.26594027564691525||0.5662000486080105|-1.37961690324388|-0.3272438246016287||||||-0.28635669431086097|-0.3359939913377898|-0.24385853726190052||-1.0552724526192871|0.0|1.0|0.0|1.0|0.0|0.0|0.0|1.0|0.0|0.0|0.0|0.0|0.0|0.0|1.0|0
-0.243659322500874|-0.22244413811979064|3.222347023580464||3.3077194508403758|-0.3412961810807751|-0.34434121443443594|-0.36811632165063257|-0.2961300918273303|0.44696122803446053|||3.083352377080524||2.0783579458994237|0.0|1.0|1.0|0.0|0.0|0.0|0.0|0.0|0.0|1.0|0.0|0.0|0.0|1.0|0.0|0
|-1.1049173423606558|-0.366827850651381|0.5202236171022856|-0.34432626726929033|1.2094220670529248||-0.392282701255001|||-0.30387009282203753|0.7438887585066477||1.963653809700288|-1.0552724526192871|0.0|1.0|0.0|0.0|0.0|0.0|1.0|0.0|0.0|1.0|0.0|0.0|1.0|0.0|0.0|0
|-0.22244413811979064|-0.3521740228487788||-0.3294128098299359|-0.3484170311913247||2.0372846107348805||||-0.3528671593041091|-0.284434280119735|||0.0|1.0|0.0|0.0|0.0|0.0|1.0|0.0|0.0|0.0|1.0|1.0|0.0|0.0|0.0|0
-0.24792588799692447||||-0.32151824247721533|-0.352991985966651|||0.5149325810362279|3.062796860271703|-0.3095240246248583|-0.7626440956290071|||1.2949503462697463|1.0|0.0|0.0|1.0|0.0|0.0|0.0|1.0|0.0|0.0|0.0|0.0|0.0|0.0|1.0|0
|||2.6049134853740243|-1.7196784533430896|-0.342559557713292||-0.3693799231985734|-0.3192032182075715|0.484599150800464|0.6475073585843167|-0.32554869688244925|-0.24385853726190052|||1.0|0.0|0.0|1.0|0.0|0.0|0.0|0.0|0.0|1.0|0.0|1.0|0.0|0.0|0.0|1
-1.169978097976717|-0.22244413811979064|-1.272281342755338|||-0.35676297379401195|-0.37105781916431824|-0.3836180049262638|||2.5551347554710007|1.1456308529428223|-0.25738378488117863|-0.3097996817324442||1.0|0.0|0.0|0.0|0.0|0.0|1.0|0.0|0.0|0.0|1.0|0.0|0.0|1.0|0.0|0
2.883259123271214|-0.22244413811979064|-0.3477396079837824|||-0.3644006597996821|||||-0.2889308421235273||-0.24385853726190052|-0.2962154346201573||1.0|0.0|0.0|0.0|0.0|1.0|0.0|0.0|0.0|1.0|0.0|1.0|0.0|0.0|0.0|0
-0.243659322500874|-0.22244413811979064|-0.35485267954387806|-0.34938987080535394||-0.3665828558013022||1.1268145668167977|||-0.29173482456232464|-0.3367974755266621|1.0545652341888017|-0.29575753865008025|-1.0552724526192871|0.0|1.0|0.0|0.0|0.0|1.0|0.0|0.0|0.0|0.0|1.0|0.0|0.0|0.0|1.0|0
|-0.15361122818900316||||-0.35747123039102896|||-0.3231494073616093|-0.35886669838567414|-0.309707892325763|0.8141936250329782|1.7308276151527089|||0.0|1.0|0.0|1.0|0.0|0.0|0.0|0.0|0.0|0.0|1.0|0.0|0.0|1.0|0.0|0
||-0.36138049838067476|||0.4078478778613498|1.8077411098517544||0.6724781429257458|||||||0.0|1.0|0.0|0.0|0.0|0.0|1.0|0.0|0.0|1.0|0.0|0.0|0.0|1.0|0.0|1
|5.954868291566266|-0.33779031168769913|-0.3518545287776949|-1.6486138752106643||-0.3459362356123394|-1.3451059613424576|-1.1788080443894207||-1.1888713042017804||-0.9742219087029205|-0.3015575542710567|-1.0552724526192871|1.0|0.0|1.0|0.0|0.0|0.0|0.0|0.0|0.0|0.0|1.0|0.0|0.0|1.0|0.0|0
-0.2275411861824612||-0.49794697039048724||-0.36161078930604895|-1.0718341477985607||-1.1002831614289212||-0.35811393993035406|||-0.284434280119735|||0.0|1.0|0.0|0.0|1.0|0.0|0.0|0.0|0.0|1.0|0.0|0.0|1.0|0.0|0.0|0
1.0936719290944958||-1.428161154634018||1.7503611129999297|||1.9594377296563827|-0.3310619192878177||-0.3178440380907978|0.5831919207321778|-3.0030090515946424|-1.3293813751040893|-0.2718648529896093|1.0|0.0|0.0|1.0|0.0|0.0|0.0|0.0|0.0|1.0|0.0|1.0|0.0|0.0|0.0|0
||0.6039038298205432|||-0.3590791642869595|-0.3439424591399601|-0.38591956488858464|-0.32526343726555806||-0.3118683378113937|||-0.29453648272987465||0.0|1.0|0.0|0.0|0.0|1.0|0.0|0.0|0.0|1.0|0.0|0.0|0.0|1.0|0.0|0
||-0.3338060912252404|-0.3465144365042894|-1.749990358707631|-0.36530033709859566|-1.7112743638976677|0.3833204417337538||||||-0.29529964268000314|0.5115427466400685|0.0|1.0|0.0|0.0|0.0|0.0|1.0|0.0|0.0|0.0|1.0|0.0|0.0|0.0|1.0|0
|3.130954037995497|0.876271443355854|||-0.3412770390105855||-0.36809375733727645|-0.2994722724373827||-0.2853913888811111|3.55608341955987|-0.21680804202334422|-0.3006417623309025|-1.0552724526192871|0.0|1.0|0.0|0.0|1.0|0.0|0.0|0.0|0.0|1.0|0.0|0.0|0.0|0.0|1.0|0
|-0.22244413811979064|-0.34154943494888895||-0.3186082995622193||-0.3527150756184289|-0.3864385440957746|||0.24414758972454195|1.3465019001609095||-0.30567861800175045|-0.2718648529896093|0.0|1.0|0.0|0.0|1.0|0.0|0.0|0.0|0.0|1.0|0.0|1.0|0.0|0.0|0.0|0
-0.2792140349679611||-0.3439129555622119|-1.2255757799725693|||-0.34154992737310497||-0.3311625873784819|||||-0.2887364671088983||0.0|1.0|1.0|0.0|0.0|0.0|0.0|0.0|0.0|1.0|0.0|1.0|0.0|0.0|0.0|0
-0.23085962601272264|-0.22244413811979064|0.23586990574597017||-0.3406888386255454|0.708856931593589|||1.559867362130922|-0.35698480224737394|-0.30598457138244206|-0.31751385499372575||-0.27591537994673987||0.0|1.0|0.0|0.0|0.0|0.0|1.0|0.0|0.0|0.0|1.0|0.0|0.0|0.0|1.0|0
3.333618814520984||-0.3606376776164876|1.095310477315179|-0.33802139095346573||-1.4122078930407762|-0.3720650764879477||0.268181094895944|-0.3044676628499779||-0.25738378488117863|-0.30812072984216154||0.0|1.0|0.0|0.0|1.0|0.0|0.0|1.0|0.0|0.0|0.0|1.0|0.0|0.0|0.0|0
||||-0.3141221375682672|||-0.38580674332180426||1.877202293142593|2.3482835919531677|||||1.0|0.0|0.0|0.0|1.0|0.0|0.0|0.0|0.0|1.0|0.0|1.0|0.0|0.0|0.0|0
||-0.34611890813464663|0.9412693540438682|-0.323256125051449||2.166620874880024||-0.3099014866301968|-0.3592430776133342|-0.29610168245881224|-0.34081489647102386|-0.18975754678478793|-0.299878602380774||1.0|0.0|0.0|0.0|0.0|0.0|1.0|0.0|0.0|1.0|0.0|0.0|0.0|0.0|1.0|0
-0.23986681983771804|||-0.3473359891617364|0.6102966723446719|||1.4280481501205502|-0.3200085629328854||-1.3175786948350987|-0.3359939913377898||||0.0|1.0|0.0|0.0|0.0|0.0|1.0|1.0|0.0|0.0|0.0|0.0|0.0|0.0|1.0|0
-0.2517183906600804||0.7642855857246003|||2.6843185751654226||2.6645725220340797|-0.30033801801709503|-0.3663942829388748|-0.2862647604604086|||-0.30186281825110806||0.0|1.0|0.0|0.0|0.0|0.0|1.0|1.0|0.0|0.0|0.0|0.0|0.0|0.0|1.0|0
|-0.22244413811979064||-0.3469252128330129|-0.3280925579518359|0.7313488640664272||-0.3792405281351831|1.7571768198328104|||-0.33278005458230037|||0.5115427466400685|0.0|1.0|0.0|1.0|0.0|0.0|0.0|1.0|0.0|0.0|0.0|0.0|0.0|0.0|1.0|0
-1.075165531397818||-0.35354711577651876|-0.3391204625872665||-0.35948114776094214|-0.33716361913387055|-0.3863257225289942||||-0.34282360694320474|-0.25738378488117863||2.0783579458994237|0.0|1.0|0.0|0.0|1.0|0.0|0.0|0.0|0.0|0.0|1.0|0.0|0.0|1.0|0.0|1
|||-1.4617721689885792|||||-0.3155791669436593|-0.3637596283452546|1.826558990635966||-0.21680804202334422|||0.0|1.0|0.0|0.0|1.0|0.0|0.0|0.0|0.0|0.0|1.0|0.0|0.0|0.0|1.0|0
-0.2578812074877089||0.8790851583717147||0.9231828954964398|-0.356380132390219|||-0.30917667637741436|-0.36413600757291464|-0.2953662116551933||-0.2709090325004568|||0.0|1.0|0.0|0.0|0.0|0.0|1.0|1.0|0.0|0.0|0.0|1.0|0.0|0.0|0.0|0
-0.23797056850614007|-0.22244413811979064|0.5088002622844533|-1.2050369635363947||||3.018832241724635|-0.32407555379572023|-0.3731691090367555|-0.31067319775551294|3.5159092101162526||0.6586502949805929||1.0|0.0|0.0|0.0|0.0|1.0|0.0|0.0|0.0|0.0|1.0|0.0|0.0|0.0|1.0|1
|-0.22244413811979064||0.5818400664108099||-0.37092810573435264|3.2033846405172475|||-0.3626304906622745|-0.3093401569239535|-0.3339852808656089|-0.284434280119735|||0.0|1.0|0.0|0.0|0.0|0.0|1.0|1.0|0.0|0.0|0.0|0.0|0.0|0.0|1.0|0
-0.2607255844850758|||-0.3530868577638654||-0.36390296597475125|1.3092969917569355|-0.3907708922601432||-0.35811393993035406|-1.3899766020663404|-0.3367974755266621|-0.25738378488117863||1.2949503462697463|0.0|1.0|0.0|0.0|0.0|0.0|1.0|0.0|0.0|0.0|1.0|0.0|0.0|0.0|1.0|0
-0.9329466815294696||-0.34001877398026076||2.085812865700856||1.4887368742710703|-0.37836051991429576|||-0.30630633985902533||1.7308276151527089|0.7006240922376592||1.0|0.0|0.0|0.0|0.0|0.0|1.0|0.0|1.0|0.0|0.0|0.0|0.0|1.0|0.0|0
2.0536491657058478|||-0.35596229206492985|||-0.34434121443443594||-0.3185790760454533||-0.30501926595269213||-0.25738378488117863||-0.2718648529896093|0.0|1.0|0.0|0.0|0.0|0.0|1.0|1.0|0.0|0.0|0.0|1.0|0.0|0.0|0.0|0
0.9751562208708722||||1.1683725300007315|-0.36415181288721665|-0.34793001208471863||-0.2952240790113522|||2.5517281834694336|||1.2949503462697463|0.0|1.0|0.0|0.0|0.0|0.0|1.0|1.0|0.0|0.0|0.0|0.0|0.0|0.0|1.0|0
|-0.22244413811979064|-0.3466141219774381||0.6921388168289342|||1.2543029372786854|1.234709429285463|-0.36413600757291464||0.6735838919803171||||0.0|1.0|0.0|0.0|1.0|0.0|0.0|1.0|0.0|0.0|0.0|0.0|0.0|1.0|0.0|0
|-1.810895905753348|-1.9813375267522222||1.2549298597639225|-0.34277012048537814||-0.3695830020187782|-0.305170086368978||-0.2912291883848366|-0.3355922492433536|||1.2949503462697463|0.0|1.0|0.0|0.0|0.0|0.0|1.0|0.0|0.0|0.0|1.0|0.0|0.0|1.0|0.0|0
-0.21094898703115386|-0.22244413811979064||-0.3350126993000316|-0.2992490960027321||-0.3319798003056844|1.6311269703253268|0.40319100039893385|0.7198361680879858|-0.3141207171474768|0.6133225778148909|-0.2709090325004568|-0.30033649835085113|-1.0552724526192871|1.0|0.0|0.0|0.0|1.0|0.0|0.0|0.0|0.0|0.0|1.0|1.0|0.0|0.0|0.0|1
|-0.22244413811979064||||-0.37730241510750595|||-0.3146127532732827||||-0.24385853726190052|-0.285378563328333|-0.2718648529896093|0.0|1.0|0.0|0.0|0.0|0.0|1.0|1.0|0.0|0.0|0.0|0.0|0.0|1.0|0.0|0
0.9158983667590603|-0.22244413811979064|||-0.3261121801346858||-0.33118228971673275|-0.3790600136283344|-1.7188923508030078||-0.2894364783010154||-0.23033328964262237|-0.3059838819818018|-1.0552724526192871|0.0|1.0|0.0|0.0|0.0|1.0|0.0|0.0|0.0|0.0|1.0|0.0|0.0|1.0|0.0|0
|-0.22244413811979064|1.1514527719070258||-0.3504155922580783||-0.34154992737310497||-1.2210886424683967|-0.34757532155587306|3.2032684011602117|-0.33920792809327915|-0.24385853726190052|-0.2981996504904914|-1.0552724526192871|0.0|1.0|1.0|0.0|0.0|0.0|0.0|0.0|0.0|1.0|0.0|0.0|0.0|0.0|1.0|0
-0.24982213932850245|||||-0.35630356410946035|-1.3623634812312944||0.6961351442318395|-0.35698480224737394||-0.3424218648487686|-0.2709090325004568|||0.0|1.0|1.0|0.0|0.0|0.0|0.0|1.0|0.0|0.0|0.0|0.0|0.0|1.0|0.0|0
|-0.22244413811979064|||||-0.3507212991460496|-0.40372280812653677|-0.3297532341091827|-0.35020997614949334|-0.3165109972592384|-0.31148772357718313|-0.17623229916550978|-0.26981010034571207||0.0|1.0|0.0|0.0|0.0|1.0|0.0|0.0|1.0|0.0|0.0|1.0|0.0|0.0|0.0|1
|-0.18185037072471083||-0.340352791573437||2.714945887468862|-1.1231103045457813|0.3551150500386459||||1.0652824340555873|-0.21680804202334422|||1.0|0.0|0.0|0.0|0.0|1.0|0.0|1.0|0.0|0.0|0.0|0.0|0.0|0.0|1.0|0
||-0.3586343125251948|-1.1947675553183073|-0.3359871253045565|0.6538234797983465|-0.34314494855100836||-0.3265117215897945|-1.3690685454252078||-0.33639573343222595|-0.2709090325004568|||0.0|1.0|0.0|0.0|0.0|0.0|1.0|0.0|0.0|1.0|0.0|0.0|0.0|0.0|1.0|1
|-0.20126478121800986|-0.36802086581810595|-0.3580161737085473|0.6611533135674028||-0.3563038732687116|-0.39790121528066646|-0.3244782261583771||||0.37830285322489426|-0.2969785945702858|-0.2718648529896093|0.0|1.0|0.0|0.0|0.0|0.0|1.0|0.0|0.0|1.0|0.0|0.0|1.0|0.0|0.0|0
2.978071689850113|-0.22244413811979064|-0.3596022304906509|||-0.3501398175083932|-0.34314494855100836|0.762965013949906||-0.3716635921261153|-0.3023991512147996|||||1.0|0.0|0.0|0.0|0.0|1.0|0.0|0.0|0.0|1.0|0.0|0.0|0.0|0.0|1.0|0
||-0.3643742911575505|||||-0.3800528434160022||-0.35472652688141376|-1.800231409710043|||-0.2969785945702858|-0.2718648529896093|1.0|0.0|0.0|0.0|0.0|0.0|1.0|0.0|0.0|1.0|0.0|0.0|1.0|0.0|0.0|0
-0.22848931184825017|||1.228812784150315||||-0.39417810357691224|-0.32212259283683414|-0.3716635921261153|-0.3086506530455608|-0.35688458024847086||||0.0|1.0|0.0|0.0|0.0|1.0|0.0|1.0|0.0|0.0|0.0|1.0|0.0|0.0|0.0|0
|-0.22244413811979064|-0.3451509901691906|0.4277989431394992|||-0.34793001208471863|-0.39792377959402253|-0.30833106441583485|-1.4067064681912111||0.9045855962811175|-0.25738378488117863|-0.31468390541326646|0.5115427466400685|0.0|1.0|0.0|0.0|0.0|0.0|1.0|1.0|0.0|0.0|0.0|0.0|0.0|0.0|1.0|0
|-0.15890606741444835|-0.34276495983574073|-0.35555151573620636|-0.31984771969268055|1.0983980599529575|0.3622531673767795||-0.33142432441420894|-0.3652651452558947|-0.3182117734926073|||||0.0|1.0|1.0|0.0|0.0|0.0|0.0|0.0|0.0|0.0|1.0|0.0|0.0|1.0|0.0|0
-0.23228181451140612|-0.22244413811979064|1.0034513620727554|||||-0.3894395977721341||1.7078316406955771||-0.32193301803252367||||1.0|0.0|0.0|1.0|0.0|0.0|0.0|1.0|0.0|0.0|0.0|0.0|0.0|0.0|1.0|0
-0.24934807649560795|6.4843522141107846||||-1.1618018776899135|-1.8209320698785278|1.10650668479632||-0.3592430776133342||1.4067632143263358|-0.284434280119735|-1.256881179841884||1.0|0.0|1.0|0.0|0.0|0.0|0.0|0.0|0.0|1.0|0.0|0.0|0.0|1.0|0.0|0
2.0417975948834854||0.3281597582661995||-0.33693016236034223|-0.3550019033365642||-0.38183542417113303|||||-0.23033328964262237|||0.0|1.0|0.0|1.0|0.0|0.0|0.0|0.0|0.0|0.0|1.0|0.0|0.0|0.0|1.0|1
||||-0.32898170717586245|||||-0.36865255830483507|-0.30184754811208536||-0.20328279440406608|||0.0|1.0|0.0|0.0|0.0|1.0|0.0|0.0|0.0|1.0|0.0|0.0|0.0|0.0|1.0|0
|5.601879009869919||-1.348808678589618|-0.3250613674153817|-0.3519391721062203|-0.3447399697289118|-0.37876667755470533|-0.32449835977651|-0.3637596283452546||||-0.2974364905403629||0.0|1.0|0.0|1.0|0.0|0.0|0.0|0.0|0.0|1.0|0.0|0.0|0.0|1.0|0.0|0
-1.5492283642923128||||-0.3208715884961051|0.19297813998253355|||-0.3345853024610657|||||||0.0|1.0|0.0|1.0|0.0|0.0|0.0|0.0|0.0|1.0|0.0|0.0|0.0|0.0|1.0|0
|-0.22244413811979064|0.44577304592917466|-0.3600700553521648||-0.338463154692707|0.2825021084816084||-0.3104652279379165|-0.37015807521547517||-0.35527761187072615|-0.24385853726190052|-0.31468390541326646||1.0|0.0|0.0|0.0|0.0|1.0|0.0|1.0|0.0|0.0|0.0|1.0|0.0|0.0|0.0|0
0.6314606670223634|-0.22244413811979064|-0.34474581520690667||||1.7080522862327907|-0.3914703859741819||-0.3551029061090738|0.9945576440420146||-0.284434280119735|-1.3904341711143673|-1.0552724526192871|0.0|1.0|0.0|0.0|0.0|0.0|1.0|0.0|0.0|1.0|0.0|0.0|0.0|0.0|1.0|0
0.8684920834696108||1.5442473881211725|||-0.36409438667664773|-0.3507212991460496|2.92857498830029||||2.7525992306875207||-0.30888388979229003||0.0|1.0|0.0|0.0|0.0|1.0|0.0|0.0|0.0|0.0|1.0|0.0|0.0|1.0|0.0|0
-0.4944385611020618|-0.1606710138229301||2.1325207073420045|-0.32061562129524895|||-1.721929994389099||-1.6231245240957315|0.7405903821673416||-0.16270705154623163|-0.3076628338720845||0.0|1.0|0.0|0.0|0.0|0.0|1.0|0.0|0.0|0.0|1.0|0.0|0.0|1.0|0.0|0
|-0.18008542431622912|-1.073070319632404|-0.3580161737085473|||-1.143048069269574|-0.3891913903252172|-0.3041835390804686|-1.3220211419677035|||||-0.2718648529896093|0.0|1.0|0.0|0.0|0.0|0.0|1.0|1.0|0.0|0.0|0.0|0.0|0.0|0.0|1.0|0
-0.2531405791587639|||-1.4720415772066666|-0.3362700364212922|-0.3443397702409294||||||1.0251082246119698||-1.783461545430533||0.0|1.0|0.0|1.0|0.0|0.0|0.0|0.0|0.0|1.0|0.0|0.0|0.0|0.0|1.0|0
-0.24792588799692447|-0.22244413811979064|-0.3424273140338374|-0.3543191867500359|-0.31949744878624586|0.4092835331255735|-0.3610889368024219||1.3836982034685217|-0.3603722152963143|-0.30956999155008447|||1.0707566680499705||0.0|1.0|0.0|0.0|1.0|0.0|0.0|0.0|0.0|0.0|1.0|1.0|0.0|0.0|0.0|0
||||-0.3260717642608664||2.0469942865372674||-0.32329034268853923||||-0.18975754678478793||2.8617655455291016|0.0|1.0|0.0|1.0|0.0|0.0|0.0|0.0|0.0|1.0|0.0|1.0|0.0|0.0|0.0|0
-0.2569330818219199||2.3242091905177444|-0.34446055486067195|1.0137818126415696|-0.3531834066685475||-1.535774409201387|||||-0.6360907182209669|-0.30033649835085113|-0.2718648529896093|1.0|0.0|0.0|0.0|1.0|0.0|0.0|0.0|0.0|0.0|1.0|0.0|0.0|1.0|0.0|1
|-0.22244413811979064|-0.35631581135212564|1.5574338471291111|-0.3336295326650921|||1.6954352633901728||0.268181094895944|-0.2984000287201215|-0.3400114122821515|1.7308276151527089|0.708255691738944|-1.0552724526192871|0.0|1.0|0.0|1.0|0.0|0.0|0.0|0.0|0.0|0.0|1.0|0.0|0.0|0.0|1.0|0
||2.646098188332203|-0.3543191867500359|-1.1380266692923864|1.2027223424865474||-0.3924180871351375|-0.3253439717380895||-0.31196027166184614|-0.35005496464305585|-0.23033328964262237|-0.3093417857623671||1.0|0.0|0.0|0.0|0.0|0.0|1.0|0.0|0.0|0.0|1.0|0.0|0.0|0.0|1.0|0
||||||-0.36507648974718043||||1.3944698935098256|||-1.2683285790938112||0.0|1.0|0.0|1.0|0.0|0.0|0.0|0.0|0.0|1.0|0.0|1.0|0.0|0.0|0.0|0
|-0.22244413811979064|||1.3003977178107349||-0.34154992737310497||-0.3028144530474351|-0.36564152448355475||1.4067632143263358|2.4070899961166163|1.4904946406206327||0.0|1.0|0.0|0.0|0.0|0.0|1.0|0.0|0.0|0.0|1.0|0.0|0.0|1.0|0.0|0
|-0.22244413811979064|-0.3139750277934546|-0.36376704231067625|-0.2905462111736237||-0.3375623744283464||-0.30408287098980435||-0.29012598217940816|||-0.2974364905403629||1.0|0.0|0.0|0.0|1.0|0.0|0.0|1.0|0.0|0.0|0.0|1.0|0.0|0.0|0.0|1
-0.24223713400219052||1.8008581975676636|-0.3539084104213124|||-0.333176066189112|0.4690648324868818|1.437052291520563||-0.30851275226988223|-1.6565202557494958|0.37830285322489426|0.9677300747826261|0.5115427466400685|0.0|1.0|0.0|0.0|0.0|1.0|0.0|0.0|0.0|0.0|1.0|0.0|0.0|0.0|1.0|0
-1.5966346475817623|-0.22244413811979064|2.580819999964236|0.5613012499746352|-1.121186721867641|||-0.37217789805472806||||-1.0940813235388511||0.391544312435626|-0.2718648529896093|1.0|0.0|0.0|0.0|0.0|0.0|1.0|0.0|0.0|1.0|0.0|0.0|0.0|0.0|1.0|0
1.9825397407716736|-0.17126069227382046|||-0.33172998659558084||-0.3555063626797599|-1.18884809135156|-0.31193498206161424|1.6701937179295736|-1.524429858352932|1.3264147954391008|-0.25738378488117863||-0.2718648529896093|0.0|1.0|0.0|0.0|0.0|0.0|1.0|0.0|0.0|0.0|1.0|0.0|0.0|0.0|1.0|0
-0.2706809039758602|-0.16949574586533872|-0.34395797500246567|||-0.3513457679303411|2.405874051565537|-0.378180005407447||-0.35547928533673384|-0.2986298633462524|||0.986809073535838||0.0|1.0|0.0|1.0|0.0|0.0|0.0|0.0|0.0|0.0|1.0|0.0|1.0|0.0|0.0|0
|-0.22244413811979064|-0.3657698938054174|-0.34980064713407744|-0.34324851063410666|-0.3697795815229737|1.528612403718656|-0.3966601780460817|-0.3277801395321638|0.5316465542579684|-0.3144884525492863||1.0545652341888017|||0.0|1.0|0.0|0.0|0.0|1.0|0.0|0.0|0.0|0.0|1.0|0.0|0.0|1.0|0.0|0
-1.110720243864905|-0.22244413811979064|0.4198868677832567|||-0.3704112698392321|-0.35112005444052546|-0.3972919788200521||0.3810948631939544|-0.30524910057882304|-0.3376009597155345||0.7731242874998645|1.2949503462697463|0.0|1.0|0.0|0.0|0.0|0.0|1.0|0.0|0.0|1.0|0.0|0.0|0.0|0.0|1.0|0
-0.2156896153600988|-0.15184628178052142|||-0.31297702114338444||-0.3491262779681462|-0.3838662123731808|-0.30380100033594454||-0.28985018062805107|||||1.0|0.0|0.0|0.0|0.0|1.0|0.0|0.0|0.0|0.0|1.0|0.0|0.0|1.0|0.0|0
-0.2502962021613969||||||||-0.3226259332901553|-0.35811393993035406||-0.32394172850470454||-0.2826311875078704||1.0|0.0|0.0|0.0|0.0|1.0|0.0|0.0|0.0|1.0|0.0|0.0|0.0|1.0|0.0|0
|-0.22244413811979064|-0.7978889910812325||||-0.34434121443443594|0.4690648324868818|-0.3225655324357568|-0.3584903191580141|-0.3091103222978226||-0.24385853726190052|-0.2977417545204143|1.2949503462697463|0.0|1.0|0.0|0.0|0.0|1.0|0.0|1.0|0.0|0.0|0.0|0.0|0.0|0.0|1.0|0
-0.2502962021613969|-0.15361122818900316|-0.3668728700916348|-0.35719462105110034|-0.34436668314310975|-0.355614449582633|1.428923580099692|||-0.37542738440271567||||||1.0|0.0|1.0|0.0|0.0|0.0|0.0|0.0|0.0|0.0|1.0|0.0|0.0|0.0|1.0|0
||-0.33828552553049057|-0.3350126993000316||||-0.38409185550674163|-0.3132034000039835|-0.35886669838567414|-1.4922530106946024|-0.33117308620455566|-0.17623229916550978|||0.0|1.0|0.0|0.0|0.0|0.0|1.0|0.0|0.0|0.0|1.0|0.0|0.0|1.0|0.0|0
|-0.22244413811979064|||||-0.3375623744283464||1.447119100586986|-0.37693290131335583||-0.3516619330208006||-0.3110207376526498||0.0|1.0|0.0|0.0|0.0|0.0|1.0|1.0|0.0|0.0|0.0|0.0|0.0|1.0|0.0|1
1.579586332811353||||||-0.3411511720786291|3.133910239840675||-0.36677066216653487||-0.3556793539651623|2.068958805634663|2.2536545907491092||0.0|1.0|0.0|0.0|0.0|0.0|1.0|0.0|0.0|1.0|0.0|0.0|0.0|1.0|0.0|1
-1.7507050682724732|0.9688946876053774|-0.3434852708798011|||-0.3498909705959278|-0.3435437038454842||||3.2354452488185412||-1.9886154801487814|0.9486510760294141|-0.2718648529896093|1.0|0.0|0.0|0.0|0.0|0.0|1.0|0.0|0.0|1.0|0.0|0.0|0.0|0.0|1.0|0
-0.24602963666534647|-0.22244413811979064|-0.3622133580253695||-0.3396245539483015|-0.3558058702845295|-1.4919589519359473|-0.3826477394519522|0.9251550504929599|1.4443661813335529|-0.2926541630668483|0.7740194155893607|-0.20328279440406608|-0.29362069078972053||1.0|0.0|0.0|0.0|0.0|1.0|0.0|0.0|0.0|0.0|1.0|0.0|0.0|0.0|1.0|1
2.4091962903767192|-0.22244413811979064||-0.3526760814351419||3.3485484107462624|-0.3447399697289118||-0.2991098673109915|-0.35472652688141376||||-0.2862943552684871||0.0|1.0|0.0|0.0|0.0|0.0|1.0|0.0|0.0|0.0|1.0|0.0|0.0|0.0|1.0|0
-0.2261189976837777||-0.3396811281783575||||-0.35311383091290477|||-0.3596194568409942|-0.31356911404476256||-0.21680804202334422|||0.0|1.0|0.0|0.0|1.0|0.0|0.0|0.0|0.0|0.0|1.0|1.0|0.0|0.0|0.0|0
|-0.22244413811979064|-0.34996807027634397|-0.34980064713407744||0.6045326490599989|-0.33716361913387055|-0.3843174986403025||-0.37015807521547517|-0.3027668866166091|-0.33478876505448124||0.8456244827620698||0.0|1.0|0.0|0.0|0.0|0.0|1.0|1.0|0.0|0.0|0.0|1.0|0.0|0.0|0.0|0
|-0.22244413811979064||-0.3588377263659943|-0.3198881355665|-0.3651280584668888|-1.5418033637454291|-0.39198936518137184||-0.36978169598781513|-0.2861728266099562|-0.35688458024847086||||0.0|1.0|0.0|0.0|0.0|1.0|0.0|0.0|0.0|0.0|1.0|1.0|0.0|0.0|0.0|0
|-0.22244413811979064|-1.6324368647855012|-1.7595850073131132|0.8999437680502913|-0.36688912892433656||-0.3937493816231466||-0.368276179077175||-0.34724276998200265|-1.3123530991848742|3.123656933895573|2.0783579458994237|0.0|1.0|0.0|0.0|0.0|0.0|1.0|0.0|0.0|1.0|0.0|1.0|0.0|0.0|0.0|0
|-0.16596585304837527|-1.6189310327093702|-0.34569288384684244||||-0.4024140779518838|-0.3190622828806416||-0.3055249021301802||1.3926964246707552|||0.0|1.0|0.0|0.0|0.0|0.0|1.0|0.0|0.0|0.0|1.0|0.0|0.0|1.0|0.0|0
-0.2768437208034886|-0.22244413811979064|-0.3221010367592601|-1.3077310457172684|-0.2988179933486586|-0.3453925841013601|1.0301682856238368|-1.7309557197315335||-0.3712872128984553|-0.30851275226988223|0.723801653784839|-0.16270705154623163|-0.29575753865008025|0.5115427466400685|1.0|0.0|0.0|1.0|0.0|0.0|0.0|1.0|0.0|0.0|0.0|0.0|0.0|0.0|1.0|1
|-0.22244413811979064|-0.36113289145927907|-0.34938987080535394||-0.3515371886322376|||||||1.7308276151527089|||1.0|0.0|0.0|0.0|0.0|0.0|1.0|0.0|0.0|0.0|1.0|0.0|0.0|0.0|1.0|1
0.8447889418248861|-0.17655553149926564|-0.34863999678885776|0.5921094746288973|||-0.3519175650294772|0.5660913799180529|||-0.30855871919510836|-0.33639573343222595|2.4070899961166163|-0.29529964268000314||0.0|1.0|0.0|0.0|0.0|1.0|0.0|1.0|0.0|0.0|0.0|0.0|0.0|0.0|1.0|0
||-0.32552251421854667|||-1.549428799030317|-0.3495250332626221|0.7296826517496787|-0.9618683090080077|1.293814490269539|-0.3205560866791427|-0.3343870229600451|-0.23033328964262237|-0.29331542680966916||0.0|1.0|0.0|0.0|0.0|1.0|0.0|0.0|0.0|0.0|1.0|0.0|0.0|1.0|0.0|1
-0.2815843491324336||||-0.31196662429789973|-0.36103165544630383||3.2354496499430634||1.576098911014565|||-0.2709090325004568|||0.0|1.0|1.0|0.0|0.0|0.0|0.0|1.0|0.0|0.0|0.0|0.0|0.0|0.0|1.0|0
-0.2673624641455987|-0.22244413811979064||||0.747141071972888|2.7248782871462214||-0.30398220289914013|-1.5008012751062199|-0.2900340483289558|-0.3339852808656089|-0.25738378488117863|-0.29285753083959204||0.0|1.0|0.0|0.0|0.0|0.0|1.0|1.0|0.0|0.0|0.0|0.0|0.0|1.0|0.0|0
2.077352307350573|||-0.3407635679021605|||-0.34793001208471863||-0.3162033091057775|0.42814226665145877|1.7943821429776363||2.7452211865985703|0.23509652265928824|2.8617655455291016|0.0|1.0|0.0|0.0|0.0|0.0|1.0|0.0|0.0|0.0|1.0|0.0|0.0|0.0|1.0|1
|||-1.2461145964087441|-0.32774228704540115|-0.3480533318577214|-0.3339735767780637||||2.0632886555508194||1.7308276151527089||2.0783579458994237|0.0|1.0|0.0|0.0|0.0|1.0|0.0|0.0|0.0|0.0|1.0|0.0|0.0|0.0|1.0|0
-0.24745182516402997|-0.22244413811979064|-0.3437103680810699|1.0028858033523926|-0.32080422870640607|-0.349603839543083|-0.3642789791582287||-0.32137764896591886|-1.0303272405311763|-0.30791518224194175|0.6735838919803171|-0.25738378488117863|0.7425978894947254||1.0|0.0|0.0|0.0|0.0|1.0|0.0|0.0|0.0|0.0|1.0|0.0|0.0|1.0|0.0|0
|-0.22244413811979064|||-0.32725729655956853|-0.3533556853002543||-0.38018822929613877||||1.4268503190481445||-0.3039996661114678|0.5115427466400685|1.0|0.0|0.0|1.0|0.0|0.0|0.0|0.0|0.0|0.0|1.0|1.0|0.0|0.0|0.0|0
2.978071689850113|||-0.34610366017556593|-1.6553498541805625||-0.3503225438515738|-0.39122217852726493||-0.3626304906622745|2.6700520685364637|-0.3339852808656089||-0.29285753083959204|-1.0552724526192871|0.0|1.0|0.0|0.0|0.0|1.0|0.0|0.0|1.0|0.0|0.0|0.0|1.0|0.0|0.0|0
2.124758590640022|-0.22244413811979064|-0.34893262315050727||1.6324814810267123|-0.35664812137287405||-0.3835051833594834||||||-0.2986575464605684|2.0783579458994237|0.0|1.0|0.0|0.0|0.0|0.0|1.0|0.0|0.0|1.0|0.0|1.0|0.0|0.0|0.0|0
|||||-1.246984090033854|-0.35351258620738063||0.7942865326294626|||2.632076602356668|-0.25738378488117863|0.4335181096926921|2.8617655455291016|0.0|1.0|0.0|0.0|0.0|0.0|1.0|0.0|0.0|0.0|1.0|0.0|0.0|0.0|1.0|1
-0.24602963666534647|-0.22244413811979064|-0.34319264451815157|-0.3666424766117407||-0.37690043163352327||0.09280490727414253|-0.31080749944617486|-0.3690289375324951||-0.3351905071489174|-0.2709090325004568|-0.2940785867597976||0.0|1.0|0.0|1.0|0.0|0.0|0.0|1.0|0.0|0.0|0.0|1.0|0.0|0.0|0.0|0
||-0.366625263170239||-0.3441241879001934||-0.3435437038454842|-0.3742989435102002|-0.31183431397095|0.6257413611729771|||2.4070899961166163|2.39865498127352|-1.0552724526192871|1.0|0.0|0.0|0.0|0.0|0.0|1.0|1.0|0.0|0.0|0.0|0.0|0.0|0.0|1.0|0
||-0.35381723241804136|-0.34856831814790695|-0.33108333261447065|-0.35107777894768605||-0.37790923364717405|-0.32818281189482074|-0.37203997135377537|-0.31490215487632195|||||1.0|0.0|0.0|0.0|0.0|0.0|1.0|0.0|0.0|1.0|0.0|0.0|1.0|0.0|0.0|0
|-0.22244413811979064|-0.35897195832709805|1.7012055621823345|||-0.3323785556001603|0.5762453209282917|||||-0.25738378488117863|||0.0|1.0|0.0|0.0|0.0|0.0|1.0|0.0|0.0|0.0|1.0|0.0|0.0|0.0|1.0|0
-0.24128900833640152|-0.22244413811979064||-0.3588377263659943||||||0.3905043438854553|-0.28373657957296844|-0.34202012275433236|-0.18975754678478793|||0.0|1.0|0.0|1.0|0.0|0.0|0.0|0.0|1.0|0.0|0.0|1.0|0.0|0.0|0.0|1
-0.245555573832452|-0.22244413811979064||-0.33131571234152013|||||0.547146370048781|||1.1456308529428223|-0.23033328964262237|-0.2785101237771767||0.0|1.0|0.0|1.0|0.0|0.0|0.0|0.0|0.0|0.0|1.0|1.0|0.0|0.0|0.0|0
-0.243659322500874|-0.22244413811979064||||-0.36652542959073325|0.7211329324050492|0.35285861870303725||-0.3505863553771534||-0.3564828381540347|0.37830285322489426|-0.31590496133347207||0.0|1.0|0.0|0.0|0.0|0.0|1.0|1.0|0.0|0.0|0.0|0.0|0.0|0.0|1.0|0
|-0.22244413811979064||-0.342817449545778||-0.3591365904975285|-1.5418033637454291|-0.3859872578286529|||-0.2978024586921811|2.91329606846199|-0.25738378488117863|-0.30735756989203306||1.0|0.0|0.0|0.0|0.0|0.0|1.0|0.0|0.0|1.0|0.0|0.0|0.0|0.0|1.0|0
-0.2531405791587639|-0.22244413811979064|-0.3712622655163774|0.5921094746288973||-0.3631181410969756|-0.3403536614896774||-1.3333335635590118||||-0.6360907182209669|||1.0|0.0|0.0|0.0|1.0|0.0|0.0|0.0|0.0|0.0|1.0|1.0|0.0|0.0|0.0|0
-0.25503683049034187|||-0.34322822587450147|-1.2239104011585875|||-0.3714784043406894|-0.30925721084994573||2.1506258134805716|1.8085053087625105|-0.20328279440406608|-1.4629343663765726|0.5115427466400685|1.0|0.0|0.0|0.0|0.0|1.0|0.0|0.0|0.0|0.0|1.0|1.0|0.0|0.0|0.0|0
-0.245555573832452||-0.362123319144862|0.4996848006661109|||||-0.3235923469605319|1.0491679922905164|||-0.24385853726190052|-0.3117838976027783||0.0|1.0|0.0|0.0|0.0|1.0|0.0|0.0|0.0|0.0|1.0|0.0|0.0|0.0|1.0|0
|-0.22244413811979064||-0.3584269500372708|-0.3365798914539075||-0.3435437038454842|0.5531168997383032|-0.30096216017921323|2.0653919069726103||-0.32434347059914076||-1.79490894468246|0.5115427466400685|0.0|1.0|1.0|0.0|0.0|0.0|0.0|1.0|0.0|0.0|0.0|0.0|0.0|1.0|0.0|0
|-0.22244413811979064||-0.34938987080535394|2.6502879033783193|1.6745743726614088|||||||-0.23033328964262237|||0.0|1.0|0.0|0.0|0.0|0.0|1.0|1.0|0.0|0.0|0.0|1.0|0.0|0.0|0.0|0
-0.24318525966797952|-0.22244413811979064|-0.36538722856326034|0.09917788016070295|||0.8008839913002201|-0.3939750247567074|-0.3056734268222992|-0.3799439351346361|0.9945576440420146|||||0.0|1.0|0.0|0.0|0.0|0.0|1.0|0.0|0.0|0.0|1.0|0.0|0.0|1.0|0.0|0
||0.4502749899545517|-0.3510329761202479|-1.2191952158796588|-0.3524177238609615|-0.3586964050355667|1.8364622218657123||-1.1150125667546842|-0.3036402581959066|-0.34282360694320474|-0.23033328964262237|1.6202318321424738|2.0783579458994237|0.0|1.0|0.0|1.0|0.0|0.0|0.0|0.0|0.0|0.0|1.0|0.0|0.0|0.0|1.0|0
|||-0.34322822587450147|0.18828758988055438|1.2352638618089518|-0.3435437038454842|-1.242438335572265||2.7993314009096784|-0.3110409331573224|-0.3271556652601939|-0.24385853726190052|||0.0|1.0|0.0|1.0|0.0|0.0|0.0|0.0|0.0|0.0|1.0|0.0|0.0|1.0|0.0|0
-0.2166377410258878||0.8216853720481575||-0.34145674022811373|-0.3484744574018937|-0.3670702662195597|-0.3753143376112241|-0.3080894609982407|-0.3505863553771534|-1.6232587475892302|-0.33036960201568333|||0.5115427466400685|0.0|1.0|0.0|0.0|0.0|0.0|1.0|0.0|0.0|1.0|0.0|1.0|0.0|0.0|0.0|0
1.3662580580088304|-0.22244413811979064||3.5086214085657135|-0.3127614698163478||||||-0.2925162622911698|-1.6766073604713043|-0.20328279440406608|2.3147073867593875||0.0|1.0|0.0|0.0|0.0|0.0|1.0|0.0|0.0|0.0|1.0|0.0|0.0|0.0|1.0|1
|-0.14655144255507624|-0.360952813698264||-0.3383447179440208||||||||1.3926964246707552||1.2949503462697463|0.0|1.0|0.0|0.0|0.0|0.0|1.0|1.0|0.0|0.0|0.0|0.0|0.0|0.0|1.0|0
-0.23133368884561714||||-1.0777396575117981||-0.3459362356123394|-0.3725614913817816||-0.36865255830483507|-0.2958258809074551|||-0.7035902159987382|-1.0552724526192871|0.0|1.0|0.0|0.0|0.0|1.0|0.0|0.0|0.0|0.0|1.0|0.0|0.0|1.0|0.0|0
-0.24934807649560795|-0.22244413811979064|0.49923363123052705|0.6434565157193342|||||-0.31418994729249294|||-0.32554869688244925||-0.2841575074081274||0.0|1.0|0.0|0.0|0.0|0.0|1.0|1.0|0.0|0.0|0.0|1.0|0.0|0.0|0.0|0
|-0.22244413811979064||2.3995253210122764|-0.33761723221527185|0.5935259587009505|-0.3503225438515738||-0.32616945008153614|-0.36488876602823467||2.5919023929130507|-0.284434280119735||-1.0552724526192871|0.0|1.0|0.0|0.0|0.0|0.0|1.0|1.0|0.0|0.0|0.0|1.0|0.0|0.0|0.0|0
1.0699687874497712|-0.22244413811979064|||||-0.35590511797423574||||-0.3058007036815373|2.3910313456949637||-0.3126996895429324|-0.2718648529896093|1.0|0.0|0.0|0.0|0.0|0.0|1.0|0.0|0.0|0.0|1.0|1.0|0.0|0.0|0.0|1
|-0.22244413811979064|-0.35631581135212564|||0.5863476823798318|||||0.7842589611322176|||3.2915521229238376|-1.0552724526192871|0.0|1.0|0.0|0.0|0.0|0.0|1.0|0.0|0.0|0.0|1.0|1.0|0.0|0.0|0.0|0
|-1.325535643420872|-0.3492702689524106||-0.32646245104112054|1.9550057009397748|0.25259546139591926||-0.2974589106240981||-0.28332287724593275|-0.36170548538170494||-0.3212470809843714|-1.0552724526192871|0.0|1.0|0.0|0.0|0.0|1.0|0.0|0.0|0.0|0.0|1.0|0.0|1.0|0.0|0.0|0
-0.25503683049034187|||-1.6260827004779772||1.0428860564029736|||3.0044544631626042||-1.2095564205535636||-0.284434280119735|-0.3171260172536776||1.0|0.0|0.0|0.0|0.0|0.0|1.0|0.0|0.0|1.0|0.0|0.0|0.0|1.0|0.0|1
|-0.16773079945685698||-0.340352791573437|-0.3160351555957182||-0.34434121443443594|-0.3987360948748417||-0.3603722152963143||||0.6281238969754539|-1.0552724526192871|0.0|1.0|0.0|1.0|0.0|0.0|0.0|1.0|0.0|0.0|0.0|0.0|0.0|0.0|1.0|0
0.7144216627789|||-0.3469252128330129||-0.3603042567790971|-0.35231632032395305||-0.302170177267184|||-0.36612464842050285||||0.0|1.0|0.0|0.0|0.0|0.0|1.0|0.0|0.0|1.0|0.0|1.0|0.0|0.0|0.0|0
||||||3.4027622877551758|-0.3840015982533173||-0.379191176679316|-0.29614764938403837||-0.23033328964262237|||0.0|1.0|0.0|1.0|0.0|0.0|0.0|0.0|0.0|1.0|0.0|0.0|0.0|0.0|1.0|0
-0.27636965797059415|-0.22244413811979064|||-0.30634881783700474||-0.3543100967963323|-0.3749758729108828|-0.33142432441420894|-0.35359738919843364|-0.3182117734926073|-0.3576880644373432|-0.2709090325004568|2.0552330037157054|-0.2718648529896093|1.0|0.0|0.0|1.0|0.0|0.0|0.0|1.0|0.0|0.0|0.0|0.0|0.0|1.0|0.0|0
||-0.33432381478815876|1.5368950306929365|-0.3112526105270906||-1.2626746576123304||2.0380407927860085|||||-0.3093417857623671|-1.0552724526192871|1.0|0.0|0.0|0.0|0.0|1.0|0.0|0.0|0.0|0.0|1.0|0.0|0.0|0.0|1.0|0
0.5129449587987397|-0.22244413811979064||-0.35514073940748286|||-0.3339735767780637|-0.39219244400157666|-0.31986762760595544||-0.3063523067842515|-0.3400114122821515|-0.284434280119735|-0.29911544243064553|-1.0552724526192871|0.0|1.0|0.0|0.0|0.0|0.0|1.0|0.0|0.0|0.0|1.0|1.0|0.0|0.0|0.0|0
-0.2645180871482318|||-0.3333695939851376||-0.3575669407419772|-1.2726435399742269|-0.3844077558937269|0.8914312401204433|3.2886243968677236|-0.2940331708236339|-1.7368686746367306||-0.285378563328333||0.0|1.0|0.0|0.0|0.0|0.0|1.0|0.0|0.0|0.0|1.0|0.0|0.0|0.0|1.0|1
-0.2360743171745621||-0.35264672697144334|-0.34856831814790695|||||||||||-0.2718648529896093|0.0|1.0|0.0|0.0|0.0|1.0|0.0|0.0|0.0|0.0|1.0|0.0|0.0|1.0|0.0|0
|0.7924000467572043|-0.34866250650898467|-0.3600700553521648|-0.3258427409758899|-0.34799590564715244|||-0.3038211339540774||-0.28985018062805107|-0.32434347059914076|-0.20328279440406608|-1.79490894468246||0.0|1.0|0.0|0.0|1.0|0.0|0.0|0.0|0.0|0.0|1.0|0.0|0.0|0.0|1.0|0
|-0.22244413811979064|-0.3527817852922046|-0.34980064713407744|3.239012465347415|2.8144846524550395|||||-0.30630633985902533|-0.345635801604258||-0.30476282606159627||1.0|0.0|0.0|1.0|0.0|0.0|0.0|1.0|0.0|0.0|0.0|0.0|0.0|0.0|1.0|0
|-0.22244413811979064|||-0.3401769042238331||-0.34753125679024277|||-0.3524682515154535|||-0.2709090325004568|-0.3126996895429324|-0.2718648529896093|0.0|1.0|0.0|0.0|0.0|1.0|0.0|0.0|0.0|0.0|1.0|1.0|0.0|0.0|0.0|1
-0.18629771972064013|-0.22244413811979064|-1.4163435515674034|1.064502252660917||-0.350369522350669|0.2426265790340229|-0.3772097399331354||-0.3611249737516343|||-0.2709090325004568|-0.30476282606159627||1.0|0.0|0.0|0.0|0.0|1.0|0.0|0.0|0.0|1.0|0.0|1.0|0.0|0.0|0.0|0
|-0.22244413811979064|-0.35190390620725615|-0.3596592790234413|-0.32914337067113997|-0.3737419900522311||||-0.3630068698899345|-0.2911832214596104|-1.7971299888021568|||-1.0552724526192871|0.0|1.0|0.0|0.0|0.0|0.0|1.0|0.0|1.0|0.0|0.0|0.0|0.0|0.0|1.0|1
|-0.22244413811979064|||||-1.4022390106788798|||-0.35472652688141376|-0.298032293318312||-0.2709090325004568|||1.0|0.0|0.0|0.0|0.0|0.0|1.0|0.0|0.0|0.0|1.0|1.0|0.0|0.0|0.0|0
-0.2673624641455987||0.6838133362709856||-1.4569752735170627|-1.6403536324311523|1.767865580404169||-1.0700865064720537|-0.35811393993035406||||||1.0|0.0|0.0|1.0|0.0|0.0|0.0|0.0|0.0|0.0|1.0|1.0|0.0|0.0|0.0|1
1.6032894744560777|-0.19596994199256468||-0.34856831814790695|1.458019625706351|||-0.391763722047811|-0.32943109621905714|||||-0.29209437088946355||0.0|1.0|0.0|0.0|0.0|1.0|0.0|0.0|0.0|0.0|1.0|0.0|0.0|0.0|1.0|0
2.504008856955618||3.073782870743022||-0.3308543093294941|||-0.4008345760169577|||-0.3210157559314046|||||0.0|1.0|1.0|0.0|0.0|0.0|0.0|0.0|0.0|0.0|1.0|0.0|1.0|0.0|0.0|0
1.6981020410349768||-0.3475370205026404||-0.3246976245510072||||-0.32457889424904135|-0.35698480224737394|-1.2003630355083266|0.8242371773938826||-0.2916364749193865|0.5115427466400685|1.0|0.0|0.0|0.0|0.0|0.0|1.0|0.0|1.0|0.0|0.0|1.0|0.0|0.0|0.0|0
-0.22943743751403917|-0.22244413811979064|-0.34258488207472565|0.6845341485916837||-0.3545042095116333|||-0.30674050858334|-1.4161159488827122||-0.3323783124878642|-0.20328279440406608||-1.0552724526192871|0.0|1.0|1.0|0.0|0.0|0.0|0.0|1.0|0.0|0.0|0.0|0.0|0.0|1.0|0.0|0
-0.2616737101508648|||||||-0.37436663645026846||-0.3592430776133342|-0.3020314158129901|-0.3452340595098218|||-1.0552724526192871|0.0|1.0|0.0|0.0|0.0|1.0|0.0|1.0|0.0|0.0|0.0|0.0|0.0|0.0|1.0|0
|-0.22244413811979064|-0.34204464879168045||||-1.4720211872121545||-0.3055324914953693||-0.29159692378664603|-0.34402883322651323|-0.21680804202334422|-0.3032365061613393|0.5115427466400685|0.0|1.0|0.0|1.0|0.0|0.0|0.0|0.0|0.0|0.0|1.0|0.0|0.0|1.0|0.0|0
2.7173371317581405|-0.1730256386823022||-0.342817449545778|-0.3121282877931773|-0.352226303159065|1.8675544040231327|||0.7951120136199928|-0.2955041124308718|||-0.3093417857623671||0.0|1.0|0.0|0.0|0.0|1.0|0.0|0.0|0.0|0.0|1.0|0.0|1.0|0.0|0.0|0
|-0.22244413811979064|0.6770604202329201||-0.322730718691797|2.58669401719821|-0.3343723320725396|||-0.36865255830483507|-0.3069039098869657|-1.1242119806215642|-0.25738378488117863|-0.3105628416825727||0.0|1.0|0.0|0.0|1.0|0.0|0.0|0.0|0.0|1.0|0.0|0.0|0.0|1.0|0.0|0
|||-0.3522653051064184|-0.3278635346668593|-1.7049581193212195|-0.3519175650294772||-0.3234312780154691|-0.35999583606865426||-1.5359976274186433|-0.284434280119735|2.032338205211851||1.0|0.0|0.0|0.0|0.0|0.0|1.0|1.0|0.0|0.0|0.0|0.0|0.0|1.0|0.0|0
-0.25645901898902534||0.9916337590061407|0.4996848006661109||-0.34891472501625564|||0.8471372802281826|3.025158937505699|-0.29587184783268133|-0.35085844883192824||-0.3101049457124956||0.0|1.0|0.0|1.0|0.0|0.0|0.0|1.0|0.0|0.0|0.0|0.0|0.0|1.0|0.0|1
|-0.22244413811979064||||0.6605232043647239|0.9504172267286658|||-0.3618777322069544||-0.32996785992124716|-0.2709090325004568|-0.2887364671088983|2.0783579458994237|0.0|1.0|0.0|0.0|0.0|1.0|0.0|0.0|0.0|1.0|0.0|1.0|0.0|0.0|0.0|1
-0.23370400301008962|-0.22244413811979064|||-0.3243338816866327|2.2785066871448527|-0.33716361913387055|||-0.3637596283452546|3.2032684011602117|-0.3343870229600451|-0.20328279440406608|||0.0|1.0|0.0|1.0|0.0|0.0|0.0|0.0|0.0|0.0|1.0|0.0|0.0|0.0|1.0|0
-0.23844463133903457||-0.34492589296792175||0.7349122832877872|0.026920681087323678|||-0.3116732450258872|-0.35472652688141376|||-1.3123530991848742|-0.2977417545204143||0.0|1.0|0.0|0.0|1.0|0.0|0.0|0.0|0.0|0.0|1.0|0.0|1.0|0.0|0.0|0
|-0.22244413811979064|-1.0747585486419204|||||-0.3822415818115426|-0.32167965323791153|0.7668835715454901|-0.3081909837932989|0.7037145490630302|-0.2709090325004568|-0.29652069860020874|0.5115427466400685|0.0|1.0|0.0|0.0|0.0|1.0|0.0|0.0|0.0|0.0|1.0|0.0|0.0|0.0|1.0|1
-0.23891869417192907|-0.22244413811979064|0.6978819113502889|||-0.3496995498940313||-0.37653281053245274||-0.37015807521547517|-0.3177980711655716|-1.3451701325614605|2.4070899961166163|-0.3015575542710567|0.5115427466400685|0.0|1.0|0.0|0.0|0.0|1.0|0.0|0.0|0.0|0.0|1.0|1.0|0.0|0.0|0.0|0
|-0.22244413811979064|-0.35251166865068206|-0.34774676549045996|-0.3297630807363706|1.7080729954932956||-0.3822867104382548|-0.30694184476466846||||-0.25738378488117863|||0.0|1.0|0.0|1.0|0.0|0.0|0.0|0.0|0.0|1.0|0.0|1.0|0.0|0.0|0.0|0
-0.23702244284035107||||-0.3451211127877383||-0.3403536614896774|0.6298355651489969||0.5316465542579684||-0.32996785992124716|-0.18975754678478793|-0.2887364671088983||0.0|1.0|0.0|0.0|0.0|1.0|0.0|1.0|0.0|0.0|0.0|0.0|0.0|0.0|1.0|0
|-0.22244413811979064||1.4958173978205869|-0.33090819716125325|-0.3582177711284253||||0.43755174734295965|||-0.16270705154623163|-0.28949962705902677||0.0|1.0|0.0|0.0|0.0|0.0|1.0|1.0|0.0|0.0|0.0|0.0|0.0|0.0|1.0|0
|||-0.3613023843383353|2.171359798618562|-0.3674825331002157|-0.35590511797423574|-0.39435861808376094||||-0.33478876505448124|1.7308276151527089||-0.2718648529896093|0.0|1.0|0.0|0.0|0.0|1.0|0.0|0.0|0.0|0.0|1.0|0.0|1.0|0.0|0.0|0
-0.5418448443915113|-0.22244413811979064|-0.3331307996214339|-0.3604808316808883|-0.31004013431250893|||||0.41873278595995794|||1.0545652341888017|||1.0|0.0|0.0|0.0|0.0|0.0|1.0|1.0|0.0|0.0|0.0|1.0|0.0|0.0|0.0|0
|-0.18008542431622912|-0.33423377590765124|-0.3514437524489714|1.0070458336716714|-1.765734192173357|-0.35949391562451843||||-0.2922864276650389|||0.6395712962273811|-1.0552724526192871|0.0|1.0|0.0|0.0|0.0|0.0|1.0|0.0|0.0|0.0|1.0|0.0|0.0|0.0|1.0|0
||-0.34940532727317186||-0.32659717062051846||1.6083634626138268|-0.3802784865495631|-0.3119148484434814||-0.2981701940939906|-0.3367974755266621|1.3926964246707552|||0.0|1.0|0.0|0.0|0.0|0.0|1.0|0.0|0.0|0.0|1.0|0.0|0.0|1.0|0.0|0
-0.22232649502062174|-0.22244413811979064||-1.2461145964087441|1.0225385853024371|1.9511772869018449|-0.34673374620129105|-0.3774128187533401|-0.3136463396029061|2.611141787079661|||1.7308276151527089|||0.0|1.0|0.0|0.0|0.0|0.0|1.0|0.0|0.0|0.0|1.0|0.0|0.0|1.0|0.0|1
|6.660846854958957|-0.361740653902705|||-0.36708054962623304||-0.39395246044335136|2.021933898279732||-0.2964694178606217|||||1.0|0.0|0.0|0.0|0.0|0.0|1.0|0.0|0.0|0.0|1.0|0.0|1.0|0.0|0.0|0
-0.23986681983771804|-0.22244413811979064|-0.34893262315050727|||||||||||-0.29453648272987465||1.0|0.0|0.0|0.0|0.0|0.0|1.0|0.0|0.0|0.0|1.0|0.0|0.0|0.0|1.0|0
-1.0988686730425428|-0.22244413811979064|-0.35280429501233157|0.4586071677937613||-0.3552698923192193||0.6349125356541162||-0.35133911383247346|||-0.20328279440406608|-0.2916364749193865||0.0|1.0|0.0|0.0|0.0|0.0|1.0|1.0|0.0|0.0|0.0|0.0|0.0|1.0|0.0|0
-0.197675227710108||1.7727210474090571|0.6023788828469847|-1.4653952472294354||0.42206646154815775||0.22651850128321244|-0.35284463074311356|-0.3213834913332141||0.7164340437068479|-0.27881538775722803||0.0|1.0|0.0|0.0|0.0|0.0|1.0|0.0|0.0|0.0|1.0|0.0|1.0|0.0|0.0|0
1.7929146076138758||||-0.316115987343357|-0.36514720053707844|-0.36148769209689774|0.3872691965710689||||-0.34884973835974736|-0.284434280119735|||0.0|1.0|0.0|0.0|1.0|0.0|0.0|0.0|0.0|0.0|1.0|0.0|0.0|1.0|0.0|0
-0.2526665163258694|-1.5020302842690452|-0.35566302946844597|-0.3539084104213124||0.2724177312695792|-0.3447399697289118|||-0.34418790850693276|0.5096065829057612|-0.3371992176210983||-0.2962154346201573|-0.2718648529896093|0.0|1.0|0.0|1.0|0.0|0.0|0.0|0.0|0.0|0.0|1.0|0.0|1.0|0.0|0.0|0
-0.26878465264428225||-0.35363715465702633||-0.33090819716125325|-0.35297284389646133|0.46194199099574323|-0.37980463596908526||0.4657801894174623|0.7624246716497796||-0.24385853726190052||-1.0552724526192871|0.0|1.0|0.0|1.0|0.0|0.0|0.0|0.0|0.0|0.0|1.0|0.0|0.0|0.0|1.0|1
0.7736795168907119|2.3367281541787186|||1.1892540648074157||-0.34513872502338766||-0.3104249607016508||||||0.5115427466400685|1.0|0.0|0.0|0.0|0.0|0.0|1.0|0.0|0.0|0.0|1.0|0.0|1.0|0.0|0.0|0
-0.23797056850614007|-0.22244413811979064|3.229099939618529|0.314835452740538|1.4741859752341064||-0.34314494855100836|||-0.3456934254175729|-0.2858510581333729||||-1.0552724526192871|0.0|1.0|0.0|0.0|0.0|0.0|1.0|1.0|0.0|0.0|0.0|1.0|0.0|0.0|0.0|0
-0.2237486835193052|-0.16773079945685698|-0.3426299015149794||-0.3196995281553428||1.767865580404169||-0.323713148669329|-0.37091083367079525|0.5314408723881991|||1.2691782550833743|-0.2718648529896093|0.0|1.0|1.0|0.0|0.0|0.0|0.0|1.0|0.0|0.0|0.0|0.0|0.0|1.0|0.0|0
|||||-0.354083083967461|||||1.6794648299121735|||-0.2904154189991809|-0.2718648529896093|1.0|0.0|0.0|0.0|1.0|0.0|0.0|0.0|0.0|1.0|0.0|0.0|1.0|0.0|0.0|0
-0.22991150034693367||||-0.314000889946809|0.3030450435730185||-0.4104469735066505||||||-0.32170497695444844|-1.0552724526192871|0.0|1.0|0.0|0.0|1.0|0.0|0.0|1.0|0.0|0.0|0.0|0.0|0.0|1.0|0.0|0
|-0.22244413811979064|-0.34508346100880993||-0.32220531233214494|||||-0.35359738919843364|-0.3018935150373115||-0.25738378488117863|||0.0|1.0|1.0|0.0|0.0|0.0|0.0|1.0|0.0|0.0|0.0|0.0|0.0|0.0|1.0|0
|-0.22244413811979064|-0.3569460835156784||-1.161265796738535||1.6482389920614124||-0.32171992047417725|-0.36564152448355475|-0.3082369507185251|-0.3376009597155345|-0.25738378488117863|-0.29652069860020874||1.0|0.0|0.0|0.0|0.0|0.0|1.0|0.0|0.0|0.0|1.0|1.0|0.0|0.0|0.0|0
||-0.3596247402107777|||||-1.4167476562480317|-1.5240995953677252|-0.3626304906622745||-0.3564828381540347||||0.0|1.0|0.0|0.0|0.0|0.0|1.0|0.0|0.0|0.0|1.0|1.0|0.0|0.0|0.0|0
||-0.35026069663799353|-0.3580161737085473||2.0832575712104267|0.6613196382336709|0.8182475816723175|-0.301525901486933|||-1.1141684282606599||-0.3110207376526498||0.0|1.0|0.0|0.0|0.0|1.0|0.0|0.0|0.0|0.0|1.0|0.0|0.0|0.0|1.0|0
-0.2673624641455987|-0.22244413811979064|-2.001033531863247|2.6049134853740243|-0.30044810025937396||0.69122628531936|-0.38167747397764046|0.6674447383925344|-0.3596194568409942|||||-0.2718648529896093|0.0|1.0|0.0|1.0|0.0|0.0|0.0|0.0|0.0|0.0|1.0|1.0|0.0|0.0|0.0|1
-0.2171118038587823|-0.17126069227382046||-0.34404977853194846|-0.3283889410265114|-0.3472493649097561|-0.3423474379620567|-0.37407330037663933|||0.9348006412479739|-0.3199243075603428|-0.24385853726190052|||0.0|1.0|0.0|1.0|0.0|0.0|0.0|0.0|0.0|1.0|0.0|0.0|0.0|0.0|1.0|0
0.6433122378447258|-0.22244413811979064|-0.3557980877892073|-0.35678384472237684|-0.3331041263054401||||-0.31509596010847096|||-0.3287626336379386|-0.24385853726190052|-0.28751541118869267|-0.2718648529896093|0.0|1.0|0.0|0.0|0.0|1.0|0.0|0.0|0.0|1.0|0.0|0.0|0.0|0.0|1.0|0
-0.24934807649560795|||-0.35472996307875937||||-0.3846108347139316|-0.31686771850416146|-1.2937926998932008||||-0.29911544243064553||1.0|0.0|0.0|1.0|0.0|0.0|0.0|0.0|0.0|1.0|0.0|0.0|1.0|0.0|0.0|0
-0.26499214998112625|-0.22244413811979064||||||||-1.2843832192017|-0.30097417653278785|-0.33278005458230037|||-0.2718648529896093|0.0|1.0|0.0|0.0|0.0|0.0|1.0|1.0|0.0|0.0|0.0|1.0|0.0|0.0|0.0|0
2.835852839981764|-0.22244413811979064|-0.3514762215248453|-0.3608916080096118||-0.3654726157303025|-0.3495250332626221|||-1.2467452964356964||-0.3560810960595985|-0.16270705154623163|-0.3155996973534207|-0.2718648529896093|0.0|1.0|0.0|0.0|1.0|0.0|0.0|0.0|0.0|1.0|0.0|1.0|0.0|0.0|0.0|0
|-0.22244413811979064|2.144131429502663|0.7358811896821207|0.9221724986509551||-0.3411511720786291|0.7466058867667434|-0.3133242017127806||-0.29964113570122847|-1.4556492085314083|-0.24385853726190052|-0.2969785945702858||1.0|0.0|0.0|0.0|0.0|0.0|1.0|1.0|0.0|0.0|0.0|1.0|0.0|0.0|0.0|0
||1.5937687724003198||-0.32574843727031133||||-0.30472714677005547|1.4067282585675496||-0.3468410278875665|1.7308276151527089|-1.21872318233546||0.0|1.0|0.0|0.0|0.0|0.0|1.0|1.0|0.0|0.0|0.0|0.0|0.0|1.0|0.0|0
-0.2232746206864107||-0.33099237620937977|-0.3617131606670588|||-0.3435437038454842|-0.38072977281668485||1.9524781386746|-0.3251068122765351|||-0.2841575074081274|2.8617655455291016|1.0|0.0|0.0|0.0|0.0|1.0|0.0|1.0|0.0|0.0|0.0|0.0|0.0|0.0|1.0|0
|-0.22244413811979064|||-1.3673867532174175|||-0.3742312505701319|-0.3155791669436593||1.826558990635966|||||0.0|1.0|0.0|0.0|1.0|0.0|0.0|1.0|0.0|0.0|0.0|0.0|0.0|1.0|0.0|0
2.669930848468691|-0.22244413811979064|-0.34605137897426597|-0.34528210751811894|-0.32318876526175006|1.1405106143701862|-0.3411511720786291||0.9699523508385417|||-0.3424218648487686|||-1.0552724526192871|0.0|1.0|0.0|1.0|0.0|0.0|0.0|0.0|1.0|0.0|0.0|1.0|0.0|0.0|0.0|1
|-0.22244413811979064|-0.3405364975431791||-0.317570958800855|-0.3533556853002543||-0.38018822929613877|||-0.30046854035529985|0.6936709967021258|||1.2949503462697463|0.0|1.0|0.0|0.0|0.0|0.0|1.0|0.0|0.0|0.0|1.0|1.0|0.0|0.0|0.0|0
|-0.22244413811979064||||-0.37326343829748987||-0.40013508230291905|-1.292059646386678||-0.3069958437374181|0.7941065203111695|-0.21680804202334422||-1.0552724526192871|1.0|0.0|0.0|1.0|0.0|0.0|0.0|0.0|0.0|1.0|0.0|1.0|0.0|0.0|0.0|0
-0.24081494550350704|||-0.3514437524489714|||-0.33636610854491883||-0.33049817798009795|-0.3731691090367555|-0.3172464680628574|-1.6766073604713043||||1.0|0.0|0.0|0.0|0.0|1.0|0.0|0.0|0.0|0.0|1.0|0.0|0.0|1.0|0.0|0
-1.2766422353779783|-0.22244413811979064|-1.6898366511090586|-0.3526760814351419|-0.3131117407227825|-1.4044276173437216|||-0.3140892792018287|-0.35999583606865426|-0.3004225734300736|-0.33117308620455566||-0.2899575230291038|1.2949503462697463|0.0|1.0|0.0|1.0|0.0|0.0|0.0|0.0|0.0|0.0|1.0|0.0|0.0|0.0|1.0|0
-0.23749650567324557|||1.7422831950546842|-0.329076010881441|-0.35997884158587307|-0.3379611297228223|0.5170139983685653||||||-0.2841575074081274||0.0|1.0|1.0|0.0|0.0|0.0|0.0|0.0|0.0|0.0|1.0|1.0|0.0|0.0|0.0|0
-0.23417806584298412|-0.22244413811979064||-0.3514437524489714|||-0.3391573956062498|-0.3782476983475153|||||-0.23033328964262237|-0.29209437088946355||1.0|0.0|0.0|0.0|0.0|0.0|1.0|1.0|0.0|0.0|0.0|0.0|0.0|0.0|1.0|0
-0.23844463133903457||-0.3635189217927289|-0.3329588176564141|-0.3409582777843413|-0.35471477228371945|-0.3507212991460496|-0.38156465241085996|-0.30947868064940703||0.8968779279363712|||||0.0|1.0|0.0|0.0|0.0|1.0|0.0|1.0|0.0|0.0|0.0|0.0|0.0|1.0|0.0|0
|-0.22244413811979064|-0.32586016002044993||-0.3026440294035608|-0.3519391721062203|||-0.833013152957795|-0.3637596283452546|1.6082160958115865|-0.34764451207643887|||-0.2718648529896093|0.0|1.0|0.0|0.0|0.0|0.0|1.0|0.0|0.0|0.0|1.0|0.0|0.0|0.0|1.0|0
-0.25077026499429145||0.6928172243217398||-1.4660688451264248|2.7340879576585118||-1.2091559733720376|-1.212028514308616|||0.8443242821156913||-0.31590496133347207|-1.0552724526192871|0.0|1.0|0.0|0.0|0.0|0.0|1.0|0.0|0.0|0.0|1.0|0.0|0.0|1.0|0.0|0
-0.2588293331534978||||||||1.913212360362365|-0.35284463074311356||||-0.2870575152186156|-1.0552724526192871|0.0|1.0|0.0|0.0|0.0|0.0|1.0|0.0|0.0|0.0|1.0|0.0|0.0|0.0|1.0|0
-0.2450815109995575|-0.14831638896355795||-0.3600700553521648|||-0.35590511797423574|0.34101235419109194|0.5562064982085616||-0.30782324839148945|-1.335126580200556|||-1.0552724526192871|1.0|0.0|0.0|1.0|0.0|0.0|0.0|1.0|0.0|0.0|0.0|0.0|1.0|0.0|0.0|0
-0.9210951107071071|-0.22244413811979064|-0.3466141219774381||-0.32375458749522146||-0.3355685979559671||-1.068073144658769|-0.35623204379205387||||-0.2652311406449412|0.5115427466400685|0.0|1.0|0.0|0.0|0.0|1.0|0.0|0.0|0.0|0.0|1.0|0.0|0.0|1.0|0.0|0
|-0.22244413811979064|||1.5556913207698737|0.9615322580969631||-0.39724685019334||-0.3517154930601335||-0.3516619330208006||-0.3110207376526498|0.5115427466400685|0.0|1.0|1.0|0.0|0.0|0.0|0.0|0.0|0.0|1.0|0.0|1.0|0.0|0.0|0.0|0
0.6314606670223634||-0.35687855435529775|-0.33624502828620206|||||2.526281032507518|-0.35284463074311356|1.1359059391125341|||||1.0|0.0|0.0|0.0|0.0|0.0|1.0|0.0|0.0|0.0|1.0|1.0|0.0|0.0|0.0|0
-1.6795956433382988||-0.33839807413112505|||1.2065507565244773||||-0.3671470413941949|||||-1.0552724526192871|0.0|1.0|0.0|1.0|0.0|0.0|0.0|0.0|0.0|1.0|0.0|0.0|0.0|0.0|1.0|0
|-0.22244413811979064|-1.072507576629232|||-0.36591288334466443||||-0.36413600757291464||-1.2748652660351298|0.37830285322489426|-0.3044575620815449||1.0|0.0|0.0|0.0|1.0|0.0|0.0|0.0|0.0|0.0|1.0|0.0|0.0|0.0|1.0|0
1.16478135402867|-0.15361122818900316|||-0.3041528886928179||1.8077411098517544||-0.9059975186893607|||-0.3191208233714704|-2.664877861112689|-0.2775943318370225||1.0|0.0|1.0|0.0|0.0|0.0|0.0|0.0|0.0|1.0|0.0|0.0|0.0|1.0|0.0|0
2.7173371317581405|-0.22244413811979064|-0.35678851547479024||-0.3341145231509248|-1.5503859025397995||-0.37827026266087144|0.28188595114853826||-0.31908514507190483||-1.650484289666828|||0.0|1.0|1.0|0.0|0.0|0.0|0.0|1.0|0.0|0.0|0.0|0.0|0.0|0.0|1.0|0
-0.23797056850614007|0.7924000467572043||||||-0.3978335223405982|||-0.28791956976855126|||||1.0|0.0|0.0|1.0|0.0|0.0|0.0|0.0|0.0|1.0|0.0|0.0|0.0|0.0|1.0|0
-1.9284786306079087|||0.4586071677937613|-0.3239701388222582|-0.3514797624216687|||||1.576039248153257||-1.3123530991848742|2.7497085583326193||1.0|0.0|0.0|0.0|0.0|0.0|1.0|0.0|0.0|0.0|1.0|0.0|1.0|0.0|0.0|0
-0.2360743171745621|-0.22244413811979064|-0.3424498237539644||||-0.3590951603300426||1.9756265765741867|-1.3690685454252078|-0.945246600502999|-0.34965322254861975||-1.1462229870732548||0.0|1.0|0.0|0.0|0.0|0.0|1.0|0.0|0.0|0.0|1.0|1.0|0.0|0.0|0.0|0
|-0.22244413811979064|-0.3430575861973903|1.7833608279270337||-0.36836306832893956|-0.33477108736701544|0.30660177632306035||-0.3517154930601335||-0.35005496464305585||2.8336561528467517||0.0|1.0|0.0|0.0|0.0|0.0|1.0|1.0|0.0|0.0|0.0|0.0|0.0|1.0|0.0|0
||-1.3313693580884116|0.5921094746288973|-0.3277018711715818||-0.34992378855709794|||-0.357361181475034|-0.29348156772091966|-1.7268251222758262|-0.21680804202334422|||1.0|0.0|0.0|0.0|0.0|1.0|0.0|1.0|0.0|0.0|0.0|1.0|0.0|0.0|0.0|0
||-0.3529843727733466|||-0.35844747597070115|-0.34434121443443594|-0.38528776411461424|-0.32929016089212726||0.3889434041870252|||0.6777292937338049|0.5115427466400685|0.0|1.0|0.0|0.0|0.0|1.0|0.0|1.0|0.0|0.0|0.0|0.0|0.0|0.0|1.0|0
-0.25077026499429145|0.8806473671812909||||-0.3597682788137869||||||-1.445605656170504||-0.2974364905403629||0.0|1.0|0.0|0.0|0.0|0.0|1.0|1.0|0.0|0.0|0.0|0.0|0.0|1.0|0.0|0
|||1.2904292334588392|-2.0935252861724356||-0.33835988501729813|-0.3924406514484936||-0.3663942829388748|-0.3304389756027725|1.7281568898752755|||-0.2718648529896093|0.0|1.0|1.0|0.0|0.0|0.0|0.0|0.0|0.0|0.0|1.0|0.0|0.0|0.0|1.0|0
|-0.14831638896355795|3.0400182905526942|-0.35678384472237684||-0.3463496876108426||-1.707263190707643||-0.3509627346048134|1.0347787036149267|-0.3355922492433536|-0.23033328964262237|-0.29453648272987465||0.0|1.0|0.0|1.0|0.0|0.0|0.0|1.0|0.0|0.0|0.0|0.0|1.0|0.0|0.0|0
||-0.34422809164398827|-0.34610366017556593|-0.32132963506605816|-0.3569543944959085|-0.34513872502338766||-0.32999483752677683|||||-0.27881538775722803||0.0|1.0|0.0|0.0|0.0|0.0|1.0|0.0|0.0|0.0|1.0|1.0|0.0|0.0|0.0|0
||-0.34123429886711254|||2.2392654432560706|||-0.3211159119301919|-0.3539737684260937|0.5980929139661678||||0.5115427466400685|1.0|0.0|0.0|0.0|0.0|1.0|0.0|0.0|0.0|1.0|0.0|0.0|0.0|1.0|0.0|0
-0.2275411861824612|-0.17126069227382046|-0.3454211068107132||-0.3225421112806398|-0.35482962470485735||-0.38167747397764046|-0.30627743536628455|2.0465729455896087|-0.29237836151549124||1.7308276151527089|-0.2826311875078704|-1.0552724526192871|0.0|1.0|0.0|0.0|0.0|1.0|0.0|0.0|0.0|1.0|0.0|0.0|1.0|0.0|0.0|0
-0.2261189976837777|6.307857573262611|-0.3464790636566768|-0.3580161737085473||-1.2517696075812663|-0.3343723320725396|2.9985243597041573||||-0.34884973835974736||1.3073362525897982|2.0783579458994237|0.0|1.0|0.0|0.0|0.0|0.0|1.0|0.0|0.0|0.0|1.0|0.0|0.0|0.0|1.0|0
|2.777964756299151||-0.35472996307875937|-0.3241318023175358||-0.3355685979559671||-0.3263103854084661||-0.3129715440168222||-0.25738378488117863|||1.0|0.0|0.0|0.0|0.0|0.0|1.0|1.0|0.0|0.0|0.0|0.0|0.0|0.0|1.0|0
|-0.22244413811979064|||0.8746838469131734|1.0534141950072808|0.4519731086338469|-0.3663337408955017||||-1.2447346089524167|1.0545652341888017|-0.30567861800175045||0.0|1.0|0.0|0.0|0.0|0.0|1.0|0.0|0.0|1.0|0.0|0.0|0.0|0.0|1.0|1
-0.2692587154771767|-1.3696593036329154||-0.3465144365042894|-0.31844663606694174|3.143728259717012|1.8675544040231327||-0.3220823256005685||-1.2647167308249858|0.43253863531861225|-0.17623229916550978|-0.3076628338720845|-0.2718648529896093|0.0|1.0|1.0|0.0|0.0|0.0|0.0|0.0|0.0|0.0|1.0|0.0|0.0|0.0|1.0|0
3.0254779731395622|-0.22244413811979064||-0.34856831814790695|-0.31334076400775895|-0.7703465423115802||-0.7979213624573647|||-0.2942630054497648|-0.3279591494490663||-0.28675225123856424|-0.2718648529896093|0.0|1.0|0.0|0.0|0.0|0.0|1.0|0.0|0.0|0.0|1.0|1.0|0.0|0.0|0.0|0
|-0.18361531713319257||||-0.03433394351955489|1.7279900509565833|1.0309162350534309||||||-0.3117838976027783||1.0|0.0|0.0|0.0|0.0|0.0|1.0|0.0|0.0|1.0|0.0|0.0|1.0|0.0|0.0|0
0.9396015084037851||-1.4895001419797802|-0.34487133118939545|-0.32126227527635914|-0.3772258468267473|-0.34753125679024277|-0.4041064014535902||-0.3645123868005747||-0.35969677490952406||-0.31926286511403734|0.5115427466400685|0.0|1.0|0.0|0.0|0.0|1.0|0.0|0.0|0.0|0.0|1.0|0.0|1.0|0.0|0.0|0
2.0062428824163985||-1.941945516530173||-0.3028461087726577|||-0.38591956488858464||||-0.3452340595098218|-0.24385853726190052||-1.0552724526192871|0.0|1.0|0.0|0.0|0.0|0.0|1.0|0.0|0.0|0.0|1.0|0.0|0.0|1.0|0.0|1
-0.24318525966797952||1.4812201717658937|1.5163562142567617||-0.3638838239045616||0.41885923526958974|-0.308834404869156||-1.604871977498756||0.7164340437068479|||0.0|1.0|1.0|0.0|0.0|0.0|0.0|1.0|0.0|0.0|0.0|0.0|0.0|0.0|1.0|0
-1.2055328104438041|-0.1730256386823022|-0.35762137511948494||2.7459388047508724|-1.567613765710484|||-0.31608250739698046|||||-1.5278029621374931||1.0|0.0|0.0|0.0|0.0|0.0|1.0|1.0|0.0|0.0|0.0|0.0|0.0|0.0|1.0|1
-1.241087522910891|-0.22244413811979064|-0.3456462040119821||-0.32277113456561635|-0.35482962470485735|||-0.3037003322452803||1.0462704349214729|||||0.0|1.0|0.0|1.0|0.0|0.0|0.0|0.0|0.0|0.0|1.0|1.0|0.0|0.0|0.0|1
-0.2360743171745621|-0.14655144255507624|-0.3481672926661932||-0.32534427853211745|1.2783335197356631|-0.3575001391521392|0.41491048043227463||||0.7740194155893607|-0.24385853726190052|-0.29362069078972053|-0.2718648529896093|0.0|1.0|0.0|0.0|0.0|0.0|1.0|1.0|0.0|0.0|0.0|0.0|1.0|0.0|0.0|0
-0.2673624641455987|3.2192013584195838|-0.35582059750933415|||-0.35729895175932214||-0.3841369841334539|-0.33184713039499864|||-0.3307713441101195|-0.18975754678478793|||0.0|1.0|1.0|0.0|0.0|0.0|0.0|0.0|0.0|0.0|1.0|0.0|0.0|0.0|1.0|0
-0.22280055785351624|-0.22244413811979064|-0.35485267954387806|-0.33706658094364905|3.0275027256926137|-0.36700398134547446||-0.39386220318992704|-0.31811600282839786|||-1.2447346089524167|-0.25738378488117863|||0.0|1.0|0.0|0.0|0.0|0.0|1.0|0.0|0.0|1.0|0.0|1.0|0.0|0.0|0.0|0
-0.2365483800074566|-0.22244413811979064||-0.3465144365042894|-0.3003268526379158||-0.3459362356123394||-0.3142100809106258|-0.36752342062185495||-0.32514695478801303||||0.0|1.0|1.0|0.0|0.0|0.0|0.0|1.0|0.0|0.0|0.0|1.0|0.0|0.0|0.0|1
-2.2129163303446058|||-1.8725484977120745|-0.32492664783598374|-1.441276102458797|||-1.4264515474234234|0.5881034384069737|-0.3014798127102759|-0.3436270911320771||||1.0|0.0|0.0|0.0|0.0|1.0|0.0|1.0|0.0|0.0|0.0|0.0|0.0|0.0|1.0|1
-0.2526665163258694|-0.22244413811979064||||-1.306803059376509|||1.0917607405422585||||0.7164340437068479|||1.0|0.0|0.0|0.0|0.0|0.0|1.0|1.0|0.0|0.0|0.0|0.0|0.0|0.0|1.0|1
-0.2450815109995575||-0.3557755780690804||1.2842313682829793|-0.3654726157303025||2.790932676828163||0.6069223997899753|-0.29573394705700273|-0.322736502221396|-0.25738378488117863||-0.2718648529896093|0.0|1.0|0.0|0.0|1.0|0.0|0.0|1.0|0.0|0.0|0.0|0.0|0.0|0.0|1.0|0
|||||||-0.37594613838519453|||-0.2995492018507761||-0.21680804202334422||-1.0552724526192871|0.0|1.0|0.0|0.0|0.0|0.0|1.0|1.0|0.0|0.0|0.0|0.0|0.0|1.0|0.0|0
|-0.22244413811979064|-0.3432376639584053|-0.33706658094364905|||-0.3491262779681462||-0.3031365909375606|-0.3645123868005747|||1.0545652341888017|||0.0|1.0|0.0|0.0|0.0|1.0|0.0|1.0|0.0|0.0|0.0|0.0|0.0|0.0|1.0|0
2.883259123271214|-0.22244413811979064|-0.3636539801134902|-0.33870968625854303|||-0.355107607385284|||2.8369693236756817|-0.32653178695854684|||-0.2962154346201573||0.0|1.0|0.0|0.0|1.0|0.0|0.0|1.0|0.0|0.0|0.0|0.0|0.0|1.0|0.0|0
|-0.22244413811979064|3.4789578330269553||-1.3498732078956825|-1.8413453694224726||-0.3666270769691309||-0.3592430776133342||-0.34202012275433236|-0.23033328964262237|-0.30109965830097957||0.0|1.0|1.0|0.0|0.0|0.0|0.0|0.0|0.0|0.0|1.0|0.0|0.0|1.0|0.0|0
-0.24223713400219052|||-0.3522653051064184|||||-0.30764652139931803||-1.6347504788957763|-0.3323783124878642|2.4070899961166163||-0.2718648529896093|1.0|0.0|0.0|0.0|0.0|0.0|1.0|0.0|0.0|0.0|1.0|0.0|0.0|0.0|1.0|1
|-0.22244413811979064|-0.33288319270003813|-1.4412333525524044|2.4488821321783654|0.869171769431904|-0.3495250332626221||0.2043715213370821|0.5692844770239719||-1.5058669703359302||-0.29499437869995176||0.0|1.0|0.0|0.0|1.0|0.0|0.0|0.0|0.0|1.0|0.0|1.0|0.0|0.0|0.0|0
||-0.35116108544306895||3.4033703522129293|2.1923673712914296||-0.37258405569513764|0.8018366394292797|-0.35886669838567414||-0.34884973835974736|||-1.0552724526192871|0.0|1.0|0.0|0.0|0.0|1.0|0.0|0.0|0.0|0.0|1.0|0.0|0.0|0.0|1.0|0
|-0.22244413811979064|-0.34055900726330596|||-1.697779843000101|2.6850027576986357|||-1.4161159488827122|-0.30331848971932324|||||0.0|1.0|0.0|0.0|0.0|1.0|0.0|1.0|0.0|0.0|0.0|0.0|0.0|1.0|0.0|0
-0.2365483800074566|1.1895129886655937|||0.4765874897921942|0.3686066339725682|-1.3424257165075015|-0.39377194593650267|1.4944331031991733|0.7292456487794867|-0.3073176122140014|-0.35005496464305585||-0.3093417857623671|-1.0552724526192871|0.0|1.0|0.0|0.0|0.0|0.0|1.0|0.0|0.0|1.0|0.0|0.0|0.0|1.0|0.0|1
||||-0.3077499014627435|||-0.3761040885786871|3.227937624437192||3.3365724843161484|-0.34884973835974736|-0.25738378488117863|-1.1653019858264666|-1.0552724526192871|1.0|0.0|0.0|0.0|0.0|0.0|1.0|0.0|0.0|1.0|0.0|0.0|0.0|0.0|1.0|1
1.935133457482224||-0.34992305083609027|0.7666894143363828|||-1.322487951783709||-0.3355718497495751|-0.3705344544431352|-0.3224866975386425||-1.650484289666828|-1.237802181088672||0.0|1.0|1.0|0.0|0.0|0.0|0.0|0.0|0.0|0.0|1.0|0.0|0.0|0.0|1.0|0
-0.26025152165218135|||1.4752785813844123|1.8682407449731468|-0.34749821182222157||2.0835414531148575|||1.7622052953193068|0.7639758632284563|-0.23033328964262237|-1.516355562885566|-1.0552724526192871|0.0|1.0|0.0|0.0|0.0|1.0|0.0|0.0|0.0|1.0|0.0|0.0|0.0|1.0|0.0|0
-0.2237486835193052|-0.22244413811979064|-0.35460507262248236||1.3435079832180827|-0.36173991204332084||3.1632438472035873|-1.1118637640977087|-0.36225411143461445|-0.31439651869883395||-0.24385853726190052|-0.30857862581223866||0.0|1.0|0.0|0.0|0.0|0.0|1.0|0.0|0.0|1.0|0.0|0.0|0.0|0.0|1.0|1
|-0.22244413811979064|1.455333993619976|-0.36294548965322926||-0.34897215122682457|1.8874921687469255|-0.375810752505058|||-0.3012959450093711|-0.3452340595098218||||0.0|1.0|0.0|0.0|0.0|0.0|1.0|0.0|0.0|1.0|0.0|1.0|0.0|0.0|0.0|1
|1.9837388724823724|||-0.32231308799566327||-0.3375623744283464|-0.3957801698251944|-0.31199538291601275|-0.37730928054101587||-1.3652572372832694|||-1.0552724526192871|0.0|1.0|1.0|0.0|0.0|0.0|0.0|0.0|0.0|1.0|0.0|0.0|1.0|0.0|0.0|0
|-0.22244413811979064||||||-0.3814518308440796||-0.37730928054101587||||||0.0|1.0|0.0|0.0|0.0|0.0|1.0|0.0|0.0|1.0|0.0|1.0|0.0|0.0|0.0|0
-0.2450815109995575|-0.22244413811979064|-1.7331678623533124|-0.32967260702662615|1.0023306483927428|-0.34529687375041185|-0.34314494855100836|0.8848123060727721|2.442726517256208|||-0.32675392316575774|-0.18975754678478793|||0.0|1.0|0.0|0.0|0.0|0.0|1.0|0.0|0.0|0.0|1.0|0.0|0.0|1.0|0.0|1
1.7455083243244263|-0.22244413811979064|-1.3972102894595508|||-1.6068550095992655|-0.3351698426614913|||-0.35698480224737394||2.8329476495747556|-0.23033328964262237|-1.1653019858264666|-1.0552724526192871|0.0|1.0|0.0|0.0|0.0|0.0|1.0|1.0|0.0|0.0|0.0|1.0|0.0|0.0|0.0|0
|-0.22244413811979064||-0.35637306839365335|-0.32364681183170313|-0.355614449582633|-1.2626746576123304|-0.38246722494510343|-1.5839971093129412||0.9141155248961906|-0.35889329072065174|-0.23033328964262237||-1.0552724526192871|0.0|1.0|0.0|0.0|0.0|0.0|1.0|1.0|0.0|0.0|0.0|0.0|0.0|0.0|1.0|0
0.06258526754896966|||||||-0.40072175445017727||2.9122451692076887||-0.3484479962653112||||0.0|1.0|0.0|0.0|0.0|0.0|1.0|0.0|0.0|0.0|1.0|1.0|0.0|0.0|0.0|0
-0.24223713400219052|-0.17832047790774738||-1.3282698621534432||-0.37471823563190326||-0.4016017626710647|||-1.3497555424934284|-0.33278005458230037|-0.6360907182209669|-1.577408358895844||0.0|1.0|0.0|0.0|0.0|0.0|1.0|0.0|0.0|1.0|0.0|0.0|0.0|0.0|1.0|0
|-0.22244413811979064||-0.3399420152447135|-0.3311506924041696|2.0181745325656184|||3.374913036806966|||-0.3613037432872688||0.16259632739708293||0.0|1.0|0.0|0.0|1.0|0.0|0.0|0.0|0.0|1.0|0.0|1.0|0.0|0.0|0.0|0
-1.4662673685357763|-0.22244413811979064|||2.9682261107575103|-0.3533556853002543||-0.38018822929613877|-0.32131724811152035||3.4101195646780447|||||0.0|1.0|0.0|0.0|0.0|1.0|0.0|1.0|0.0|0.0|0.0|0.0|0.0|1.0|0.0|0
1.8877271741927748|||-0.34610366017556593|1.5139282511565053|-0.3599979836560627||-0.3868447017361842||-1.5196202364892217|2.0954655032091494|||||0.0|1.0|0.0|0.0|0.0|0.0|1.0|0.0|0.0|1.0|0.0|0.0|0.0|0.0|1.0|0
|-0.22244413811979064|-0.33846560329150566|-0.3465144365042894|2.1646238196486642|-0.36589374127447477|||-0.3104652279379165|-0.3558556645643939|-0.2966992524867526||-0.24385853726190052|-0.30109965830097957|-0.2718648529896093|0.0|1.0|0.0|0.0|0.0|0.0|1.0|0.0|0.0|1.0|0.0|1.0|0.0|0.0|0.0|0
-0.27447340663901615|-0.22244413811979064|-0.3217183715171031|-1.6876991497865015|-0.29842730656840455|-0.35312598045797855||-0.3799625861625779|-0.31670664955909866|-0.35359738919843364||-0.33478876505448124|-0.9742219087029205|||0.0|1.0|0.0|0.0|0.0|0.0|1.0|0.0|0.0|0.0|1.0|0.0|0.0|1.0|0.0|1
|-0.22244413811979064|-1.1749268032065598|1.6190502964376354|-0.3340606353191656|-0.36407524460645807|||-0.31727039086681835||-1.3876782558050311|-0.3432253490376409|-0.20328279440406608|-1.3103023763508772||0.0|1.0|0.0|0.0|0.0|1.0|0.0|1.0|0.0|0.0|0.0|1.0|0.0|0.0|0.0|0
-0.2664143384798098|-0.22244413811979064|0.5251198093764452||-0.32891434738616343|-0.3690138987153877|-0.3543100967963323|0.2902426491398978|0.9281750932128867|-0.3566084230197139||-0.3215312759380875|-0.284434280119735|||0.0|1.0|0.0|1.0|0.0|0.0|0.0|0.0|0.0|1.0|0.0|0.0|0.0|0.0|1.0|1
0.6077575253776386|||1.5985114800014608|2.7567163711027094|||0.7088106618952988|||-0.2966532855615265||-0.2709090325004568||-1.0552724526192871|0.0|1.0|0.0|0.0|0.0|0.0|1.0|0.0|0.0|1.0|0.0|0.0|0.0|1.0|0.0|1
-0.23038556317982814|-0.16420090663989353||-0.36294548965322926||-0.35417879431840926||||||-0.3291643757323748|-0.25738378488117863||0.5115427466400685|1.0|0.0|0.0|0.0|0.0|0.0|1.0|0.0|0.0|1.0|0.0|0.0|0.0|1.0|0.0|0
-1.9521817722526333|2.248480833754632|-0.3528493144525853|-0.36212393699578227|-0.3300998796848655|||-0.3914252573474697|-0.32071323956753495|-0.3645123868005747||-0.33639573343222595||-1.485829164880427|-0.2718648529896093|1.0|0.0|0.0|0.0|1.0|0.0|0.0|1.0|0.0|0.0|0.0|0.0|0.0|1.0|0.0|0
0.3114682548185794|1.8954915520582858|-0.35764388483961185|-0.3691071345840817|-0.3349767284590717||-0.3319798003056844||-0.31912268373504016||-1.3405621574481914||-0.20328279440406608|-0.2904154189991809|0.5115427466400685|1.0|0.0|0.0|0.0|0.0|0.0|1.0|0.0|0.0|1.0|0.0|0.0|0.0|0.0|1.0|0
0.9870077916932345|||0.7358811896821207|-0.3118723205923212||||||3.0607709329590373|0.8945420439202132|||-0.2718648529896093|0.0|1.0|1.0|0.0|0.0|0.0|0.0|0.0|0.0|0.0|1.0|0.0|0.0|0.0|1.0|0
||-0.3631362565505718|-0.3391204625872665|0.27181372910729124|||-0.39090627814027973|-0.3141295464380944|||||-0.31834707317388317|1.2949503462697463|0.0|1.0|0.0|0.0|1.0|0.0|0.0|0.0|0.0|0.0|1.0|1.0|0.0|0.0|0.0|0
||-0.35307441165385417||3.2093741578798634|||-0.40394845126009765|||||||-1.0552724526192871|0.0|1.0|0.0|0.0|0.0|0.0|1.0|0.0|1.0|0.0|0.0|0.0|0.0|0.0|1.0|1
1.0936719290944958|-0.22244413811979064|-0.34519600960944435|0.5613012499746352|||-0.3630827132748011|0.9316332562866512|-0.7846924694389652|||||-0.2916364749193865||0.0|1.0|1.0|0.0|0.0|0.0|0.0|1.0|0.0|0.0|0.0|0.0|0.0|0.0|1.0|0
|-0.22244413811979064|||0.5099305856931898||-1.6514610697262893|2.2809791949806124|3.09505574476041|0.31522849835344835|||||-0.2718648529896093|0.0|1.0|0.0|0.0|0.0|0.0|1.0|0.0|0.0|0.0|1.0|0.0|0.0|0.0|1.0|1
|-0.22244413811979064||-0.34322822587450147||-0.35107777894768605|||0.5058724528764472||||1.7308276151527089||2.0783579458994237|1.0|0.0|0.0|1.0|0.0|0.0|0.0|0.0|0.0|0.0|1.0|0.0|0.0|0.0|1.0|0
|-0.22244413811979064|||1.986120376946364|0.248011591777776|-0.35470885209080816|||2.7240555553776713|-0.28116243176030203|-0.3396096701877154|-0.2709090325004568|-1.4018815703662946||0.0|1.0|0.0|0.0|0.0|0.0|1.0|0.0|0.0|0.0|1.0|1.0|0.0|0.0|0.0|0
||||2.212449270334941|-0.36216103758749313||0.4622955384800559||-1.7736762151597454|1.1347567659818794|||0.6777292937338049|-1.0552724526192871|0.0|1.0|0.0|0.0|0.0|1.0|0.0|0.0|1.0|0.0|0.0|1.0|0.0|0.0|0.0|1
-0.2607255844850758|-0.22244413811979064|1.018082680155231||||-0.33835988501729813||-0.30285472028370075|-1.3220211419677035|-0.28888487519830114|1.4067632143263358|-2.326746670630735|||0.0|1.0|0.0|0.0|1.0|0.0|0.0|0.0|0.0|1.0|0.0|1.0|0.0|0.0|0.0|1
-0.2607255844850758|-0.22244413811979064|-0.35858929308494103|-0.35719462105110034||-1.0531706293636522|||-0.30625730174815174|||1.6678955757098493||||1.0|0.0|1.0|0.0|0.0|0.0|0.0|1.0|0.0|0.0|0.0|1.0|0.0|0.0|0.0|0
|||-0.3530868577638654||-0.3658554571340955||-1.2187458065483743||-0.35472652688141376|-1.4210042765940154|-0.3404131543765877|||-1.0552724526192871|0.0|1.0|0.0|0.0|0.0|0.0|1.0|0.0|0.0|0.0|1.0|0.0|0.0|1.0|0.0|0
|-0.22244413811979064|-0.3507334007606581|0.9309999458257809||-0.3573180938295118|-1.4520834224883619|-0.38415954844680994|||-0.29219449381458645||-0.23033328964262237|-0.30033649835085113|-0.2718648529896093|1.0|0.0|0.0|0.0|0.0|1.0|0.0|0.0|0.0|1.0|0.0|0.0|0.0|0.0|1.0|0
-0.2521924534929749||0.880210644378059|-0.3613023843383353||-0.36173991204332084|1.84761663929934|||||-0.3291643757323748|-0.25738378488117863|||1.0|0.0|0.0|1.0|0.0|0.0|0.0|1.0|0.0|0.0|0.0|0.0|1.0|0.0|0.0|0
||-0.3261302766619726|||||-0.3881308675974811||-0.36488876602823467||0.3622337687922817|-0.23033328964262237||0.5115427466400685|1.0|0.0|0.0|1.0|0.0|0.0|0.0|1.0|0.0|0.0|0.0|0.0|0.0|1.0|0.0|1
|-0.15184628178052142|-0.356045694710603|-0.3506221997915244||-0.38059485118012565||-0.4074910484570032|-0.2994722724373827||-0.2853913888811111|-0.3376009597155345||-0.29652069860020874|-0.2718648529896093|1.0|0.0|0.0|0.0|0.0|1.0|0.0|0.0|0.0|1.0|0.0|0.0|0.0|0.0|1.0|0
|||-0.3473359891617364|2.0063283138560584|-0.3485510256826523|1.2096081681379716|2.0305153167280547||||||||0.0|1.0|0.0|0.0|0.0|1.0|0.0|0.0|0.0|0.0|1.0|0.0|0.0|1.0|0.0|0
1.2714454914299314|-0.22244413811979064||-0.3526760814351419|0.814396835132585||1.9672432276420966|1.6006651472946103|-1.3454137344387191||0.6693416480667547||-0.21680804202334422|-0.29911544243064553|-0.2718648529896093|0.0|1.0|0.0|0.0|0.0|1.0|0.0|1.0|0.0|0.0|0.0|1.0|0.0|0.0|0.0|0
|-0.22244413811979064|-0.34087414334508237|0.9618081704800431|-0.3179212297072897|-0.3600745519368213|-0.355107607385284|-0.38693495898960856|-1.4732622095822896|-0.3690289375324951|-0.2995492018507761|||-0.29499437869995176|-0.2718648529896093|0.0|1.0|0.0|0.0|0.0|0.0|1.0|1.0|0.0|0.0|0.0|1.0|0.0|0.0|0.0|0
|-1.8991432261774346|||-0.3143915767270631|-0.3746608094213343|-0.3367648638393947|-0.4015340697309964||||-0.32474521269357687||-0.2833943474579989||0.0|1.0|0.0|0.0|0.0|0.0|1.0|0.0|1.0|0.0|0.0|0.0|0.0|0.0|1.0|1
|||-0.35637306839365335||-0.3582560552688046|||||||||2.0783579458994237|1.0|0.0|0.0|0.0|0.0|0.0|1.0|0.0|0.0|1.0|0.0|0.0|0.0|0.0|1.0|1
|-0.22244413811979064|||||-0.3471325014957669|-0.3952837549313605|-0.3133644689490463|1.3502713744185442||-0.3528671593041091||||0.0|1.0|0.0|1.0|0.0|0.0|0.0|0.0|0.0|0.0|1.0|1.0|0.0|0.0|0.0|0
0.7855310877130742||-0.3499905799964709|-0.3506221997915244||-0.3850740956045036||-0.11196623643234076|-0.3287868204388061|-1.265564257818698|||-0.24385853726190052|0.7807558870011493||1.0|0.0|0.0|1.0|0.0|0.0|0.0|1.0|0.0|0.0|0.0|0.0|0.0|0.0|1.0|0
||-0.3453085582100788|0.6742647403735964||-1.5331580393691149|-0.3435437038454842|-0.37896975637491004||-0.35623204379205387||||-0.3006417623309025||1.0|0.0|1.0|0.0|0.0|0.0|0.0|0.0|0.0|0.0|1.0|0.0|1.0|0.0|0.0|0
|-0.14302154973811276|-0.37013677951003315|2.481680586756976|-0.34769425675423943|1.0696849546684832||-0.3950806761111557|1.198468916646341|-0.35359738919843364|-0.2814382333116592|-0.329566117826811|-0.25738378488117863|||0.0|1.0|0.0|0.0|0.0|0.0|1.0|0.0|0.0|0.0|1.0|0.0|1.0|0.0|0.0|0
|-0.15890606741444835||1.8655160936717328|-0.31301743701720386|-0.35446592537125404||-1.503620262668964||-0.3663942829388748||-0.3323783124878642|-0.2709090325004568|-0.2911785789493094|-1.0552724526192871|0.0|1.0|0.0|1.0|0.0|0.0|0.0|1.0|0.0|0.0|0.0|0.0|0.0|1.0|0.0|0
-0.2066824215351034|-0.22244413811979064|1.1672095759958452|-1.564466251169453|-0.3502539287628007|-0.35347053772139225|-0.3419486826675808||-0.3061767672756203|0.5034181121834658||||||0.0|1.0|0.0|0.0|0.0|1.0|0.0|0.0|0.0|0.0|1.0|1.0|0.0|0.0|0.0|0
-0.23702244284035107||1.7367054952060408||0.7150411453265878|-0.355939864775857||-0.3827831253320887|||-0.2998709703273594|2.91329606846199|-0.20328279440406608|||0.0|1.0|0.0|0.0|0.0|0.0|1.0|1.0|0.0|0.0|0.0|0.0|0.0|1.0|0.0|0
-0.2441333853337685||-0.35431244626083286||1.3583271369518588||0.8706661678334947|-0.39205705812144015|-0.3133242017127806|-0.3607485945239743||-0.33920792809327915||-0.2981996504904914||0.0|1.0|1.0|0.0|0.0|0.0|0.0|0.0|0.0|1.0|0.0|1.0|0.0|0.0|0.0|1
|-0.22244413811979064|1.7727210474090571|-0.35719462105110034|-1.4653952472294354|-0.370851537453594|0.4918486380814324|-0.39772070077381777|-0.3201293646416824||||-0.24385853726190052|-0.31834707317388317|0.5115427466400685|0.0|1.0|0.0|0.0|1.0|0.0|0.0|0.0|0.0|1.0|0.0|1.0|0.0|0.0|0.0|0
-0.2640440243153373||0.5329982114208548|-0.3617131606670588||-0.3758859019134718|||0.992099330784672|-0.35547928533673384|||-0.25738378488117863||1.2949503462697463|1.0|0.0|1.0|0.0|0.0|0.0|0.0|0.0|0.0|1.0|0.0|0.0|0.0|1.0|0.0|0
|-0.22244413811979064||-1.4206945361162295|-0.3175979027167346|||0.5282961550466083|-0.29711663911583974|-1.6795814082447367|-0.2829551418441233|||-1.0126699958007712||0.0|1.0|0.0|1.0|0.0|0.0|0.0|1.0|0.0|0.0|0.0|1.0|0.0|0.0|0.0|0
3.1202905397184613|-0.22244413811979064||||-0.3722297665072488|2.0071187570896822|0.21013933672579135|-0.30895520657795306|-1.3032021805847016|-0.2951363770290623|1.989289251258789|-1.3123530991848742||-0.2718648529896093|0.0|1.0|0.0|1.0|0.0|0.0|0.0|0.0|0.0|1.0|0.0|1.0|0.0|0.0|0.0|0
|-0.22244413811979064|-1.232889332533289|||-0.3592514429186664|-0.3515188097350013|-0.3861000793954334|-0.3041634054623357|-1.3878875068082095|||1.7308276151527089|-0.29575753865008025|0.5115427466400685|0.0|1.0|0.0|0.0|0.0|0.0|1.0|1.0|0.0|0.0|0.0|1.0|0.0|0.0|0.0|0
-0.2090527356995759|-0.22244413811979064||-0.3530868577638654|-0.3226768308600378|-0.363807255623803|||-0.3123779216605368|-0.357737560702694|||2.4070899961166163|||0.0|1.0|1.0|0.0|0.0|0.0|0.0|0.0|0.0|0.0|1.0|0.0|0.0|1.0|0.0|0
||||-0.7715894133299285|||-0.38312159003243|||||-0.284434280119735|||1.0|0.0|0.0|0.0|0.0|1.0|0.0|0.0|0.0|0.0|1.0|1.0|0.0|0.0|0.0|1
-0.2611996473179703|-0.22244413811979064|||-0.3167222254506479|||-1.3389007751695339||-0.35999583606865426|1.8725259158621512|-0.3464392857931303||1.4294418446103545||0.0|1.0|0.0|0.0|0.0|0.0|1.0|1.0|0.0|0.0|0.0|1.0|0.0|0.0|0.0|0
|-0.22244413811979064||||-1.3680576839833876||1.5205618348805037||0.7198361680879858|-0.3172005011376312|-0.3432253490376409||-0.30232071422118517||0.0|1.0|0.0|1.0|0.0|0.0|0.0|1.0|0.0|0.0|0.0|1.0|0.0|0.0|0.0|0
-0.25930339598639235|||-0.33953123891599||||-0.4001576466162751|0.5602332218351307|2.8746072464416854||||||0.0|1.0|0.0|0.0|0.0|0.0|1.0|1.0|0.0|0.0|0.0|1.0|0.0|0.0|0.0|0
-0.22943743751403917|-0.22244413811979064||-0.341995896888331|-0.31056554067216097||-0.33955615090072566|-0.39514836905122397||-1.4819823137232182||0.8041500726720738||||1.0|0.0|1.0|0.0|0.0|0.0|0.0|0.0|0.0|1.0|0.0|0.0|0.0|0.0|1.0|0
-0.23417806584298412|-0.22244413811979064||2.97461218122517||-0.3431338198189815|-0.3379611297228223|-0.36994403103247553|-0.2963515616267916|-1.350249584042206||||||0.0|1.0|0.0|0.0|0.0|1.0|0.0|1.0|0.0|0.0|0.0|0.0|0.0|0.0|1.0|0
|-0.22244413811979064|-0.3453985970905863|1.7012055621823345|-1.4549544798260932|-0.35971085260321795|||-0.3080290601438421|||||-0.3006417623309025||0.0|1.0|0.0|0.0|0.0|1.0|0.0|0.0|0.0|0.0|1.0|1.0|0.0|0.0|0.0|0
||-0.3535246060563919|1.7422831950546842|-0.33078694953979515|-0.35846661804089075|||0.6296942043934486|-1.265564257818698|-0.3047894313265612|||-0.3006417623309025||0.0|1.0|0.0|0.0|0.0|1.0|0.0|0.0|0.0|1.0|0.0|1.0|0.0|0.0|0.0|0
|-0.22244413811979064|-1.4461689307355263|||||-0.8582809006848955|||-0.31430458484838153|-0.3195225654659066|-0.25738378488117863|||0.0|1.0|0.0|0.0|0.0|1.0|0.0|1.0|0.0|0.0|0.0|0.0|0.0|0.0|1.0|0
2.124758590640022||0.7721639877690101|-1.1126122895736081||||-0.37172661178760635||3.062796860271703|1.114071649630096|-0.3359939913377898|1.3926964246707552|-0.29499437869995176||0.0|1.0|0.0|0.0|0.0|0.0|1.0|0.0|0.0|0.0|1.0|1.0|0.0|0.0|0.0|0
|-0.22244413811979064||2.276292422395228|0.6382509850697492|2.6556054698809484||-0.3938847675032831|-0.3053915561684393|0.5034181121834658|-0.2914590230109675||-1.650484289666828|0.8532560822633545|-1.0552724526192871|0.0|1.0|0.0|0.0|0.0|1.0|0.0|1.0|0.0|0.0|0.0|0.0|0.0|0.0|1.0|0
||1.248244568452632|-0.35555151573620636|||-0.34633499090681524|-0.38438519158037077|||-0.3011120773084664||-0.284434280119735|||0.0|1.0|0.0|0.0|0.0|0.0|1.0|0.0|0.0|1.0|0.0|1.0|0.0|0.0|0.0|0
-1.2529390937332536|-0.22244413811979064|-0.3318027261339477|-0.3588377263659943|-0.3086929385185293||||-0.9633783303679712|||1.1858050623864398|-0.23033328964262237|-0.30888388979229003||0.0|1.0|0.0|0.0|0.0|0.0|1.0|0.0|1.0|0.0|0.0|0.0|0.0|1.0|0.0|0
||-0.3518588867670024|-0.34322822587450147|||-0.35311383091290477||-0.2944388679041713|-0.35999583606865426|-0.28019712633055216|-0.3464392857931303|-0.23033328964262237||-0.2718648529896093|1.0|0.0|0.0|1.0|0.0|0.0|0.0|0.0|0.0|0.0|1.0|1.0|0.0|0.0|0.0|0
-0.2365483800074566|-0.22244413811979064||||||-0.375291773297868||-0.3663942829388748|-0.2979863263930858||-0.9742219087029205|||0.0|1.0|1.0|0.0|0.0|0.0|0.0|0.0|0.0|0.0|1.0|0.0|0.0|0.0|1.0|1
2.1958680155741965||-0.3248922420549939||-0.3016605764739556||-0.3471325014957669|2.4671347801683248|0.6629146743126441||1.75301191027407||-0.25738378488117863|-0.30522072203167333|-1.0552724526192871|0.0|1.0|0.0|1.0|0.0|0.0|0.0|0.0|0.0|0.0|1.0|1.0|0.0|0.0|0.0|1
-0.24176307116929602||-1.120340731898863|||2.79917099630332|-0.3343723320725396|-0.3924406514484936|-0.3085928014515618|||||1.0593092687980432|1.2949503462697463|1.0|0.0|0.0|0.0|0.0|0.0|1.0|0.0|0.0|0.0|1.0|0.0|0.0|0.0|1.0|1
|-0.22244413811979064|-0.36525217024249906|-0.34528210751811894|-0.34272310427445457|0.14464441275366843|||-0.3198877612240883|0.5881034384069737||-0.3351905071489174|-0.25738378488117863|-1.516355562885566||0.0|1.0|0.0|1.0|0.0|0.0|0.0|0.0|0.0|0.0|1.0|0.0|0.0|1.0|0.0|0
|2.6897174358750644|||-0.31599473972189884|0.344200494480765|||-0.3379274830711181||-0.32487697765040413||-0.24385853726190052||-0.2718648529896093|0.0|1.0|0.0|0.0|0.0|0.0|1.0|0.0|0.0|1.0|0.0|0.0|0.0|0.0|1.0|0
||||-0.3366472512436065||-0.3491262779681462|-0.388356510731042|-0.3066398404926758|2.7993314009096784|-0.2927460969173007|0.3019724546268555||-0.3130049535229838||0.0|1.0|1.0|0.0|0.0|0.0|0.0|1.0|0.0|0.0|0.0|0.0|0.0|0.0|1.0|0
|-0.22244413811979064|2.5087888955582027|0.6331871075012468|||||-0.3220017911280371|||-0.34402883322651323|2.4070899961166163|-1.287407577847023|0.5115427466400685|1.0|0.0|0.0|0.0|0.0|1.0|0.0|0.0|0.0|1.0|0.0|0.0|0.0|0.0|1.0|1
|-0.22244413811979064|-0.3494503467134256|||||2.693906129396992|0.9020013896401873|-0.3618777322069544||-0.3460375436986941|-0.24385853726190052|3.2457625259161293||0.0|1.0|0.0|1.0|0.0|0.0|0.0|0.0|0.0|1.0|0.0|1.0|0.0|0.0|0.0|0
||0.732771977546961||-0.32046742975791115||-0.35112005444052546|0.7838370038042858|-0.29963334138244546|2.1406677525046174||-0.3504567067374921|-0.25738378488117863|||0.0|1.0|0.0|0.0|0.0|0.0|1.0|0.0|0.0|0.0|1.0|1.0|0.0|0.0|0.0|0
1.6981020410349768|||-0.3534976340925889|-0.3238219472849205|-0.3591748746379078|||-0.30164670319573006|0.4563707087259614|||-0.25738378488117863|||0.0|1.0|0.0|1.0|0.0|0.0|0.0|1.0|0.0|0.0|0.0|0.0|0.0|1.0|0.0|0
-0.23370400301008962|-0.22244413811979064|-0.35026069663799353||3.4949796662035437|-0.36394125011513057|1.7479278156803761|-1.2666949724300578|||-0.29504444317860995||-2.664877861112689|1.9026010136900102|-1.0552724526192871|1.0|0.0|0.0|0.0|0.0|0.0|1.0|0.0|0.0|0.0|1.0|0.0|0.0|0.0|1.0|0
-0.23085962601272264||-0.3490451717511417||-0.326233427756144|-0.3582560552688046|-0.35311383091290477||0.7404291041241001||-0.30023870572916894|||-0.3134628494930609||0.0|1.0|0.0|0.0|0.0|1.0|0.0|0.0|0.0|1.0|0.0|0.0|0.0|0.0|1.0|0
0.9751562208708722|-0.22244413811979064|2.204907673845253|0.9412693540438682|2.2723994831670344||0.4120975791862614|-0.3751112587910193|-0.33625639276609187||1.8748242621234605|||-0.3059838819818018||1.0|0.0|0.0|1.0|0.0|0.0|0.0|0.0|0.0|0.0|1.0|0.0|0.0|1.0|0.0|0
||-1.5035687170590835||-0.32069645304288774|-0.35873460702354587|-1.5318344813835327||2.5897019296259822|-0.3724163505814354|-1.1026833194026833|0.643453234897604||0.18549112590093725||0.0|1.0|0.0|0.0|0.0|1.0|0.0|1.0|0.0|0.0|0.0|1.0|0.0|0.0|0.0|0
-0.2569330818219199|-0.22244413811979064||-0.3543191867500359|-0.32345820442054596||-0.3455374803178635|||-1.3408401033507051|2.040305192937727|-1.1844732947869905|-0.24385853726190052|-0.30812072984216154|-1.0552724526192871|1.0|0.0|0.0|0.0|1.0|0.0|0.0|0.0|0.0|0.0|1.0|1.0|0.0|0.0|0.0|0
2.7410402734028656|||-0.3506221997915244|0.484333865607577|-0.35103949480730673|||-0.306478771547613|||-0.35367064349298144||0.3610179144304869||0.0|1.0|0.0|0.0|0.0|0.0|1.0|1.0|0.0|0.0|0.0|1.0|0.0|0.0|0.0|0
-0.25835527032060335|-0.22244413811979064||0.7256117814640333|3.2322764863775166|-0.34610084069837715||-0.37292252039547896||-0.36564152448355475||1.6277213662662318|2.4070899961166163|1.7194426256591757|-1.0552724526192871|0.0|1.0|0.0|0.0|0.0|1.0|0.0|0.0|0.0|1.0|0.0|1.0|0.0|0.0|0.0|0
-0.2683105898113877|-0.22244413811979064||-0.34856831814790695||-0.3720192037351626|-0.3439424591399601||-0.322404463490694||||2.4070899961166163|-0.3122417935728553|2.0783579458994237|0.0|1.0|0.0|1.0|0.0|0.0|0.0|1.0|0.0|0.0|0.0|0.0|0.0|0.0|1.0|1
-0.23322994017719512|||||-0.3637689714834237|||0.41980123535853164||-0.313431213269084|1.547372947378997|||-0.2718648529896093|1.0|0.0|0.0|1.0|0.0|0.0|0.0|0.0|1.0|0.0|0.0|0.0|0.0|0.0|1.0|0
-0.23417806584298412||-0.34578126233274337|||-0.362716157622993|||-0.3139282102567659||-0.30023870572916894|-0.3564828381540347|-0.21680804202334422|-0.31590496133347207|-0.2718648529896093|0.0|1.0|0.0|1.0|0.0|0.0|0.0|1.0|0.0|0.0|0.0|1.0|0.0|0.0|0.0|0
|-0.22244413811979064|||-0.3182580286557846||-0.3455374803178635|-0.3812713163372309|-1.4732622095822896|-0.3509627346048134||-0.33639573343222595|-0.23033328964262237|-1.485829164880427|-1.0552724526192871|0.0|1.0|0.0|0.0|0.0|1.0|0.0|0.0|0.0|0.0|1.0|0.0|0.0|0.0|1.0|0
-0.25930339598639235|-0.22244413811979064|2.2904446103274165|0.44833775957567396|-0.3115759375176457|-0.34424405988998114|-0.34793001208471863|2.246004509278679|-0.3189817484081102||0.6532532242375898||||-1.0552724526192871|1.0|0.0|0.0|0.0|0.0|0.0|1.0|0.0|0.0|0.0|1.0|1.0|0.0|0.0|0.0|1
-0.2270671233495667|-0.22244413811979064|-0.34069406558406734|-0.3514437524489714||-1.3876783059277782|0.69122628531936|||-1.058555682605679|||2.4070899961166163|-0.31804180919383174|-1.0552724526192871|0.0|1.0|0.0|0.0|0.0|0.0|1.0|0.0|0.0|0.0|1.0|0.0|0.0|1.0|0.0|0
||-0.34344025143954726||||-0.3495250332626221|-0.3847687849074243||-0.3712872128984553|-0.3123280070636556||-0.24385853726190052|2.2536545907491092||0.0|1.0|0.0|0.0|0.0|0.0|1.0|0.0|0.0|1.0|0.0|0.0|0.0|1.0|0.0|0
||-0.34031140034191026|-1.2050369635363947|-1.5846220749966322|-1.3742788567950235|3.243260169964833|-0.3853328927413264|-0.3264110534991303|-0.357361181475034||-0.3400114122821515||1.7576006231655996||0.0|1.0|1.0|0.0|0.0|0.0|0.0|0.0|0.0|1.0|0.0|1.0|0.0|0.0|0.0|0
-0.23797056850614007|||-0.341995896888331|-0.33461298559469727|-0.3745842411405757|||-0.3316256605955374|-0.3758037636303757|-0.31844160811873823||||1.2949503462697463|0.0|1.0|0.0|0.0|0.0|0.0|1.0|0.0|0.0|0.0|1.0|0.0|0.0|0.0|1.0|0
1.129226641561583||-1.4675531648560671||-1.4643848503839505|0.8840068738288824|-0.33158104501120855||0.6513378438862577||-0.3039160597472637|-0.329566117826811|-0.25738378488117863|-0.28827857113882116||0.0|1.0|0.0|0.0|0.0|1.0|0.0|0.0|0.0|1.0|0.0|0.0|0.0|0.0|1.0|0
-0.2749474694719107|-0.22244413811979064|-0.35467260178286303|-0.35596229206492985|-0.33195900988055743|0.5442351279626029||-0.18868490184303421||||||-0.283852243428076||0.0|1.0|0.0|0.0|1.0|0.0|0.0|0.0|0.0|0.0|1.0|0.0|0.0|1.0|0.0|0
-0.2630958986495483|||||0.796910454465977||-0.376600503472521||2.761693478143675|-0.31182237088616754|-0.33639573343222595|1.0545652341888017|||0.0|1.0|0.0|0.0|0.0|1.0|0.0|0.0|0.0|0.0|1.0|1.0|0.0|0.0|0.0|0
|-0.22244413811979064|-0.36390158703488595||-0.9844463487787092|0.7600619693509015|-0.324802205005119|0.7353237300887002|||0.9577841038610665||-0.25738378488117863|-0.2981996504904914||0.0|1.0|0.0|1.0|0.0|0.0|0.0|0.0|0.0|0.0|1.0|1.0|0.0|0.0|0.0|0
-1.845517634851372|||-0.3391204625872665|||-0.3391573956062498||-0.32912909194706447||||||-1.0552724526192871|1.0|0.0|0.0|0.0|0.0|0.0|1.0|0.0|0.0|0.0|1.0|0.0|0.0|0.0|1.0|0
-0.2180599295245713|-0.22244413811979064||-0.3506221997915244|-0.3258023251020705|3.2068970913428556||-0.388356510731042||1.4443661813335529||||1.9254958121938646||0.0|1.0|0.0|0.0|0.0|1.0|0.0|1.0|0.0|0.0|0.0|0.0|0.0|0.0|1.0|0
|-0.22244413811979064|-0.3349540869517116||0.9885218915044517|-0.36503234811594054||-1.2390536885688521||||-0.33639573343222595|-0.2709090325004568|-0.29529964268000314||0.0|1.0|0.0|0.0|0.0|1.0|0.0|0.0|0.0|1.0|0.0|1.0|0.0|0.0|0.0|1
||3.424934504722431|1.7012055621823345|0.6038974923232687|0.48728746914839544||1.3490730533742479|||-0.29692908711288357|-0.37295426402591786||-0.5471424262224005||1.0|0.0|0.0|0.0|0.0|0.0|1.0|1.0|0.0|0.0|0.0|1.0|0.0|0.0|0.0|0
|-0.22244413811979064|||-0.33640475600069014|||1.9368734163002963|0.5083891551430529||3.2124617862054485||-0.16270705154623163|-0.30232071422118517|1.2949503462697463|0.0|1.0|0.0|0.0|0.0|0.0|1.0|0.0|0.0|0.0|1.0|0.0|0.0|0.0|1.0|0
-0.2588293331534978|||-0.3539084104213124|-0.3255194139853348||-0.3435437038454842||-0.3228071358533509|-0.3645123868005747|-0.30938612384917974|1.2259792718300573|-0.21680804202334422|||0.0|1.0|0.0|0.0|0.0|0.0|1.0|1.0|0.0|0.0|0.0|1.0|0.0|0.0|0.0|0
2.1721648739294714|-1.1049173423606558|-0.358206627842784|-0.3678748055979112||||-0.3891688260118611|1.0157563320907657|0.6069223997899753|-0.2889308421235273|-0.32675392316575774|-0.2709090325004568|1.0516776692967584||0.0|1.0|0.0|0.0|0.0|1.0|0.0|0.0|0.0|1.0|0.0|0.0|0.0|0.0|1.0|0
-0.2441333853337685||-0.3504407743990086||-0.3276479833398226|-1.4163914112122526||-0.38364056923962|-0.3159415720700505||-0.3023072173643472|||0.9982564727877651|2.8617655455291016|0.0|1.0|0.0|0.0|0.0|1.0|0.0|1.0|0.0|0.0|0.0|0.0|0.0|1.0|0.0|0
|1.1895129886655937||||-1.883936475594443|||-0.3106061632648464|-0.3652651452558947||-0.3448323174153856|-0.24385853726190052|3.367868117936686||1.0|0.0|0.0|0.0|0.0|1.0|0.0|1.0|0.0|0.0|0.0|0.0|1.0|0.0|0.0|0
|-0.22244413811979064|-0.3543799754212135|||||-0.37540459486464844|-0.3303371090350352|||-0.3307713441101195|-0.24385853726190052||0.5115427466400685|0.0|1.0|0.0|1.0|0.0|0.0|0.0|0.0|0.0|0.0|1.0|0.0|0.0|1.0|0.0|0
1.7218051826797016|0.7041527263331179|-0.32446455737258306|-0.34856831814790695||1.8966223868613437|0.69122628531936|||2.611141787079661|-0.3144424856240601|0.8844984915593088||||1.0|0.0|0.0|0.0|0.0|0.0|1.0|0.0|0.0|0.0|1.0|0.0|0.0|0.0|1.0|0
-1.6321893600488495||||-1.2697150581538947|0.3753063585389455||-0.3935011741762297|2.375278896511175|-0.36225411143461445||||3.2457625259161293||0.0|1.0|0.0|0.0|0.0|1.0|0.0|0.0|0.0|0.0|1.0|0.0|0.0|1.0|0.0|1
-0.25930339598639235|-0.22244413811979064|0.4063810357071254|-1.7493155990950258||||-0.3958929913919748|-0.32335074354293775|0.2775905755874448|-0.309937726951894||-0.2709090325004568||0.5115427466400685|1.0|0.0|0.0|0.0|0.0|0.0|1.0|0.0|0.0|1.0|0.0|0.0|0.0|0.0|1.0|0
-2.390689892680041|-0.1747905850907839|-0.3363947090398322|-0.35021142346280093|-1.6839777648026295|-1.3359947164157244|-1.1629858339933667|||||-0.33920792809327915|-0.2709090325004568|-1.4133289696182216|-0.2718648529896093|0.0|1.0|0.0|1.0|0.0|0.0|0.0|0.0|0.0|0.0|1.0|0.0|0.0|0.0|1.0|0
-0.2697327783100712|-0.22244413811979064|-0.334683970310189||-1.7277616281069672||-1.5717100108311184|-0.3844077558937269|||||-0.21680804202334422|1.265362455332732||0.0|1.0|0.0|0.0|0.0|0.0|1.0|0.0|1.0|0.0|0.0|0.0|0.0|1.0|0.0|1
|||-0.3592485026947178||1.2151646881098197|-0.3610889368024219|-1.232284394562026|-0.32484063128476837||-0.3114546354843581|-0.3275574073546301|-0.25738378488117863|-0.2862943552684871||0.0|1.0|0.0|0.0|1.0|0.0|0.0|0.0|1.0|0.0|0.0|0.0|0.0|0.0|1.0|1
||||-0.3154423894463672|0.45713870859969735|0.5715996969766034||||0.702667668855739|-1.1242119806215642|-0.25738378488117863|-0.3105628416825727|-0.2718648529896093|0.0|1.0|0.0|0.0|0.0|0.0|1.0|0.0|0.0|0.0|1.0|0.0|0.0|0.0|1.0|0
-0.2725771553074382|-0.22244413811979064|0.6089685168490924||||||||-0.28042696095668307|-0.32996785992124716||||0.0|1.0|0.0|0.0|0.0|0.0|1.0|0.0|0.0|1.0|0.0|0.0|0.0|1.0|0.0|0
-0.2616737101508648||||-0.33905873171483003||-0.3459362356123394|-0.37689383954615013||-0.3539737684260937||-0.35969677490952406||||0.0|1.0|0.0|0.0|0.0|0.0|1.0|1.0|0.0|0.0|0.0|0.0|0.0|0.0|1.0|0
|-0.22244413811979064||-0.36376704231067625||2.0488018448690575|-0.3515188097350013|2.0271306697246416||-0.36413600757291464|1.649586328515153|-0.3179155970881619|2.4070899961166163||-1.0552724526192871|0.0|1.0|0.0|0.0|0.0|0.0|1.0|1.0|0.0|0.0|0.0|0.0|0.0|0.0|1.0|0
|-0.2153843524858637|-0.35640585023263316|-0.3543191867500359|0.44290759494270354|-0.35345139565120254||-0.3803010508629192|-0.3128208612594594||-0.2990895325985143|||-0.30232071422118517|1.2949503462697463|1.0|0.0|0.0|0.0|0.0|1.0|0.0|1.0|0.0|0.0|0.0|0.0|0.0|0.0|1.0|0
-0.23986681983771804|||-0.34487133118939545||-0.3542745046693575|-0.34793001208471863|||||||-2.031488529222288|1.2949503462697463|0.0|1.0|0.0|0.0|0.0|0.0|1.0|0.0|0.0|0.0|1.0|1.0|0.0|0.0|0.0|1
2.1010554489952975||-0.3614480275410554||||-1.352394598869398|-0.38068464418997267||-0.35811393993035406|-0.3081450168680728||-0.23033328964262237||0.5115427466400685|0.0|1.0|0.0|0.0|0.0|0.0|1.0|1.0|0.0|0.0|0.0|0.0|1.0|0.0|0.0|0
-0.2597774588192868|||-0.3526760814351419||2.2134236485000436|-1.2128302458028486|-0.3983299372344321|-0.32633051902659893|-0.3663942829388748|2.895290002144771|0.834280729754787|0.04017166274294058||-1.0552724526192871|0.0|1.0|0.0|1.0|0.0|0.0|0.0|1.0|0.0|0.0|0.0|1.0|0.0|0.0|0.0|0
1.1055234999168582||||1.4607140172943103|||-0.3924180871351375|-0.3299545702905112||-0.3166948649601432||-0.24385853726190052|-0.29911544243064553||0.0|1.0|1.0|0.0|0.0|0.0|0.0|0.0|0.0|1.0|0.0|1.0|0.0|0.0|0.0|0
-0.26499214998112625||-0.3544024851413404|0.32510486095862534|0.49376423616543436|1.3797864917408058|1.5684879331662414||||||1.0545652341888017||-0.2718648529896093|0.0|1.0|0.0|0.0|0.0|0.0|1.0|0.0|0.0|0.0|1.0|0.0|0.0|1.0|0.0|0
|5.0723950873254005|1.2381151943955337|||||-0.37416355763006365|-0.31225711995173977|-0.3690289375324951|0.8256291938357841||-2.664877861112689|0.8952298795204208||0.0|1.0|0.0|0.0|0.0|1.0|0.0|1.0|0.0|0.0|0.0|0.0|0.0|0.0|1.0|0
||-0.3565409085533945|-0.35760539737982383|2.8564088598572015|-0.35718409933818424|-0.34633499090681524|-0.3840241625666734|||-0.2978024586921811||-0.24385853726190052|0.937203676777487|0.5115427466400685|0.0|1.0|0.0|0.0|0.0|0.0|1.0|1.0|0.0|0.0|0.0|0.0|0.0|0.0|1.0|0
|-0.22244413811979064|-0.3501256383172322|||0.6399454789108506|-0.35231632032395305|-0.3828959468988691|-0.3217400540923101||-0.3082829176437513|-0.33036960201568333|-0.25738378488117863|||0.0|1.0|0.0|0.0|0.0|0.0|1.0|0.0|0.0|0.0|1.0|1.0|0.0|0.0|0.0|0
-0.2545627676574474||||-1.6304267319919394|-0.36912875113652555|3.083758052174491|-0.39600581295875525|-0.320834041276332||-1.2968935784833155|-0.3504567067374921|0.7164340437068479|||1.0|0.0|0.0|0.0|0.0|0.0|1.0|0.0|0.0|0.0|1.0|0.0|0.0|0.0|1.0|0
-0.2521924534929749|-0.22244413811979064||-0.3543191867500359|-0.3165470899974305|||-0.3733963709759568|-0.3147738222183455|-0.3584903191580141|-1.4520319511216904|||-0.32246813690457693|-1.0552724526192871|1.0|0.0|0.0|0.0|0.0|0.0|1.0|1.0|0.0|0.0|0.0|0.0|0.0|1.0|0.0|0
-0.2531405791587639|-0.22244413811979064|1.5194866959815987||1.5752256597825784|||||0.9174352626095041|-0.32506084535130886|-0.3384044439044068|||-1.0552724526192871|1.0|0.0|0.0|0.0|0.0|0.0|1.0|0.0|0.0|1.0|0.0|0.0|0.0|0.0|1.0|0
|5.954868291566266|||||3.243260169964833||-0.31447181794635276|||-0.3339852808656089|0.04017166274294058|||1.0|0.0|0.0|0.0|0.0|0.0|1.0|1.0|0.0|0.0|0.0|0.0|1.0|0.0|0.0|0
|-0.22244413811979064||-0.341174344230884||-0.3401667989395858|-0.34872752267367035||0.5748300949814439|||0.38232087351409044|-0.25738378488117863|-0.3097996817324442||1.0|0.0|0.0|0.0|0.0|0.0|1.0|0.0|0.0|0.0|1.0|0.0|0.0|1.0|0.0|0
|-0.22244413811979064||0.8385752718629945|-0.30516328553830263|2.0928286063052517|||-0.3244782261583771||1.3691880846354236||-0.21680804202334422|-0.2870575152186156||0.0|1.0|0.0|0.0|0.0|0.0|1.0|0.0|0.0|1.0|0.0|1.0|0.0|0.0|0.0|0
-0.2526665163258694||-0.36644518540922394||0.7413114633091906|0.5298785753203656|||||1.4312434336907736||||0.5115427466400685|0.0|1.0|0.0|1.0|0.0|0.0|0.0|0.0|0.0|1.0|0.0|1.0|0.0|0.0|0.0|0
|-0.22244413811979064||-0.34610366017556593|-0.8396228009258995||-0.34753125679024277|-1.3575163336883052|||-0.31251187476456027|||1.9026010136900102|-1.0552724526192871|0.0|1.0|1.0|0.0|0.0|0.0|0.0|1.0|0.0|0.0|0.0|1.0|0.0|0.0|0.0|0
|-0.22244413811979064|-0.35035073551850104|-0.3580161737085473|1.5597329081518128||-0.34872752267367035|-0.39347860986287353|-0.31912268373504016||||-0.25738378488117863|-1.3828025716130825|1.2949503462697463|0.0|1.0|0.0|0.0|0.0|0.0|1.0|1.0|0.0|0.0|0.0|0.0|0.0|0.0|1.0|0
-0.25835527032060335||-1.999908045856902||-2.0059575595637598||-0.3586964050355667|-0.3902970416796654|0.7202954859912545|||-0.3380027018099706|-0.10860606106911903|||0.0|1.0|0.0|0.0|0.0|1.0|0.0|1.0|0.0|0.0|0.0|1.0|0.0|0.0|0.0|1
||-0.3489776425907611|-0.35472996307875937|-0.32616606796644504|-0.3618356223942691|||-0.30587476300362765|||-0.3291643757323748|-0.23033328964262237|||0.0|1.0|1.0|0.0|0.0|0.0|0.0|0.0|0.0|0.0|1.0|0.0|0.0|0.0|1.0|0
||-0.3453085582100788||1.8163737069049313|2.6977180242981773||||0.8797973398435006||-0.3287626336379386|1.7308276151527089|-1.6804349521631885|-0.2718648529896093|0.0|1.0|0.0|1.0|0.0|0.0|0.0|0.0|0.0|1.0|0.0|0.0|0.0|0.0|1.0|0
-0.25645901898902534|||-0.3584269500372708|-0.32588315684970925|0.5839549236061257||-0.38515237823447773|-0.3084921333608976|-0.36225411143461445||-0.30947901310500225||-0.26767325248535234||1.0|0.0|0.0|0.0|0.0|0.0|1.0|1.0|0.0|0.0|0.0|0.0|0.0|0.0|1.0|0
2.527711998600343|-0.22244413811979064||-0.3518545287776949|2.6893565814037284||0.32237763792919394|-0.3852426354879021||-0.3611249737516343|-0.3046515305508827|||||1.0|0.0|0.0|0.0|0.0|0.0|1.0|0.0|0.0|0.0|1.0|0.0|0.0|0.0|1.0|0
|2.1602335133305455||-0.3543191867500359||-1.04838511181624||-0.39839763017450036|-0.31547849885299506||-0.30184754811208536|-0.3544741276818538||-0.313920745463138|1.2949503462697463|0.0|1.0|0.0|0.0|1.0|0.0|0.0|1.0|0.0|0.0|0.0|0.0|1.0|0.0|0.0|0
-0.244607448166663||-0.333693542624606|0.5099542088841982|||-0.34992378855709794||-0.31990789484222115|-0.3543501476537537|-0.3063982737094777|-1.003689352290712|-0.21680804202334422||1.2949503462697463|0.0|1.0|0.0|0.0|0.0|0.0|1.0|1.0|0.0|0.0|0.0|1.0|0.0|0.0|0.0|0
-1.3121969478450655|-0.16420090663989353|-1.8125146258005829|-0.34774676549045996||-0.35733723589970146|-0.34793001208471863|-0.384182112760166|-0.8360331956777218|-1.3220211419677035|0.14531870048824386|||-1.565960959643917||0.0|1.0|0.0|0.0|0.0|0.0|1.0|0.0|0.0|0.0|1.0|0.0|1.0|0.0|0.0|0
-1.264790664555616|-0.22244413811979064|-0.3589494486069712|-0.34856831814790695|-0.3363104522951116|-0.36208446930673455|-0.3503225438515738|-1.3129518148100348||-0.3603722152963143|-1.2693134233476044|-0.34764451207643887|2.4070899961166163|-0.30689967392195605|-1.0552724526192871|0.0|1.0|0.0|0.0|0.0|1.0|0.0|1.0|0.0|0.0|0.0|1.0|0.0|0.0|0.0|0
|||-0.3317264886702436|-0.3418339550504281||-0.3287897579498776||3.0829755738807028||-0.31002966080234634|-0.32996785992124716||2.276549389252964||0.0|1.0|0.0|0.0|0.0|1.0|0.0|1.0|0.0|0.0|0.0|1.0|0.0|0.0|0.0|0
1.7455083243244263||||-0.3216125461827939|-0.36045739334061433|1.508674638994863||-0.3192032182075715|||-0.3436270911320771||1.5744422351347651||1.0|0.0|0.0|0.0|0.0|0.0|1.0|0.0|0.0|1.0|0.0|0.0|0.0|0.0|1.0|0
-0.22943743751403917||||-0.323983610780198|1.9664909430535646|-0.34872752267367035||0.4510083434644426|-0.3603722152963143|2.9780304675519043|-0.3564828381540347||-0.31590496133347207|-0.2718648529896093|0.0|1.0|0.0|0.0|0.0|0.0|1.0|0.0|0.0|1.0|0.0|0.0|0.0|0.0|1.0|0
-0.24934807649560795||-0.3439804847225925|1.2904292334588392|-0.32107366786520203|||1.3975863270898332|2.92794671425779|-0.3626304906622745||-0.3376009597155345|-0.2709090325004568|-0.29652069860020874||0.0|1.0|0.0|0.0|0.0|1.0|0.0|0.0|0.0|0.0|1.0|0.0|0.0|1.0|0.0|0
-0.2517183906600804|-0.22244413811979064|-0.3466816511378188|-0.3604808316808883|||-0.34434121443443594||-0.32093470936699625|||||-0.2846154033782045|1.2949503462697463|0.0|1.0|0.0|0.0|0.0|1.0|0.0|0.0|0.0|1.0|0.0|0.0|0.0|1.0|0.0|0
-0.26262183581665377|-0.22244413811979064|2.5594357658436944|-0.3473359891617364|-0.3061063225940884|||||-0.37203997135377537|||-0.24385853726190052|||1.0|0.0|0.0|0.0|0.0|0.0|1.0|0.0|0.0|1.0|0.0|0.0|0.0|0.0|1.0|0
-0.25503683049034187|-0.22244413811979064|0.7507797536484692||0.7928417024289109|-0.347747058734687|-0.3586964050355667|-0.3745697152704732|-1.2507857292143443|||-0.34402883322651323|-0.23033328964262237||1.2949503462697463|1.0|0.0|0.0|0.0|0.0|1.0|0.0|1.0|0.0|0.0|0.0|0.0|0.0|1.0|0.0|0
-0.2147414896943098|3.2192013584195838||-0.3473359891617364|-0.32774228704540115||-1.322487951783709|-0.39135756440740144||||-0.34282360694320474|-1.650484289666828|||1.0|0.0|0.0|0.0|0.0|1.0|0.0|0.0|0.0|1.0|0.0|0.0|0.0|0.0|1.0|0
-0.22043024368904376|-0.18361531713319257|1.499227947867402||||-0.3491262779681462||-0.3168073176497629|0.7010172067049841||-0.35085844883192824|3.4214835675624777||-0.2718648529896093|0.0|1.0|0.0|0.0|0.0|0.0|1.0|0.0|0.0|1.0|0.0|0.0|0.0|1.0|0.0|0
0.6788669503118129|||-0.34897909447663045|0.7315442938028384||-0.35112005444052546|-0.3874539381967985|-0.3277801395321638||-0.3144884525492863|||-0.29529964268000314||1.0|0.0|0.0|0.0|0.0|1.0|0.0|0.0|0.0|1.0|0.0|0.0|1.0|0.0|0.0|0
-0.24176307116929602||-0.3341437370271437|-1.1947675553183073|||-0.3419486826675808||1.8266378023911283||-0.300514507280526||-0.284434280119735||0.5115427466400685|0.0|1.0|0.0|0.0|0.0|0.0|1.0|1.0|0.0|0.0|0.0|0.0|0.0|0.0|1.0|0
-0.243659322500874|-1.3696593036329154|-0.3456462040119821|-0.34774676549045996|-0.32277113456561635|-0.36344355629019964||-0.3902970416796654||-0.3607485945239743|-0.3041458943733946|||1.9483906106977187|-0.2718648529896093|0.0|1.0|0.0|0.0|0.0|0.0|1.0|1.0|0.0|0.0|0.0|0.0|1.0|0.0|0.0|0
||-1.1068348998227318||-0.3368358586547636||||-0.3230487392709451|1.3314524130355425|||-2.664877861112689|||1.0|0.0|0.0|0.0|0.0|0.0|1.0|1.0|0.0|0.0|0.0|0.0|0.0|1.0|0.0|0
|-0.22244413811979064|||1.983425985358405|-0.3785083655294538||0.05275325106708939|0.595970394020932||-0.3061684390833468|||-0.28583645929841||0.0|1.0|0.0|1.0|0.0|0.0|0.0|1.0|0.0|0.0|0.0|1.0|0.0|0.0|0.0|0
||-0.35363715465702633|-0.35555151573620636||||-0.382873382585513|-0.3253842389743552|||-0.33036960201568333|-0.25738378488117863|0.9562826755306989|0.5115427466400685|0.0|1.0|0.0|0.0|0.0|0.0|1.0|0.0|0.0|1.0|0.0|0.0|1.0|0.0|0.0|0
-0.2365483800074566|-0.22244413811979064|-0.35343456717588434||-0.33069264583421654||-0.3507212991460496|||||-0.3271556652601939|-0.25738378488117863|||0.0|1.0|0.0|0.0|0.0|0.0|1.0|1.0|0.0|0.0|0.0|0.0|0.0|0.0|1.0|0
2.978071689850113||||||||-1.6469146659780844|-0.35698480224737394|-0.2924243284407174|||1.1127304653070367||1.0|0.0|0.0|1.0|0.0|0.0|0.0|0.0|0.0|1.0|0.0|0.0|0.0|1.0|0.0|0
||-0.34967544391469446|-1.8109320484035503||-0.3619887589557863|0.6314129911479817|-0.3888529256248759|||-0.29830809486966914|-1.4656927608923127||-0.29652069860020874|-0.2718648529896093|0.0|1.0|1.0|0.0|0.0|0.0|0.0|0.0|0.0|0.0|1.0|0.0|1.0|0.0|0.0|0
0.809234229357799|-0.22244413811979064||-0.35021142346280093|-0.29093689795387784|-1.1235177373106144|||-1.8854980408523063|-0.35698480224737394|1.2243922701729404|-0.3460375436986941|-1.3123530991848742|||0.0|1.0|0.0|0.0|0.0|0.0|1.0|0.0|0.0|1.0|0.0|0.0|0.0|0.0|1.0|1
1.5321800495219036|-0.22244413811979064|-0.3553704031067964|0.314835452740538|0.4691779129253062||-0.32918851324435344|-0.3845431417738634||||-1.82726064588487|-0.16270705154623163||-1.0552724526192871|0.0|1.0|0.0|0.0|0.0|1.0|0.0|0.0|0.0|0.0|1.0|1.0|0.0|0.0|0.0|1
|-0.1571411210059666|-0.3429225278766289|||-0.34393778676694675||-0.3707563463132946|||-0.3134771801943102|-0.33358353877117275|||-0.2718648529896093|0.0|1.0|0.0|0.0|0.0|0.0|1.0|1.0|0.0|0.0|0.0|0.0|0.0|1.0|0.0|0
|-0.22244413811979064|-1.1709876021843546|0.3456436773948001|-0.33422229881444315|-0.3504652327016172|-0.34075241678415324|-0.3772999971865597|-0.316142908251379|-0.3543501476537537|0.7256511314688315|||-0.2940785867597976||1.0|0.0|0.0|0.0|0.0|1.0|0.0|0.0|0.0|0.0|1.0|0.0|0.0|1.0|0.0|0
-0.22137836935483274|-0.22244413811979064|-0.3614480275410554|-1.7082379662226763||-0.34428234403036045||-0.37109481101363595||0.7480646101624885|||||0.5115427466400685|0.0|1.0|0.0|0.0|0.0|0.0|1.0|1.0|0.0|0.0|0.0|1.0|0.0|0.0|0.0|0
-2.2129163303446058|-0.22244413811979064|-0.3392309337758198|||-0.3441483495390329|-0.3571013838576633|-0.37095942513349944|-0.30738478436359107||-1.6416455176797042|0.6635403396194127|-0.24385853726190052|-0.2981996504904914||1.0|0.0|0.0|0.0|0.0|0.0|1.0|1.0|0.0|0.0|0.0|0.0|0.0|0.0|1.0|1
-0.2645180871482318||2.875697333626432|||-1.3982064445320854|||-0.29172082945623706|||-0.3223347601269599||-0.28095223561758775|-0.2718648529896093|1.0|0.0|0.0|1.0|0.0|0.0|0.0|1.0|0.0|0.0|0.0|0.0|0.0|1.0|0.0|0
|||-1.3077310457172684|-0.31947050487036627||||-0.31499529201780674|-0.3731691090367555|-0.30134191193459736|-0.3460375436986941||||0.0|1.0|0.0|0.0|1.0|0.0|0.0|0.0|0.0|0.0|1.0|0.0|0.0|0.0|1.0|0
-0.23038556317982814|-0.22244413811979064|-0.33416624674727063|1.9682101758526065|-0.311090947031813|0.46575264018503965||-0.3898908840392558||-1.5478486785637244|||-0.21680804202334422|||1.0|0.0|0.0|0.0|0.0|0.0|1.0|0.0|0.0|1.0|0.0|1.0|0.0|0.0|0.0|0
|-0.22244413811979064|||0.11385502226318012|1.9014079044087562|-1.3424257165075015||-0.32592784666394203|-1.4161159488827122|-0.3125578416897865|-0.3540723855874176|-0.18975754678478793|||0.0|1.0|1.0|0.0|0.0|0.0|0.0|0.0|0.0|0.0|1.0|0.0|0.0|1.0|0.0|0
-0.22848931184825017|-0.22244413811979064|-0.3274808598695857|-0.35021142346280093||0.6973716894797992|-0.34513872502338766|-0.3805943869365483||-1.3972969874997103|-0.2921025599641341||2.4070899961166163|-0.2994207064106969|-0.2718648529896093|1.0|0.0|1.0|0.0|0.0|0.0|0.0|0.0|0.0|1.0|0.0|0.0|0.0|0.0|1.0|1
|-0.1853802635416743|-1.098956497778322|-0.3592485026947178|-0.33715918564531877|1.608534230507118|-0.3447399697289118|||-0.35133911383247346||-0.3384044439044068|1.0545652341888017|||0.0|1.0|0.0|0.0|0.0|0.0|1.0|1.0|0.0|0.0|0.0|0.0|1.0|0.0|0.0|0
-0.24318525966797952||-0.3683810213401361|-0.3424066732170545||-0.3638838239045616|-1.800994305154735|-0.39074832794678716|-0.3035191296820847|-0.367899799849515|-0.28952841215146774|-1.3552136849223648|-0.6360907182209669|-0.30109965830097957||0.0|1.0|0.0|0.0|0.0|0.0|1.0|0.0|0.0|0.0|1.0|0.0|1.0|0.0|0.0|0
|2.777964756299151|-0.3390283462946778|-0.3686963582553582|2.1363327079750922|-0.3599022733051145|-0.35590511797423574||-0.32743786802390545||-0.3141207171474768|-0.34121663856546003|-0.24385853726190052|-0.30033649835085113||0.0|1.0|0.0|0.0|0.0|0.0|1.0|0.0|0.0|0.0|1.0|0.0|1.0|0.0|0.0|0
-0.26878465264428225|2.0719861929064587|||||-0.34673374620129105|2.1015929037997263||3.025158937505699|1.5277739766657625||-0.18975754678478793|||0.0|1.0|0.0|1.0|0.0|0.0|0.0|1.0|0.0|0.0|0.0|0.0|1.0|0.0|0.0|0
||2.4052441829745312||||-1.462052304850258||2.9219066288179367|0.3905043438854553||0.9045855962811175||-1.0012225965488442||0.0|1.0|0.0|0.0|0.0|0.0|1.0|0.0|0.0|1.0|0.0|0.0|0.0|0.0|1.0|0
-1.241087522910891|5.0723950873254005|-0.3467491802981994||-1.4206009870796128||-0.3419486826675808|-0.39235039419506923|||0.7555296328658518|-0.34081489647102386||-0.299878602380774||0.0|1.0|0.0|0.0|0.0|1.0|0.0|0.0|0.0|0.0|1.0|0.0|0.0|0.0|1.0|0
-0.2664143384798098|-0.22244413811979064|2.118245251356745||-0.3150786465819927|||-0.3713430184605529|-0.8702603465035595|-0.3645123868005747||||-0.2850732993482816|2.0783579458994237|0.0|1.0|0.0|1.0|0.0|0.0|0.0|1.0|0.0|0.0|0.0|0.0|0.0|0.0|1.0|0
|-0.22244413811979064||0.612648291065072|1.3421607874241033||1.3691102859283137|1.4325610127917672|-0.3077471894899823||||||-0.2718648529896093|0.0|1.0|0.0|0.0|0.0|0.0|1.0|0.0|0.0|0.0|1.0|0.0|0.0|1.0|0.0|0
||-0.34172951270990404|-0.3424066732170545|-0.31878343501543666||-0.3403536614896774|-0.38991344835261194|0.7525092750038076|-0.36413600757291464|||1.0545652341888017||1.2949503462697463|1.0|0.0|0.0|0.0|1.0|0.0|0.0|0.0|0.0|1.0|0.0|1.0|0.0|0.0|0.0|0
-0.2152155525272043|-0.1747905850907839|1.409189067359861||-0.3295071135355145|2.833626722644689||||-1.5948960820212288||-0.3424218648487686||||1.0|0.0|0.0|0.0|1.0|0.0|0.0|0.0|0.0|0.0|1.0|0.0|0.0|1.0|0.0|0
||-0.34213468767218796|-0.34528210751811894|||-0.3491262779681462|-0.3843174986403025||0.8609783784604988||-0.3528671593041091|-0.2709090325004568|2.5436553717979304||1.0|0.0|0.0|0.0|0.0|1.0|0.0|0.0|0.0|1.0|0.0|0.0|1.0|0.0|0.0|0
-1.7270019266277483|-0.22244413811979064|-0.3402213614614027|-0.3613023843383353|||-0.3391573956062498||-0.30865320230596033|||-0.35085844883192824||-1.1156965890681156||0.0|1.0|1.0|0.0|0.0|0.0|0.0|0.0|0.0|0.0|1.0|1.0|0.0|0.0|0.0|0
|-0.22244413811979064|-0.32752587930983945|-0.34404977853194846|-0.3043414961039751||3.243260169964833||-0.3137671413117032|0.5222370735664675||-1.2045603995087992|-2.326746670630735|-0.30735756989203306||1.0|0.0|0.0|0.0|0.0|0.0|1.0|0.0|1.0|0.0|0.0|0.0|0.0|0.0|1.0|0
-0.2062083587022089|-0.22244413811979064|-0.3619432413838469|1.4958173978205869||-0.3566289793026844|1.84761663929934||-0.3147134213639469|-0.357737560702694|-0.3010661103832402|3.5159092101162526|-0.21680804202334422|-1.3408287743560163||1.0|0.0|0.0|0.0|0.0|1.0|0.0|0.0|0.0|0.0|1.0|1.0|0.0|0.0|0.0|0
-0.243659322500874|-0.22244413811979064||-0.3522653051064184||-0.35247515007153046|1.9473054629183038|||-0.34494066696225284|-0.3242794076224637|||-0.28751541118869267|-1.0552724526192871|1.0|0.0|0.0|0.0|0.0|1.0|0.0|0.0|0.0|1.0|0.0|1.0|0.0|0.0|0.0|0
|-0.22244413811979064||1.5985114800014608|-0.33397980357152685|-0.35660983723249473|||-0.9618683090080077||-0.3205560866791427|2.4713797645821987|-0.2709090325004568|0.391544312435626||0.0|1.0|0.0|0.0|0.0|0.0|1.0|0.0|0.0|0.0|1.0|1.0|0.0|0.0|0.0|0
-1.264790664555616|||-0.3522653051064184||-0.3731294438061623|-0.35231632032395305|||0.5692844770239719||||1.0516776692967584||0.0|1.0|0.0|1.0|0.0|0.0|0.0|0.0|0.0|1.0|0.0|1.0|0.0|0.0|0.0|0
-0.2450815109995575|-0.22244413811979064||0.5510318417565477|2.752674783720771||||-0.3182166709190621|-1.491391794414719||-0.3275574073546301||-1.7109613501683276||0.0|1.0|0.0|0.0|0.0|0.0|1.0|1.0|0.0|0.0|0.0|0.0|0.0|0.0|1.0|0
|-0.19420499558408294||-0.3580161737085473||||||-0.3637596283452546|0.8371209251423305|1.9290279370933627|-1.3123530991848742|||0.0|1.0|0.0|0.0|0.0|0.0|1.0|1.0|0.0|0.0|0.0|0.0|1.0|0.0|0.0|0
-1.4425642268910515||-0.33974865733873816|-0.36992868724152866|0.8666006721492956|||-1.5865441142525811||1.576098911014565|-0.2875058674415156||-0.17623229916550978||-1.0552724526192871|0.0|1.0|0.0|1.0|0.0|0.0|0.0|1.0|0.0|0.0|0.0|1.0|0.0|0.0|0.0|0
-1.4070095144239643|-0.22244413811979064|-0.32761591819034697||-0.30443579980955365|||3.2918604333332793|||-0.2921025599641341||1.0545652341888017|||0.0|1.0|0.0|0.0|0.0|1.0|0.0|1.0|0.0|0.0|0.0|0.0|0.0|0.0|1.0|1
2.7173371317581405|-1.325535643420872||0.8180364554268197||-0.3464262558916012|-0.36627275563060796|-1.7050067593720344|-1.4908791254485296||0.8187341550518565|-0.3516619330208006|-0.23033328964262237|-0.3110207376526498|-1.0552724526192871|0.0|1.0|0.0|0.0|1.0|0.0|0.0|0.0|0.0|1.0|0.0|0.0|0.0|0.0|1.0|0
|||-1.5439274347332783||-0.35502104540675383|||-0.33418263009840876|-1.3596590647337068|||-1.3123530991848742|-0.2986575464605684|-1.0552724526192871|0.0|1.0|0.0|0.0|0.0|0.0|1.0|0.0|0.0|0.0|1.0|0.0|0.0|0.0|1.0|0
-0.2265930605166722|-0.22244413811979064|-0.35239912005004764||-0.3296418331149124||-0.34314494855100836||-0.3134852706578433|-0.35623204379205387|||-0.24385853726190052||-0.2718648529896093|0.0|1.0|0.0|0.0|0.0|1.0|0.0|1.0|0.0|0.0|0.0|0.0|0.0|1.0|0.0|0
1.8403208909033253|-0.22244413811979064||-0.34363900220322496|-0.3398805211491576|-1.008665316172717||0.18757502336970502|-0.3069015775284028|||1.6478084709880405|-0.23033328964262237|||1.0|0.0|0.0|1.0|0.0|0.0|0.0|0.0|0.0|0.0|1.0|0.0|0.0|0.0|1.0|0
|||-0.3670532529404642|||-0.3419486826675808|-0.3844077558937269||-0.3690289375324951||3.315038162898165||||0.0|1.0|0.0|0.0|0.0|0.0|1.0|0.0|0.0|0.0|1.0|0.0|0.0|0.0|1.0|0
-0.23939275700482354|-0.22244413811979064|||-1.4310417544829548|-0.3521114507379271||-0.378947192061554|||||||-0.2718648529896093|0.0|1.0|0.0|1.0|0.0|0.0|0.0|0.0|0.0|1.0|0.0|0.0|0.0|0.0|1.0|0
|0.9247710273933342|-0.34985552167570955||-0.32705521719047154|-0.34883815673549706|-0.3495250332626221|-0.37567536662492146|||1.9253878798722643||-1.9886154801487814|-0.27881538775722803||0.0|1.0|0.0|0.0|1.0|0.0|0.0|0.0|0.0|1.0|0.0|0.0|0.0|0.0|1.0|0
||-0.3511835951631958|-0.35472996307875937||-0.3533556853002543|1.349172521204521||-0.32767947144149956|-0.36564152448355475||||-0.30033649835085113||0.0|1.0|1.0|0.0|0.0|0.0|0.0|0.0|0.0|0.0|1.0|0.0|0.0|0.0|1.0|0
1.1410782123839454|-0.22244413811979064||0.8488446800810818|-0.32747284788660525|-0.365281195028406|-0.34793001208471863|-0.39214731537486447|1.5608740430375643|-0.9550513949991694||||-0.2904154189991809||1.0|0.0|0.0|0.0|0.0|1.0|0.0|1.0|0.0|0.0|0.0|0.0|0.0|1.0|0.0|0
|-0.22244413811979064|-1.8580968090575254|2.0503654415973056|2.6246911832927062|-0.34954641333251407|-0.3435437038454842|-0.37637486033896017|3.185657026358216|-0.357737560702694|-0.30897242152214405||||-1.0552724526192871|1.0|0.0|0.0|0.0|0.0|1.0|0.0|0.0|0.0|1.0|0.0|1.0|0.0|0.0|0.0|1
|-0.22244413811979064|||-0.32244780757506125|3.017390596465325||-0.3902744773663093|-0.32516276917489384||-0.31177640396094136|||-1.6918823514151158||0.0|1.0|0.0|1.0|0.0|0.0|0.0|0.0|0.0|0.0|1.0|1.0|0.0|0.0|0.0|0
|-0.22244413811979064|-0.3474469816221329|-1.6363521086960646|-0.32460332084542864|-0.33737205669189696|-0.3419486826675808|1.0828141557724293|-0.3081901290889049|1.1244438378225232||0.04084009324334202||-0.3238418248148082|0.5115427466400685|1.0|0.0|0.0|0.0|0.0|0.0|1.0|0.0|0.0|0.0|1.0|0.0|0.0|0.0|1.0|0
|-0.22244413811979064||-0.3399420152447135|||2.0469942865372674||2.7346639801824715|-0.36677066216653487|2.8309363068281117|-0.35487586977629|1.7308276151527089||1.2949503462697463|1.0|0.0|1.0|0.0|0.0|0.0|0.0|1.0|0.0|0.0|0.0|0.0|0.0|0.0|1.0|0
||-1.2914146048631905|-0.3469252128330129||||||1.877202293142593|0.8624027340167323|-1.5159105226968346|2.4070899961166163|-1.504908163633639||0.0|1.0|0.0|0.0|0.0|0.0|1.0|0.0|0.0|1.0|0.0|0.0|0.0|0.0|1.0|0
|-0.22244413811979064||0.797497638990645|0.405186112711274|-0.34102819209812|-0.34633499090681524|-0.36784554989035956|-0.31849854157292196||1.6771664836508646|||||0.0|1.0|0.0|0.0|0.0|0.0|1.0|1.0|0.0|0.0|0.0|0.0|0.0|0.0|1.0|0
|-0.1730256386823022||1.8038996443632085||-0.37092810573435264||-0.39781095802724215||||-1.2648217136742257|-0.284434280119735|1.4752314416180632||0.0|1.0|0.0|0.0|1.0|0.0|0.0|1.0|0.0|0.0|0.0|0.0|0.0|0.0|1.0|0
-0.24792588799692447|||2.3584476881399272|-0.3136640909983141||-0.3571013838576633||-1.4048079079306142|-1.5290297171807226||||-1.3828025716130825||1.0|0.0|0.0|0.0|0.0|0.0|1.0|0.0|0.0|0.0|1.0|1.0|0.0|0.0|0.0|1
-0.22422274635219971||-0.3338060912252404|-0.33747735727237255||||-0.3984427588012126||||-0.32836089154350245||2.360496983767096||0.0|1.0|0.0|0.0|0.0|0.0|1.0|0.0|0.0|0.0|1.0|0.0|0.0|0.0|1.0|0
-0.245555573832452|-0.22244413811979064||1.824438460799383||||-0.3906806350067189||-0.3694053167601551|-0.3268075885099039|-0.812861857433529|-0.24385853726190052|||0.0|1.0|0.0|0.0|0.0|0.0|1.0|0.0|0.0|0.0|1.0|1.0|0.0|0.0|0.0|0
|-0.22244413811979064||||||-0.3860775150820772|-0.3100625555752595|-0.3663942829388748|-0.2962855501597169|||-1.6918823514151158||0.0|1.0|0.0|1.0|0.0|0.0|0.0|0.0|0.0|1.0|0.0|0.0|0.0|1.0|0.0|0
-0.24128900833640152|-0.22244413811979064|-0.3431701347980247|-0.36417781863939974|||2.0071187570896822|-0.36676246284926745||-0.37429824671973555|-0.29656135171107406|-0.33318179667673653||-1.565960959643917|-1.0552724526192871|0.0|1.0|0.0|0.0|0.0|0.0|1.0|1.0|0.0|0.0|0.0|0.0|0.0|0.0|1.0|0
|-0.22244413811979064||-0.34980064713407744|||0.7510395794907383|-0.40638539710255495||-0.36413600757291464||||-0.2994207064106969||0.0|1.0|1.0|0.0|0.0|0.0|0.0|1.0|0.0|0.0|0.0|0.0|0.0|0.0|1.0|0
-0.2621477729837593||-0.3377452922474453|-0.35021142346280093|-1.649624272056149|-0.36126136028857964|-0.3455374803178635|-0.38810830328412504||1.0115300695245129|||||-1.0552724526192871|0.0|1.0|0.0|0.0|0.0|0.0|1.0|1.0|0.0|0.0|0.0|0.0|0.0|0.0|1.0|0
-0.2683105898113877|-0.22244413811979064|0.446335788932347|-0.3596592790234413|0.4829866698135974|-0.36279272590375156|2.764753816593807||-0.3265318552079274|-0.3607485945239743|-0.3132013786429531||1.7308276151527089|-0.30689967392195605||0.0|1.0|0.0|0.0|0.0|1.0|0.0|0.0|0.0|1.0|0.0|0.0|0.0|1.0|0.0|0
-0.22848931184825017||0.594337198766617||0.6335357997908204|-0.363749829413234||||-0.36564152448355475||0.502843501844943|-0.23033328964262237|||0.0|1.0|0.0|0.0|0.0|0.0|1.0|0.0|0.0|0.0|1.0|0.0|0.0|1.0|0.0|0
-1.1818296687990792|||1.8655160936717328|-0.33435701839384113|-0.368229073837612|||-0.31445168432821996|||-1.4958234179750258||||0.0|1.0|0.0|0.0|0.0|1.0|0.0|1.0|0.0|0.0|0.0|0.0|0.0|0.0|1.0|0
|-0.22244413811979064|||-0.34111994127961887||-1.3623634812312944|-0.3735091925427372|-0.31189471482534853||-1.5255790314835866|0.8844984915593088|0.37830285322489426|-0.2891943630789754||0.0|1.0|0.0|0.0|0.0|0.0|1.0|0.0|0.0|1.0|0.0|1.0|0.0|0.0|0.0|0
-0.24318525966797952|-0.22244413811979064|||-0.32891434738616343||-0.34753125679024277|-0.3837308264930443|-0.31463288689141555||-0.30097417653278785|||-0.29529964268000314||1.0|0.0|0.0|0.0|0.0|0.0|1.0|0.0|0.0|0.0|1.0|0.0|0.0|0.0|1.0|0
-0.2702068411429657||-1.5744743354587718||-0.31779998208583154|0.5097794016212336|-0.34633499090681524|-1.3338238046644146|-0.3261291828452705||-1.1601419759354146|||-0.2734732681063287|0.5115427466400685|0.0|1.0|0.0|0.0|0.0|1.0|0.0|1.0|0.0|0.0|0.0|1.0|0.0|0.0|0.0|0
-0.2716290296416492||1.2144799882623043||-0.3334678691698146||2.7248782871462214|1.1036861456268092|1.8981121467627307|-0.3592430776133342||||1.9483906106977187||1.0|0.0|0.0|1.0|0.0|0.0|0.0|1.0|0.0|0.0|0.0|0.0|0.0|0.0|1.0|0
|||-0.3510329761202479|-1.6459194836227051||1.5884256978900342|-0.37939847832867574|2.462860135389054|-0.3660179037112148|-0.31641906340878606|||||0.0|1.0|0.0|0.0|0.0|1.0|0.0|1.0|0.0|0.0|0.0|0.0|0.0|0.0|1.0|0
||-0.3471318455403565||0.6790036578376328|-0.35312598045797855|-0.3471325014957669||1.1441081476876571||0.4257169443679733||-0.2709090325004568|2.757340157833904|0.5115427466400685|0.0|1.0|0.0|0.0|0.0|0.0|1.0|0.0|0.0|0.0|1.0|1.0|0.0|0.0|0.0|0
-0.2607255844850758|-0.22244413811979064|-0.33878073937328207||0.8911869953894237||-0.32799224736092586|-0.39742736470018863|-1.3932310775042278|-0.3618777322069544|-0.30281285354183524|-0.3376009597155345|-0.24385853726190052|0.7731242874998645||0.0|1.0|1.0|0.0|0.0|0.0|0.0|0.0|0.0|0.0|1.0|1.0|0.0|0.0|0.0|0
-0.24271119683508502|-0.22244413811979064|0.7012583693693217|-0.3666424766117407|-0.32174726576219187|||-0.3787892418680614|||-1.257821692041058|-0.3291643757323748|-0.25738378488117863||-1.0552724526192871|0.0|1.0|0.0|0.0|0.0|1.0|0.0|1.0|0.0|0.0|0.0|0.0|0.0|1.0|0.0|0
-1.9640333430749959||||-0.3220167049209878|-0.367520817240595|-0.3507212991460496|||-0.3690289375324951|||-0.21680804202334422|-1.4743817656284999||1.0|0.0|0.0|0.0|0.0|0.0|1.0|0.0|0.0|1.0|0.0|0.0|0.0|0.0|1.0|0
|-0.22244413811979064||-0.34363900220322496|0.9861642988649874|||3.2083724739157606|-1.130990701323912|||-0.3275574073546301||||0.0|1.0|0.0|0.0|0.0|0.0|1.0|0.0|0.0|1.0|0.0|0.0|0.0|0.0|1.0|0
||0.9241045986254851|-0.35760539737982383||-0.3758667598432822||-0.40275254265222504|-0.3341020956258774|||-0.3163086287104172|||-1.0552724526192871|1.0|0.0|0.0|0.0|0.0|0.0|1.0|0.0|0.0|1.0|0.0|0.0|0.0|1.0|0.0|0
-0.2621477729837593|-0.22244413811979064|-0.35246664921042825|-0.37198256888514614|-0.3297091929046114|0.50451533231908|-0.33277731089463614|-0.38833394641768587|-0.31974682589715836|-0.3671470413941949|||||0.5115427466400685|0.0|1.0|0.0|0.0|0.0|1.0|0.0|0.0|0.0|0.0|1.0|0.0|0.0|1.0|0.0|0
-0.2526665163258694||2.4502636232283015|-0.34774676549045996|||||-1.2860195609468243|-0.36413600757291464|-1.2991919247446246|3.55608341955987||-0.3006417623309025||0.0|1.0|0.0|0.0|0.0|0.0|1.0|0.0|0.0|0.0|1.0|0.0|0.0|0.0|1.0|0
0.5484996712658268||-0.32284385752344735|-0.34938987080535394||-0.3489530091566349|-0.34872752267367035|||-0.3524682515154535|-1.707148386127018|1.6478084709880405||1.74233742416303||0.0|1.0|0.0|0.0|0.0|0.0|1.0|0.0|0.0|0.0|1.0|0.0|0.0|0.0|1.0|1
-0.23986681983771804|5.0723950873254005||-0.3473359891617364|-0.019180562392307855|-0.36579803092352653|1.528612403718656|1.1663021151899489|-0.3311223201422162|-0.3626304906622745|-0.317890005016024|-0.3275574073546301|-0.20328279440406608|2.39865498127352|-1.0552724526192871|0.0|1.0|1.0|0.0|0.0|0.0|0.0|1.0|0.0|0.0|0.0|0.0|1.0|0.0|0.0|0
|-0.22244413811979064|-0.3548076601036243|-0.35472996307875937|-0.33209372945995536|||||-0.35999583606865426||-0.3532689013985453|||-1.0552724526192871|0.0|1.0|0.0|0.0|0.0|0.0|1.0|0.0|0.0|1.0|0.0|0.0|0.0|0.0|1.0|0
-0.24034088267061254|-0.22244413811979064||-0.34938987080535394|-0.3096225036163752|||||||-0.32996785992124716||||0.0|1.0|0.0|1.0|0.0|0.0|0.0|0.0|0.0|1.0|0.0|0.0|0.0|1.0|0.0|0
|-0.22244413811979064|-0.32111060907367717|1.9065937265440822||-1.3608794076622688|1.6083634626138268|||-0.36677066216653487|||-0.24385853726190052|||0.0|1.0|0.0|0.0|0.0|0.0|1.0|1.0|0.0|0.0|0.0|0.0|0.0|0.0|1.0|1
|-0.22244413811979064|||-0.3387623486401545||||1.2226292584057559|-0.37203997135377537|0.46708717707153996|-1.475736313253217|-1.650484289666828||0.5115427466400685|1.0|0.0|0.0|0.0|1.0|0.0|0.0|1.0|0.0|0.0|0.0|1.0|0.0|0.0|0.0|0
-0.2739993438061217||2.341091480612908|-0.3600700553521648|-0.31053859675628137|-0.35297284389646133|-0.34673374620129105|-0.37980463596908526|-0.3268539930980529|-0.36752342062185495|||-2.664877861112689|-0.3015575542710567|-1.0552724526192871|0.0|1.0|0.0|0.0|0.0|0.0|1.0|1.0|0.0|0.0|0.0|0.0|0.0|0.0|1.0|0
||||2.1774221796914706||-0.3419486826675808||||-0.30010080495349034||-0.9742219087029205|||0.0|1.0|1.0|0.0|0.0|0.0|0.0|0.0|0.0|0.0|1.0|0.0|1.0|0.0|0.0|1
-0.2346521286758786|-0.22244413811979064|-0.3350441258322191|-0.33829890992981954||-0.345124595118705|-1.2626746576123304|||-0.37091083367079525|-1.5198331658303135|0.6334096825366996||-0.2994207064106969|0.5115427466400685|0.0|1.0|1.0|0.0|0.0|0.0|0.0|0.0|0.0|0.0|1.0|0.0|0.0|0.0|1.0|1
||0.4232633258022894||-0.3330637104316207|-0.3569352524257188||0.5931685559453564||2.8746072464416854|||-0.24385853726190052||-1.0552724526192871|0.0|1.0|0.0|0.0|1.0|0.0|0.0|1.0|0.0|0.0|0.0|1.0|0.0|0.0|0.0|0
-0.23891869417192907|||0.6331871075012468|||||||-0.31228204013842936||-0.284434280119735||1.2949503462697463|0.0|1.0|1.0|0.0|0.0|0.0|0.0|0.0|0.0|1.0|0.0|0.0|1.0|0.0|0.0|0
-0.244607448166663|-0.17832047790774738|-0.3572837293175817|0.6331871075012468||-0.36373068734304437|||1.5367137012781495|-0.36488876602823467||-0.3400114122821515|-0.21680804202334422|-0.29911544243064553||0.0|1.0|0.0|0.0|0.0|0.0|1.0|0.0|0.0|0.0|1.0|0.0|0.0|0.0|1.0|0
|||0.5613012499746352||-0.3732442962273002|-0.34274619325653255||-0.2915597605111743|||-0.32313824431583216|-0.284434280119735||-1.0552724526192871|0.0|1.0|0.0|1.0|0.0|0.0|0.0|0.0|0.0|1.0|0.0|0.0|0.0|1.0|0.0|0
|-0.22244413811979064||-1.5439274347332783|||1.2295459328617644|-0.3843174986403025|-0.3254245062106209|-0.3705344544431352|-0.31205220551229845||-0.2709090325004568|||0.0|1.0|0.0|0.0|0.0|1.0|0.0|1.0|0.0|0.0|0.0|1.0|0.0|0.0|0.0|1
-0.2645180871482318|-0.22244413811979064|-0.3229789158442087||||||-0.3089753401960859||0.9106680055042268||-0.24385853726190052||0.5115427466400685|0.0|1.0|0.0|0.0|0.0|0.0|1.0|1.0|0.0|0.0|0.0|1.0|0.0|0.0|0.0|1
2.6225245651792415|-0.22244413811979064|2.5481809057802516|-0.3588377263659943|-0.3063353458790649|-0.36530033709859566|-0.34434121443443594||-0.3219615238917714|-0.36564152448355475||-0.3275574073546301|3.083352377080524|-0.2862943552684871||0.0|1.0|1.0|0.0|0.0|0.0|0.0|0.0|0.0|0.0|1.0|0.0|0.0|1.0|0.0|0
-0.2275411861824612|||-1.7185073744407637|-0.3211544996128408|-0.3637689714834237||-0.3906355063800067||-0.3592430776133342||1.1456308529428223|1.0545652341888017|-0.2785101237771767|-1.0552724526192871|0.0|1.0|0.0|0.0|0.0|0.0|1.0|0.0|1.0|0.0|0.0|0.0|0.0|1.0|0.0|1
-0.2792140349679611|-0.22244413811979064|||-0.32128921919223874||||1.1380680622478037||-0.31462635332496486||-1.650484289666828||-0.2718648529896093|1.0|0.0|0.0|0.0|1.0|0.0|0.0|1.0|0.0|0.0|0.0|0.0|0.0|1.0|0.0|0
||-0.33819548664998306||-0.31519989420345085|-0.3664488613099746|-0.3411511720786291|-0.39332065966938096||-0.35472652688141376|-0.30713374451309666|-0.33318179667673653||||0.0|1.0|0.0|1.0|0.0|0.0|0.0|0.0|0.0|0.0|1.0|0.0|0.0|1.0|0.0|0
||-0.34929277867253744|-0.34487133118939545|-0.32648939495700013||-0.35112005444052546|-0.38937190483206585|0.781703021296434|-0.36225411143461445||3.55608341955987|-0.284434280119735||-1.0552724526192871|0.0|1.0|0.0|0.0|0.0|0.0|1.0|0.0|0.0|0.0|1.0|0.0|0.0|0.0|1.0|1
|-0.22244413811979064|-0.33198280389496276||-0.30886807397174665|||-0.37799949090059837||-0.3705344544431352|2.0517969242442735|-0.3343870229600451||-0.29331542680966916||0.0|1.0|0.0|0.0|0.0|1.0|0.0|0.0|0.0|0.0|1.0|0.0|0.0|0.0|1.0|1
||-0.35343456717588434|1.3315068663311889|||1.428923580099692|-0.3830087684656495|0.7988165967093528||-0.29784842561740726|-0.3259504389768854|-0.25738378488117863|-1.7529351474253938||0.0|1.0|0.0|0.0|0.0|1.0|0.0|0.0|0.0|0.0|1.0|1.0|0.0|0.0|0.0|0
-0.8381341149505706|-0.22244413811979064|-0.3678632977772177||-0.34537707998859446|-1.7193146719634567|-0.35470885209080816|-0.3715009686540455||-1.4443443909572147|-0.3150860225772267|0.8945420439202132||||0.0|1.0|0.0|0.0|1.0|0.0|0.0|0.0|0.0|1.0|0.0|0.0|0.0|0.0|1.0|0
-0.26025152165218135|0.9688946876053774||1.2082739677141403||-0.3503503802804794||-0.3771871756197792|1.0107229275575542|||||-0.2734732681063287|-1.0552724526192871|0.0|1.0|0.0|0.0|0.0|0.0|1.0|0.0|0.0|0.0|1.0|0.0|0.0|0.0|1.0|0
|-0.22244413811979064|2.0000692206905977||-0.3417800672186689||-0.3403536614896774||-0.3191025501169073|-0.3739218674920755|-1.3405621574481914||0.7164340437068479|1.3302310510936526|-0.2718648529896093|1.0|0.0|0.0|0.0|0.0|0.0|1.0|0.0|0.0|1.0|0.0|0.0|0.0|0.0|1.0|0
|||-0.34569288384684244||-0.366755134433009|||-1.7646963320552318|1.4067282585675496||||||0.0|1.0|0.0|0.0|0.0|1.0|0.0|0.0|0.0|0.0|1.0|0.0|0.0|0.0|1.0|0
-1.7981113515619227|-0.1747905850907839||0.8180364554268197||-0.35479134056447803|0.7211329324050492|||-0.3724163505814354|||3.083352377080524||-0.2718648529896093|1.0|0.0|0.0|1.0|0.0|0.0|0.0|0.0|0.0|1.0|0.0|0.0|0.0|1.0|0.0|0
||-0.3330632704610532|-1.5439274347332783|1.0366841411392234|-0.36302243074602736|-0.3491262779681462||-0.3049284829513839||-1.7048500398657087||-0.21680804202334422||-0.2718648529896093|0.0|1.0|0.0|0.0|1.0|0.0|0.0|0.0|0.0|0.0|1.0|1.0|0.0|0.0|0.0|0
0.7973826585354366|-0.22244413811979064||-0.3588377263659943||||||-0.357737560702694|-0.30056047420575216||-0.23033328964262237|-0.29499437869995176|1.2949503462697463|1.0|0.0|0.0|0.0|0.0|1.0|0.0|0.0|0.0|1.0|0.0|1.0|0.0|0.0|0.0|0
|4.366416523932708|-0.35867933196544854||1.1360398309452207|-0.3771684206161784||||-1.3032021805847016|-0.2995032349255499|-0.3400114122821515||||1.0|0.0|0.0|0.0|0.0|0.0|1.0|1.0|0.0|0.0|0.0|0.0|0.0|1.0|0.0|0
||1.2955149807190909|||-0.35165204105337555||-0.37849590579443226|1.1194444654749214|||-0.3512601909263644||-0.3105628416825727|0.5115427466400685|0.0|1.0|0.0|0.0|0.0|1.0|0.0|1.0|0.0|0.0|0.0|0.0|0.0|0.0|1.0|0
-0.24887401366271344|-0.22244413811979064||||-0.3493549926306176||-0.3761943458321114|-0.32391448485065744|||-0.3371992176210983||-0.2962154346201573|-0.2718648529896093|0.0|1.0|0.0|0.0|0.0|1.0|0.0|1.0|0.0|0.0|0.0|0.0|0.0|0.0|1.0|0
||2.810419145258465|2.769224016863422|-0.33353522895951354||-0.34673374620129105|-0.3874539381967985||-0.36677066216653487|-0.29297593154343166|-0.3367974755266621||||0.0|1.0|1.0|0.0|0.0|0.0|0.0|0.0|0.0|1.0|0.0|0.0|0.0|1.0|0.0|0
-0.1972011648772135|-0.22244413811979064||||||-0.39020678442624107|1.5115466786120924||||1.7308276151527089|-0.3163628573035491||0.0|1.0|0.0|0.0|1.0|0.0|0.0|0.0|0.0|0.0|1.0|1.0|0.0|0.0|0.0|0
|1.1453893284535503|-0.3447683249270335|-0.3530868577638654|-0.3218819853415898||-1.2527057752504343||-0.3180757355921322|-0.36564152448355475|-0.3045136297752041||||0.5115427466400685|0.0|1.0|0.0|0.0|0.0|0.0|1.0|1.0|0.0|0.0|0.0|0.0|0.0|0.0|1.0|0
|||-0.3736256742000401|||-0.33955615090072566|-0.3814067022173674||-0.37203997135377537||-0.3287626336379386||||1.0|0.0|0.0|0.0|0.0|1.0|0.0|0.0|0.0|0.0|1.0|1.0|0.0|0.0|0.0|0
|-0.22244413811979064|||-0.3293723939561165|-0.3551933240384607|3.2831356994124192|0.6366048591558227|2.670236402157365|-0.35472652688141376||1.8687666229279365|0.37830285322489426|-0.29499437869995176|-1.0552724526192871|0.0|1.0|0.0|0.0|0.0|0.0|1.0|0.0|0.0|0.0|1.0|1.0|0.0|0.0|0.0|0
||-0.3432151542382784||-0.32030576626263363|-0.3423489949412058|-0.35351258620738063|-0.3691768443783686|-0.32149845067471594|0.5692844770239719|-0.3080071160923942|1.8888537276497452|-0.20328279440406608||-0.2718648529896093|1.0|0.0|0.0|0.0|0.0|1.0|0.0|1.0|0.0|0.0|0.0|0.0|0.0|1.0|0.0|0
-0.23133368884561714||-0.3402438711815296|||0.5892189929082793||-0.38492673510091685|0.4645985357041134|0.4751896701089631|||-0.25738378488117863|||1.0|0.0|0.0|0.0|0.0|0.0|1.0|1.0|0.0|0.0|0.0|0.0|0.0|1.0|0.0|0
|-0.22244413811979064|-0.34807725378568566|-0.3518545287776949|-0.32524997482653883||-0.3375623744283464|||-0.3551029061090738|-0.29577991398222897|-0.3371992176210983||1.9026010136900102||1.0|0.0|0.0|0.0|0.0|1.0|0.0|0.0|0.0|1.0|0.0|0.0|0.0|0.0|1.0|0
|-0.22244413811979064||-0.34446055486067195|-0.3083022517382752||||-0.30055948781655634||-0.2864945950865395|||||0.0|1.0|0.0|0.0|0.0|0.0|1.0|0.0|0.0|0.0|1.0|0.0|0.0|1.0|0.0|1
|-0.22244413811979064|-1.5007550020432228|-0.3674640292691877||-0.3713875154189042|2.1267453454324388||-0.30865320230596033||||-0.23033328964262237|||1.0|0.0|0.0|0.0|0.0|1.0|0.0|1.0|0.0|0.0|0.0|0.0|0.0|0.0|1.0|0
-0.24650369949824097|||-0.3506221997915244|-0.3406349507937862|-0.35584415442490874|-0.34513872502338766||||-1.6278554401118486|0.28188534990504677|-0.25738378488117863|-0.313920745463138|0.5115427466400685|0.0|1.0|0.0|0.0|1.0|0.0|0.0|0.0|0.0|0.0|1.0|0.0|1.0|0.0|0.0|0
-0.245555573832452|-0.22244413811979064|1.7839759074724997||0.18660359513807986|1.614276851564013|-0.3323785556001603||2.5897019296259822|||-0.3307713441101195||-1.6308295554048375|-0.2718648529896093|1.0|0.0|0.0|0.0|0.0|0.0|1.0|0.0|0.0|1.0|0.0|1.0|0.0|0.0|0.0|1
|-0.22244413811979064|-0.3528943338928391||-0.3301537675166247|||-0.4010376548371625||-0.3611249737516343|-0.3062603729337991||-0.23033328964262237|-0.29453648272987465|1.2949503462697463|0.0|1.0|0.0|0.0|0.0|1.0|0.0|0.0|0.0|0.0|1.0|0.0|0.0|0.0|1.0|0
-0.2152155525272043|||2.810301649735772||||-0.39187654361459145|1.3122238590969193|||-0.32996785992124716|-0.2709090325004568|||0.0|1.0|0.0|0.0|0.0|0.0|1.0|0.0|0.0|0.0|1.0|0.0|0.0|0.0|1.0|0
-0.24318525966797952|-0.22244413811979064|-0.34461075688614534|-0.34938987080535394||-0.36248645278071717|-0.33596735325044297|-0.3893493405187098|||||3.083352377080524|-1.4553027668752878|-0.2718648529896093|1.0|0.0|0.0|1.0|0.0|0.0|0.0|0.0|0.0|1.0|0.0|0.0|0.0|0.0|1.0|0
||0.776103188791215|||-0.3654534736601128|1.7080522862327907||-0.3265117215897945|-0.36752342062185495||||0.7807558870011493|-1.0552724526192871|0.0|1.0|0.0|0.0|0.0|0.0|1.0|0.0|1.0|0.0|0.0|0.0|0.0|0.0|1.0|0
-0.23322994017719512|-0.22244413811979064|-1.7939441066959025|-1.37961690324388|||-0.34872752267367035||1.3212839872567||1.38067981594197||-0.24385853726190052|-0.2887364671088983|1.2949503462697463|0.0|1.0|0.0|0.0|0.0|1.0|0.0|0.0|0.0|0.0|1.0|0.0|0.0|1.0|0.0|1
|||-0.3518545287776949|2.9318518243200606|-0.35454249365201257|-0.3563038732687116||-1.5039659772348795||-0.2982621279444429|||-0.299878602380774||0.0|1.0|0.0|0.0|0.0|0.0|1.0|1.0|0.0|0.0|0.0|0.0|0.0|0.0|1.0|0
|-0.16420090663989353||||-0.36627658267826774|0.4519731086338469||0.3805406799994824|-1.2279263350526948|||-0.23033328964262237|0.8532560822633545||0.0|1.0|0.0|0.0|0.0|0.0|1.0|0.0|0.0|0.0|1.0|0.0|1.0|0.0|0.0|0
-0.19246053654826856|-0.22244413811979064|-0.3373401172851614|2.214675973086704|-1.6600650394594911|-0.33924797957048264|-0.35231632032395305|||-0.35020997614949334|-0.30791518224194175||-0.24385853726190052|-1.6384611549061223||1.0|0.0|0.0|1.0|0.0|0.0|0.0|0.0|0.0|0.0|1.0|0.0|0.0|0.0|1.0|1
3.1202905397184613||1.1604566599577797|1.7833608279270337|-0.3345725697208779||-0.34793001208471863|0.9519411383071289|1.0197830557173349|-0.3584903191580141||-0.3424218648487686||-0.3015575542710567||0.0|1.0|0.0|0.0|0.0|1.0|0.0|0.0|0.0|1.0|0.0|0.0|0.0|1.0|0.0|0
-0.21948211802325476|-0.17655553149926564|||||-0.33636610854491883||-0.3283237472217507|-0.3663942829388748|-1.1038324925333378|-0.33639573343222595||-0.29529964268000314|-0.2718648529896093|0.0|1.0|0.0|1.0|0.0|0.0|0.0|0.0|0.0|0.0|1.0|0.0|1.0|0.0|0.0|0
|-0.22244413811979064|1.6309098106096804|-0.3608916080096118||||-0.39000370560603626||-0.35472652688141376||-0.34282360694320474|||0.5115427466400685|1.0|0.0|0.0|1.0|0.0|0.0|0.0|0.0|0.0|0.0|1.0|0.0|0.0|0.0|1.0|0
|||-0.341995896888331||||0.7573239356108844|-0.30041855248962646|||-0.3307713441101195|||0.5115427466400685|0.0|1.0|0.0|0.0|0.0|1.0|0.0|0.0|1.0|0.0|0.0|0.0|0.0|0.0|1.0|0
-0.21142304986404836|-0.22244413811979064||-0.3518545287776949||2.058372879963883|-0.3411511720786291||-0.3239346184687903|-1.3784780261167087|-0.31053529697983434|-0.33278005458230037|-0.23033328964262237|||0.0|1.0|1.0|0.0|0.0|0.0|0.0|1.0|0.0|0.0|0.0|1.0|0.0|0.0|0.0|1
||-0.3376327436468109|-0.34610366017556593|-0.3146206000120396|-0.36080195060402803|-0.3539113415018565|-0.38765701701700334||-0.3630068698899345|-0.3014798127102759|||||0.0|1.0|0.0|0.0|0.0|0.0|1.0|0.0|0.0|0.0|1.0|0.0|0.0|0.0|1.0|0
-1.9877364847197205||-0.344475698565384||-0.3215856022669143|0.19393524349201602||-0.40076688307688946|-1.51302610539466|-0.3626304906622745||||-0.29911544243064553|0.5115427466400685|0.0|1.0|0.0|0.0|0.0|0.0|1.0|0.0|0.0|0.0|1.0|0.0|0.0|0.0|1.0|0
-0.2142674268614153|-0.22244413811979064|0.6855015652805021|-0.35719462105110034||||-0.37377996430301025||||||-1.6995139509164006||0.0|1.0|0.0|0.0|1.0|0.0|0.0|0.0|0.0|1.0|0.0|0.0|0.0|0.0|1.0|1
-1.8573692056737345||-0.3454211068107132||-0.3225421112806398||1.927367698194511|-0.3895298550255584||-0.3603722152963143|2.548239716687073||0.37830285322489426|||0.0|1.0|0.0|1.0|0.0|0.0|0.0|0.0|0.0|0.0|1.0|1.0|0.0|0.0|0.0|0
||-0.3680658852583597||-0.34557915935769135|-0.3324908287935363|-0.34314494855100836|-0.3592936751284028|-0.3230487392709451|-0.3712872128984553|-0.30961595847531065|||-0.30857862581223866||0.0|1.0|0.0|0.0|0.0|0.0|1.0|0.0|0.0|1.0|0.0|1.0|0.0|0.0|0.0|1
-0.24602963666534647|-0.22244413811979064|-0.3471093358202296|-0.3596592790234413|-1.4115074154702503||1.8276788745755472|-0.39485503297759483|-0.3183978734822577||0.6681924749361||-0.23033328964262237|-0.2911785789493094||0.0|1.0|0.0|0.0|0.0|0.0|1.0|1.0|0.0|0.0|0.0|0.0|0.0|0.0|1.0|0
-0.22848931184825017|-0.1606710138229301|-0.3419546099111729|0.48941539244802346|-0.3190124583004132||-0.3379611297228223||-0.3147335549820798|||0.3120160069877599||||1.0|0.0|0.0|0.0|0.0|1.0|0.0|0.0|0.0|0.0|1.0|0.0|1.0|0.0|0.0|0
-0.2365483800074566|-0.22244413811979064|||-0.3130578528910232|||0.8554786987098598|-0.31537783076233084||-1.4359435272925256|||||1.0|0.0|0.0|1.0|0.0|0.0|0.0|1.0|0.0|0.0|0.0|0.0|0.0|0.0|1.0|0
|-0.22244413811979064||-0.3654101476255702||||||-0.357737560702694||0.6133225778148909|0.04017166274294058|||1.0|0.0|0.0|0.0|1.0|0.0|0.0|0.0|0.0|0.0|1.0|0.0|0.0|0.0|1.0|1
-0.2171118038587823|-0.22244413811979064|||-0.3268800817372542||-0.33716361913387055|-1.5921851925916028|-0.32198165750990426|||||-0.28751541118869267|0.5115427466400685|1.0|0.0|0.0|0.0|0.0|0.0|1.0|0.0|0.0|0.0|1.0|0.0|0.0|0.0|1.0|0
|||-0.35719462105110034||-0.34950812919213475|-0.3403536614896774|-0.376329731712248|0.33826008192050644||||-0.2709090325004568|||0.0|1.0|0.0|0.0|0.0|0.0|1.0|0.0|0.0|0.0|1.0|1.0|0.0|0.0|0.0|0
1.129226641561583|-0.22244413811979064|||-0.33520575174404826|||||-0.35886669838567414||0.9648469104465437||||0.0|1.0|0.0|0.0|1.0|0.0|0.0|0.0|0.0|1.0|0.0|0.0|0.0|1.0|0.0|0
|-0.22244413811979064|-0.3451284804490637||-1.4620272577444862||-0.330384779127781|-1.232284394562026|-0.335853720403435|-0.3626304906622745|1.916194494827027|||||0.0|1.0|0.0|0.0|0.0|0.0|1.0|0.0|0.0|0.0|1.0|0.0|0.0|0.0|1.0|0
|-0.22244413811979064||||0.5471064384910502|-0.3391573956062498|-1.371054921701957||-0.36752342062185495|-0.296055715533586||1.0545652341888017|||0.0|1.0|0.0|1.0|0.0|0.0|0.0|0.0|0.0|0.0|1.0|0.0|0.0|0.0|1.0|0
-0.2597774588192868|-0.22244413811979064||||0.684929343856527||-0.3810908018303822|-0.30670024134707435||-0.29283803076775305||-0.24385853726190052|-0.2962154346201573|-1.0552724526192871|1.0|0.0|0.0|0.0|0.0|0.0|1.0|0.0|0.0|0.0|1.0|1.0|0.0|0.0|0.0|0
0.19295254659495573||-0.34722188442086405||||-0.3439424591399601|-0.383911340999893|-0.31610264101511326|-0.3532210099707736|-0.30249108506525196||1.0545652341888017|||1.0|0.0|0.0|0.0|1.0|0.0|0.0|1.0|0.0|0.0|0.0|0.0|0.0|0.0|1.0|0
-0.23038556317982814||0.8633283542828951|-0.3588377263659943|2.18079016917642|||2.748060481451599|0.6911017396986281|-0.36338324911759456|-0.30226125043912105|-0.3359939913377898|2.4070899961166163|||0.0|1.0|1.0|0.0|0.0|0.0|0.0|0.0|0.0|1.0|0.0|1.0|0.0|0.0|0.0|0
-0.2706809039758602|-0.22244413811979064||2.0709042580334804|-0.35513077753700695|-0.3633095617988721|||2.7145303620496257|-0.3637596283452546||-0.3275574073546301|-0.20328279440406608|1.028782870792904||0.0|1.0|0.0|0.0|0.0|0.0|1.0|0.0|1.0|0.0|0.0|1.0|0.0|0.0|0.0|1
|-0.22244413811979064||-0.3539084104213124|1.0289377653238405||-0.34673374620129105|-0.4073556625768667|-0.3275184024964368||2.771179304034071||3.083352377080524|||0.0|1.0|0.0|0.0|0.0|1.0|0.0|1.0|0.0|0.0|0.0|1.0|0.0|0.0|0.0|0
-0.20763054720089238|-0.22244413811979064||-1.6363521086960646|1.2774953893130812|0.50834374635701|-0.3411511720786291|-0.3881759962241933|1.4028251406947252|-0.3690289375324951|-1.2497774801264756|0.502843501844943|-0.23033328964262237|0.5670711009651758||1.0|0.0|0.0|1.0|0.0|0.0|0.0|0.0|0.0|0.0|1.0|0.0|0.0|0.0|1.0|0
-0.24887401366271344||-0.35109355628268824||0.5779639732891609||-0.35112005444052546||-0.3116732450258872|1.5572799496315632|-1.5313248971368598|-0.34965322254861975|||0.5115427466400685|0.0|1.0|0.0|0.0|0.0|0.0|1.0|0.0|0.0|1.0|0.0|1.0|0.0|0.0|0.0|0
|-0.22244413811979064|-0.34463326660627225|-0.36992868724152866||-1.1091611846683773|||-0.30098229379734615|-0.3603722152963143|||-0.284434280119735|-0.2870575152186156|0.5115427466400685|0.0|1.0|0.0|0.0|0.0|1.0|0.0|0.0|0.0|0.0|1.0|0.0|0.0|1.0|0.0|0
||-0.36545475772364105|-1.6363521086960646|-0.9450408718048051|-0.3471727966289975|||-0.33013577285370677||0.36710911470458724|-0.3516619330208006|-0.23033328964262237|0.41062331118883794|-1.0552724526192871|1.0|0.0|0.0|0.0|0.0|0.0|1.0|0.0|0.0|1.0|0.0|0.0|0.0|1.0|0.0|0
|0.8365237069692476|-0.36743561309480693|-0.35760539737982383|||-1.3623634812312944||-0.33786708221671957|||||||0.0|1.0|0.0|0.0|0.0|1.0|0.0|0.0|0.0|0.0|1.0|0.0|1.0|0.0|0.0|0
-1.7270019266277483||-0.3501931674776128|-0.341174344230884|-0.3274054880969062|-0.3738377004031793||-0.40072175445017727|-0.30424393993486715||-0.2903098498803129||-2.664877861112689|-0.32918394446570753||1.0|0.0|0.0|0.0|0.0|0.0|1.0|1.0|0.0|0.0|0.0|1.0|0.0|0.0|0.0|0
|-0.17126069227382046||-0.3518545287776949|-0.31588696405838046||-1.4720211872121545|-0.38497186372762904|1.5789942993571255||||-0.23033328964262237|||0.0|1.0|0.0|0.0|0.0|1.0|0.0|1.0|0.0|0.0|0.0|0.0|0.0|0.0|1.0|0
-0.21237117552983734||||0.6537437367005149|0.7643689351435727|-0.34434121443443594|0.7398365927599175||-0.36488876602823467|-0.2951363770290623|-0.3287626336379386|-0.24385853726190052|-0.28751541118869267|-1.0552724526192871|0.0|1.0|0.0|0.0|1.0|0.0|0.0|0.0|0.0|0.0|1.0|0.0|1.0|0.0|0.0|0
-0.2275411861824612|-0.22244413811979064|-0.35523534478603513||-0.33252483211402883||-0.3287897579498776||-0.32242459710882687|-0.3630068698899345|-0.30897242152214405|-1.7870864364412524||-0.2833943474579989|1.2949503462697463|0.0|1.0|0.0|0.0|0.0|1.0|0.0|0.0|0.0|1.0|0.0|1.0|0.0|0.0|0.0|0
0.7973826585354366|-0.16773079945685698||-0.34610366017556593|||3.243260169964833|-0.37341893528931286||-0.3660179037112148||1.989289251258789|-0.23033328964262237||-0.2718648529896093|1.0|0.0|0.0|0.0|0.0|1.0|0.0|0.0|0.0|1.0|0.0|0.0|0.0|0.0|1.0|0
2.693633990113416||||-1.4589960672080324|-0.36889904629424974||2.445698682480043|-0.3193240199163686|||2.2303345079204937|-0.25738378488117863|-0.28751541118869267||1.0|0.0|0.0|1.0|0.0|0.0|0.0|0.0|0.0|0.0|1.0|1.0|0.0|0.0|0.0|0
-0.2735252809732272|||0.3661824938309749|-0.3129231333116253|-0.3349410137778115|-0.3503225438515738|-0.3617531852842162||-0.3551029061090738|-0.29853792949580005|||-1.4629343663765726||1.0|0.0|0.0|0.0|0.0|0.0|1.0|1.0|0.0|0.0|0.0|0.0|0.0|0.0|1.0|1
-0.21379336402852084||||-0.3273381283072073||1.767865580404169|-0.39124474284062105||2.008935022823605||-1.6263895986667827||||0.0|1.0|0.0|1.0|0.0|0.0|0.0|1.0|0.0|0.0|0.0|0.0|0.0|0.0|1.0|1
-0.24982213932850245|-0.22244413811979064||-0.34980064713407744||-0.33649152146317307|||-0.31002228833899387|0.33404745973645006|-0.2962395832344908|0.3521902164313773||-0.3110207376526498||0.0|1.0|0.0|0.0|1.0|0.0|0.0|0.0|0.0|0.0|1.0|1.0|0.0|0.0|0.0|0
|-0.22244413811979064|-0.3666027534501122||||-0.35829764974109085|0.4245003136086113|2.9078130961249444||3.0102073152102338|||-0.30109965830097957|1.2949503462697463|0.0|1.0|0.0|0.0|0.0|1.0|0.0|1.0|0.0|0.0|0.0|0.0|0.0|1.0|0.0|0
|4.542911164780881|1.7141957750791557|-1.482310985424754|-0.34469001013366485||1.4488613448234848||-1.3091732217995968|1.5572799496315632|||-0.284434280119735||-0.2718648529896093|0.0|1.0|0.0|0.0|0.0|0.0|1.0|0.0|0.0|1.0|0.0|0.0|0.0|1.0|0.0|0
-0.23939275700482354|||-0.340352791573437|-0.3453366641147751|-0.36489835362461304||-1.242438335572265||-0.37203997135377537||-0.3592950328150879||-0.3188049691439602||1.0|0.0|0.0|0.0|0.0|1.0|0.0|0.0|0.0|0.0|1.0|0.0|0.0|1.0|0.0|0
||3.0535241226288248|-0.3604808316808883|-0.3310698606565308||||-0.3229078039440152|0.6539698032474797|||1.7308276151527089|-0.31926286511403734||0.0|1.0|0.0|0.0|0.0|0.0|1.0|0.0|0.0|0.0|1.0|0.0|0.0|1.0|0.0|0
|-0.22244413811979064|-0.33015951656468506||-0.3070224157339945||-0.3571013838576633|-0.38388877668653687|3.4534341475250647|-0.3607485945239743|-0.30621440600857297|-1.3250830278396517||-0.30232071422118517||0.0|1.0|1.0|0.0|0.0|0.0|0.0|1.0|0.0|0.0|0.0|1.0|0.0|0.0|0.0|0
|2.3367281541787186|0.09124495393073277|-0.3534976340925889||||-1.5290051151945612||1.5572799496315632||-0.3448323174153856|1.7308276151527089|-1.2683285790938112||1.0|0.0|1.0|0.0|0.0|0.0|0.0|0.0|0.0|0.0|1.0|0.0|1.0|0.0|0.0|0
-0.2607255844850758||-0.35219653256890565|||3.134157224622187|-0.3379611297228223|1.3445601907030307||-0.3618777322069544|-0.3023072173643472||3.083352377080524|-0.31590496133347207|-0.2718648529896093|0.0|1.0|0.0|1.0|0.0|0.0|0.0|1.0|0.0|0.0|0.0|0.0|0.0|1.0|0.0|0
1.2714454914299314|||-0.37157179255642264|-0.32419916210723476|-0.3415833121336198|2.326122992670366|-0.3684096577242617|-0.3292096264195959||1.1255633809366423|||||0.0|1.0|0.0|1.0|0.0|0.0|0.0|0.0|0.0|0.0|1.0|0.0|0.0|1.0|0.0|0
-0.22991150034693367|-0.22244413811979064|-0.33954606985759617|-0.3662317002830172||||-1.4900816746553123||||-0.069638982726606|||0.5115427466400685|0.0|1.0|0.0|1.0|0.0|0.0|0.0|1.0|0.0|0.0|0.0|0.0|0.0|0.0|1.0|0
-0.23275587734430062|||-0.3506221997915244|-0.30614673846790774||-0.34274619325653255|-0.38962011227898286||-0.3505863553771534|0.17634637501591885||-1.9886154801487814|||0.0|1.0|0.0|0.0|0.0|0.0|1.0|0.0|0.0|0.0|1.0|0.0|0.0|0.0|1.0|0
||||-0.3108484517888967|-0.36419009702759597|-0.3515188097350013|||||-0.3468410278875665|||0.5115427466400685|0.0|1.0|0.0|0.0|0.0|1.0|0.0|0.0|0.0|1.0|0.0|0.0|0.0|0.0|1.0|0
||-0.34832486070708135||-0.32550594202739497|-0.37391426868393796|-0.3503225438515738|||-0.38069669358995617||0.46266929240132537|-0.21680804202334422|||0.0|1.0|0.0|0.0|1.0|0.0|0.0|0.0|0.0|1.0|0.0|0.0|0.0|1.0|0.0|0
-0.23797056850614007|-0.22244413811979064||||3.063331564920484|-0.3307835344222569|||-0.3645123868005747|-0.3054329682797278||-0.25738378488117863|-0.2833943474579989||0.0|1.0|0.0|0.0|0.0|1.0|0.0|1.0|0.0|0.0|0.0|0.0|0.0|0.0|1.0|0
-0.23986681983771804|-0.19420499558408294|||-1.5128838989672169|-1.3441300962463256|-1.2925813046980197||-0.32743786802390545||0.436059502543865|||||1.0|0.0|0.0|1.0|0.0|0.0|0.0|0.0|1.0|0.0|0.0|0.0|1.0|0.0|0.0|0
|-0.22244413811979064|-0.3555729905879384|-0.3514437524489714|-0.3328751030204635|1.0108230888353107|-0.3483287673791945|-0.3680260643972082|-0.30957934874007126||||-0.2709090325004568|1.9254958121938646||0.0|1.0|0.0|0.0|0.0|0.0|1.0|0.0|0.0|0.0|1.0|0.0|0.0|0.0|1.0|1
||-0.3523090811695401|-0.3530868577638654||-0.3746416673511446||||-0.3524682515154535|-1.2451807876038572||-0.25738378488117863|||0.0|1.0|0.0|0.0|1.0|0.0|0.0|1.0|0.0|0.0|0.0|1.0|0.0|0.0|0.0|0
||-0.35404232961931026|-1.482310985424754||-0.3711386685064388|-0.3351698426614913|0.2372165127530949||0.6539698032474797|||-0.18975754678478793|1.963653809700288||0.0|1.0|0.0|1.0|0.0|0.0|0.0|1.0|0.0|0.0|0.0|1.0|0.0|0.0|0.0|0
|-0.22244413811979064|-0.34854995790835025||-0.32573496531237156|-0.3523794397205822||-0.37921796382182704|-0.3271559973700456|-0.3607485945239743||||-0.2974364905403629||0.0|1.0|0.0|0.0|0.0|0.0|1.0|0.0|0.0|0.0|1.0|0.0|0.0|1.0|0.0|0
1.674398899390252||1.3236521308776974|-0.35472996307875937|-0.33124499610974817|-0.37439282043867916|-0.3435437038454842|||||-0.34161838065989625|-1.9886154801487814|||0.0|1.0|0.0|0.0|0.0|0.0|1.0|0.0|0.0|0.0|1.0|0.0|0.0|0.0|1.0|0
1.2358907789628444|-0.22244413811979064|-0.35190390620725615|||0.6581304455910176|-0.34753125679024277|||-1.3784780261167087||-0.3424218648487686||||0.0|1.0|0.0|0.0|0.0|0.0|1.0|0.0|0.0|0.0|1.0|1.0|0.0|0.0|0.0|0
||-0.34956289531406004|-0.3617131606670588|||-0.35112005444052546|-0.39677299961286217||-1.3972969874997103|-0.31269574246546505|-0.35367064349298144||||0.0|1.0|0.0|0.0|1.0|0.0|0.0|0.0|1.0|0.0|0.0|0.0|0.0|0.0|1.0|0
-0.25930339598639235|-0.22244413811979064||-1.5233886182971035||-0.3611465078674417|-0.3586964050355667||2.211189908728482|-0.368276179077175|-0.29260819614162215|-0.3339852808656089|-0.20328279440406608|0.8647034815152816|-1.0552724526192871|1.0|0.0|0.0|0.0|0.0|0.0|1.0|0.0|0.0|0.0|1.0|1.0|0.0|0.0|0.0|1
||-1.5868546815285587|-0.34404977853194846||-0.35425536259916784||||-0.3626304906622745||-0.33639573343222595||||0.0|1.0|0.0|0.0|0.0|0.0|1.0|0.0|0.0|1.0|0.0|0.0|0.0|0.0|1.0|0
-0.28916935445874553|-0.15890606741444835|||-0.3104577650086426|-0.36484092741404406|||-0.32216286007309985|0.8233404556944954||-0.8630796192380508|||-0.2718648529896093|0.0|1.0|0.0|0.0|0.0|0.0|1.0|0.0|0.0|0.0|1.0|0.0|1.0|0.0|0.0|0
-0.24650369949824097|-0.22244413811979064|2.0563435210078107|-0.34404977853194846|-1.6095451971852552|||||-0.3731691090367555|||0.37830285322489426|-0.2899575230291038|-1.0552724526192871|0.0|1.0|0.0|1.0|0.0|0.0|0.0|0.0|0.0|0.0|1.0|0.0|0.0|0.0|1.0|1
|||-1.533658026515191|||-0.33955615090072566|-0.3697860808389829||-0.3539737684260937|-0.314166684072703|-0.3287626336379386|-2.664877861112689|-0.28751541118869267|-0.2718648529896093|0.0|1.0|0.0|1.0|0.0|0.0|0.0|1.0|0.0|0.0|0.0|1.0|0.0|0.0|0.0|0
|-0.22244413811979064|-0.31996261334720605||-0.29664900812035144||-0.35112005444052546|-1.2418742277383628|||-0.29830809486966914|0.7740194155893607|1.7308276151527089|-0.29362069078972053|-1.0552724526192871|0.0|1.0|0.0|1.0|0.0|0.0|0.0|1.0|0.0|0.0|0.0|0.0|0.0|1.0|0.0|1
|-0.22244413811979064||-1.4925803936428412|-0.31137385814854873||||-0.3213977825840517|-1.1902884122866912|-0.30791518224194175|1.989289251258789||-0.2923996348695149||0.0|1.0|0.0|1.0|0.0|0.0|0.0|0.0|0.0|0.0|1.0|1.0|0.0|0.0|0.0|0
-0.22801524901535566||-0.3455336554113476||0.7194195316570214||-0.3307835344222569|-0.3901390914861728||1.9712971000576016|-0.3082369507185251|-0.3351905071489174|-0.23033328964262237|||0.0|1.0|0.0|0.0|0.0|0.0|1.0|0.0|0.0|1.0|0.0|0.0|0.0|0.0|1.0|0
|-0.22244413811979064|-0.358206627842784||-0.335556022650483||||1.846771420523974|0.33404745973645006||||-0.29453648272987465||0.0|1.0|0.0|0.0|0.0|1.0|0.0|0.0|0.0|0.0|1.0|1.0|0.0|0.0|0.0|1
0.8210858001801613||-0.9098748487124864|||||-1.0371030840318796||-0.36752342062185495|-0.2987217971967048|-0.34121663856546003|-0.24385853726190052||1.2949503462697463|0.0|1.0|0.0|0.0|0.0|0.0|1.0|1.0|0.0|0.0|0.0|0.0|0.0|0.0|1.0|0
-0.2517183906600804||0.6089685168490924|-0.36417781863939974|||||-0.3174314598118811|-0.3671470413941949|-0.30382412589681135|-0.3464392857931303|||1.2949503462697463|0.0|1.0|0.0|0.0|0.0|0.0|1.0|0.0|0.0|0.0|1.0|1.0|0.0|0.0|0.0|0
-0.2360743171745621||-0.3466816511378188|-0.3514437524489714|-0.3238219472849205|-0.3575477986717876|-0.35112005444052546|-1.4269015972582706|-0.32369301505119613||0.5325900455188538||1.7308276151527089|||1.0|0.0|0.0|0.0|0.0|1.0|0.0|0.0|0.0|0.0|1.0|0.0|0.0|0.0|1.0|0
2.0062428824163985||||-0.32574843727031133|||||-0.3645123868005747|-1.7370268875240384||-0.17623229916550978|-0.2911785789493094||0.0|1.0|0.0|0.0|0.0|0.0|1.0|0.0|0.0|0.0|1.0|0.0|0.0|1.0|0.0|0
-0.22943743751403917|-0.22244413811979064|-0.34213468767218796|-0.34938987080535394||-0.37016242292676665|||-1.1923982366290915|-0.368276179077175|3.08375439557213|-0.3367974755266621|-0.24385853726190052|||0.0|1.0|0.0|1.0|0.0|0.0|0.0|1.0|0.0|0.0|0.0|0.0|0.0|0.0|1.0|0
|-0.22244413811979064||-0.3608916080096118|-0.3331984300110187|0.24514028124932866||0.21972916990212804||2.761693478143675|||-0.23033328964262237|||0.0|1.0|0.0|0.0|1.0|0.0|0.0|1.0|0.0|0.0|0.0|0.0|0.0|0.0|1.0|0
-0.24887401366271344|-0.22244413811979064|-1.3972102894595508|||||3.1970903172377168|-0.30688144391026995||-0.29302189846865784|2.049550565424215|||-0.2718648529896093|1.0|0.0|1.0|0.0|0.0|0.0|0.0|1.0|0.0|0.0|0.0|1.0|0.0|0.0|0.0|0
|-0.22244413811979064|-0.3573062390377086||2.778271503806383|1.6334189217536623|-1.671398834450082|-0.3837759551197565||-0.3652651452558947||-0.338806185998843||||0.0|1.0|0.0|0.0|0.0|0.0|1.0|0.0|0.0|0.0|1.0|1.0|0.0|0.0|0.0|0
-0.2735252809732272||-0.334683970310189|1.4958173978205869||-0.35477219849428837||-0.38160978103757215||-0.3660179037112148|-0.3004225734300736|-0.3400114122821515||-0.29911544243064553||1.0|0.0|1.0|0.0|0.0|0.0|0.0|0.0|0.0|1.0|0.0|1.0|0.0|0.0|0.0|0
|-0.22244413811979064||-0.35596229206492985|-0.3194300889965469|||-0.38298620415229345||0.2211336914384396||-0.3504567067374921|1.3926964246707552|0.4411497091939769||1.0|0.0|0.0|0.0|0.0|1.0|0.0|1.0|0.0|0.0|0.0|0.0|0.0|0.0|1.0|0
|||-0.35472996307875937|-0.32227267212184385|-0.34956555540270373|-0.33118228971673275||-0.30764652139931803||2.2333662788877047||||0.5115427466400685|0.0|1.0|0.0|0.0|0.0|0.0|1.0|0.0|0.0|0.0|1.0|0.0|1.0|0.0|0.0|0
||0.7884835348610019|-0.33583425195747857|-0.3181906688660856||-0.3483287673791945|-1.4077219309055973|-0.3338202249720175||-0.32069398745482125||-0.25738378488117863|||0.0|1.0|0.0|0.0|0.0|1.0|0.0|0.0|0.0|1.0|0.0|1.0|0.0|0.0|0.0|0
-0.2616737101508648|-1.678524925117218||||-0.3765750164402992|||-0.32308900650721073||-0.3096619254005369|||-0.3117838976027783||0.0|1.0|0.0|0.0|0.0|0.0|1.0|1.0|0.0|0.0|0.0|0.0|0.0|1.0|0.0|0
-0.243659322500874|-0.22244413811979064|-0.9351982838552322||-0.3438278048255179|-0.36776966415306045||||-0.3603722152963143|-0.2912751553100628|-0.33117308620455566||-0.2899575230291038|-1.0552724526192871|0.0|1.0|0.0|0.0|1.0|0.0|0.0|1.0|0.0|0.0|0.0|0.0|0.0|0.0|1.0|0
|-0.22244413811979064||-0.3543191867500359|-0.3345052099311789|-0.36068709818289013|0.2426265790340229|-0.38754419545022284|||-0.2924702953659436||-0.23033328964262237|||0.0|1.0|0.0|0.0|0.0|1.0|0.0|0.0|0.0|0.0|1.0|1.0|0.0|0.0|0.0|0
|-0.22244413811979064|-0.33772278252731847|-0.34774676549045996|0.9181309112690162|3.157127708849767||||-0.36865255830483507||-0.34081489647102386|0.37830285322489426|1.7194426256591757||0.0|1.0|0.0|0.0|1.0|0.0|0.0|0.0|0.0|0.0|1.0|0.0|0.0|0.0|1.0|0
|-0.19949983480952815||-0.3670532529404642|-0.31854093977252035|-0.3683247841885603|-0.35470885209080816||-0.31098870200937045|||||-1.3408287743560163|-0.2718648529896093|0.0|1.0|0.0|0.0|0.0|0.0|1.0|1.0|0.0|0.0|0.0|0.0|0.0|0.0|1.0|0
||1.1205019067325588|3.5086214085657135|||-0.3351698426614913|-0.40137611953750374|1.864891676843535||-0.29968710262645465|||||0.0|1.0|0.0|0.0|0.0|1.0|0.0|0.0|0.0|1.0|0.0|1.0|0.0|0.0|0.0|0
1.7929146076138758|-0.22244413811979064|1.4879730878039594|2.1119818909058297|0.588404740692503|1.3185318671339272|-0.3503225438515738|3.0143193790534175|-0.3089954738142187|-1.6325340047872323||0.9849340151683524||-0.3130049535229838|2.0783579458994237|1.0|0.0|0.0|0.0|0.0|1.0|0.0|1.0|0.0|0.0|0.0|1.0|0.0|0.0|0.0|1
0.42998396304220315|-0.22244413811979064||-0.3510329761202479|-0.30490731833744655|1.3290600057382345||-0.3898908840392558||-0.35999583606865426||-0.31148772357718313|1.0545652341888017|||0.0|1.0|1.0|0.0|0.0|0.0|0.0|0.0|0.0|0.0|1.0|0.0|0.0|0.0|1.0|1
|-0.22244413811979064||-0.34938987080535394||-0.3595385739715112|-0.32639722618302247|-0.3863934154690625|-0.31626370996017605|3.2133485513357165|-0.3026289858409305|-0.3436270911320771||-0.30277861019126223||0.0|1.0|0.0|1.0|0.0|0.0|0.0|1.0|0.0|0.0|0.0|0.0|0.0|0.0|1.0|0
||-0.35510028646527386|||-1.353222579586409|0.611475226424189||-0.3255050406831522|-0.35999583606865426|||-0.20328279440406608|-1.7529351474253938||0.0|1.0|0.0|0.0|0.0|0.0|1.0|1.0|0.0|0.0|0.0|0.0|0.0|1.0|0.0|0
||-0.37972592028408625|0.7872282307725575|0.4974690245988783||-0.3411511720786291|-0.3968406925529304|-0.3122369863336069||-0.2984919625705738|-0.3613037432872688|-0.25738378488117863||-0.2718648529896093|0.0|1.0|0.0|1.0|0.0|0.0|0.0|0.0|0.0|0.0|1.0|0.0|0.0|0.0|1.0|0
|-0.22244413811979064|-0.3465691025371843|0.5099542088841982|||1.5684879331662414||-0.31509596010847096||1.8518407995103678|-0.3351905071489174||-0.2940785867597976||0.0|1.0|0.0|1.0|0.0|0.0|0.0|0.0|0.0|0.0|1.0|1.0|0.0|0.0|0.0|0
-1.1225718146872674|-0.22244413811979064|-0.3530068824934735|-0.34938987080535394|0.5294649247058945|||-0.3916734647943867|0.6291908639401275|-0.3637596283452546|-0.3048353982517874|||-0.30567861800175045||0.0|1.0|0.0|1.0|0.0|0.0|0.0|0.0|0.0|0.0|1.0|0.0|0.0|0.0|1.0|0
-0.22280055785351624|-0.22244413811979064|||1.0040146431352173|||0.5136293513651522|-0.31102896924563617|-0.3607485945239743|-0.29725085558946684|-0.3371992176210983|-0.25738378488117863|||0.0|1.0|0.0|0.0|1.0|0.0|0.0|0.0|0.0|0.0|1.0|0.0|0.0|0.0|1.0|0
|4.895900446477227||0.9309999458257809||-1.1723300162942207|-0.35470885209080816||||-0.31885531044577387||3.083352377080524||0.5115427466400685|0.0|1.0|0.0|1.0|0.0|0.0|0.0|0.0|0.0|1.0|0.0|0.0|1.0|0.0|0.0|0
|||2.481680586756976|-0.3351922797861085||-1.1231103045457813||-0.31990789484222115||-0.3063982737094777|||-0.29453648272987465||0.0|1.0|0.0|0.0|1.0|0.0|0.0|1.0|0.0|0.0|0.0|0.0|0.0|0.0|1.0|0
-0.25503683049034187||||||-0.3483287673791945|-0.3842272413868782|1.5961078747700443|-0.36225411143461445|-0.30524910057882304|-0.329566117826811|-0.25738378488117863|||0.0|1.0|0.0|1.0|0.0|0.0|0.0|0.0|0.0|1.0|0.0|0.0|0.0|1.0|0.0|0
||2.3028249563972034||||-0.3411511720786291|-1.4269015972582706|2.3420584265919793|||||-0.2862943552684871||0.0|1.0|0.0|0.0|0.0|0.0|1.0|1.0|0.0|0.0|0.0|0.0|0.0|1.0|0.0|0
|-0.22244413811979064||3.0978450798422186|-0.34487861754482196|3.0020769403136054|||-0.3256862432463479||-0.3123280070636556|||||0.0|1.0|0.0|0.0|1.0|0.0|0.0|0.0|0.0|1.0|0.0|0.0|0.0|1.0|0.0|0
-0.25740714465481435||-0.3410767308262243||-0.31812330907638664|-0.35706924691704633|-0.33716361913387055|-0.383911340999893|-0.29923066901978856|1.9148402159085964||||2.6199713668107782||1.0|0.0|0.0|0.0|0.0|1.0|0.0|0.0|0.0|1.0|0.0|0.0|0.0|1.0|0.0|0
-0.25503683049034187|||3.0156898140975197|||-0.35112005444052546||-0.3389341639777604|-0.3630068698899345|-0.32593421693060637|-0.35527761187072615||-0.31468390541326646|-0.2718648529896093|0.0|1.0|0.0|1.0|0.0|0.0|0.0|1.0|0.0|0.0|0.0|1.0|0.0|0.0|0.0|0
||-0.38425037402959017|-0.34404977853194846|-0.3620553639180622|||-0.39347860986287353|0.6644246956726074|2.686417632611668|||1.7308276151527089|||0.0|1.0|1.0|0.0|0.0|0.0|0.0|1.0|0.0|0.0|0.0|0.0|0.0|0.0|1.0|0
|-0.22244413811979064||||-1.3685362357381288||||-0.3780620389963359||||||0.0|1.0|0.0|1.0|0.0|0.0|0.0|0.0|1.0|0.0|0.0|0.0|0.0|1.0|0.0|0
|-0.1730256386823022||-0.3539084104213124|-0.319753415987102|0.26476090319371937|-1.222799128164745|-0.7561773827486049|-0.3059955647124247||-0.2921025599641341|-0.3540723855874176||-0.3134628494930609||0.0|1.0|0.0|0.0|0.0|1.0|0.0|0.0|0.0|0.0|1.0|0.0|0.0|0.0|1.0|0
|-0.22244413811979064|-0.35757635567923124|||-0.3628310100441308|-0.3483287673791945|-1.2943362562912635||-0.3592430776133342|-0.3182117734926073||-0.24385853726190052|-0.29453648272987465|-1.0552724526192871|0.0|1.0|0.0|0.0|0.0|0.0|1.0|0.0|0.0|0.0|1.0|0.0|0.0|1.0|0.0|0
-0.24839995082981894|||-0.34897909447663045|-0.3186756593519183|2.8068278243791798||0.3782434712286344|2.040054154599293|-0.3558556645643939||-0.3705438114593008||||0.0|1.0|0.0|0.0|0.0|1.0|0.0|0.0|0.0|0.0|1.0|0.0|0.0|0.0|1.0|0
-0.2526665163258694|1.233636648877637|-1.5581547883667801|||||0.6952720738816471||||||-1.733856148672182||1.0|0.0|0.0|0.0|0.0|1.0|0.0|1.0|0.0|0.0|0.0|0.0|0.0|1.0|0.0|0
|-0.22244413811979064|2.7237567227699566|0.8591140882991692|2.800500234407047||||-0.31551876608926077|-0.3705344544431352|-0.3018935150373115|-0.35206367511523673||-0.3114786336227269||0.0|1.0|0.0|0.0|0.0|0.0|1.0|0.0|0.0|0.0|1.0|1.0|0.0|0.0|0.0|1
|-0.16773079945685698|||3.227561301098588|-1.1043756671209648|-0.34434121443443594|-0.3961637631522478|-0.3190622828806416|-0.36338324911759456||-0.3404131543765877|-0.20328279440406608|-0.2994207064106969||0.0|1.0|0.0|0.0|0.0|0.0|1.0|1.0|0.0|0.0|0.0|0.0|1.0|0.0|0.0|0
-0.2512443278271859|-0.17832047790774738|-0.3232715422058582|-0.3469252128330129|||0.35228428501488307||-1.5074893604081274|-1.5008012751062199|-0.29812422716876436|-0.3287626336379386|||-0.2718648529896093|0.0|1.0|0.0|0.0|0.0|0.0|1.0|0.0|1.0|0.0|0.0|0.0|1.0|0.0|0.0|0
|-0.22244413811979064|-0.34073908502432104||0.8413407510121776||||||0.3119488044331651|1.5071987379353795|-0.23033328964262237|0.6281238969754539||1.0|0.0|1.0|0.0|0.0|0.0|0.0|0.0|0.0|0.0|1.0|0.0|0.0|0.0|1.0|0
-0.21995618085614926||-0.3736032764095734||0.3768950010377019|-0.36231417414901035|3.243260169964833|3.1068330638133714||2.4229521732496435||1.085369538777396||1.1623358620653876||0.0|1.0|0.0|0.0|0.0|0.0|1.0|0.0|0.0|0.0|1.0|0.0|0.0|0.0|1.0|0
0.4655386755092903||2.352346340676351|-0.33747735727237255|-0.31030957347130483||-1.462052304850258||-0.3229682047984137||-0.3095240246248583||-0.17623229916550978|0.5861500997183876|-0.2718648529896093|1.0|0.0|0.0|0.0|1.0|0.0|0.0|0.0|0.0|1.0|0.0|0.0|0.0|0.0|1.0|0
-0.2844287261298006|-0.22244413811979064|1.8289953477262701|-1.3898863114619675|0.7618561991673798|||||-0.3603722152963143|-0.3035942912706804||||1.2949503462697463|1.0|0.0|1.0|0.0|0.0|0.0|0.0|0.0|0.0|0.0|1.0|0.0|0.0|0.0|1.0|0
|-0.16773079945685698||||0.8141383176366616|0.9105416972810803||-0.31292152935012363||-0.29922743337419283|1.3665890048827183|-0.24385853726190052|||1.0|0.0|0.0|0.0|0.0|0.0|1.0|1.0|0.0|0.0|0.0|0.0|1.0|0.0|0.0|0
|||-0.3518545287776949||-0.3550401874769435|-0.35470885209080816||-0.9543182022081905|0.6445603225559788|-0.9578875049401999|-0.34081489647102386|-0.24385853726190052|-0.299878602380774||0.0|1.0|0.0|0.0|1.0|0.0|0.0|0.0|0.0|1.0|0.0|0.0|1.0|0.0|0.0|0
-0.6366574109704103|-0.22244413811979064|-2.150723170707033|-0.3514437524489714||-0.3561504275479432||-0.38298620415229345|-0.3138879430205002|-0.35999583606865426|0.7842589611322176||-0.24385853726190052|-0.28827857113882116||1.0|0.0|0.0|0.0|1.0|0.0|0.0|0.0|0.0|0.0|1.0|1.0|0.0|0.0|0.0|1
0.7262732336012624|-0.19420499558408294||||-0.3609933713059245||-0.387837531523852|-0.31447181794635276|-1.1714694509036894|||-2.664877861112689|-1.504908163633639|-1.0552724526192871|0.0|1.0|0.0|0.0|0.0|0.0|1.0|0.0|0.0|1.0|0.0|0.0|0.0|0.0|1.0|0
||||||-1.8508387169642169|-0.3911770499005528||0.5034181121834658||-0.348046254170875|||-1.0552724526192871|0.0|1.0|0.0|0.0|0.0|0.0|1.0|0.0|0.0|0.0|1.0|0.0|1.0|0.0|0.0|0
3.1676968230079106|-0.22244413811979064|||1.8769975176340141||-0.3527150756184289|||||||2.169706996234977|1.2949503462697463|0.0|1.0|0.0|1.0|0.0|0.0|0.0|0.0|0.0|1.0|0.0|1.0|0.0|0.0|0.0|0
-0.21000086136536486||||-0.3358524057251585||||-0.2947610057942968|0.6163318804814762|||3.083352377080524|||0.0|1.0|0.0|1.0|0.0|0.0|0.0|1.0|0.0|0.0|0.0|1.0|0.0|0.0|0.0|0
-0.2578812074877089|||-0.3518545287776949|-0.3376845920049708|||-0.37420868625677584||1.4443661813335529|||||0.5115427466400685|0.0|1.0|0.0|0.0|1.0|0.0|0.0|0.0|0.0|0.0|1.0|0.0|0.0|1.0|0.0|0
-0.2702068411429657|-0.22244413811979064|-0.3495178758738063||-0.32671841824197667|2.6460344347861238||-0.3939750247567074|-0.3297733677273155|-0.3618777322069544|1.0979832258009312||0.7164340437068479||0.5115427466400685|1.0|0.0|0.0|1.0|0.0|0.0|0.0|0.0|0.0|0.0|1.0|1.0|0.0|0.0|0.0|0
3.2151031062973603|-0.16773079945685698|-0.3320728427754703|2.481680586756976||-0.35745208832083936||0.5801940757656069|-0.32149845067471594|||-0.34121663856546003|-0.2709090325004568|||0.0|1.0|0.0|0.0|0.0|0.0|1.0|0.0|0.0|1.0|0.0|0.0|0.0|1.0|0.0|0
|-0.22244413811979064|-0.33679988400211613|||-1.0919333214976927|-0.3423474379620567||2.1115284989708956|-0.3471989423282131||-0.35005496464305585|2.068958805634663||-1.0552724526192871|0.0|1.0|0.0|1.0|0.0|0.0|0.0|0.0|1.0|0.0|0.0|0.0|0.0|0.0|1.0|0
-0.2185339923574658|-0.22244413811979064|-1.336996788120133|||1.5654645725804064||-1.4077219309055973||-0.36677066216653487|-0.3090183884473703||1.0545652341888017|-0.3168207532736262||0.0|1.0|0.0|0.0|0.0|0.0|1.0|1.0|0.0|0.0|0.0|0.0|0.0|0.0|1.0|0
-0.19009022238379608|-0.22244413811979064|||1.0504928980275143||-0.3435437038454842||-0.30357953053648323|-0.3705344544431352|-0.2896203460019201|-0.3275574073546301|-0.24385853726190052|-0.2862943552684871||0.0|1.0|0.0|1.0|0.0|0.0|0.0|0.0|0.0|0.0|1.0|0.0|0.0|0.0|1.0|0
2.930665406560663|-0.22244413811979064||2.1119818909058297|-0.3251556711209603|2.017217429056136||-1.6344932801342646|-0.30637810345694877|1.0303490309075145|-0.2924702953659436|-0.34724276998200265|-0.24385853726190052|-0.30644177795187894||0.0|1.0|0.0|0.0|0.0|0.0|1.0|0.0|0.0|0.0|1.0|0.0|0.0|0.0|1.0|0
-0.25503683049034187|-0.22244413811979064|-0.36273108158828793|-0.3584269500372708|-0.3401634322658933|||-0.388898054251588||-0.3453170461899129||-0.34282360694320474||-0.30186281825110806||0.0|1.0|0.0|0.0|0.0|0.0|1.0|0.0|0.0|0.0|1.0|0.0|0.0|0.0|1.0|0
|-0.17832047790774738|-0.3561582433112374|||-1.8987715799914213|0.7011951676812563|-1.9283934615972889||-0.3558556645643939|||1.7308276151527089|-1.7224087494202547|0.5115427466400685|1.0|0.0|0.0|0.0|0.0|1.0|0.0|1.0|0.0|0.0|0.0|0.0|0.0|0.0|1.0|0
-1.5610799351146751||-0.3422472362728224|-0.37033946357025216||1.5731214006562664|0.531724167529018|||||-0.34764451207643887||3.0778673368878646||0.0|1.0|0.0|1.0|0.0|0.0|0.0|1.0|0.0|0.0|0.0|0.0|0.0|1.0|0.0|0
||2.9814930182227917|-0.36458859496812324||1.6362902322821098||-0.3837308264930443|||-0.29449284007589577|-0.33036960201568333||||0.0|1.0|0.0|0.0|0.0|1.0|0.0|0.0|0.0|1.0|0.0|1.0|0.0|0.0|0.0|0
0.8684920834696108|-0.22244413811979064|||-0.31406824973650793||||||-0.3211536567070831||-0.24385853726190052|-0.32170497695444844||0.0|1.0|0.0|1.0|0.0|0.0|0.0|0.0|0.0|1.0|0.0|0.0|0.0|1.0|0.0|1
-0.23891869417192907|-0.22244413811979064|0.4857277991543961|||0.4155047059372096|||-0.3161831754876447||||||0.5115427466400685|0.0|1.0|0.0|1.0|0.0|0.0|0.0|0.0|0.0|0.0|1.0|0.0|0.0|0.0|1.0|0
|-0.22244413811979064||0.6845341485916837|-0.33026154318014306|-0.3620461851663552|-0.34633499090681524|||||-0.33358353877117275|0.7164340437068479||-0.2718648529896093|0.0|1.0|1.0|0.0|0.0|0.0|0.0|0.0|0.0|0.0|1.0|0.0|0.0|0.0|1.0|0
-0.23702244284035107|||1.7628220114908588|-0.3320263696702564||-0.3435437038454842|-1.2266433162230046|-0.30337819435515473||2.4540075199733935|-0.33920792809327915|-2.664877861112689||-1.0552724526192871|0.0|1.0|0.0|1.0|0.0|0.0|0.0|1.0|0.0|0.0|0.0|0.0|0.0|0.0|1.0|0
||-0.32705317518717486|-0.34774676549045996|-0.3038565056181424|0.34467904623550627|-0.3471325014957669||-0.3176931968476081||||1.0545652341888017|1.017335471540977||1.0|0.0|0.0|0.0|1.0|0.0|0.0|0.0|0.0|1.0|0.0|0.0|0.0|1.0|0.0|0
0.10999155083841915||1.7918543095169095||-0.3217203218463122|-0.37326343829748987|||-1.471248847769005||-0.29964113570122847|3.154341325123696||-0.30476282606159627|-1.0552724526192871|0.0|1.0|0.0|0.0|0.0|1.0|0.0|0.0|0.0|0.0|1.0|0.0|0.0|0.0|1.0|0
|-0.18185037072471083||-0.37157179255642264||-1.798275711495761|-0.35231632032395305|||-0.3660179037112148|3.460683182426848|-0.3376009597155345||||0.0|1.0|0.0|0.0|0.0|1.0|0.0|0.0|0.0|0.0|1.0|0.0|0.0|0.0|1.0|0
|-0.22244413811979064|-1.7686206715531567|-0.34938987080535394||-0.34780448494525595|-0.3295872685388293|-0.3746374082105415||1.7642885248445825||||-0.2969785945702858||0.0|1.0|0.0|0.0|0.0|0.0|1.0|1.0|0.0|0.0|0.0|1.0|0.0|0.0|0.0|1
|-0.22244413811979064||-1.2871922292810936|||-0.3590951603300426|-0.3790600136283344|-0.32115617916645756||0.596943740835513|0.8141936250329782||-0.29209437088946355|-1.0552724526192871|0.0|1.0|0.0|0.0|0.0|1.0|0.0|0.0|0.0|0.0|1.0|0.0|0.0|0.0|1.0|0
-0.2356002543416676|-0.22244413811979064||-0.34774676549045996||-0.36020854642814887|-0.3439424591399601|-0.3870703448697451|-0.3257265104826136|-0.34757532155587306||||||0.0|1.0|0.0|1.0|0.0|0.0|0.0|0.0|0.0|1.0|0.0|1.0|0.0|0.0|0.0|0
-0.9922045356412814|-0.16773079945685698|-0.3375652144864303||0.9221724986509551|-1.313024232188145||-0.38779240289713984|-0.31221685271547406|-0.37015807521547517|-0.2984919625705738||-0.25738378488117863|||0.0|1.0|0.0|0.0|1.0|0.0|0.0|0.0|0.0|1.0|0.0|0.0|0.0|0.0|1.0|0
-0.26499214998112625|-0.22244413811979064||-1.4206945361162295|1.806269738450084|-0.952196209113251|0.9404483443667694|1.7981028891603654|-0.31344500342157766|||0.3622337687922817||-0.3105628416825727|-1.0552724526192871|0.0|1.0|0.0|0.0|0.0|0.0|1.0|1.0|0.0|0.0|0.0|0.0|0.0|1.0|0.0|0
1.958836599126949|-0.22244413811979064||||-0.36350098250076857|-0.3471325014957669|-0.39036473461973364||-1.5008012751062199||0.944759805724735|-0.24385853726190052|-0.313920745463138|-1.0552724526192871|0.0|1.0|0.0|0.0|0.0|1.0|0.0|1.0|0.0|0.0|0.0|0.0|0.0|0.0|1.0|0
|-0.22244413811979064|-0.3486850162291116|2.892456915480471||-0.3519965983167892|3.36288675830759|0.716708171569929||-0.3611249737516343||-0.3400114122821515|-0.21680804202334422|0.708255691738944||0.0|1.0|0.0|0.0|0.0|1.0|0.0|0.0|0.0|0.0|1.0|0.0|0.0|1.0|0.0|0
|-0.22244413811979064|1.6916860549522703|-0.34897909447663045||-0.3556335916528226|-1.5318344813835327|||2.611141787079661|-0.30138787885982354|2.210247403198685||||0.0|1.0|0.0|1.0|0.0|0.0|0.0|0.0|0.0|0.0|1.0|1.0|0.0|0.0|0.0|0
|-0.22244413811979064|-0.9104375917156585||||-0.3507212991460496|-0.39386220318992704|-0.3279210748590937||0.42341859810666405|-0.345635801604258||-0.30476282606159627|-0.2718648529896093|0.0|1.0|0.0|0.0|0.0|0.0|1.0|0.0|0.0|1.0|0.0|1.0|0.0|0.0|0.0|0
|-0.1747905850907839|||-0.31530766986696923|-0.35236029765039256|||-0.3190622828806416|-0.36564152448355475||-0.34884973835974736||-0.30812072984216154||1.0|0.0|0.0|0.0|0.0|0.0|1.0|0.0|0.0|1.0|0.0|0.0|1.0|0.0|0.0|0
-1.5492283642923128||-0.3522865714494132||0.5476520679246194|-0.3445694750832052||-0.3713881470872651|0.7671061481501208|-0.37542738440271567||-0.345635801604258|||-1.0552724526192871|0.0|1.0|0.0|0.0|1.0|0.0|0.0|1.0|0.0|0.0|0.0|1.0|0.0|0.0|0.0|0
|-0.22244413811979064||-0.34980064713407744||-0.3630032886758377||||0.484599150800464|-0.2986298633462524||-0.21680804202334422|-0.2710311562659176||0.0|1.0|0.0|0.0|0.0|0.0|1.0|0.0|0.0|1.0|0.0|0.0|0.0|1.0|0.0|0
|-0.22244413811979064|3.1930843874155133||||-0.3495250332626221||-0.31092830115497194|1.4067282585675496|0.8601043877554231|-1.5359976274186433|-0.21680804202334422|2.032338205211851||1.0|0.0|0.0|0.0|0.0|0.0|1.0|1.0|0.0|0.0|0.0|1.0|0.0|0.0|0.0|0
-0.19577897637853003|-0.22244413811979064|-0.3769797344286062|-0.34322822587450147|-0.35465925900911405||-1.192892481079056||-0.31996829569661966|||-0.3404131543765877|-0.24385853726190052||0.5115427466400685|1.0|0.0|0.0|0.0|0.0|0.0|1.0|0.0|0.0|0.0|1.0|1.0|0.0|0.0|0.0|0
|1.1895129886655937|||-0.33931469891568616|1.826753830669123|-0.34673374620129105|-0.3799174575358657|||-0.31894724429622623|1.8285924134843192|-0.17623229916550978||-1.0552724526192871|1.0|0.0|0.0|0.0|0.0|1.0|0.0|1.0|0.0|0.0|0.0|0.0|0.0|1.0|0.0|0
|-0.22244413811979064|||3.069265795305982|-0.38036514633784985|-0.34753125679024277||-1.9987496428495637|-0.36564152448355475|1.340458756369058|||-0.29529964268000314|1.2949503462697463|0.0|1.0|0.0|1.0|0.0|0.0|0.0|0.0|0.0|0.0|1.0|0.0|0.0|0.0|1.0|0
-0.24602963666534647|-0.22244413811979064|-0.330947356769126|-0.34446055486067195|-0.3078172612524425|-0.36706140755604344|0.531724167529018||-1.6886919236037392||-0.2906775852821224|||||1.0|0.0|0.0|0.0|0.0|1.0|0.0|1.0|0.0|0.0|0.0|1.0|0.0|0.0|0.0|0
0.42998396304220315|2.6897174358750644|||-0.30408552890311896|-0.3591365904975285|-1.5418033637454291|||-0.36150135297929437|0.6980709763331204|||-0.2962154346201573||0.0|1.0|0.0|0.0|0.0|1.0|0.0|0.0|0.0|1.0|0.0|0.0|0.0|0.0|1.0|0
-0.25930339598639235|-0.22244413811979064|-0.3416169641092696||0.8191120204115138|-0.3642858073785442|-0.3471325014957669|-0.3911544855871967|||-0.30846678534465605|-1.5962589415840696|-0.25738378488117863|0.9066772787723479||0.0|1.0|0.0|0.0|0.0|0.0|1.0|0.0|0.0|0.0|1.0|0.0|0.0|0.0|1.0|0
-0.2910656057903235|-0.22244413811979064||-0.35719462105110034|-0.33280774323076456|-1.8513949562720386|0.5416930498909143|||-0.3690289375324951||-0.3452340595098218|1.0545652341888017|-0.3044575620815449||1.0|0.0|0.0|0.0|1.0|0.0|0.0|0.0|1.0|0.0|0.0|0.0|0.0|1.0|0.0|0
-0.22280055785351624|-0.17832047790774738|-0.3362821604391978|||||-0.37964668577559263||||-0.32675392316575774|1.0545652341888017|-0.285378563328333||0.0|1.0|0.0|0.0|0.0|1.0|0.0|0.0|0.0|0.0|1.0|0.0|0.0|1.0|0.0|0
|-0.22244413811979064||-0.3510329761202479|-0.33137971568914615||1.8874921687469255||2.704463552983203|-0.35886669838567414|-0.28244950566663524|1.7884182040407017||-0.29652069860020874|-0.2718648529896093|1.0|0.0|0.0|0.0|0.0|1.0|0.0|1.0|0.0|0.0|0.0|0.0|0.0|0.0|1.0|0
-0.2664143384798098||0.4339554428625599|||-0.3599979836560627|-0.34673374620129105|3.3392454913810607|||1.2577182909619247||0.7164340437068479|1.5515474366309108|-1.0552724526192871|1.0|0.0|0.0|0.0|0.0|0.0|1.0|1.0|0.0|0.0|0.0|0.0|0.0|0.0|1.0|0
|||-0.34815754181918346|||0.8307906383859093|||-0.3694053167601551|0.8865353697604795|||-1.5278029621374931||0.0|1.0|0.0|1.0|0.0|0.0|0.0|0.0|0.0|0.0|1.0|1.0|0.0|0.0|0.0|0
-0.2725771553074382|-0.1606710138229301|-0.34314762507789776||1.9261701641142706||-0.3503225438515738|-1.596133947428918|-0.316142908251379|-0.36338324911759456|||-0.24385853726190052|-0.29331542680966916||0.0|1.0|0.0|0.0|0.0|0.0|1.0|1.0|0.0|0.0|0.0|0.0|0.0|0.0|1.0|0
0.2048041174173181|-0.22244413811979064||0.14025551303305248|-0.3315683231003033|||||||-0.3528671593041091|-0.24385853726190052|0.3800969131836988|0.5115427466400685|0.0|1.0|0.0|1.0|0.0|0.0|0.0|1.0|0.0|0.0|0.0|0.0|0.0|0.0|1.0|0
-0.22896337468114467|-0.22244413811979064|-0.3463440053359155||-1.4310417544829548||3.36288675830759|-0.7409464712332466|0.7147587410047218|-0.3603722152963143||0.9146291486420218|-0.24385853726190052||-0.2718648529896093|0.0|1.0|0.0|1.0|0.0|0.0|0.0|0.0|0.0|1.0|0.0|1.0|0.0|0.0|0.0|0
|-0.22244413811979064|2.0079476227350073|1.8655160936717328|-0.31732846355793864|-0.3617590541135105||3.1632438472035873|-0.33206860019446|-1.0679651632971798|-0.31890127737100005|2.1499860890332587||||1.0|0.0|0.0|0.0|0.0|1.0|0.0|1.0|0.0|0.0|0.0|0.0|0.0|1.0|0.0|0
-0.24271119683508502|-0.22244413811979064||-0.3391204625872665|-0.3214643546454561|-0.356705547583443||-1.4477735871126505|3.4836345747243334|||||-0.29362069078972053|-1.0552724526192871|0.0|1.0|0.0|0.0|1.0|0.0|0.0|0.0|0.0|0.0|1.0|1.0|0.0|0.0|0.0|0
-0.2536146419916584|||-0.3506221997915244|-0.3036678982069853||||0.5521797745819924||-1.2808051546541508|-0.3460375436986941|-0.21680804202334422|3.2457625259161293||1.0|0.0|0.0|0.0|0.0|0.0|1.0|1.0|0.0|0.0|0.0|0.0|1.0|0.0|0.0|0
-0.24081494550350704|||-1.513119210079016|1.181170890043538||0.6015063440622925|-1.4082860387394993|-0.3243775580677129||-0.3109949662320962|1.9692021465369802|-0.24385853726190052|||0.0|1.0|0.0|0.0|0.0|0.0|1.0|0.0|0.0|0.0|1.0|0.0|0.0|1.0|0.0|0
|-0.22244413811979064|-0.35341205745575743|-0.37075023989897565|-0.33067917387627677||-0.3519175650294772|-0.37402817174992714|1.4929230818392099|||||||0.0|1.0|0.0|0.0|0.0|0.0|1.0|1.0|0.0|0.0|0.0|0.0|0.0|0.0|1.0|0
0.9988593625155969|-0.1606710138229301|-0.3363271798794516||-0.3132868761759998|||-0.3735091925427372||||-0.3384044439044068||||0.0|1.0|0.0|0.0|1.0|0.0|0.0|0.0|0.0|0.0|1.0|0.0|0.0|0.0|1.0|0
-0.27826590930217215|-0.22244413811979064||-0.3592485026947178|-0.3282003336153542|-0.358562328391839||0.551988684070499||2.0465729455896087|-0.3036402581959066|||0.5022025052042551||0.0|1.0|0.0|0.0|0.0|1.0|0.0|0.0|0.0|0.0|1.0|0.0|0.0|0.0|1.0|0
|-0.22244413811979064||0.8385752718629945|2.915685474792305|-0.3533939694406336|||1.7994574179117864||||-0.9742219087029205|-0.30888388979229003|2.0783579458994237|1.0|0.0|0.0|0.0|0.0|0.0|1.0|1.0|0.0|0.0|0.0|0.0|0.0|1.0|0.0|1
|-0.22244413811979064|||-1.9183898329550841||-0.3367648638393947|-0.3790148850016222||-0.3539737684260937||||||1.0|0.0|0.0|1.0|0.0|0.0|0.0|1.0|0.0|0.0|0.0|0.0|0.0|0.0|1.0|1
-0.23417806584298412|-0.22244413811979064|-0.331149944250268|-0.3510329761202479|1.0855199886709848|-0.37498622461455833||-0.40187253443133764||0.5786939577154727|-0.2939872038984077||-0.2709090325004568||-1.0552724526192871|1.0|0.0|0.0|0.0|0.0|0.0|1.0|0.0|0.0|1.0|0.0|0.0|0.0|0.0|1.0|0
|-0.22244413811979064||-0.36212393699578227|-1.32292929201609||-0.3539113415018565|-1.0562827503845529|-0.3201293646416824||1.5921276719824218||0.37830285322489426|-0.30232071422118517||0.0|1.0|0.0|1.0|0.0|0.0|0.0|0.0|0.0|0.0|1.0|0.0|0.0|0.0|1.0|1
-0.2351261915087731|-0.22244413811979064|3.400173812582857||-0.3275402076763042|1.2792906232451458|||-0.3080894609982407|1.2373576061205338||2.9936444873492256|-0.21680804202334422|3.123656933895573|-0.2718648529896093|0.0|1.0|0.0|1.0|0.0|0.0|0.0|1.0|0.0|0.0|0.0|1.0|0.0|0.0|0.0|0
-0.22801524901535566|||-0.3465144365042894|||-0.32799224736092586|-0.37657793915916493|||-0.3056168359806325|-0.3452340595098218|0.37830285322489426|1.4904946406206327|-0.2718648529896093|0.0|1.0|0.0|1.0|0.0|0.0|0.0|0.0|0.0|0.0|1.0|1.0|0.0|0.0|0.0|0
||0.373741941523142|-0.3522653051064184||-0.3519774562465996|||-0.3184784079547891|-1.3596590647337068||||-0.2974364905403629||0.0|1.0|0.0|0.0|1.0|0.0|0.0|1.0|0.0|0.0|0.0|1.0|0.0|0.0|0.0|0
-0.2711549668087547||-0.3451284804490637|-0.3518545287776949|||1.528612403718656||1.1269945722747385|0.8421594170774972||-1.1041248758997555|||-0.2718648529896093|1.0|0.0|0.0|1.0|0.0|0.0|0.0|0.0|0.0|0.0|1.0|0.0|0.0|1.0|0.0|0
-0.2441333853337685|-0.22244413811979064||-0.35678384472237684|-0.329736136820491|||||-0.3712872128984553|-1.2819543277848053||1.0545652341888017|-0.2977417545204143|-0.2718648529896093|1.0|0.0|0.0|0.0|0.0|1.0|0.0|0.0|0.0|1.0|0.0|0.0|0.0|1.0|0.0|0
|-0.22244413811979064|2.871195389601055|-0.3592485026947178||-0.365989451625423||||-1.1056030860631834|0.8520601758408407|||-1.1843809845796787|0.5115427466400685|0.0|1.0|0.0|0.0|1.0|0.0|0.0|0.0|0.0|0.0|1.0|1.0|0.0|0.0|0.0|0
|-0.22244413811979064|0.7237680894962069|-0.3539084104213124|||-0.35829764974109085|-0.39629914903238433|||-1.3313687724029544|-0.34081489647102386|-0.24385853726190052||1.2949503462697463|0.0|1.0|0.0|0.0|0.0|0.0|1.0|0.0|0.0|0.0|1.0|1.0|0.0|0.0|0.0|0
||-0.35269174641169715||-0.32993821618958796|1.5472796059002394|-0.3399549061952015||3.0386816139884423|-0.3690289375324951|||-0.2709090325004568|-1.3713551723611555||1.0|0.0|0.0|0.0|0.0|0.0|1.0|0.0|0.0|0.0|1.0|0.0|0.0|0.0|1.0|1
-0.2351261915087731|||-0.34980064713407744|-0.32875268389088586||1.9672432276420966||-0.3175925287569439||-0.3040079935977161|-0.3343870229600451|-0.23033328964262237|-0.29331542680966916||1.0|0.0|0.0|1.0|0.0|0.0|0.0|1.0|0.0|0.0|0.0|0.0|0.0|0.0|1.0|0
-1.940330201430271|-0.22244413811979064|-0.34733443302149847|||2.8154417559645224|||||-0.31439651869883395|-0.34764451207643887|-0.21680804202334422|||0.0|1.0|0.0|0.0|0.0|1.0|0.0|0.0|0.0|0.0|1.0|0.0|0.0|1.0|0.0|0
-0.2611996473179703||2.5155418115962687||-0.3365394755800881|0.5021225735453738|-0.3391573956062498|||||-0.3359939913377898||-1.4934607643817117||0.0|1.0|0.0|0.0|0.0|0.0|1.0|0.0|0.0|0.0|1.0|1.0|0.0|0.0|0.0|0
|-0.22244413811979064|1.5476238461402052|-0.3596592790234413|-0.34638747683407917|-1.6451391499785648|||0.1384339219520123|-1.425525429574213|1.6955532537413387||-0.24385853726190052|-0.3044575620815449||0.0|1.0|1.0|0.0|0.0|0.0|0.0|0.0|0.0|0.0|1.0|0.0|0.0|1.0|0.0|0
|||-0.36458859496812324|-1.4761728135812724|-1.3058459558670263|-0.35311383091290477|||-0.36338324911759456|-0.3047894313265612||-0.20328279440406608|||0.0|1.0|0.0|0.0|1.0|0.0|0.0|1.0|0.0|0.0|0.0|0.0|0.0|1.0|0.0|0
|-0.22244413811979064|-1.003852930242232|1.8038996443632085||-0.3507140796140827|-1.4022390106788798|-0.3775482046334766|-0.3021097764127855||-0.288103437469456|||-0.3117838976027783|-1.0552724526192871|0.0|1.0|0.0|0.0|0.0|0.0|1.0|0.0|0.0|0.0|1.0|0.0|0.0|1.0|0.0|0
-0.2640440243153373|||-0.3506221997915244|-0.32282502239737554||-0.3391573956062498|-0.39501298317108746|-1.4314849519566348||-0.301249978084145||-0.2709090325004568||0.5115427466400685|0.0|1.0|0.0|1.0|0.0|0.0|0.0|1.0|0.0|0.0|0.0|0.0|0.0|0.0|1.0|0
-0.2360743171745621||-0.3477170982636555|-0.36417781863939974|-1.3960146638394846||-0.34633499090681524|-0.39187654361459145||-0.3663942829388748||-0.32554869688244925||-0.2841575074081274||0.0|1.0|0.0|0.0|0.0|1.0|0.0|0.0|1.0|0.0|0.0|1.0|0.0|0.0|0.0|1
0.8329373710025237|-0.22244413811979064||-0.3534976340925889|0.6840556420650564|||-0.3705307031797338|-0.3366791987468816||-0.3236358706692971|-0.348046254170875|-0.18975754678478793||-0.2718648529896093|0.0|1.0|0.0|0.0|0.0|0.0|1.0|1.0|0.0|0.0|0.0|0.0|0.0|0.0|1.0|0
-0.24650369949824097|-0.22244413811979064|||2.93319902011404||1.4687991095472774|-1.0856163577474651|-1.397257801130797|-0.36677066216653487|-1.412960064679433|-0.38098910591464136|-0.29795952773901313|-0.34108923968771176||0.0|1.0|0.0|0.0|0.0|0.0|1.0|0.0|0.0|0.0|1.0|0.0|0.0|0.0|1.0|0
-0.23891869417192907||0.563949076595322|-0.3543191867500359|-0.3273381283072073||-0.35231632032395305||-0.3182166709190621|-0.3551029061090738|0.6727891674587185||-1.650484289666828|-0.32216287292452556||1.0|0.0|0.0|0.0|0.0|1.0|0.0|0.0|0.0|0.0|1.0|0.0|0.0|0.0|1.0|0
-0.2607255844850758||-0.3442055819238614||-0.32130269115017857||-0.3471325014957669|1.2215846829123602||1.1997196833545303|1.7645036415806161||-0.17623229916550978|-0.285378563328333||0.0|1.0|0.0|0.0|0.0|1.0|0.0|0.0|0.0|0.0|1.0|0.0|0.0|0.0|1.0|1
-2.0588459096538947|-0.18714520995015602|-0.32869638475643753||-0.30552702840267715|-0.35551873923168475|-0.33636610854491883|-1.4776713023094648||||1.8888537276497452|-0.25738378488117863||0.5115427466400685|0.0|1.0|0.0|0.0|0.0|0.0|1.0|0.0|0.0|0.0|1.0|0.0|0.0|1.0|0.0|0
|-0.22244413811979064||||1.6181052656019428||||-0.36677066216653487|-1.577291822363045|||-0.3015575542710567|-1.0552724526192871|0.0|1.0|0.0|0.0|0.0|0.0|1.0|0.0|0.0|1.0|0.0|0.0|0.0|0.0|1.0|0
-0.2095267985324704|-0.22244413811979064|||-0.32725729655956853|1.7635849990432793|2.9641314638317344|||3.3262623196337273||-0.3460375436986941|-0.24385853726190052|||0.0|1.0|0.0|0.0|0.0|1.0|0.0|0.0|0.0|0.0|1.0|0.0|0.0|0.0|1.0|0
-2.094400622120982|-0.22244413811979064||-0.3518545287776949||-0.34721108076937685||-0.37402817174992714|-0.31616304186951183|-0.357361181475034|-1.416407584071397|-0.36732987470381134|1.0545652341888017|-0.32704709660534775||0.0|1.0|0.0|1.0|0.0|0.0|0.0|0.0|0.0|0.0|1.0|1.0|0.0|0.0|0.0|0
|-0.22244413811979064||-0.36458859496812324|-0.3306252860445176|||||-0.3694053167601551||-0.329566117826811||-0.28827857113882116|-1.0552724526192871|0.0|1.0|0.0|0.0|0.0|0.0|1.0|1.0|0.0|0.0|0.0|1.0|0.0|0.0|0.0|0
-0.2450815109995575|-0.22244413811979064||-0.3728041215425931|-0.3355021348187238|-0.35551873923168475|||0.6991551869517664|-0.37203997135377537|0.7405903821673416||-0.24385853726190052|-0.29285753083959204||0.0|1.0|0.0|0.0|0.0|0.0|1.0|0.0|1.0|0.0|0.0|1.0|0.0|0.0|0.0|0
-0.244607448166663|-0.22244413811979064|-0.3267155293852716|-0.3588377263659943||-0.35714581519780497||||||-0.32836089154350245||-0.2870575152186156||0.0|1.0|0.0|0.0|0.0|1.0|0.0|1.0|0.0|0.0|0.0|0.0|0.0|0.0|1.0|1
||0.875708700352682||2.205713291365043|-0.35431278880973677|||-0.3037003322452803|-0.3603722152963143|-0.28971227985237247|-1.636433151027687|||0.5115427466400685|0.0|1.0|0.0|0.0|0.0|0.0|1.0|0.0|0.0|0.0|1.0|0.0|0.0|0.0|1.0|0
|-0.22244413811979064||||-0.3421001480287404||-0.36892863693145167|0.9966293948645625|-1.585486601329728|1.0462704349214729|0.7840629679502651||||0.0|1.0|0.0|0.0|0.0|0.0|1.0|0.0|0.0|0.0|1.0|0.0|0.0|0.0|1.0|1
|||-0.3514437524489714||||-0.371636354534182|1.4209453970142865|-0.3524682515154535|-0.3088345207464655|-1.395387894365982||||0.0|1.0|0.0|0.0|1.0|0.0|0.0|1.0|0.0|0.0|0.0|1.0|0.0|0.0|0.0|1
-0.25930339598639235|-0.22244413811979064||3.385388509948665|-0.3422650577045015||-0.3355685979559671|0.5203986453719781||||||-0.28095223561758775|-1.0552724526192871|1.0|0.0|0.0|0.0|0.0|0.0|1.0|0.0|0.0|1.0|0.0|0.0|0.0|0.0|1.0|0
|||1.4547397649482374||-0.355939864775857|||-0.3095592151219384||-0.29573394705700273|-0.32836089154350245||-0.2870575152186156|-0.2718648529896093|0.0|1.0|0.0|0.0|0.0|0.0|1.0|1.0|0.0|0.0|0.0|0.0|1.0|0.0|0.0|0
|-0.22244413811979064||-0.34980064713407744|2.1774221796914706|-1.3517869243221854|0.6314129911479817|-0.3862354652755699|0.45956513117090203||||0.7164340437068479|-1.3103023763508772||0.0|1.0|0.0|1.0|0.0|0.0|0.0|0.0|0.0|0.0|1.0|0.0|0.0|0.0|1.0|0
1.2714454914299314|-0.22244413811979064||-1.400155719680055||-0.3792549062668502||||3.13807270580371|0.5934962214435492||-0.25738378488117863|-0.2977417545204143|1.2949503462697463|0.0|1.0|0.0|0.0|0.0|1.0|0.0|0.0|0.0|1.0|0.0|0.0|0.0|0.0|1.0|0
-0.2450815109995575||0.836879433133805|2.0298266251611308|-0.3162237630068754|||1.7969746734925611|-1.2905496250267146|-0.3517154930601335||-0.38098910591464136|-0.29795952773901313|||0.0|1.0|0.0|1.0|0.0|0.0|0.0|1.0|0.0|0.0|0.0|0.0|0.0|0.0|1.0|0
-0.23797056850614007||-0.35908450692773247|-0.3592485026947178|-0.33644517187450956||-0.34992378855709794||-0.31447181794635276|-0.37091083367079525|1.8840176471686976||-0.25738378488117863|-0.2862943552684871|-1.0552724526192871|0.0|1.0|0.0|1.0|0.0|0.0|0.0|1.0|0.0|0.0|0.0|1.0|0.0|0.0|0.0|0
-0.2673624641455987||-0.3517913576066217|-0.36376704231067625||||||-1.1150125667546842|-0.3135231471195364|||||0.0|1.0|0.0|0.0|0.0|1.0|0.0|0.0|0.0|1.0|0.0|0.0|0.0|0.0|1.0|0
||-0.34346276115967417|||-0.35188174589565135|||||-0.28548332273156346|-1.5359976274186433||-0.29362069078972053|-0.2718648529896093|0.0|1.0|0.0|0.0|0.0|1.0|0.0|1.0|0.0|0.0|0.0|0.0|0.0|0.0|1.0|0
-1.7388534974501109|-2.208008847661737|-0.35494271842438563|||-0.3693393139086117||2.4028264871034786|1.6907358799944194|||-1.7870864364412524||||1.0|0.0|0.0|0.0|0.0|0.0|1.0|0.0|0.0|1.0|0.0|0.0|0.0|1.0|0.0|0
-0.2578812074877089|-0.22244413811979064|||-0.3060120188885098|-0.35948114776094214|-0.3471325014957669|0.5294243707144126|-0.32445809254024427||-0.3110409331573224|-0.3544741276818538||-0.313920745463138||0.0|1.0|0.0|0.0|0.0|0.0|1.0|0.0|0.0|1.0|0.0|0.0|0.0|0.0|1.0|0
-0.2502962021613969|-0.22244413811979064|-0.3327481343792768|||||-0.39372681730979053|-0.32345141163360197||3.189478323592356||-0.20328279440406608|||0.0|1.0|0.0|0.0|0.0|1.0|0.0|0.0|0.0|1.0|0.0|1.0|0.0|0.0|0.0|0
-0.23986681983771804|-0.22244413811979064||-1.6568909251322395|-0.32616606796644504|||-1.0968985144255083|-0.3144919515644856|||3.23468974401093||-0.3039996661114678||0.0|1.0|0.0|1.0|0.0|0.0|0.0|0.0|0.0|0.0|1.0|0.0|0.0|1.0|0.0|1
0.7144216627789||-1.4202827525896082|-0.34815754181918346||-0.3652429108880267||-1.2339767180637327|||||-0.24385853726190052|||0.0|1.0|0.0|0.0|0.0|1.0|0.0|0.0|0.0|1.0|0.0|0.0|0.0|1.0|0.0|0
-0.245555573832452|-0.22244413811979064||0.5818400664108099|||-0.34513872502338766|0.5390142038907494||||-0.30787204472725754||-0.26614693258509536||0.0|1.0|0.0|1.0|0.0|0.0|0.0|0.0|0.0|0.0|1.0|0.0|0.0|1.0|0.0|0
||-0.34593883037363155|1.844977277235558|0.7093155632021744|2.5618093259516654||-1.1657196701615715|-0.3147939558364783|-0.36150135297929437|-0.3011120773084664|-1.395387894365982|-0.25738378488117863||0.5115427466400685|0.0|1.0|0.0|1.0|0.0|0.0|0.0|0.0|0.0|0.0|1.0|0.0|0.0|0.0|1.0|0
-1.2766422353779783|-0.22244413811979064|-0.3297543416024011||||-1.5418033637454291||-1.4888657636352451|||-0.3400114122821515|-0.2709090325004568|||0.0|1.0|0.0|0.0|1.0|0.0|0.0|0.0|0.0|1.0|0.0|1.0|0.0|0.0|0.0|0
|-0.22244413811979064|-0.347604549663021|-0.34322822587450147|1.6998412707256936|-0.360419109200235|-1.3623634812312944|-1.3546957945187943||-0.36677066216653487||-0.34724276998200265|-0.23033328964262237|-0.30644177795187894|-1.0552724526192871|0.0|1.0|0.0|0.0|0.0|0.0|1.0|0.0|1.0|0.0|0.0|1.0|0.0|0.0|0.0|0
2.124758590640022|-0.22244413811979064|-0.09671120912875864|1.8038996443632085||-0.35348967979158186||||-0.35547928533673384|||1.0545652341888017|||1.0|0.0|0.0|0.0|1.0|0.0|0.0|0.0|0.0|0.0|1.0|1.0|0.0|0.0|0.0|0
|-0.22244413811979064||-0.35021142346280093|1.3738198885826245||-0.9237326573078536|-1.5380308405369956|-0.3282432127492193|-1.1150125667546842||-0.3576880644373432|-0.25738378488117863||-0.2718648529896093|1.0|0.0|0.0|0.0|0.0|0.0|1.0|1.0|0.0|0.0|0.0|0.0|0.0|1.0|0.0|1
-1.489970510180501|-0.15890606741444835|2.396240294923777||-0.33775195179466977|-0.36451551222082|||-0.30138496616000304|-0.3520918722877935||-0.345635801604258|1.0545652341888017|-0.30476282606159627||0.0|1.0|0.0|0.0|0.0|0.0|1.0|1.0|0.0|0.0|0.0|0.0|1.0|0.0|0.0|1
-0.23986681983771804||0.7721639877690101||||-0.34793001208471863|1.152763527176297|0.3483268909869293|-0.3618777322069544|-0.3163730964835599||-0.20328279440406608|-0.2891943630789754||0.0|1.0|0.0|0.0|0.0|0.0|1.0|0.0|0.0|0.0|1.0|0.0|0.0|1.0|0.0|0
0.3707261089303913|||0.5510318417565477|-0.32845630081621036|-0.3528197073349441||-0.3796692500889487|-0.3201494982598153||-0.3066281083356086||0.37830285322489426|-0.2923996348695149||0.0|1.0|0.0|0.0|0.0|0.0|1.0|0.0|0.0|1.0|0.0|0.0|0.0|1.0|0.0|0
0.9633046500485097||-0.33675486456186243|||2.1445121958173057||||-0.3532210099707736|-0.2984000287201215|-0.3404131543765877|-0.2709090325004568|-0.2994207064106969||0.0|1.0|0.0|0.0|0.0|0.0|1.0|0.0|0.0|0.0|1.0|0.0|0.0|1.0|0.0|1
||0.7395248935850265||-0.3201845186411755|-0.3724594713495246||-0.399345331335456|-1.5190661908345138|-0.3746746259473956||-0.3504567067374921|1.3926964246707552|-1.1233281885694004|-0.2718648529896093|0.0|1.0|0.0|0.0|0.0|1.0|0.0|0.0|0.0|0.0|1.0|0.0|0.0|1.0|0.0|0
||-0.3534795866161381||-0.33074653366597573|||-0.38937190483206585||2.1218487911216157|-0.06612915555220784|||||0.0|1.0|1.0|0.0|0.0|0.0|0.0|0.0|0.0|0.0|1.0|0.0|0.0|1.0|0.0|0
|-0.16949574586533872|0.9950102170251736|||-0.35285799147532343|0.5217552851671216|0.6952720738816471|-0.3176931968476081|-0.3456934254175729|-0.30409992744816844|-0.3424218648487686|-0.2709090325004568|||0.0|1.0|0.0|0.0|1.0|0.0|0.0|0.0|0.0|0.0|1.0|0.0|0.0|0.0|1.0|0
0.18110097577259338|-0.22244413811979064||1.660127929309985||-0.34669424487425626||-0.3735317568560933|-0.31501542563593965|-0.3645123868005747|-0.30134191193459736||-1.3123530991848742|||1.0|0.0|0.0|0.0|0.0|1.0|0.0|0.0|1.0|0.0|0.0|0.0|0.0|0.0|1.0|0
2.835852839981764|-0.22244413811979064|2.0270808848428596|-0.3617131606670588|-0.3169377767776846||-0.34633499090681524|||||-0.32514695478801303||-0.283852243428076||0.0|1.0|1.0|0.0|0.0|0.0|0.0|0.0|0.0|0.0|1.0|1.0|0.0|0.0|0.0|0
1.129226641561583|-0.22244413811979064|-0.34274245011561383|-0.34322822587450147||-0.36227589000863103||-1.3084389521388173||-0.3663942829388748||-0.3512601909263644||||0.0|1.0|1.0|0.0|0.0|0.0|0.0|0.0|1.0|0.0|0.0|0.0|0.0|1.0|0.0|1
|-0.16596585304837527||-0.34938987080535394||||-0.40345203636626376||-0.3453170461899129|-0.3061224721581206||1.7308276151527089|-0.3035417701413907||0.0|1.0|0.0|0.0|0.0|0.0|1.0|1.0|0.0|0.0|0.0|0.0|0.0|0.0|1.0|1
||-0.321155628513931|-0.33583425195747857|-0.2978614843349331|-0.3519774562465996|-0.34274619325653255||2.0632078154520657||-0.2956420132065504|0.5128870542058472|-0.23033328964262237|0.5747027004664604||0.0|1.0|0.0|0.0|1.0|0.0|0.0|1.0|0.0|0.0|0.0|1.0|0.0|0.0|0.0|1
2.788446556692315|-0.22244413811979064|-0.34031140034191026||||-0.3307835344222569|-0.388085738970769|3.0668686793744264|-0.3603722152963143|-1.2244956712520738|-1.445605656170504||||1.0|0.0|0.0|0.0|0.0|0.0|1.0|1.0|0.0|0.0|0.0|1.0|0.0|0.0|0.0|1
-0.2351261915087731|||1.7012055621823345||||-0.36987633809240733|||||-0.23033328964262237|-0.290873314969258||0.0|1.0|0.0|0.0|0.0|0.0|1.0|0.0|0.0|1.0|0.0|0.0|0.0|1.0|0.0|0
-0.23133368884561714||-0.35379472269791445|||-0.3567438317238223|-0.3459362356123394||-0.31652544699590307||-0.30290478739228766|-0.3376009597155345||||0.0|1.0|0.0|0.0|0.0|0.0|1.0|1.0|0.0|0.0|0.0|0.0|0.0|0.0|1.0|0
-0.2502962021613969|-0.22244413811979064||2.8513792826081215|2.506137953422499||-0.35231632032395305|-1.714596592548371|-0.3098209521576654||-0.2960097486083599||-0.20328279440406608|1.9254958121938646||0.0|1.0|0.0|0.0|0.0|0.0|1.0|0.0|0.0|1.0|0.0|0.0|0.0|1.0|0.0|0
-0.2270671233495667||0.3900614886151339|-0.3543191867500359|||||2.938013523324213|-0.36865255830483507|-1.1923188235937443|2.9534702779056086|2.4070899961166163||-1.0552724526192871|0.0|1.0|0.0|0.0|0.0|0.0|1.0|0.0|0.0|0.0|1.0|0.0|0.0|0.0|1.0|0
-0.26594027564691525||-0.3456011845717283|||-0.36407524460645807||0.4143463725983725||-0.3558556645643939|-0.29945726800032374|-0.3359939913377898|-0.23033328964262237|||0.0|1.0|0.0|0.0|0.0|1.0|0.0|1.0|0.0|0.0|0.0|1.0|0.0|0.0|0.0|0
|-0.22244413811979064|-0.34335021255903975||-0.3204404858420316|-0.36026597263871785||-0.38711547349645725|||2.7390024563757414|-0.3235399864102684|2.4070899961166163|-1.813987943435672|2.0783579458994237|0.0|1.0|0.0|0.0|0.0|0.0|1.0|0.0|0.0|0.0|1.0|0.0|0.0|1.0|0.0|0
|-0.22244413811979064|||-0.3093934803313987|0.640902582420333|||-0.31114977095443325||||-0.25738378488117863|-0.2974364905403629||0.0|1.0|0.0|0.0|0.0|1.0|0.0|0.0|0.0|0.0|1.0|0.0|0.0|1.0|0.0|0
-0.24223713400219052|-0.22244413811979064||1.064502252660917|-2.054456608147026|3.2930364071962788|-0.3543100967963323|-1.3490547161797728|-0.32804187656789086|-0.3671470413941949||0.944759805724735||||1.0|0.0|0.0|0.0|0.0|1.0|0.0|1.0|0.0|0.0|0.0|1.0|0.0|0.0|0.0|1
-2.390689892680041|-0.22244413811979064||||-0.36782709036362937|0.4420042262719505||||-0.3082829176437513|-0.33478876505448124||-0.29362069078972053||0.0|1.0|1.0|0.0|0.0|0.0|0.0|0.0|0.0|1.0|0.0|1.0|0.0|0.0|0.0|0
-0.2356002543416676|-0.22244413811979064|0.6213488629188793|-0.36499937129684673|||3.3230112288600044||1.9836800238273251|-0.357361181475034|-0.32133752440798785|-0.3359939913377898||-0.29499437869995176||1.0|0.0|0.0|0.0|0.0|1.0|0.0|0.0|0.0|0.0|1.0|0.0|0.0|0.0|1.0|0
|-0.15361122818900316|||-0.33703793802386056||-0.33955615090072566||-0.3228071358533509|0.4563707087259614|-0.30938612384917974|0.46266929240132537|-0.24385853726190052|-0.30644177795187894||0.0|1.0|0.0|0.0|1.0|0.0|0.0|0.0|1.0|0.0|0.0|0.0|0.0|1.0|0.0|0
-1.7862597807395602|-0.22244413811979064|-0.33425628562777815|||2.2986058608439843|3.2831356994124192|0.9259921779476296||-0.357361181475034|||0.37830285322489426|||0.0|1.0|0.0|0.0|0.0|0.0|1.0|0.0|0.0|1.0|0.0|1.0|0.0|0.0|0.0|1
-1.2055328104438041||-0.35602318499047614|0.6434565157193342||-0.3569352524257188|||-0.33673959960128014|-0.35472652688141376||-0.3195225654659066|-1.650484289666828|-0.2780522278070996|2.8617655455291016|0.0|1.0|0.0|0.0|0.0|0.0|1.0|1.0|0.0|0.0|0.0|0.0|0.0|0.0|1.0|1
|-0.22244413811979064|-0.36752565197531445|-0.34897909447663045|-0.34504028104009954|-0.35957685811189044|-0.3411511720786291||||0.5429326036947455|||2.3376021852632416||0.0|1.0|0.0|1.0|0.0|0.0|0.0|0.0|0.0|0.0|1.0|0.0|0.0|0.0|1.0|0
|-0.22244413811979064|-0.34085163362495546|-0.3608916080096118|2.0433761981904985|-0.363749829413234|-0.3471325014957669|-0.39061294206665065|0.3956408935991167|||-0.31871908127703424|-0.24385853726190052|-0.27713643586694536|-0.2718648529896093|0.0|1.0|0.0|0.0|0.0|0.0|1.0|0.0|0.0|0.0|1.0|0.0|0.0|1.0|0.0|0
|1.057142008029464|1.8773912459990734|-0.340352791573437||||-0.38542314999475075|-0.3317061950680687||0.32688805513167524|||||0.0|1.0|0.0|0.0|0.0|0.0|1.0|0.0|0.0|1.0|0.0|0.0|1.0|0.0|0.0|1
-0.2545627676574474|-0.22244413811979064|||-0.3327403834410656||-0.333176066189112||0.5567098386618827|||-0.34402883322651323||-0.3032365061613393|0.5115427466400685|0.0|1.0|0.0|0.0|0.0|0.0|1.0|0.0|0.0|0.0|1.0|1.0|0.0|0.0|0.0|0
1.354406487186468||-0.34240480431371056||||||||||-0.21680804202334422|||0.0|1.0|0.0|0.0|0.0|0.0|1.0|0.0|1.0|0.0|0.0|0.0|0.0|0.0|1.0|1
|-0.22244413811979064|-0.3358994951970407|-1.1742287388821324|-0.31285577352192634||-0.34434121443443594|-0.3950806761111557||1.6137368337805684|||-0.9742219087029205|0.7425978894947254|-0.2718648529896093|0.0|1.0|0.0|0.0|0.0|0.0|1.0|1.0|0.0|0.0|0.0|0.0|0.0|1.0|0.0|0
1.8758756033704123|||-0.34487133118939545|-0.346266229212621|-0.3429615411872746|-1.352394598869398||||-0.30805308301762035|||-0.30522072203167333|0.5115427466400685|1.0|0.0|0.0|0.0|0.0|0.0|1.0|0.0|0.0|0.0|1.0|0.0|0.0|0.0|1.0|0
|-0.22244413811979064|0.23024247571424886||-0.9952239151305462|-0.35528903438940895|-1.5218655990216363||-0.3369208021644758|-0.3498335969218333|0.73024782399145||||-1.0552724526192871|0.0|1.0|1.0|0.0|0.0|0.0|0.0|0.0|0.0|1.0|0.0|0.0|0.0|1.0|0.0|0
|-0.22244413811979064|-0.353096921373981|1.413662132075888|-0.3303558468857216|-0.34470346957453274||||-0.3645123868005747|1.4749120126556496|1.487111633213571||-0.30277861019126223|-0.2718648529896093|1.0|0.0|0.0|0.0|0.0|0.0|1.0|0.0|0.0|1.0|0.0|0.0|0.0|0.0|1.0|0
1.8166177492586004|-0.22244413811979064|-0.31476286799789555|-0.34774676549045996|-0.2913545286500115|-0.36595116748504375|-0.34154992737310497||1.2820234318976507||0.4969656784685603|-0.35085844883192824|-0.284434280119735|||0.0|1.0|0.0|1.0|0.0|0.0|0.0|1.0|0.0|0.0|0.0|1.0|0.0|0.0|0.0|1
-0.26499214998112625|-0.22244413811979064|-0.34431813052449584|||-0.3595577160417008|-0.3503225438515738|-0.38641597978241854||-0.3584903191580141|-0.28244950566663524|-0.3215312759380875|-0.17623229916550978|-1.8674091399446653||0.0|1.0|0.0|0.0|0.0|0.0|1.0|0.0|0.0|0.0|1.0|1.0|0.0|0.0|0.0|0
-0.10333672396410354|-0.22244413811979064|||2.1531726553998376||1.1099193445190079|-0.3962314560923161||||-0.35527761187072615|-2.664877861112689|-0.31468390541326646|-1.0552724526192871|0.0|1.0|0.0|0.0|0.0|0.0|1.0|0.0|1.0|0.0|0.0|0.0|0.0|0.0|1.0|0
|||-1.61581329225989|1.3185848610294597|-1.1680230505015496|||||2.5091678302448157|||-0.3039996661114678||0.0|1.0|0.0|0.0|0.0|0.0|1.0|0.0|0.0|1.0|0.0|0.0|0.0|0.0|1.0|1
|-0.22244413811979064|-1.2660911697204447||-0.3303558468857216|||-0.3752240803577998|3.171563493665224|-0.35359738919843364||-0.33318179667673653|||0.5115427466400685|0.0|1.0|0.0|0.0|0.0|0.0|1.0|0.0|0.0|0.0|1.0|1.0|0.0|0.0|0.0|0
||0.16440154434310966||-0.9282009243800599|-0.3618164803240794|-1.2327680105266414||2.5957420150658352|-0.3637596283452546|-0.31504005565200055|||-0.30277861019126223|0.5115427466400685|0.0|1.0|1.0|0.0|0.0|0.0|0.0|0.0|0.0|0.0|1.0|1.0|0.0|0.0|0.0|0
|-0.22244413811979064||2.0709042580334804||0.33510801114068145|||-0.3050694182783138||-0.2911372545343842|||1.9254958121938646|-1.0552724526192871|0.0|1.0|0.0|0.0|0.0|1.0|0.0|0.0|0.0|0.0|1.0|0.0|0.0|1.0|0.0|0
-0.27542153230480515|-0.22244413811979064|-0.33421126618752434|-0.34446055486067195|1.0073826326201665||-0.3503225438515738|-0.3742989435102002||||-0.3452340595098218||||0.0|1.0|0.0|0.0|1.0|0.0|0.0|0.0|0.0|0.0|1.0|1.0|0.0|0.0|0.0|1
|-0.22244413811979064||3.467543775693364|-0.32946669766169506||-0.34753125679024277|||||0.7840629679502651|-0.2709090325004568|-0.29331542680966916||0.0|1.0|0.0|1.0|0.0|0.0|0.0|0.0|0.0|1.0|0.0|0.0|0.0|0.0|1.0|1
||||||1.9871809923658892||1.4269854824541401|-0.3645123868005747||1.8085053087625105|0.7164340437068479|1.9026010136900102||0.0|1.0|0.0|0.0|0.0|0.0|1.0|1.0|0.0|0.0|0.0|0.0|0.0|0.0|1.0|1
-0.2749474694719107||2.20940961787063|-0.3534976340925889|-0.33965149786418103||-0.35231632032395305||-0.3206729723312693|-0.37015807521547517||-0.3199243075603428|-0.21680804202334422|1.2233886580756659||0.0|1.0|1.0|0.0|0.0|0.0|0.0|1.0|0.0|0.0|0.0|0.0|0.0|0.0|1.0|0
|-0.22244413811979064|2.3984912669364657||-0.3377250078787902||-0.35470885209080816|0.7082465540613967|-0.7263049768537125|-1.1620599702121885|1.166933613640209|-0.009377668561179808||1.185230660569242|-1.0552724526192871|0.0|1.0|0.0|0.0|0.0|0.0|1.0|0.0|0.0|1.0|0.0|1.0|0.0|0.0|0.0|0
|-0.19596994199256468||||||-0.3868221374228281|-1.1501176385501155||-0.3128336432411436|2.190160298476876|-0.25738378488117863|-0.31468390541326646|-0.2718648529896093|0.0|1.0|0.0|0.0|0.0|0.0|1.0|0.0|0.0|1.0|0.0|0.0|0.0|1.0|0.0|0
-0.26688840131270425||-0.3645093494783119|-0.3600700553521648|||-0.3419486826675808|3.3618098047371467||-0.36564152448355475||-0.3464392857931303||-1.2263547818367448||0.0|1.0|0.0|1.0|0.0|0.0|0.0|1.0|0.0|0.0|0.0|0.0|1.0|0.0|0.0|0
||-0.3630687273901912|2.0914430744696553|2.1922413334252466|-0.35213059280811676|0.8008839913002201|-0.37896975637491004|-0.3068210430558714|1.6701937179295736|||1.7308276151527089|1.0097038720396923||0.0|1.0|0.0|0.0|0.0|1.0|0.0|0.0|0.0|0.0|1.0|0.0|0.0|0.0|1.0|0
1.674398899390252|-0.22244413811979064|-1.2846616888251252|-1.4617721689885792|1.458019625706351|-0.3588303173744941||||-1.0867841246801815|-0.2979863263930858|-0.34282360694320474|-0.25738378488117863|-1.3217497756028045||0.0|1.0|0.0|0.0|0.0|1.0|0.0|0.0|0.0|0.0|1.0|0.0|0.0|0.0|1.0|0
-0.2739993438061217|-0.22244413811979064|0.07154894881970822|-0.34322822587450147||||0.5835787227690198|1.7763037570590139|-0.3758037636303757||1.8888537276497452||||1.0|0.0|0.0|0.0|0.0|1.0|0.0|0.0|0.0|1.0|0.0|0.0|0.0|0.0|1.0|1
|-0.1853802635416743||3.221077978459267|-0.3115759375176457||-1.222799128164745||-1.5306430212609001|-1.2937926998932008|2.065587001812129||-1.9886154801487814|-0.299878602380774||0.0|1.0|0.0|0.0|0.0|0.0|1.0|1.0|0.0|0.0|0.0|0.0|0.0|0.0|1.0|0
-0.2360743171745621|-0.15184628178052142||0.6229176992831594|-0.33674155494918506|1.973190667619942|1.1697326386903861|1.9504120043139481|-1.3630306503049592|||-0.31831733918259814|-0.25738378488117863|-0.276831171886894|-1.0552724526192871|0.0|1.0|0.0|0.0|0.0|0.0|1.0|0.0|0.0|1.0|0.0|0.0|0.0|0.0|1.0|0
-2.4617993176142154|-1.5902776046931317|-0.34967544391469446|||3.3083500633479983||3.2896040019976707|-0.31829720539159345||-1.3612472737999748|1.6678955757098493|||-0.2718648529896093|0.0|1.0|0.0|1.0|0.0|0.0|0.0|0.0|0.0|1.0|0.0|0.0|1.0|0.0|0.0|0
|-0.22244413811979064|0.22517778868569968|-0.35760539737982383|||-0.3375623744283464|-0.374750229777322|-0.32119644640272327|0.7198361680879858|1.5369673617109996|-0.3275574073546301||-0.2862943552684871||0.0|1.0|0.0|0.0|0.0|1.0|0.0|1.0|0.0|0.0|0.0|0.0|0.0|1.0|0.0|1
-0.25503683049034187||||-0.3156983566472233|0.5963972692293978|||-0.3239547520869231|-0.34832808001119314|||-0.25738378488117863|-0.2911785789493094||0.0|1.0|0.0|0.0|0.0|0.0|1.0|1.0|0.0|0.0|0.0|0.0|0.0|0.0|1.0|0
|-0.22244413811979064|||0.9070165459686843|-0.35109692101787565|||-0.3223641962544283||-0.30892645459691787|||-1.504908163633639||1.0|0.0|0.0|1.0|0.0|0.0|0.0|0.0|0.0|1.0|0.0|0.0|0.0|0.0|1.0|0
|-0.18185037072471083||-0.3613023843383353||-0.33719977806019014|-0.3447399697289118||||||-0.21680804202334422||-0.2718648529896093|1.0|0.0|0.0|0.0|0.0|1.0|0.0|0.0|0.0|1.0|0.0|0.0|1.0|0.0|0.0|0
|-0.22244413811979064|-0.3414819057885083|-0.3543191867500359|-0.31854093977252035||||-0.3251225019386282|||-0.3275574073546301|-0.2709090325004568|2.39865498127352||1.0|0.0|0.0|0.0|1.0|0.0|0.0|1.0|0.0|0.0|0.0|0.0|0.0|0.0|1.0|0
|-1.5902776046931317|0.22855424670473248||||-0.3379611297228223|1.9662070236632085|2.8755993071123918||||2.4070899961166163||2.0783579458994237|1.0|0.0|0.0|0.0|0.0|0.0|1.0|0.0|0.0|0.0|1.0|0.0|0.0|1.0|0.0|1
||-0.34382291668170434|0.7666894143363828||-0.3511734892986343|-0.3391573956062498||-0.3192032182075715|2.460590096015647||||||0.0|1.0|0.0|1.0|0.0|0.0|0.0|1.0|0.0|0.0|0.0|0.0|0.0|1.0|0.0|0
-0.2090527356995759|-0.22244413811979064|-0.34866250650898467|-0.34446055486067195|0.6399349798122237|2.8297983086067595|3.2033846405172475||-0.31781399855640513|-0.3584903191580141|-0.304237828223847||||-0.2718648529896093|0.0|1.0|0.0|0.0|0.0|1.0|0.0|0.0|0.0|0.0|1.0|0.0|0.0|1.0|0.0|0
||||-0.319093290048052|||||||-0.3528671593041091||-0.3122417935728553|-1.0552724526192871|0.0|1.0|0.0|0.0|1.0|0.0|0.0|1.0|0.0|0.0|0.0|1.0|0.0|0.0|0.0|0
2.338086865442545|-0.19949983480952815|-0.34474581520690667|-0.3510329761202479|-0.32185504142571025||-0.34633499090681524|||-0.3645123868005747|2.005829999018088|-0.3323783124878642||-0.2911785789493094||0.0|1.0|1.0|0.0|0.0|0.0|0.0|0.0|0.0|0.0|1.0|0.0|1.0|0.0|0.0|0
-0.25408870482455287|2.777964756299151||-0.34404977853194846|2.2973226053556575|-0.368229073837612|-0.33955615090072566||-0.3001366818357666|2.4982280187816506|||||1.2949503462697463|0.0|1.0|0.0|0.0|0.0|1.0|0.0|0.0|0.0|1.0|0.0|0.0|0.0|0.0|1.0|0
-0.2578812074877089|-0.22244413811979064|-0.36509460220161083||-0.34256144077917705||-0.3455374803178635|-0.3958478627652626|-0.3199884293147525|-0.35698480224737394|-0.30649020755993|-0.3367974755266621|||-1.0552724526192871|1.0|0.0|0.0|1.0|0.0|0.0|0.0|0.0|0.0|1.0|0.0|1.0|0.0|0.0|0.0|0
|2.5132227950268913|1.0923647565739523|2.481680586756976|-0.3058234114773527|-0.34409092332846397||-1.7636739740978589||2.291219443568631|-0.31908514507190483|-0.34202012275433236|1.0545652341888017|-0.30109965830097957|2.8617655455291016|1.0|0.0|0.0|1.0|0.0|0.0|0.0|1.0|0.0|0.0|0.0|0.0|0.0|1.0|0.0|0
||-0.3438679361219581|||-0.3590791642869595||0.5395783117246515|-0.3274177344057726|1.6890126793125755|1.2174972313890127|1.9491150418151715|-0.23033328964262237|||0.0|1.0|0.0|0.0|0.0|0.0|1.0|1.0|0.0|0.0|0.0|0.0|0.0|0.0|1.0|0
2.669930848468691|-0.22244413811979064|-0.35010312859710535||-1.3353908531104015|-0.36769309587230187|-0.330384779127781|-0.39456169690396575||||-1.5460411797795477||-1.535434561638778|0.5115427466400685|0.0|1.0|0.0|0.0|0.0|1.0|0.0|0.0|0.0|0.0|1.0|0.0|0.0|0.0|1.0|0
-0.28395466329690605||-1.5221392361637638|-0.34322822587450147||-1.0158435924938356|1.8077411098517544|||3.2886243968677236|-0.29973306955168083|||||0.0|1.0|0.0|0.0|0.0|0.0|1.0|0.0|0.0|1.0|0.0|0.0|0.0|0.0|1.0|0
||||-1.8032045925698263|||-0.4069946335631693||||-0.32554869688244925|1.7308276151527089|-0.2841575074081274|1.2949503462697463|1.0|0.0|0.0|0.0|0.0|0.0|1.0|0.0|0.0|0.0|1.0|0.0|0.0|1.0|0.0|0
||-0.33634968959957845|0.8077670472087323|0.9531580019124865|0.6791867227996322|1.6283012273376196|-0.38131644496394307|-0.31789453302893655|-0.35811393993035406|-0.30432976207429935|||1.2233886580756659||0.0|1.0|0.0|0.0|0.0|0.0|1.0|0.0|0.0|1.0|0.0|0.0|0.0|0.0|1.0|0
1.3307033455417432|-0.22244413811979064|0.8475715501940755||-0.3409313338684617|0.7055070693104003|-0.35112005444052546|0.6806052702001909||-1.3690685454252078||-0.33318179667673653||||0.0|1.0|0.0|0.0|1.0|0.0|0.0|0.0|0.0|1.0|0.0|0.0|0.0|0.0|1.0|0
|||||||-0.38551340724817507|3.149416513719094|-0.3618777322069544|-1.2463299607345117|-0.3380027018099706|-0.24385853726190052|-0.2969785945702858||0.0|1.0|0.0|1.0|0.0|0.0|0.0|0.0|0.0|0.0|1.0|0.0|0.0|1.0|0.0|1
1.3070002038970185|-0.22244413811979064|0.5875842827285515|||-0.35505932954713315||1.7044609887326074|-0.3449339821813484|0.484599150800464||-0.3259504389768854|-0.21680804202334422|-0.2846154033782045||1.0|0.0|0.0|0.0|0.0|0.0|1.0|0.0|0.0|1.0|0.0|1.0|0.0|0.0|0.0|0
-0.22943743751403917|-0.15537617459748487|||-0.31697819265150395||-0.36268395798032527||-0.32463929510343986|-0.37015807521547517|-1.199213862377672||-0.18975754678478793|-0.299878602380774||0.0|1.0|0.0|0.0|0.0|0.0|1.0|0.0|0.0|1.0|0.0|0.0|1.0|0.0|0.0|0
0.2403588298844052||||-0.3440703000684342|||-0.3771420469930671|0.7983132562560317|-0.3652651452558947|-0.29784842561740726|-1.3552136849223648|-0.24385853726190052|0.6586502949805929|-0.2718648529896093|0.0|1.0|0.0|1.0|0.0|0.0|0.0|0.0|0.0|1.0|0.0|0.0|0.0|0.0|1.0|0
|-0.22244413811979064|0.7530307256611577|-0.3341911466425846||-0.3498718285257381|-0.3391573956062498||||1.2841492729669812|-1.0940813235388511||0.391544312435626|-0.2718648529896093|0.0|1.0|1.0|0.0|0.0|0.0|0.0|1.0|0.0|0.0|0.0|1.0|0.0|0.0|0.0|0
|-0.22244413811979064|||-0.31282882960604674|0.472452364751417||||-0.36752342062185495|-1.3957224677196136|-0.33920792809327915|-0.21680804202334422|||1.0|0.0|0.0|0.0|0.0|1.0|0.0|0.0|0.0|0.0|1.0|0.0|0.0|0.0|1.0|0
||-0.34893262315050727|-0.34446055486067195|||-0.34753125679024277|||0.8609783784604988|1.9322829186561918||||-0.2718648529896093|0.0|1.0|0.0|0.0|0.0|0.0|1.0|1.0|0.0|0.0|0.0|0.0|1.0|0.0|0.0|0
|||-0.341995896888331||-0.35285799147532343|||1.1214578272882056||-0.2845639842270397|||-1.2492495803405992|-0.2718648529896093|1.0|0.0|0.0|0.0|0.0|1.0|0.0|0.0|0.0|1.0|0.0|0.0|0.0|1.0|0.0|0
0.9514530792261474|-0.22244413811979064||-0.3530868577638654|0.8426879468061572||||-0.313263800858382||-0.2995492018507761||-0.20328279440406608|||0.0|1.0|0.0|1.0|0.0|0.0|0.0|0.0|0.0|0.0|1.0|1.0|0.0|0.0|0.0|0
-0.2365483800074566|-0.22244413811979064||-0.3543191867500359|-0.34107952540579944|-0.3682482159078017|-0.35351258620738063|0.3094223154925711||-1.3596590647337068||||-0.3006417623309025||0.0|1.0|0.0|0.0|0.0|0.0|1.0|0.0|0.0|1.0|0.0|0.0|0.0|1.0|0.0|0
-0.25598495615613087|-0.22244413811979064||-0.35472996307875937||-0.3631181410969756|-0.33716361913387055||-1.3051464981730276||-0.3064442406347039|-0.33478876505448124||-0.29362069078972053|-1.0552724526192871|0.0|1.0|0.0|0.0|0.0|0.0|1.0|1.0|0.0|0.0|0.0|0.0|0.0|1.0|0.0|0
-0.24934807649560795|-0.22244413811979064|-0.34737945246175217||||1.5684879331662414|-0.3929370663423275||||-0.3371992176210983|-0.24385853726190052|-0.2962154346201573||1.0|0.0|0.0|0.0|0.0|1.0|0.0|1.0|0.0|0.0|0.0|1.0|0.0|0.0|0.0|0
-0.2237486835193052|||-0.3600700553521648||-0.3643049494487339||-0.3911770499005528|-1.523092914461083|2.9498830919736925|-0.29748069021559775|-0.3404131543765877||-0.2994207064106969||0.0|1.0|0.0|1.0|0.0|0.0|0.0|0.0|0.0|0.0|1.0|0.0|0.0|0.0|1.0|0
|-1.634401264905175|-0.36649020484947775|1.844977277235558|-0.34397599636285564||-0.3419486826675808|2.3712364484049577||-0.3690289375324951|1.4588235888264847|-0.3432253490376409|1.0545652341888017|1.5973370336386195|-0.2718648529896093|1.0|0.0|0.0|0.0|0.0|1.0|0.0|1.0|0.0|0.0|0.0|0.0|0.0|0.0|1.0|0
-1.33590008948979||0.6444213260489365|-0.35555151573620636|0.6847292399620463|0.41837601646565703|0.4120975791862614|-0.3917862863611671||1.2561765675035355|-1.3474571962321191|||-0.30689967392195605|1.2949503462697463|0.0|1.0|0.0|0.0|0.0|0.0|1.0|0.0|0.0|0.0|1.0|0.0|0.0|1.0|0.0|0
|1.4542549499378532|-0.3639240967550128|-0.35678384472237684|-0.34137590848047494||-0.34793001208471863|-1.0974626222594104|2.1950830142222055||-0.2929299646182055||||-1.0552724526192871|0.0|1.0|1.0|0.0|0.0|0.0|0.0|0.0|0.0|1.0|0.0|0.0|0.0|0.0|1.0|0
-0.291539668623218|-0.22244413811979064|-0.3519714353676368||||-0.3527150756184289|-0.37750307600676447|-0.3214581834384503|||0.3923644258749948||-0.3093417857623671||0.0|1.0|0.0|0.0|0.0|0.0|1.0|0.0|1.0|0.0|0.0|0.0|0.0|0.0|1.0|0
1.508476907877179|-0.1500813353720397|||-0.3324574723243299|||-0.3696958235855586|||-0.30120401115891876||2.4070899961166163|1.4294418446103545||1.0|0.0|0.0|0.0|0.0|0.0|1.0|0.0|0.0|0.0|1.0|0.0|1.0|0.0|0.0|1
-0.2702068411429657||||-0.331918594006738|-0.3665637137311125|-1.4720211872121545|||-0.35886669838567414|||||1.2949503462697463|0.0|1.0|0.0|0.0|1.0|0.0|0.0|0.0|0.0|1.0|0.0|1.0|0.0|0.0|0.0|0
||-0.33693494232287746|-0.342817449545778||-0.3651089163966992|-1.5019278342978437|-1.2373613650671456||3.025158937505699|-0.30377815897158517|-0.3584915486262156|2.4070899961166163|||0.0|1.0|0.0|1.0|0.0|0.0|0.0|0.0|0.0|1.0|0.0|0.0|0.0|1.0|0.0|0
|-0.18185037072471083|||||-1.3922701283169834||1.5659074475707757|-0.3539737684260937|-0.3058466706067635|-0.3512601909263644||-0.3105628416825727||1.0|0.0|0.0|0.0|0.0|0.0|1.0|0.0|0.0|0.0|1.0|0.0|0.0|0.0|1.0|0
|||-0.34446055486067195|1.2121563933050694||-0.34154992737310497|-0.38118105908380656|-0.32862575149374335|-0.36413600757291464|-1.0957882806187553||-0.21680804202334422|-0.29911544243064553||1.0|0.0|0.0|0.0|0.0|0.0|1.0|0.0|0.0|0.0|1.0|0.0|0.0|0.0|1.0|1
|6.837341495807131|2.8014152572077102|-0.3580161737085473|||-0.34992378855709794|-0.3730127776489033|||-0.29545814550564564|3.033818696792843||-0.3059838819818018||0.0|1.0|1.0|0.0|0.0|0.0|0.0|0.0|0.0|1.0|0.0|0.0|0.0|1.0|0.0|0
1.6032894744560777|3.660437960540016||0.7872282307725575|-1.4906551683665532||-0.3419486826675808||0.5290261137292198|0.30581901766194747||-0.3436270911320771||-0.30277861019126223||0.0|1.0|0.0|0.0|0.0|1.0|0.0|0.0|0.0|0.0|1.0|0.0|0.0|1.0|0.0|0
-0.29248779428900695|-0.22244413811979064|||-0.32596398859734804|||||||||0.7502294889960102|-0.2718648529896093|1.0|0.0|0.0|0.0|0.0|1.0|0.0|0.0|0.0|0.0|1.0|0.0|0.0|0.0|1.0|0
|-0.22244413811979064|||0.4745666961012247|-0.36468779085252684|-0.3563038732687116||||-0.2968831201876574|1.607634261544423||||0.0|1.0|0.0|0.0|0.0|0.0|1.0|0.0|0.0|0.0|1.0|0.0|0.0|0.0|1.0|0
|-0.22244413811979064|||1.6250719041598245|-0.34254041564310234|||-0.3166261150865673|-0.36564152448355475|-1.4049158527648506|-0.34443057532094945|-0.20328279440406608|-0.3035417701413907||1.0|0.0|0.0|1.0|0.0|0.0|0.0|0.0|0.0|0.0|1.0|0.0|0.0|0.0|1.0|0
1.16478135402867|-0.1624359602314118||-0.3608916080096118||-0.36759738552135357|-1.4720211872121545|-0.3944714396505413||-0.3694053167601551|2.5505380629483825||||-0.2718648529896093|0.0|1.0|0.0|1.0|0.0|0.0|0.0|0.0|0.0|0.0|1.0|0.0|0.0|0.0|1.0|0
|-0.17126069227382046|-0.3516788090059873|-1.3282698621534432|-0.32891434738616343|||||-1.6325340047872323|-0.3055249021301802|-0.3339852808656089|||1.2949503462697463|0.0|1.0|0.0|0.0|0.0|1.0|0.0|0.0|1.0|0.0|0.0|0.0|1.0|0.0|0.0|1
||1.300016924744468|1.7833608279270337|3.069265795305982||-0.33636610854491883|-0.36813888596398864|||-0.29352753464614584|||||1.0|0.0|0.0|0.0|0.0|1.0|0.0|0.0|1.0|0.0|0.0|1.0|0.0|0.0|0.0|0
-0.25503683049034187||||-1.4970543483879566||||-0.32492116575729973|0.6257413611729771|-0.31154656933481045|-0.3355922492433536|1.0545652341888017|-0.29453648272987465||0.0|1.0|0.0|1.0|0.0|0.0|0.0|0.0|0.0|1.0|0.0|0.0|0.0|0.0|1.0|0
|-0.22244413811979064|2.3152053024669903|-0.3662317002830172|-1.7412335860467636|-1.1297389101222506||1.0433266073992784|-0.30772705587184945|-1.0773746439886807|||-0.21680804202334422|||0.0|1.0|0.0|0.0|0.0|1.0|0.0|1.0|0.0|0.0|0.0|0.0|0.0|0.0|1.0|0
|||0.8077670472087323||-0.3426744101344299|-0.355107607385284|-0.3694927447653538|-0.3247802304303698|-0.357361181475034||-0.3291643757323748|-0.25738378488117863|-0.2879733071587698||1.0|0.0|0.0|0.0|0.0|1.0|0.0|0.0|0.0|0.0|1.0|0.0|0.0|0.0|1.0|0
-0.2261189976837777||0.26963448593629796||0.3031360313173174|-0.34462690129377416|1.3691102859283137||-1.817043739200631|-0.35284463074311356||2.0897247748678325|2.4070899961166163||-1.0552724526192871|1.0|0.0|0.0|0.0|0.0|0.0|1.0|0.0|0.0|0.0|1.0|0.0|0.0|0.0|1.0|0
-0.2555108933232364|||-0.35472996307875937||||-0.3739379144965028|-0.3055928923497678|1.6137368337805684|||-1.650484289666828|-0.2916364749193865||0.0|1.0|0.0|0.0|0.0|1.0|0.0|0.0|0.0|0.0|1.0|0.0|1.0|0.0|0.0|0
-0.2569330818219199||-0.3492252495121568||-0.3264220351673011|2.1138848835138657|-0.35351258620738063|-0.3993227670220999||-0.3607485945239743|0.538335911172127|-0.923340933403477||-0.3188049691439602|-1.0552724526192871|1.0|0.0|0.0|0.0|0.0|1.0|0.0|0.0|0.0|1.0|0.0|0.0|0.0|0.0|1.0|0
|-0.22244413811979064|1.3247776168840415||||0.6314129911479817|0.8910174922456958||-0.36338324911759456|0.6164796840566418|-0.34161838065989625|-0.25738378488117863|||0.0|1.0|0.0|0.0|0.0|0.0|1.0|0.0|0.0|1.0|0.0|1.0|0.0|0.0|0.0|0
||||||-0.3423474379620567|||-0.3611249737516343||2.3106829268077287|0.37830285322489426|-1.0317489945539833||1.0|0.0|0.0|0.0|0.0|0.0|1.0|0.0|0.0|1.0|0.0|0.0|0.0|0.0|1.0|0
-0.22517087201798872|-0.22244413811979064|-1.332494844094756|1.0850410690970917|||-0.3459362356123394|-1.4364914304346073|2.732650618369187||-0.3136150809699888|||1.8262850186771624||0.0|1.0|0.0|0.0|0.0|1.0|0.0|0.0|0.0|1.0|0.0|1.0|0.0|0.0|0.0|1
-0.24128900833640152|-0.22244413811979064|-0.3487300356693653|||-0.34956555540270373|-1.2527057752504343|||-0.37203997135377537||||-0.3006417623309025||0.0|1.0|0.0|0.0|1.0|0.0|0.0|1.0|0.0|0.0|0.0|1.0|0.0|0.0|0.0|0
|-0.22244413811979064|-0.36849356994077054|-0.34774676549045996||0.8796999080362111|||1.8024774606317133|-0.3607485945239743|-0.30097417653278785|0.6032790254539866||||0.0|1.0|0.0|0.0|0.0|0.0|1.0|0.0|0.0|1.0|0.0|1.0|0.0|0.0|0.0|0
-1.1581265271543546|-0.22244413811979064|-1.532268610220862|0.0683696555064408||-0.3703921277690424|-0.3507212991460496|||-0.3731691090367555||-0.3468410278875665|-0.21680804202334422|||0.0|1.0|0.0|0.0|0.0|0.0|1.0|0.0|0.0|0.0|1.0|0.0|0.0|0.0|1.0|0
-0.04407886985229168||0.6539879571028627||-0.34487861754482196|2.7015464383361074|-0.3575001391521392||-0.30047895334402497||||-0.25738378488117863|-0.29453648272987465||1.0|0.0|0.0|0.0|0.0|1.0|0.0|1.0|0.0|0.0|0.0|1.0|0.0|0.0|0.0|1
3.2151031062973603|-0.1853802635416743|-0.3290340305583408|-0.33829890992981954||2.464184767984453|-0.3471325014957669|||-0.35886669838567414|-0.3163271295583337|-0.3484479962653112||3.0015513418750164||0.0|1.0|0.0|0.0|0.0|0.0|1.0|1.0|0.0|0.0|0.0|0.0|1.0|0.0|0.0|0
|||-0.35637306839365335|||2.8843804049365636|1.0692755677587777|0.922135007773033||-0.2927920638425269|3.033818696792843|-0.25738378488117863|-0.3059838819818018||0.0|1.0|0.0|0.0|0.0|1.0|0.0|1.0|0.0|0.0|0.0|1.0|0.0|0.0|0.0|0
|-0.18361531713319257|||-0.3336025887492125|1.2036794459960298|0.6015063440622925|0.37767936339473224|-1.2543091123875922||-0.30855871919510836||1.7308276151527089|-0.30888388979229003||0.0|1.0|0.0|0.0|0.0|0.0|1.0|1.0|0.0|0.0|0.0|0.0|0.0|0.0|1.0|0
-0.2555108933232364|-0.16596585304837527|0.7507797536484692|-0.3682855819266347|-0.35449759551383647||1.349172521204521||-0.3283036136036178|-0.3543501476537537||||||0.0|1.0|0.0|0.0|0.0|0.0|1.0|1.0|0.0|0.0|0.0|0.0|1.0|0.0|0.0|0
-0.25077026499429145|-0.22244413811979064|-0.3578464723207538||-0.3351922797861085|2.588608224217175|-0.324802205005119|-0.39456169690396575||0.6539698032474797|||3.083352377080524|-0.29911544243064553||0.0|1.0|0.0|1.0|0.0|0.0|0.0|0.0|0.0|0.0|1.0|0.0|0.0|0.0|1.0|0
||||1.0774368139071069|-0.3542745046693575|1.668176756785205|-0.38111336614373825|-0.3265318552079274|-0.36865255830483507|0.4590429651569576|1.005021119890161||||0.0|1.0|0.0|0.0|0.0|0.0|1.0|0.0|0.0|1.0|0.0|1.0|0.0|0.0|0.0|0
-0.2356002543416676||||2.101979215228612||3.2831356994124192||-0.3282633463673521|||-0.3424218648487686|-0.25738378488117863|1.6354950311450434|-0.2718648529896093|0.0|1.0|0.0|0.0|0.0|0.0|1.0|1.0|0.0|0.0|0.0|0.0|1.0|0.0|0.0|0
|||-0.3666424766117407|0.3486038893641298|0.8332803878263111|||1.587047746610264|-0.3566084230197139|||-0.24385853726190052|||0.0|1.0|0.0|0.0|0.0|0.0|1.0|0.0|0.0|0.0|1.0|1.0|0.0|0.0|0.0|0
-0.23844463133903457|-0.22244413811979064||-0.3469252128330129||-0.34567971515420487||-1.7241864257247077|-0.30835119803396766|1.369090335801546|||-1.9886154801487814|1.3493100498468644||0.0|1.0|0.0|0.0|0.0|1.0|0.0|0.0|0.0|0.0|1.0|0.0|0.0|0.0|1.0|0
-0.21331930119562634||0.6427330970394202||||-0.3563038732687116|-0.39011652717281675|-1.831640612346944|-0.36225411143461445|-1.8599884125040838|||||0.0|1.0|0.0|0.0|0.0|0.0|1.0|0.0|0.0|1.0|0.0|0.0|0.0|1.0|0.0|0
|-0.22244413811979064|1.4969769758547133|-1.37961690324388||-0.37092810573435264|-0.3439424591399601||1.0353866097702904|||-0.3287626336379386|-0.284434280119735||-0.2718648529896093|1.0|0.0|0.0|0.0|0.0|0.0|1.0|1.0|0.0|0.0|0.0|0.0|0.0|1.0|0.0|0
-0.2597774588192868|-0.22244413811979064|-0.35510028646527386|-0.3506221997915244||0.5595487841143225|0.9603861090905622|-0.38612264370878946||||0.8744549391984044||2.2383913917465397|1.2949503462697463|0.0|1.0|0.0|0.0|1.0|0.0|0.0|0.0|0.0|0.0|1.0|1.0|0.0|0.0|0.0|0
-1.9284786306079087|-0.22244413811979064|-0.3364172187599591||||-1.5816788931930148|-0.3838210837464686|1.4028251406947252||-0.30920225614827496||2.4070899961166163|-1.6995139509164006||0.0|1.0|0.0|0.0|0.0|0.0|1.0|0.0|0.0|0.0|1.0|0.0|0.0|0.0|1.0|0
1.7455083243244263|-0.22244413811979064|-0.35764388483961185|-0.3424066732170545|-0.3349767284590717|-0.36631486681864706|-0.3503225438515738||-0.31159271055335586|-0.35999583606865426|2.03111180789249||-0.25738378488117863||-1.0552724526192871|0.0|1.0|1.0|0.0|0.0|0.0|0.0|0.0|0.0|1.0|0.0|1.0|0.0|0.0|0.0|0
-0.23749650567324557||-0.34190959047091907|||2.207681027443149||-0.3983750658611443|-0.32576677771887924|-0.3445642877345928|-1.1693353609806516|-1.254778161313321|-0.25738378488117863|1.4523366431142088|0.5115427466400685|1.0|0.0|0.0|0.0|0.0|0.0|1.0|0.0|0.0|0.0|1.0|0.0|0.0|0.0|1.0|0
|-0.22244413811979064|||-0.349176172127617|-1.0837979416670915|-0.3399549061952015|-0.396976078433067|||-0.3101675615780249||-0.25738378488117863|||0.0|1.0|0.0|0.0|0.0|1.0|0.0|0.0|0.0|0.0|1.0|1.0|0.0|0.0|0.0|0
|-0.22244413811979064||||-0.35285799147532343|-0.34075241678415324|-0.3796918144023049|-0.30331779350075627|-0.3607485945239743||-0.34081489647102386||-0.299878602380774||0.0|1.0|1.0|0.0|0.0|0.0|0.0|0.0|0.0|1.0|0.0|1.0|0.0|0.0|0.0|0
-0.21284523836273184||-1.2165697854412971||-0.3323766405766911|||||0.5692844770239719||-0.35206367511523673||-0.3114786336227269||0.0|1.0|1.0|0.0|0.0|0.0|0.0|0.0|0.0|0.0|1.0|1.0|0.0|0.0|0.0|0
0.44183553386456553|-0.14831638896355795||1.5574338471291111|1.206094012232161|3.128414603565292|-0.34793001208471863|0.45891089147664293|-0.31127057266323027||||0.7164340437068479||-1.0552724526192871|1.0|0.0|0.0|0.0|0.0|0.0|1.0|0.0|0.0|1.0|0.0|0.0|0.0|1.0|0.0|0
|-0.22244413811979064||-0.3424066732170545|-0.34989018589842624|||-0.3840015982533173||||-0.38098910591464136||||0.0|1.0|0.0|0.0|1.0|0.0|0.0|0.0|0.0|0.0|1.0|0.0|0.0|0.0|1.0|0
0.22850725906204286|-0.22244413811979064|||-0.31922800962744996|-0.35827519733899427|-0.34793001208471863|1.5431261482365906|-0.3247198295759713||1.3576963533288775|||-0.2969785945702858||0.0|1.0|1.0|0.0|0.0|0.0|0.0|0.0|0.0|0.0|1.0|0.0|0.0|0.0|1.0|0
|||-0.35760539737982383||1.6496896814148645|-0.3519175650294772|||0.42814226665145877|1.56684586310802|-0.33278005458230037||-0.2916364749193865|2.8617655455291016|0.0|1.0|0.0|0.0|1.0|0.0|0.0|0.0|0.0|0.0|1.0|0.0|0.0|0.0|1.0|1
|-0.18891015635863775|0.3416655903423305|-0.3465144365042894||0.37195649625575705||-0.3936365600563662|-1.6917119663236662|-0.9926893177651729|-0.2905396845064438||-0.25738378488117863|||1.0|0.0|0.0|0.0|0.0|1.0|0.0|1.0|0.0|0.0|0.0|0.0|0.0|0.0|1.0|0
-0.22137836935483274||-1.5063824320749442|||0.6050112008147401|-0.34314494855100836|-0.38429493432694645|-0.3011030955061432||-0.28704619818925375|-0.33117308620455566||-0.2899575230291038|-1.0552724526192871|0.0|1.0|0.0|0.0|0.0|1.0|0.0|0.0|0.0|1.0|0.0|1.0|0.0|0.0|0.0|0
0.9633046500485097|-0.22244413811979064|||-0.33284815910458393|-0.3528197073349441||||-1.2937926998932008||-0.3492514804541835|1.3926964246707552|||1.0|0.0|0.0|1.0|0.0|0.0|0.0|0.0|0.0|1.0|0.0|0.0|0.0|1.0|0.0|0
|-0.22244413811979064|1.1334449958055173|-0.3522653051064184||-0.36836306832893956||1.037685529060257||-0.36865255830483507||1.306327690717292||-0.30644177795187894||0.0|1.0|0.0|1.0|0.0|0.0|0.0|0.0|0.0|0.0|1.0|0.0|0.0|0.0|1.0|0
||1.0152689651393703|||-0.34962298161327265||-0.3764651175923845||-0.3517154930601335|-0.3006064411309784|||2.8794457498544603||0.0|1.0|0.0|0.0|0.0|0.0|1.0|0.0|0.0|0.0|1.0|0.0|1.0|0.0|0.0|0
1.3307033455417432|-0.22244413811979064|-0.3396135990179768|||0.9940737774193673||-0.39659248510601347|-0.3202300327323466|||||-0.2911785789493094|-0.2718648529896093|0.0|1.0|0.0|0.0|0.0|1.0|0.0|1.0|0.0|0.0|0.0|0.0|0.0|0.0|1.0|0
-0.24271119683508502|-0.22244413811979064|-0.36138049838067476|-0.3354234756287551||0.6954574824608343||-0.38068464418997267|1.6343617492224514|-0.37693290131335583||||-0.30644177795187894||0.0|1.0|0.0|0.0|0.0|1.0|0.0|1.0|0.0|0.0|0.0|1.0|0.0|0.0|0.0|0
-0.2512443278271859||-0.35573055862882663|-0.34610366017556593|1.2862521619739489|-0.36761652759154323||-0.3944940039638975|1.8034841415383556||-1.4554794705136542|-0.34965322254861975||||0.0|1.0|0.0|0.0|1.0|0.0|0.0|1.0|0.0|0.0|0.0|1.0|0.0|0.0|0.0|0
-0.24271119683508502|-0.22244413811979064||-0.34404977853194846|0.9804387167405739||-0.3507212991460496||-0.3102840253747209|-0.36564152448355475|-0.2965153847858479|-0.33358353877117275||-0.2923996348695149||0.0|1.0|0.0|1.0|0.0|0.0|0.0|0.0|0.0|0.0|1.0|0.0|0.0|0.0|1.0|0
|||||2.29286323978709|1.9672432276420966|-0.370575831806446|-0.31815627006466357||-0.30460556362565644|-0.34202012275433236|0.37830285322489426|-0.30109965830097957|-1.0552724526192871|0.0|1.0|0.0|0.0|0.0|1.0|0.0|0.0|0.0|0.0|1.0|0.0|0.0|1.0|0.0|0
|-0.22244413811979064|-0.362325906626004||-0.3397458015697596||1.528612403718656|||-0.3716635921261153|-0.2946767077768005||||-1.0552724526192871|0.0|1.0|0.0|0.0|0.0|0.0|1.0|0.0|1.0|0.0|0.0|1.0|0.0|0.0|0.0|1
1.8877271741927748|-0.22244413811979064|-1.241893220584043|1.5163562142567617|||-0.35470885209080816|-0.39025191305295326|-0.3117336458802858|1.6890126793125755|-0.2979863263930858|||-0.2870575152186156||1.0|0.0|0.0|0.0|0.0|0.0|1.0|1.0|0.0|0.0|0.0|0.0|0.0|0.0|1.0|0
-0.24128900833640152|||||-0.3527431390541856|-0.35470885209080816|0.6980926130511579|-2.0148565373558402||-0.2773012100413025|||||0.0|1.0|0.0|0.0|1.0|0.0|0.0|1.0|0.0|0.0|0.0|0.0|0.0|0.0|1.0|0
2.7173371317581405|-0.22244413811979064|-0.3390058365745509||-0.31602168363777844|||-0.3957350411984822|||-1.4037666796341959|-0.34402883322651323|-0.23033328964262237|-0.3032365061613393||1.0|0.0|0.0|0.0|0.0|1.0|0.0|1.0|0.0|0.0|0.0|0.0|0.0|1.0|0.0|0
-0.25408870482455287|-0.22244413811979064|-0.3285163069954224|-0.34363900220322496||-1.252726711090749|-0.3447399697289118|-0.39020678442624107|-0.32268633414455383|1.293814490269539|-0.3092482230735012|-0.3380027018099706||||0.0|1.0|0.0|0.0|1.0|0.0|0.0|0.0|0.0|1.0|0.0|0.0|0.0|1.0|0.0|0
-0.20763054720089238|||-0.33870968625854303|1.274800997725122||-0.3403536614896774|-1.2898233936200463|-0.3207736404219335|||-0.3404131543765877|||-0.2718648529896093|1.0|0.0|0.0|0.0|0.0|0.0|1.0|1.0|0.0|0.0|0.0|1.0|0.0|0.0|0.0|0
|-0.22244413811979064|-1.4591120198084853|||||||||||-0.3114786336227269||0.0|1.0|0.0|0.0|0.0|0.0|1.0|0.0|0.0|1.0|0.0|1.0|0.0|0.0|0.0|0
-1.3833063727792396|-0.22244413811979064|1.6905605689459262|-0.3691071345840817||-0.34740250147127333|0.3423154026529867|2.0880543157860747|-1.5633601507267745||-0.2958258809074551||-2.326746670630735|-0.2904154189991809||0.0|1.0|0.0|0.0|0.0|0.0|1.0|0.0|0.0|1.0|0.0|0.0|0.0|0.0|1.0|1
-0.2545627676574474|-0.22244413811979064|-0.36225837746562334|0.6229176992831594||1.753056860438972||1.7304099490921065|-0.3271559973700456|-1.3220211419677035|-0.3138449155961197||-0.2709090325004568|||0.0|1.0|1.0|0.0|0.0|0.0|0.0|0.0|0.0|0.0|1.0|0.0|0.0|0.0|1.0|0
|||||-0.3651663426072681|1.7479278156803761|||-0.37693290131335583|1.2749558879217442|-0.34402883322651323||-1.287407577847023||0.0|1.0|1.0|0.0|0.0|0.0|0.0|0.0|0.0|1.0|0.0|0.0|0.0|1.0|0.0|1
-1.7032987849830237|-0.22244413811979064|1.2673778305604844|1.660127929309985||-1.5101875551415354|-0.3642789791582287|-1.5391590562047999|-1.3393736489988655|-0.3758037636303757|-0.30501926595269213|1.4268503190481445|||-1.0552724526192871|0.0|1.0|0.0|0.0|0.0|0.0|1.0|0.0|0.0|1.0|0.0|1.0|0.0|0.0|0.0|1
-0.2351261915087731|-0.22244413811979064|-1.601485999611034||||-0.9735770691173355|||-1.0303272405311763|-0.30253705199047815|||-0.31468390541326646||0.0|1.0|0.0|1.0|0.0|0.0|0.0|1.0|0.0|0.0|0.0|0.0|0.0|0.0|1.0|0
|-0.22244413811979064|0.3366009033137815|-0.3608916080096118|-1.103673176545906||-0.3483287673791945|-0.384452884520439|1.6766423473014274||-1.3899766020663404||-0.20328279440406608|-0.2833943474579989|-0.2718648529896093|0.0|1.0|0.0|0.0|0.0|0.0|1.0|1.0|0.0|0.0|0.0|0.0|0.0|0.0|1.0|0
|-0.1730256386823022|||-0.31771915033819276|||-0.3645511601403709||-0.35547928533673384|-0.30855871919510836|0.6936709967021258|||1.2949503462697463|1.0|0.0|0.0|1.0|0.0|0.0|0.0|0.0|0.0|1.0|0.0|0.0|0.0|0.0|1.0|1
-0.2502962021613969||||1.264023431373285|-0.36279272590375156|0.6413818735098781|||-0.35811393993035406|-0.306720042186061|-0.3291643757323748|-0.284434280119735|-0.2879733071587698|-0.2718648529896093|0.0|1.0|0.0|0.0|0.0|1.0|0.0|1.0|0.0|0.0|0.0|0.0|0.0|0.0|1.0|0
|-0.22244413811979064||||-0.34908700364796247|||-0.32260579967202246|1.218538644737532|3.2768154815221076|-0.32394172850470454|-0.2709090325004568|1.1203620648083215||1.0|0.0|0.0|0.0|0.0|0.0|1.0|0.0|0.0|0.0|1.0|1.0|0.0|0.0|0.0|0
|-0.22244413811979064||||||0.8684531788896095||-0.3509627346048134|-0.3091103222978226||-1.3123530991848742|||0.0|1.0|0.0|0.0|1.0|0.0|0.0|1.0|0.0|0.0|0.0|0.0|0.0|0.0|1.0|1
|2.248480833754632|2.040586716918991|-1.6568909251322395|-0.31665486566094886|2.332104483675871||||-0.3705344544431352|-0.30566280290585873||||-0.2718648529896093|0.0|1.0|0.0|0.0|0.0|1.0|0.0|0.0|0.0|1.0|0.0|0.0|0.0|1.0|0.0|0
||-0.3662651076482089|-0.3473359891617364|||||-0.3064586379294802|-0.3765565220856958|-0.29256222921639596|-0.3279591494490663|||1.2949503462697463|0.0|1.0|0.0|1.0|0.0|0.0|0.0|0.0|0.0|1.0|0.0|0.0|0.0|0.0|1.0|0
3.049181114784287|-0.22244413811979064|-0.35523534478603513|-1.6363521086960646|-0.33252483211402883|1.2285641372425744|2.106807580708646||2.046094240039147|0.6539698032474797|-0.29596378168313364|0.4425821876795166|-1.9886154801487814|||1.0|0.0|0.0|0.0|1.0|0.0|0.0|0.0|0.0|1.0|0.0|0.0|0.0|0.0|1.0|0
||-1.2767832867807152||-1.2700518571023898|1.8420674868208424||-0.3796015571488805|-0.3155791669436593|-1.209107373669693||-0.33197657039342804|-0.23033328964262237|-0.290873314969258|0.5115427466400685|1.0|0.0|0.0|0.0|0.0|0.0|1.0|0.0|0.0|0.0|1.0|1.0|0.0|0.0|0.0|0
0.5603512420881892|-0.22244413811979064|0.39906537666588787|2.009287808724956|||||-1.5699035766199494|-0.36488876602823467|-0.295550079356098|-0.32996785992124716|-0.24385853726190052|-1.6499085541580494|0.5115427466400685|0.0|1.0|0.0|1.0|0.0|0.0|0.0|0.0|0.0|1.0|0.0|0.0|0.0|1.0|0.0|0
-0.23749650567324557|3.4839433196918432|-0.35372719353753385|-1.5439274347332783|0.5109409825386746|||-0.373983043123215|0.3216498469609086|||-0.33318179667673653||-0.29209437088946355||0.0|1.0|0.0|0.0|0.0|1.0|0.0|0.0|0.0|1.0|0.0|0.0|0.0|0.0|1.0|0
|-0.22244413811979064|0.19422692351123255||-0.3423728333680199||-0.3411511720786291|2.6374953460067765|-0.3095592151219384|0.7668835715454901|-0.29573394705700273|||||1.0|0.0|0.0|0.0|0.0|0.0|1.0|0.0|1.0|0.0|0.0|0.0|0.0|1.0|0.0|0
1.769211465969151|||-0.34487133118939545|-0.3235255642102449|-0.36074452439345905|-0.35231632032395305|-0.3875893240769351|1.6555020482619394|-0.3637596283452546||-0.3544741276818538|-0.24385853726190052|-0.313920745463138||0.0|1.0|0.0|0.0|0.0|1.0|0.0|0.0|0.0|0.0|1.0|0.0|0.0|0.0|1.0|0
|-0.22244413811979064|-0.3590619972076056|-0.37075023989897565||1.2974755899253128|-0.33835988501729813|||-0.36488876602823467|||||-0.2718648529896093|0.0|1.0|0.0|0.0|0.0|0.0|1.0|1.0|0.0|0.0|0.0|0.0|0.0|1.0|0.0|0
-0.2697327783100712||-0.3349540869517116|-0.35637306839365335|2.3431272623509645|-0.3552698923192193|-1.8408698346023207|0.6349125356541162||||1.4067632143263358|-0.2709090325004568||-0.2718648529896093|0.0|1.0|0.0|0.0|0.0|0.0|1.0|1.0|0.0|0.0|0.0|0.0|0.0|1.0|0.0|0
-1.0870171022201804|-0.22244413811979064|-0.32959677356151296|-1.4925803936428412|||-0.3439424591399601|||||-0.34081489647102386|2.4070899961166163|-0.299878602380774||0.0|1.0|0.0|0.0|0.0|0.0|1.0|0.0|0.0|0.0|1.0|0.0|0.0|1.0|0.0|0
|-0.22244413811979064|3.3776640924559715|-0.3526760814351419|-0.32776923096128074|2.7398305787154067||0.3613202362115696||-0.36225411143461445||||-0.3134628494930609|0.5115427466400685|0.0|1.0|0.0|1.0|0.0|0.0|0.0|0.0|0.0|0.0|1.0|0.0|0.0|0.0|1.0|0
|-0.22244413811979064|||0.6769828641466634|0.6184106499474948|-0.34753125679024277||-0.3109484347731048|1.9148402159085964|2.065587001812129|-0.3436270911320771|||0.5115427466400685|1.0|0.0|0.0|0.0|0.0|1.0|0.0|1.0|0.0|0.0|0.0|0.0|0.0|0.0|1.0|0
-0.23702244284035107|-0.22244413811979064|0.8835871023970918|||-0.36882247801349116||-0.39568991257177005|-0.3167267831772315|||-0.3376009597155345|||0.5115427466400685|1.0|0.0|0.0|0.0|1.0|0.0|0.0|0.0|0.0|1.0|0.0|1.0|0.0|0.0|0.0|0
|-0.22244413811979064||-0.3391204625872665|-0.32355250812612457||2.585313934079672|0.7026054757223751|||-0.29233239459026505|-0.31309469195492784||-0.2714890522359947|-1.0552724526192871|1.0|0.0|0.0|0.0|0.0|1.0|0.0|0.0|0.0|0.0|1.0|1.0|0.0|0.0|0.0|0
||-0.35755384595910433||1.1932956521893547||0.7909151089383238|2.7412911874447734|-0.33009550561744105|||-0.3424218648487686||-0.3015575542710567|-1.0552724526192871|0.0|1.0|1.0|0.0|0.0|0.0|0.0|0.0|0.0|0.0|1.0|1.0|0.0|0.0|0.0|0
-0.23844463133903457|4.895900446477227||0.43806835135758654|-1.6405307004467866|1.4238132531769998||1.4009709740932466|-0.3173509253393497|||||-0.29362069078972053|-0.2718648529896093|1.0|0.0|0.0|0.0|0.0|0.0|1.0|1.0|0.0|0.0|0.0|0.0|1.0|0.0|0.0|0
1.1529297832063077|-0.22244413811979064|1.832371805745303|||-0.34692394971653207|-0.34314494855100836|||||||||0.0|1.0|0.0|0.0|0.0|0.0|1.0|0.0|0.0|1.0|0.0|0.0|0.0|0.0|1.0|0
-0.22517087201798872|-0.16420090663989353|-0.35638334051250625||2.872575209384957|3.1705271579825216|-1.5218655990216363|3.1497052591899357|-0.3155791669436593||-1.431346834769907|-1.1543426377042774|-0.21680804202334422|-0.3093417857623671||1.0|0.0|0.0|0.0|0.0|1.0|0.0|0.0|0.0|0.0|1.0|0.0|0.0|0.0|1.0|0
-1.5966346475817623|||1.0234246197885672|-0.31844663606694174|||-0.4062500112224184|||-1.2681642502169497|1.2259792718300573||-0.30812072984216154|-0.2718648529896093|0.0|1.0|0.0|0.0|0.0|0.0|1.0|0.0|0.0|1.0|0.0|0.0|0.0|0.0|1.0|0
|-0.22244413811979064|-0.361538066421563||0.9912162830924109|||-0.3903872989330897|-0.30637810345694877|-0.3630068698899345||2.049550565424215|-0.24385853726190052|||0.0|1.0|0.0|1.0|0.0|0.0|0.0|0.0|0.0|0.0|1.0|1.0|0.0|0.0|0.0|0
0.0862884091936944||-0.35372719353753385||-0.33100250086683186||1.4089858153758992||-0.32802174294975794|||-0.3380027018099706|||-0.2718648529896093|0.0|1.0|0.0|0.0|0.0|0.0|1.0|0.0|0.0|1.0|0.0|1.0|0.0|0.0|0.0|0
-0.2062083587022089|||1.3931233156397131||-0.3624098844999586||0.45609035230713213|3.1977371972379234|||-0.32675392316575774|2.4070899961166163|-0.285378563328333||1.0|0.0|0.0|0.0|0.0|0.0|1.0|0.0|0.0|1.0|0.0|0.0|0.0|0.0|1.0|0
-0.2232746206864107||3.4069267286209226|-0.35596229206492985|-0.32747284788660525|||1.3750220137337472||||||-0.28171539556771624|0.5115427466400685|0.0|1.0|0.0|0.0|0.0|0.0|1.0|0.0|0.0|1.0|0.0|1.0|0.0|0.0|0.0|0
-0.2654662128140208|-0.22244413811979064|-0.3325680566182617||||||-0.3366389315106159|1.369090335801546|-0.323589903744071||-0.2709090325004568|||0.0|1.0|0.0|1.0|0.0|0.0|0.0|0.0|0.0|1.0|0.0|0.0|0.0|1.0|0.0|1
0.9158983667590603|-0.22244413811979064||-0.3604808316808883|-0.3147418476334978|-1.5618711446535891|0.5117864028052251|-0.3778189763937497|-0.32810227742228937||-0.31481022102586953|-0.33278005458230037||||0.0|1.0|0.0|0.0|0.0|1.0|0.0|0.0|1.0|0.0|0.0|0.0|0.0|1.0|0.0|0
-1.7507050682724732|-0.22244413811979064|||||-0.35470885209080816|-0.38194824573791347|-0.30875387039662455||-0.2949065424029314|-0.329566117826811|2.4070899961166163|-0.28827857113882116|1.2949503462697463|1.0|0.0|0.0|1.0|0.0|0.0|0.0|0.0|0.0|1.0|0.0|1.0|0.0|0.0|0.0|0
-0.26262183581665377|-0.14655144255507624|-1.0544998005277237|||||-0.3968406925529304|||-0.31269574246546505|3.033818696792843|-0.21680804202334422|-0.3059838819818018|-0.2718648529896093|0.0|1.0|0.0|1.0|0.0|0.0|0.0|1.0|0.0|0.0|0.0|0.0|0.0|1.0|0.0|0
|||||-1.4819530016118023|-0.3642789791582287||-1.5160461481145868||-0.2978024586921811|0.4024079782358992||-0.30888388979229003|0.5115427466400685|0.0|1.0|0.0|0.0|1.0|0.0|0.0|1.0|0.0|0.0|0.0|1.0|0.0|0.0|0.0|0
|-0.22244413811979064|-0.3166761942086808||-0.29329449059334217||-0.3455374803178635||||-0.31986658280075|-0.33920792809327915|-0.20328279440406608|||0.0|1.0|0.0|0.0|0.0|0.0|1.0|1.0|0.0|0.0|0.0|0.0|0.0|0.0|1.0|1
-0.23417806584298412|-0.22244413811979064|3.123304255022169|0.7564200061182954|-0.294628214429382||-1.4720211872121545|-0.38995857697932407|-0.32391448485065744|||-0.329566117826811|1.0545652341888017|||0.0|1.0|0.0|0.0|0.0|0.0|1.0|0.0|0.0|1.0|0.0|0.0|0.0|1.0|0.0|1
||-1.2098168694032316|2.0914430744696553||-0.35869632288316655|||||||-0.2709090325004568|-0.2862943552684871||0.0|1.0|0.0|0.0|0.0|1.0|0.0|1.0|0.0|0.0|0.0|0.0|0.0|1.0|0.0|0
||-0.35858929308494103|0.5818400664108099|-0.33594670943073707||-0.3419486826675808||0.9065314537200776||0.953187411338448|-0.31871908127703424|-0.25738378488117863|||0.0|1.0|0.0|0.0|0.0|0.0|1.0|1.0|0.0|0.0|0.0|0.0|0.0|0.0|1.0|1
-0.26594027564691525|-0.16420090663989353|||||-0.3539113415018565|-0.3800528434160022|-0.3123175208061383||-0.2985838964210262||||0.5115427466400685|0.0|1.0|0.0|0.0|0.0|0.0|1.0|0.0|0.0|0.0|1.0|0.0|0.0|0.0|1.0|0
|-0.22244413811979064||-0.35596229206492985|0.6938228115714087|-1.4168699629669939|-0.3515188097350013|||0.3999138245769562|-0.3048353982517874|3.033818696792843||-0.3059838819818018||0.0|1.0|0.0|0.0|0.0|0.0|1.0|0.0|0.0|0.0|1.0|1.0|0.0|0.0|0.0|0
|-0.22244413811979064|1.7873523654915324|-0.35021142346280093||1.219950205657232|1.1099193445190079|-0.39205705812144015||-0.3539737684260937||-0.33358353877117275|-0.24385853726190052||-1.0552724526192871|0.0|1.0|0.0|0.0|1.0|0.0|0.0|0.0|0.0|0.0|1.0|0.0|0.0|0.0|1.0|0
2.835852839981764|||-0.34980064713407744||-0.3599405574454938|-0.3459362356123394|3.343758354052278|1.958513001161268|-1.3972969874997103|-0.2978024586921811|-0.34965322254861975|-0.2709090325004568|||0.0|1.0|0.0|0.0|0.0|1.0|0.0|0.0|0.0|1.0|0.0|1.0|0.0|0.0|0.0|0
|-0.22244413811979064||3.303233244203966|-0.3497824102349078|-0.3392862637108619|-0.3379611297228223|-0.36610809776194086||-0.3611249737516343|-0.30745551298967994|-0.3464392857931303||||0.0|1.0|0.0|0.0|0.0|0.0|1.0|1.0|0.0|0.0|0.0|1.0|0.0|0.0|0.0|0
|-0.22244413811979064|0.30508729513614213|-1.4617721689885792||-0.361184792007821|-0.338758640311774||-0.32357221334239905|-0.36413600757291464||||||0.0|1.0|0.0|1.0|0.0|0.0|0.0|0.0|0.0|1.0|0.0|0.0|0.0|0.0|1.0|1
|||||-0.3705835484709389|-0.3399549061952015|-0.3974499290135448||-0.3637596283452546|||-1.650484289666828|||0.0|1.0|0.0|0.0|0.0|0.0|1.0|0.0|0.0|1.0|0.0|1.0|0.0|0.0|0.0|0
||1.0602884053931403|-0.3617131606670588|2.581580917885358||0.9404483443667694|-0.3782928269742275|2.0350207500660815||-0.29619361630926455|0.9045855962811175||-1.6613559534099767|-0.2718648529896093|0.0|1.0|0.0|0.0|0.0|0.0|1.0|0.0|0.0|1.0|0.0|0.0|0.0|0.0|1.0|0
-0.26262183581665377||-0.33938850181670793|||0.6121894771358587||-0.3840015982533173||-0.35623204379205387|1.5139838990979069|-0.3351905071489174|-0.23033328964262237|-1.516355562885566|1.2949503462697463|1.0|0.0|0.0|0.0|1.0|0.0|0.0|0.0|0.0|0.0|1.0|1.0|0.0|0.0|0.0|0
|-0.22244413811979064||-0.34363900220322496||-0.3557293020037709|-0.3391573956062498|-0.3825800465118839|-0.31509596010847096|-0.3663942829388748|-0.30143384578504967|||-0.3006417623309025|1.2949503462697463|0.0|1.0|0.0|0.0|0.0|0.0|1.0|0.0|0.0|0.0|1.0|1.0|0.0|0.0|0.0|0
|-0.22244413811979064|1.4587104516390086||-1.3057525456428498|-0.35812206077747705|-0.3630827132748011|0.5632708407485423|-0.3186596105179847|||-0.3351905071489174||-0.2940785867597976||0.0|1.0|0.0|0.0|0.0|0.0|1.0|0.0|0.0|1.0|0.0|0.0|0.0|0.0|1.0|0
-0.24318525966797952|-0.22244413811979064||-0.3473359891617364|||2.166620874880024|-0.38102310889031393|1.591074470236833|-0.35698480224737394|-0.3053410344292754|0.5128870542058472||-0.3044575620815449||0.0|1.0|0.0|0.0|1.0|0.0|0.0|0.0|0.0|0.0|1.0|1.0|0.0|0.0|0.0|0
|-0.1571411210059666||1.6395891128738103||-0.36028511470890745|||||||||0.5115427466400685|1.0|0.0|0.0|0.0|0.0|1.0|0.0|0.0|0.0|1.0|0.0|0.0|0.0|0.0|1.0|0
-0.2450815109995575||1.3495383090236155||-0.33071958975009613|-0.3559781489162363|1.6283012273376196|-0.3828282539588008||-0.38032031436229613|||-0.24385853726190052|-0.283852243428076||0.0|1.0|0.0|1.0|0.0|0.0|0.0|0.0|0.0|0.0|1.0|1.0|0.0|0.0|0.0|0
1.2358907789628444|-0.16949574586533872|-1.3859554293961083|3.5086214085657135|-0.3254789981115154|1.6295905077157324|-0.3447399697289118|-0.3838662123731808|-0.3094988142675399|-0.3592430776133342|2.1391340821740252||||1.2949503462697463|0.0|1.0|0.0|0.0|0.0|0.0|1.0|1.0|0.0|0.0|0.0|0.0|0.0|1.0|0.0|0
-0.2351261915087731||-0.33616961183856336|-1.8417402730578123|-0.313138684638662|-0.34629226140027364|2.326122992670366|-0.3731255992156837|||2.1391340821740252|3.154341325123696|-0.23033328964262237|3.2915521229238376|-0.2718648529896093|0.0|1.0|0.0|0.0|0.0|1.0|0.0|0.0|0.0|1.0|0.0|1.0|0.0|0.0|0.0|1
|-0.22244413811979064||-0.3526760814351419||-0.36336698800944106|-0.3670702662195597|||-0.35623204379205387|-0.30322655586887093|-1.6665638081104||||0.0|1.0|0.0|0.0|0.0|0.0|1.0|0.0|0.0|0.0|1.0|0.0|0.0|0.0|1.0|0
|-0.22244413811979064||-0.34446055486067195|-0.3318242903011594|||-1.3868499410512174|1.4662460378131894|-0.3596194568409942|-0.30791518224194175|1.055238881694683||||0.0|1.0|0.0|0.0|0.0|0.0|1.0|1.0|0.0|0.0|0.0|1.0|0.0|0.0|0.0|0
-0.23844463133903457|-0.22244413811979064|-0.3104860211737874|-0.3604808316808883|-0.28700308623545734|-0.3586197546024079|-0.34314494855100836|||-0.3596194568409942||-0.33358353877117275|-0.18975754678478793|-1.5583293601426322||0.0|1.0|0.0|0.0|0.0|1.0|0.0|0.0|0.0|1.0|0.0|0.0|0.0|1.0|0.0|1
-0.2811102862995391||-0.3285838361558031|||0.9481328089642084|-0.3590951603300426|-0.37055326749308987|-0.3244178253039786|-1.1526504895206877||||||0.0|1.0|1.0|0.0|0.0|0.0|0.0|0.0|0.0|0.0|1.0|0.0|0.0|1.0|0.0|1
0.5722028129105515|-0.22244413811979064|0.9848808429680752||2.428000597371681|||0.9022996489237389||||1.9491150418151715|-1.9886154801487814|-0.3171260172536776|-0.2718648529896093|0.0|1.0|0.0|0.0|0.0|0.0|1.0|0.0|0.0|0.0|1.0|0.0|0.0|0.0|1.0|0
-0.2360743171745621||||-0.32550594202739497|-1.6915586701884648|1.5884256978900342||-0.31125043904509747|0.44696122803446053||2.431205555138581|-0.2709090325004568|||0.0|1.0|0.0|0.0|0.0|0.0|1.0|0.0|0.0|0.0|1.0|0.0|0.0|0.0|1.0|0
-0.20004554187458048|||-0.3608916080096118|||-0.3375623744283464||-0.3132436672402492|-0.3637596283452546|-0.2995492018507761|||-0.2986575464605684||0.0|1.0|0.0|0.0|0.0|0.0|1.0|0.0|0.0|1.0|0.0|0.0|0.0|1.0|0.0|0
||-0.3375427047663034|-0.35678384472237684|0.9228460965479449|2.27754958363537|||-0.310787365828042|1.5384609882485616||1.3866761096045273||-1.2492495803405992|-1.0552724526192871|0.0|1.0|0.0|0.0|0.0|1.0|0.0|0.0|0.0|0.0|1.0|0.0|0.0|0.0|1.0|1
-0.22280055785351624|-0.22244413811979064||-0.34446055486067195|-0.3183523323613632|||-0.3910416640204163||||||-0.29499437869995176||1.0|0.0|0.0|0.0|0.0|0.0|1.0|1.0|0.0|0.0|0.0|0.0|0.0|0.0|1.0|0
-0.2526665163258694|-0.16949574586533872|-0.3492477592322837||||-0.34513872502338766|-1.6096725354425696|||1.2956410042735274|-0.33478876505448124|-0.23033328964262237|||1.0|0.0|0.0|0.0|0.0|0.0|1.0|0.0|0.0|0.0|1.0|0.0|0.0|0.0|1.0|0
|||-0.3399420152447135|-0.32888740347028383||||-0.3319075312493972|||0.7639758632284563|||0.5115427466400685|0.0|1.0|0.0|0.0|0.0|0.0|1.0|0.0|0.0|0.0|1.0|0.0|0.0|0.0|1.0|1
|0.9247710273933342|1.1942212401481076|-0.35555151573620636|-0.3016875203898352|0.4552245015807324|||||-0.2948605754777052|||-1.0012225965488442|0.5115427466400685|0.0|1.0|0.0|0.0|0.0|0.0|1.0|1.0|0.0|0.0|0.0|0.0|0.0|0.0|1.0|0
|-0.22244413811979064|-0.3413243377476201|||0.4131119471635034||0.38783330440497105|||-0.3242794076224637|||||0.0|1.0|0.0|0.0|0.0|0.0|1.0|0.0|0.0|1.0|0.0|0.0|0.0|0.0|1.0|0
-2.03514276800917|3.130954037995497|-0.3334234259830834|-0.341995896888331|||-0.3419486826675808|-0.3719748192345233||-0.36564152448355475|||-0.18975754678478793||0.5115427466400685|0.0|1.0|0.0|0.0|0.0|1.0|0.0|0.0|0.0|0.0|1.0|0.0|0.0|0.0|1.0|0
-0.22422274635219971|-0.22244413811979064|0.8734577283399935|-0.35719462105110034||2.6163642259921667||-0.3640773095598931|1.4833596132261082|0.7386551294709875|-0.3075474468401323||-0.25738378488117863||-0.2718648529896093|0.0|1.0|0.0|0.0|0.0|0.0|1.0|0.0|0.0|1.0|0.0|0.0|0.0|0.0|1.0|1
|-0.22244413811979064|-0.3456011845717283|-0.3526760814351419|-0.322730718691797|-0.3517477514043238|-1.4520834224883619|-0.3785861630478566|0.0936366216064305||-0.3268075885099039|||||0.0|1.0|0.0|0.0|0.0|0.0|1.0|1.0|0.0|0.0|0.0|0.0|0.0|1.0|0.0|0
|||2.1530595237781793|-0.3275402076763042||-1.4122078930407762|-0.3725163627550694|-0.31306246467705356|-0.3630068698899345|-0.2993653341498713|0.9648469104465437||-0.3134628494930609||0.0|1.0|1.0|0.0|0.0|0.0|0.0|0.0|0.0|0.0|1.0|0.0|1.0|0.0|0.0|0
-0.23797056850614007|-0.18008542431622912|2.2330448240038594|-0.35678384472237684|-0.31274799785840796|-0.3684396366096982|-1.322487951783709||-0.2885397177912475|-0.3690289375324951|-2.125447405685303|-1.4556492085314083||-0.2969785945702858||1.0|0.0|0.0|0.0|0.0|0.0|1.0|1.0|0.0|0.0|0.0|0.0|0.0|1.0|0.0|0
-0.26025152165218135||-0.3533220185752499|||2.328276069637941|-1.432145657764569||-1.0811599964451188|-0.3558556645643939||-0.9735586952079989||-0.3168207532736262|-0.2718648529896093|0.0|1.0|0.0|0.0|0.0|0.0|1.0|0.0|0.0|1.0|0.0|0.0|0.0|1.0|0.0|0
|-0.22244413811979064|-0.3534570768960112|-0.340352791573437|-0.33071958975009613|||||-0.37768565976867585||||-0.2923996348695149|-1.0552724526192871|0.0|1.0|0.0|0.0|1.0|0.0|0.0|0.0|0.0|1.0|0.0|1.0|0.0|0.0|0.0|0
-0.25835527032060335|-0.22244413811979064|0.9325457436730671|-0.3518545287776949||-0.36009369400701097|-0.34154992737310497|0.5136293513651522|-0.30684117667400423||0.9646791426449943|-0.34724276998200265|-0.18975754678478793|-0.30644177795187894||1.0|0.0|0.0|0.0|1.0|0.0|0.0|0.0|0.0|0.0|1.0|0.0|0.0|1.0|0.0|0
0.8447889418248861||-0.3341887564673975|||0.9519612230021383||-0.39742736470018863|||-0.3187174096700953|-0.35246541720967295||-0.3117838976027783|-0.2718648529896093|1.0|0.0|0.0|0.0|0.0|0.0|1.0|0.0|0.0|0.0|1.0|0.0|0.0|0.0|1.0|0
-0.23370400301008962|-0.22244413811979064|-0.32104307991329656||-0.29774023671347494||-0.3287897579498776|-1.7213658865551968|0.1822245413909518||-0.3231762014170353|-0.33197657039342804|0.37830285322489426|-1.5964873576490561||0.0|1.0|0.0|0.0|0.0|0.0|1.0|0.0|1.0|0.0|0.0|0.0|0.0|1.0|0.0|1
|-0.22244413811979064||-0.3518545287776949|||1.5485501684424485|||-0.36488876602823467||0.7137581014239346||||0.0|1.0|0.0|0.0|0.0|1.0|0.0|0.0|0.0|0.0|1.0|0.0|0.0|1.0|0.0|0
-2.2484710428116927|-0.16420090663989353|0.8678302983082722|||||||||-0.31671037080485337|||-1.0552724526192871|0.0|1.0|0.0|0.0|0.0|1.0|0.0|1.0|0.0|0.0|0.0|0.0|0.0|1.0|0.0|0
||1.5757609962988117|||-0.3630607148864066||0.43973122512396956|-0.32182058856484147|2.9498830919736925|-0.30832888456897745||-0.2709090325004568|-0.2969785945702858||0.0|1.0|0.0|1.0|0.0|0.0|0.0|0.0|0.0|0.0|1.0|1.0|0.0|0.0|0.0|0
-0.23797056850614007|4.542911164780881|-1.37582605533901|-1.8006626401854628|-0.32588315684970925|-0.3572415255487532|0.21271993194833377|-0.38409185550674163|-0.29850585876700614|-0.3543501476537537|||-0.23033328964262237|-0.3126996895429324||0.0|1.0|0.0|0.0|0.0|1.0|0.0|0.0|0.0|0.0|1.0|0.0|0.0|1.0|0.0|0
|-0.1606710138229301|-0.35275927557207776|||||-0.38810830328412504|-0.31215645186107555|-0.3712872128984553|||0.37830285322489426|-0.29529964268000314|1.2949503462697463|1.0|0.0|0.0|0.0|0.0|1.0|0.0|0.0|0.0|0.0|1.0|0.0|1.0|0.0|0.0|1
-1.6558925016935742||0.7721639877690101|-0.3473359891617364||||||-0.3551029061090738||-0.3367974755266621||||1.0|0.0|0.0|0.0|0.0|0.0|1.0|1.0|0.0|0.0|0.0|0.0|0.0|0.0|1.0|0
-0.2531405791587639||-0.3415044155086352|1.0234246197885672|0.8221432109479679|-0.3590791642869595|-0.3391573956062498||2.95412041783049||-0.31136270163390567|2.632076602356668||-0.3101049457124956||0.0|1.0|0.0|0.0|0.0|1.0|0.0|0.0|0.0|0.0|1.0|0.0|0.0|0.0|1.0|0
-1.3121969478450655|-0.19420499558408294||||||||-0.3558556645643939|2.2954216279430546|-0.3343870229600451|2.4070899961166163|-1.535434561638778||0.0|1.0|0.0|0.0|1.0|0.0|0.0|0.0|0.0|0.0|1.0|0.0|0.0|0.0|1.0|0
-1.8810723473184592|-0.22244413811979064|-0.32995692908354307|-0.3588377263659943|1.1158318940355263|-0.372765744472559|-0.3399549061952015|||-0.35999583606865426|-0.3053410344292754|||-0.2962154346201573||0.0|1.0|0.0|1.0|0.0|0.0|0.0|1.0|0.0|0.0|0.0|0.0|0.0|0.0|1.0|0
-0.24318525966797952|-0.22244413811979064||||0.47436657177038194|||-1.3841709493444472|||0.7840629679502651|-0.2709090325004568|-0.29331542680966916||0.0|1.0|0.0|0.0|0.0|1.0|0.0|1.0|0.0|0.0|0.0|1.0|0.0|0.0|0.0|1
-1.33590008948979|-0.22244413811979064||-0.34487133118939545|-0.3310698606565308|-0.3647835012034751||-0.3916509004810306||||2.0294634607024062||-0.2916364749193865|0.5115427466400685|0.0|1.0|1.0|0.0|0.0|0.0|0.0|0.0|0.0|1.0|0.0|1.0|0.0|0.0|0.0|0
|-0.1747905850907839||-0.3728041215425931||||-0.37912770656840267|0.26225567346901363|0.6445603225559788|-0.3199125497259761|-0.33036960201568333|-2.326746670630735|-0.2891943630789754||0.0|1.0|0.0|0.0|0.0|0.0|1.0|1.0|0.0|0.0|0.0|0.0|0.0|0.0|1.0|0
-0.2521924534929749||1.3090208127952223|-0.3588377263659943|0.4974690245988783||-0.3503225438515738||-0.3080894609982407|-0.3607485945239743||-0.3307713441101195|-0.284434280119735|||0.0|1.0|0.0|0.0|0.0|1.0|0.0|1.0|0.0|0.0|0.0|1.0|0.0|0.0|0.0|0
||-0.33846560329150566|-0.341995896888331|-0.3154693333622468|||0.5559374389078141|0.8300237048152638|-0.3630068698899345|||-0.25738378488117863|-0.3130049535229838||0.0|1.0|0.0|0.0|0.0|1.0|0.0|0.0|0.0|1.0|0.0|0.0|0.0|0.0|1.0|0
|-0.16596585304837527|-0.3156407470828441|-0.35596229206492985||-0.3433443825910676||0.9333255797883576||-0.35811393993035406|||-0.25738378488117863|1.0402302700448314||0.0|1.0|0.0|1.0|0.0|0.0|0.0|1.0|0.0|0.0|0.0|0.0|0.0|0.0|1.0|1
|-0.22244413811979064|0.4761611681004697||-1.2454655338622616|-1.6518388745449422|-0.3507212991460496|-0.37420868625677584|-0.3124584561330682||-0.2987217971967048|-0.34161838065989625||-0.3006417623309025||0.0|1.0|0.0|0.0|0.0|0.0|1.0|0.0|0.0|0.0|1.0|1.0|0.0|0.0|0.0|0
-0.2156896153600988||-0.3397936767789919|1.4752785813844123|-0.31681652915622643||-1.4022390106788798|||-0.35886669838567414||-0.33117308620455566|-0.2709090325004568|-0.2899575230291038|0.5115427466400685|0.0|1.0|0.0|0.0|0.0|0.0|1.0|1.0|0.0|0.0|0.0|0.0|0.0|0.0|1.0|0
-0.25077026499429145|-1.7667722455413046||||-0.3599022733051145|1.6083634626138268|-1.367670274698544|-0.3322095355213899||-0.3190391781466786|-0.33358353877117275||-0.2923996348695149||0.0|1.0|0.0|1.0|0.0|0.0|0.0|1.0|0.0|0.0|0.0|0.0|1.0|0.0|0.0|0
1.2003360664957572|-0.22244413811979064|-0.34758203994289416|-0.341995896888331|-0.3247380404248266|-0.3535279639319612||-0.3803687438029874||||-1.445605656170504||||1.0|0.0|0.0|0.0|0.0|0.0|1.0|0.0|0.0|1.0|0.0|0.0|0.0|0.0|1.0|0
||||-0.33788667137406775|-0.362716157622993|-0.3447399697289118|-0.38957498365227067|-0.30861293506969467||-0.2947686416272528|-0.33036960201568333|-0.20328279440406608|-0.2891943630789754||0.0|1.0|0.0|1.0|0.0|0.0|0.0|0.0|0.0|1.0|0.0|1.0|0.0|0.0|0.0|0
|||-0.35514073940748286|-0.32813297382565526|-0.34828303669999716|1.2096081681379716||-0.3234715452517348|||-0.34081489647102386||-0.299878602380774|-0.2718648529896093|0.0|1.0|0.0|0.0|0.0|0.0|1.0|0.0|0.0|0.0|1.0|0.0|0.0|0.0|1.0|0
||||-0.32023840647293467|-0.3748330880530411|1.349172521204521|-0.40171458423784506|||-0.2964234509353955|2.0294634607024062||-0.3163628573035491|0.5115427466400685|1.0|0.0|0.0|0.0|0.0|1.0|0.0|0.0|0.0|1.0|0.0|1.0|0.0|0.0|0.0|0
-0.24128900833640152||0.4829140841385355|0.44833775957567396||2.356032071412933||||-0.36978169598781513|1.8104705668068015|-0.357286322342907||2.0857594017208445||0.0|1.0|0.0|0.0|0.0|0.0|1.0|1.0|0.0|0.0|0.0|0.0|0.0|0.0|1.0|0
|-0.22244413811979064|0.317467641205929|-0.34610366017556593|-0.3373612650144157|-1.6489675640164947|||-1.5739303002465184||||2.7452211865985703|||0.0|1.0|0.0|0.0|0.0|1.0|0.0|0.0|0.0|0.0|1.0|0.0|0.0|0.0|1.0|0
-1.039610818930731||-1.4247846966149853||-0.3239027790325592||-0.34992378855709794|-0.36452859582701486|2.2997778285130033|||-0.33197657039342804||||0.0|1.0|0.0|0.0|0.0|0.0|1.0|1.0|0.0|0.0|0.0|0.0|0.0|0.0|1.0|0
-0.24318525966797952|-0.18008542431622912|-0.32637788358336833|0.6229176992831594|-0.3031694357632128|-0.36051481955118325|-0.33835988501729813|-0.3873636809433742||-0.35886669838567414|-1.8944636064237226|-0.3376009597155345|-0.25738378488117863||1.2949503462697463|1.0|0.0|0.0|1.0|0.0|0.0|0.0|0.0|0.0|0.0|1.0|0.0|0.0|0.0|1.0|0
|-0.15361122818900316|-1.1873071492763465|1.043963436224742|-0.3335621728753932|-0.35130748378996185||-0.3781348767807349|2.6823165730370726||-1.9071045108609235||||-0.2718648529896093|0.0|1.0|0.0|1.0|0.0|0.0|0.0|0.0|0.0|0.0|1.0|0.0|0.0|0.0|1.0|0
-0.2630958986495483||||||3.1635091110696623|0.284037462966974||0.6727887646304814|||-0.24385853726190052|||1.0|0.0|1.0|0.0|0.0|0.0|0.0|0.0|1.0|0.0|0.0|0.0|0.0|0.0|1.0|0
-0.2578812074877089|-0.22244413811979064|-0.3601199540535692||-0.33749598459381364|0.23891910843769248|-0.33716361913387055|0.8515299438725448|-1.1647145116964288|-0.367899799849515||1.7482439945970842|-0.20328279440406608|||0.0|1.0|0.0|1.0|0.0|0.0|0.0|0.0|0.0|1.0|0.0|0.0|0.0|0.0|1.0|0
-1.1936812396214418||-0.34787466630454367|-0.3588377263659943|-0.3250478954574419|||||-1.4631633523402165||-0.33117308620455566|-0.2709090325004568||-1.0552724526192871|0.0|1.0|0.0|0.0|0.0|1.0|0.0|1.0|0.0|0.0|0.0|1.0|0.0|0.0|0.0|0
||||-0.3096494475322548|-0.362716157622993||-0.38957498365227067||||-0.3323783124878642||||0.0|1.0|0.0|0.0|0.0|1.0|0.0|0.0|0.0|0.0|1.0|0.0|0.0|1.0|0.0|1
-1.489970510180501|-0.22244413811979064|0.9212908836096245||-0.3127884137322273|-0.36187390653464835||-0.38874010405809545|-1.1294806799639487|0.7480646101624885|-0.31366104789521493|-1.5359976274186433|-0.21680804202334422|2.032338205211851||1.0|0.0|0.0|0.0|0.0|0.0|1.0|1.0|0.0|0.0|0.0|0.0|0.0|0.0|1.0|0
|-0.22244413811979064|-0.3233840908064926|-0.34446055486067195||2.0507160518880228|-0.3495250332626221|-0.3754271591780045|||||-0.24385853726190052|-0.28583645929841|-1.0552724526192871|0.0|1.0|0.0|0.0|0.0|0.0|1.0|0.0|0.0|1.0|0.0|0.0|0.0|1.0|0.0|1
||-0.34976548279520203||-0.326960913484893|||1.8454879472081467|-0.29856625962140465|1.4820041040995564||0.8945420439202132||-0.2887364671088983||0.0|1.0|0.0|0.0|0.0|1.0|0.0|0.0|0.0|1.0|0.0|0.0|0.0|0.0|1.0|0
-0.2531405791587639|-0.22244413811979064||||||1.4697921298293097|-0.31400874472929735|||0.6032790254539866|-0.25738378488117863|-0.3006417623309025||0.0|1.0|0.0|0.0|0.0|0.0|1.0|1.0|0.0|0.0|0.0|1.0|0.0|0.0|0.0|0
-0.243659322500874||-0.35699110295593217|||-0.35632270617965|1.927367698194511||-0.3247802304303698||-1.1946171698550536||-0.24385853726190052|||0.0|1.0|0.0|1.0|0.0|0.0|0.0|1.0|0.0|0.0|0.0|0.0|0.0|0.0|1.0|0
|-0.22244413811979064|-0.34078410446457486||-0.31782692600171114|1.8870513517665188|||-0.3068009094377386||-0.2929299646182055|||-1.287407577847023||0.0|1.0|0.0|0.0|1.0|0.0|0.0|0.0|0.0|0.0|1.0|0.0|0.0|1.0|0.0|0
||-0.34728941358124465|-0.34569288384684244||-0.36729111239831924|-0.3491262779681462|||-0.35359738919843364|||-0.17623229916550978|0.6586502949805929|-1.0552724526192871|0.0|1.0|0.0|1.0|0.0|0.0|0.0|0.0|0.0|0.0|1.0|1.0|0.0|0.0|0.0|0
-0.21948211802325476|-0.16949574586533872|-0.3743460971737607|-1.4515027607704918|||1.8077411098517544|0.7985038074857419|-0.3123779216605368|-1.3032021805847016||||-1.6193821561529105||0.0|1.0|0.0|0.0|0.0|0.0|1.0|0.0|0.0|1.0|0.0|0.0|0.0|0.0|1.0|0
1.2714454914299314|-0.22244413811979064|-0.3414593960683814|-0.3588377263659943|-0.31851399585664075||-1.5019278342978437|-0.38675444448275986||-0.36865255830483507|||-1.3123530991848742|-0.3130049535229838|-0.2718648529896093|0.0|1.0|0.0|0.0|0.0|1.0|0.0|0.0|0.0|0.0|1.0|0.0|0.0|1.0|0.0|0
-0.26262183581665377|-0.22244413811979064|-0.3388707782537896|-0.36376704231067625||0.40162670504971365|-0.35949391562451843||||-0.31200623858707227|-0.34081489647102386||-0.299878602380774|-0.2718648529896093|0.0|1.0|0.0|0.0|0.0|0.0|1.0|1.0|0.0|0.0|0.0|1.0|0.0|0.0|0.0|0
-0.26025152165218135|-0.22244413811979064|||||-0.3411511720786291|0.8159911503367088|-0.32369301505119613||-0.31025949542847725|-0.3452340595098218|-0.284434280119735|-1.256881179841884||0.0|1.0|0.0|0.0|0.0|1.0|0.0|0.0|0.0|1.0|0.0|0.0|0.0|0.0|1.0|0
||-0.3328606829799112||||-0.3507212991460496|||1.2749955288865373|-0.3125578416897865|1.4067632143263358|-0.23033328964262237|||0.0|1.0|0.0|1.0|0.0|0.0|0.0|0.0|0.0|1.0|0.0|0.0|0.0|1.0|0.0|0
-0.2450815109995575|-0.22244413811979064|||-1.8392420800587812|-0.3621801796576828|||||-0.32285443294045196||-0.20328279440406608|-0.285378563328333|-1.0552724526192871|0.0|1.0|0.0|0.0|0.0|0.0|1.0|0.0|0.0|0.0|1.0|1.0|0.0|0.0|0.0|0
|-0.22244413811979064||-0.340352791573437||-0.3562078537585121||-0.38305389709236165|-1.541213170780644|-0.3874715196878368|2.086272118163912||-0.23033328964262237|-0.2746943240265343||0.0|1.0|0.0|1.0|0.0|0.0|0.0|0.0|0.0|1.0|0.0|0.0|0.0|1.0|0.0|0
|-0.22244413811979064|-0.32034527858936307|||2.0689010185681895|0.3323465202910903||-0.33110218652408335|||-0.3271556652601939|-0.2709090325004568|||0.0|1.0|0.0|1.0|0.0|0.0|0.0|0.0|0.0|0.0|1.0|1.0|0.0|0.0|0.0|1
-0.19957147904168598|||-0.3543191867500359|2.312141759089433|-0.35565273372301226||1.6751273813696952|-0.3210353774576605||||-0.25738378488117863||-1.0552724526192871|0.0|1.0|0.0|1.0|0.0|0.0|0.0|0.0|0.0|1.0|0.0|0.0|0.0|1.0|0.0|0
|-0.22244413811979064|||-0.34327545454998626|1.079734541518049||-1.9047009325733981|0.4535250457310483|0.1834957686724361|||-2.326746670630735|-0.2846154033782045||0.0|1.0|0.0|1.0|0.0|0.0|0.0|0.0|0.0|0.0|1.0|1.0|0.0|0.0|0.0|1
||-0.3499905799964709|-0.34322822587450147|-0.3271899367698695||1.4887368742710703|-0.38937190483206585|||-0.2636950001743517|||||0.0|1.0|0.0|0.0|0.0|1.0|0.0|0.0|0.0|0.0|1.0|1.0|0.0|0.0|0.0|0
||-0.34346276115967417||1.9106774124835046||0.9504172267286658|-0.392530908701918|-1.3569905648651055||-0.30432976207429935||0.7164340437068479|1.1432568633121758||0.0|1.0|0.0|0.0|0.0|0.0|1.0|0.0|0.0|0.0|1.0|0.0|0.0|0.0|1.0|1
|-0.22244413811979064|-0.36205578998448135|-1.2769228210630064|||-0.33477108736701544|1.7777950071398878||0.6257413611729771|||1.7308276151527089|-0.2994207064106969|1.2949503462697463|0.0|1.0|0.0|0.0|0.0|1.0|0.0|0.0|0.0|0.0|1.0|0.0|0.0|1.0|0.0|0
-0.2441333853337685|||-0.341174344230884|-0.3074804623039476|2.2995629643534667||-1.1002831614289212|||-0.28148420023688536|-0.3323783124878642|-0.2709090325004568||-0.2718648529896093|1.0|0.0|0.0|0.0|0.0|0.0|1.0|0.0|0.0|0.0|1.0|1.0|0.0|0.0|0.0|1
-0.22848931184825017|||-0.3592485026947178|||-0.32679598147749833|-0.38208363161805|-0.3285250834030791|1.6701937179295736|||-1.650484289666828|||0.0|1.0|0.0|0.0|0.0|1.0|0.0|0.0|0.0|1.0|0.0|0.0|0.0|0.0|1.0|0
-0.21948211802325476|-0.1853802635416743||0.5407624335384604|-0.3212218594025398|||-0.3834600547327712|-0.3401019138294654|-0.35811393993035406|-0.8015999591711704|-0.3464392857931303|-0.24385853726190052|||0.0|1.0|0.0|0.0|0.0|1.0|0.0|0.0|0.0|0.0|1.0|0.0|1.0|0.0|0.0|0
3.143993681363186||1.0681668074375503||0.37487420734673244|-1.2847896786584119||-0.38892061856494414||-0.35999583606865426|-0.30304268816796615||2.4070899961166163|-0.4555632322069833|0.5115427466400685|0.0|1.0|0.0|0.0|0.0|1.0|0.0|0.0|0.0|1.0|0.0|1.0|0.0|0.0|0.0|0
-0.23797056850614007||-0.33846560329150566|0.7153423732459459||-0.36865019938178434|-0.33835988501729813|||-0.36978169598781513|-0.30832888456897745|0.5229306065667516|-0.21680804202334422||0.5115427466400685|0.0|1.0|0.0|0.0|1.0|0.0|0.0|0.0|0.0|1.0|0.0|0.0|0.0|0.0|1.0|0
-0.22090430652193827|-0.22244413811979064|-0.35658592799364824|-0.35596229206492985|-0.33389897182388806||1.528612403718656|-0.38864984680467113||-0.3663942829388748|-1.5198331658303135|-0.34282360694320474|-0.23033328964262237|-0.30186281825110806|0.5115427466400685|0.0|1.0|0.0|0.0|0.0|1.0|0.0|1.0|0.0|0.0|0.0|1.0|0.0|0.0|0.0|0
2.788446556692315||-0.325657572539308||-1.9571217120319984||0.7311018147669455|-0.3946068255306779||-0.3731691090367555|-0.29224046073981264|-0.34402883322651323|-0.16270705154623163||-1.0552724526192871|0.0|1.0|0.0|0.0|0.0|0.0|1.0|0.0|0.0|0.0|1.0|0.0|0.0|0.0|1.0|1
-2.4262446051471285|-0.22244413811979064|2.1430059434963185||||0.6214441087860854||1.8175776742313476||||-0.23033328964262237|||0.0|1.0|0.0|0.0|0.0|0.0|1.0|0.0|0.0|0.0|1.0|0.0|0.0|0.0|1.0|1
|-0.22244413811979064|-0.3636539801134902|-0.34569288384684244||-0.355939864775857|-1.6215544226406002|-0.3827831253320887||-0.34682256310055304|-0.3063982737094777|-0.329566117826811||-0.28827857113882116||1.0|0.0|0.0|0.0|0.0|0.0|1.0|1.0|0.0|0.0|0.0|0.0|0.0|1.0|0.0|0
|-0.22244413811979064||-1.513119210079016|-0.31848705194076116|-0.37391426868393796|-0.34075241678415324||1.1098809968618197|-0.3566084230197139|-1.8530933737201558|-0.35808980653177935||-0.3175839132237547||1.0|0.0|0.0|0.0|0.0|1.0|0.0|0.0|0.0|0.0|1.0|1.0|0.0|0.0|0.0|0
-0.2275411861824612|-0.22244413811979064||-0.3543191867500359|||0.5516619322528107||-1.4098413124638256||-1.425600969116634|||-0.2911785789493094||0.0|1.0|0.0|0.0|0.0|0.0|1.0|1.0|0.0|0.0|0.0|0.0|0.0|1.0|0.0|0
-0.2721030924745437|-0.22244413811979064||||-0.36868848352216366|-0.34793001208471863|1.0218905097109965||-0.37505100517505563|-0.30428379514907317||-0.25738378488117863|-0.3110207376526498||0.0|1.0|0.0|0.0|0.0|0.0|1.0|1.0|0.0|0.0|0.0|1.0|0.0|0.0|0.0|1
-0.2811102862995391|-0.22244413811979064|-0.3336035037440985|-0.3654101476255702|||-0.338758640311774|1.5803572652741327||||1.0652824340555873||||0.0|1.0|0.0|0.0|0.0|0.0|1.0|1.0|0.0|0.0|0.0|0.0|0.0|0.0|1.0|0
-0.22422274635219971||2.1959037857944987|0.44833775957567396|-0.31350242750303653||1.668176756785205|-0.39799147253409084||-0.35886669838567414|-0.29348156772091966||1.7308276151527089|1.017335471540977|-0.2718648529896093|1.0|0.0|0.0|0.0|0.0|0.0|1.0|1.0|0.0|0.0|0.0|0.0|0.0|1.0|0.0|0
|-1.4579066240570018|||-0.3280656140359563|-1.5168872797079127|-0.3503225438515738||-0.32361248057866476|-0.368276179077175||-0.35005496464305585||||0.0|1.0|0.0|0.0|1.0|0.0|0.0|0.0|0.0|0.0|1.0|0.0|1.0|0.0|0.0|0
|-0.22244413811979064|1.2414916524145667|-0.341995896888331|1.292314543046857||-0.3527150756184289|-0.38600982214200896|-0.31582077036125344||||-0.17623229916550978|-0.2862943552684871|-1.0552724526192871|0.0|1.0|0.0|1.0|0.0|0.0|0.0|0.0|0.0|1.0|0.0|0.0|0.0|0.0|1.0|1
-0.26688840131270425|-0.22244413811979064|0.8059285679593379|-0.36212393699578227|-0.3417800672186689|-0.37391426868393796|-0.3455374803178635|-0.4007894473902455|0.12736043197894714|||-1.6766073604713043|1.7308276151527089|||0.0|1.0|0.0|0.0|0.0|1.0|0.0|0.0|1.0|0.0|0.0|0.0|0.0|0.0|1.0|0
-0.25645901898902534|-0.22244413811979064|-0.33828552553049057||-0.31528072595108964|||1.1674303308577532||-0.37279272980909545||-0.3279591494490663|-0.24385853726190052|-0.28675225123856424||0.0|1.0|0.0|0.0|0.0|0.0|1.0|1.0|0.0|0.0|0.0|0.0|0.0|0.0|1.0|0
|-0.22244413811979064|-1.5395842692620998|0.612648291065072|-0.31922800962744996|-0.35687782621514985|-0.3495250332626221|0.5942967716131609|||1.5369673617109996|0.6032790254539866||0.6700976942325201||0.0|1.0|0.0|0.0|0.0|1.0|0.0|0.0|0.0|0.0|1.0|1.0|0.0|0.0|0.0|0
||-0.3401538323010221|3.4264661428210146|0.8564967036944484|||1.1730714091967747|0.8702909410809553||-0.32014238435210707|1.0351517769728742|1.7308276151527089|-0.28293645148792185|1.2949503462697463|0.0|1.0|0.0|0.0|0.0|1.0|0.0|0.0|0.0|0.0|1.0|0.0|0.0|0.0|1.0|0
-0.24934807649560795|||-0.35472996307875937|-0.33127194002562776||2.525500639908294|||-0.3543501476537537|0.49466733220725106|||||0.0|1.0|0.0|0.0|0.0|1.0|0.0|0.0|0.0|1.0|0.0|0.0|0.0|1.0|0.0|0
-1.7744082099171978|-0.17126069227382046||-0.3604808316808883|-0.30634881783700474|-0.3662191564676988|||-0.3031567245556935|-0.3558556645643939|1.0600605124893285|-0.3126929498604916||-0.2710311562659176||0.0|1.0|0.0|0.0|0.0|1.0|0.0|0.0|0.0|0.0|1.0|0.0|0.0|0.0|1.0|1
||3.357405344341775||||-0.3339735767780637|-0.36367115191948357|-1.1652178521497498||-0.31219010628797705||-0.2709090325004568|-0.299878602380774||0.0|1.0|0.0|0.0|0.0|1.0|0.0|1.0|0.0|0.0|0.0|0.0|0.0|0.0|1.0|0
|-0.22244413811979064||3.0156898140975197|||-0.3519175650294772|-1.2266433162230046|1.8940854231361615|0.9362542239925059|-0.2990895325985143||-0.18975754678478793|2.787866555839043|-1.0552724526192871|0.0|1.0|0.0|0.0|0.0|1.0|0.0|0.0|0.0|0.0|1.0|0.0|0.0|0.0|1.0|0
-0.2758955951376997|-0.22244413811979064||0.6023788828469847|0.980101917792079||1.6881145215089979|-0.3867318801694038|||2.34138855316924|-0.3528671593041091||||0.0|1.0|0.0|1.0|0.0|0.0|0.0|0.0|0.0|1.0|0.0|1.0|0.0|0.0|0.0|0
||-0.34616392757490044|0.5510318417565477|0.7035899810777609|2.927422866573972|-0.33636610854491883||-0.30734451712732536|2.0653919069726103|||-0.24385853726190052|||0.0|1.0|0.0|1.0|0.0|0.0|0.0|1.0|0.0|0.0|0.0|1.0|0.0|0.0|0.0|0
-0.2275411861824612|-0.22244413811979064||-0.3604808316808883||1.2716337951692858||-0.3910416640204163|-0.31890121393557885|-0.3637596283452546|-0.3053410344292754|-0.3343870229600451|-0.24385853726190052|0.8532560822633545||0.0|1.0|0.0|0.0|0.0|0.0|1.0|0.0|0.0|0.0|1.0|0.0|0.0|1.0|0.0|0
-0.2152155525272043|-0.22244413811979064|-0.3449709124081755||-0.32208406471068673|1.993289841319074|-1.322487951783709|||-0.36225411143461445|||0.7164340437068479|-1.0928017905642613||0.0|1.0|0.0|0.0|1.0|0.0|0.0|1.0|0.0|0.0|0.0|0.0|0.0|0.0|1.0|0
||||-0.310956227452415|||0.8673249632218052|-0.32018976549608097|||-0.3404131543765877|-0.25738378488117863|-1.3828025716130825|-1.0552724526192871|1.0|0.0|0.0|1.0|0.0|0.0|0.0|1.0|0.0|0.0|0.0|1.0|0.0|0.0|0.0|1
-0.2588293331534978|-0.22244413811979064|-0.3477170982636555|-0.3473359891617364|-0.3248862319621644|2.4699273890413482|-0.34075241678415324|1.0117365687007576|-0.3239950193231888|-0.37015807521547517|-1.2153022862068368|-0.34161838065989625|-0.20328279440406608|-0.3006417623309025||0.0|1.0|0.0|0.0|0.0|1.0|0.0|0.0|0.0|1.0|0.0|0.0|0.0|0.0|1.0|0
||||||-0.3459362356123394||2.249443783180889|1.877202293142593||||-0.2904154189991809|1.2949503462697463|0.0|1.0|0.0|0.0|0.0|1.0|0.0|1.0|0.0|0.0|0.0|0.0|0.0|0.0|1.0|1
-0.22943743751403917|-0.1500813353720397|0.5234315803669286||||||0.4479883007445157|-0.357737560702694|||-0.23033328964262237|-0.29209437088946355||0.0|1.0|0.0|0.0|0.0|0.0|1.0|0.0|0.0|1.0|0.0|0.0|0.0|0.0|1.0|0
-0.22422274635219971|-0.22244413811979064|1.590392314381287|0.5202236171022856|-0.32581579706001035|-0.34504802683794644|-0.3379611297228223|||0.8986163012265024|-0.2984919625705738|||-0.2899575230291038||0.0|1.0|0.0|0.0|0.0|0.0|1.0|0.0|0.0|0.0|1.0|0.0|0.0|0.0|1.0|0
-0.22848931184825017|||0.5407624335384604|-0.34102563757404025||-0.3411511720786291||2.3601786829115405||0.3533190371367317|-0.3343870229600451|||-1.0552724526192871|0.0|1.0|0.0|0.0|1.0|0.0|0.0|0.0|0.0|1.0|0.0|0.0|0.0|0.0|1.0|0
|-0.22244413811979064|-0.33078978872823783|-0.342817449545778||||||-0.3739218674920755||||||0.0|1.0|0.0|0.0|0.0|0.0|1.0|0.0|0.0|0.0|1.0|1.0|0.0|0.0|0.0|1
|-0.22244413811979064||-0.3592485026947178|-0.3182849725716642|-0.36438151772949245|1.3691102859283137||||-0.2906316183568962|-0.34764451207643887||||1.0|0.0|0.0|0.0|0.0|1.0|0.0|0.0|0.0|0.0|1.0|1.0|0.0|0.0|0.0|0
-0.22090430652193827|3.30744867884367|-0.33990622537962634|||-0.3790634855649537|1.2494836975855572||-0.3234916788698677|-0.3453170461899129|-0.31007562772757247||||-0.2718648529896093|0.0|1.0|0.0|0.0|1.0|0.0|0.0|0.0|0.0|0.0|1.0|0.0|0.0|1.0|0.0|0
-0.2161636781929933|-0.22244413811979064|||-0.3548209225043916||2.326122992670366|0.9553257853105418|-0.3169885202129585|0.5128275928749666||-0.3323783124878642|-0.1221313086883972|-0.2911785789493094|-0.2718648529896093|0.0|1.0|1.0|0.0|0.0|0.0|0.0|1.0|0.0|0.0|0.0|0.0|0.0|1.0|0.0|0
-0.2588293331534978|||-0.3391204625872665|-0.3337238363706707|0.8935779089237071|||-0.31205578377041127|3.2509864741017203||-0.3359939913377898|-1.3123530991848742|-0.29499437869995176||0.0|1.0|0.0|0.0|1.0|0.0|0.0|0.0|0.0|0.0|1.0|0.0|0.0|0.0|1.0|0
|||||-0.35201574038697886||-0.37885693480812965||||0.5932354730930822|||2.0783579458994237|0.0|1.0|0.0|0.0|0.0|1.0|0.0|1.0|0.0|0.0|0.0|1.0|0.0|0.0|0.0|0
-0.23370400301008962||-0.34184206131053846|-1.7082379662226763|-0.3189046826368948|1.498467326916633|1.0301682856238368||-0.33049817798009795||||-0.25738378488117863|-0.28675225123856424||0.0|1.0|0.0|0.0|0.0|0.0|1.0|0.0|0.0|1.0|0.0|0.0|0.0|0.0|1.0|0
|-0.22244413811979064|-0.37911815784066033|||||2.8811899302525084|0.3724872327463441|||||-0.3039996661114678|0.5115427466400685|1.0|0.0|0.0|0.0|0.0|1.0|0.0|0.0|0.0|0.0|1.0|0.0|0.0|0.0|1.0|0
||-0.32266377976243227|-1.4617721689885792|2.9682261107575103|-0.35272399698399587||-0.3795564285221683|-0.31926361906197004|0.41873278595995794|-0.3057087698310849|3.1945155345673126|-0.25738378488117863|-0.3044575620815449||0.0|1.0|0.0|0.0|0.0|0.0|1.0|1.0|0.0|0.0|0.0|1.0|0.0|0.0|0.0|1
-2.580315025837839|1.1453893284535503|-0.3721851640415797||-0.3497824102349078|-0.37368456384166215|-0.3435437038454842|0.17347232752215108|-0.32655198882606024||-0.3132013786429531||0.7164340437068479|-0.29285753083959204|-1.0552724526192871|0.0|1.0|0.0|0.0|0.0|0.0|1.0|0.0|0.0|0.0|1.0|0.0|0.0|0.0|1.0|0
|-0.22244413811979064|2.5583102798373507|2.440602953884626|-0.3061197945520282|-0.35065665340351376|2.3061852279465733||-1.3751108211846668||-0.3035942912706804|-0.32193301803252367||-0.28049433964751075|-1.0552724526192871|0.0|1.0|0.0|0.0|1.0|0.0|0.0|1.0|0.0|0.0|0.0|0.0|0.0|0.0|1.0|1
|-0.22244413811979064||2.3584476881399272||-0.34749821182222157||2.0835414531148575|-0.32115617916645756|-0.35811393993035406|-0.30768534761581084|-1.3853443420050777|-0.25738378488117863|0.689176692985732||0.0|1.0|0.0|0.0|1.0|0.0|0.0|1.0|0.0|0.0|0.0|0.0|0.0|1.0|0.0|0
-0.22469680918509422|-0.22244413811979064|-0.358206627842784|-0.3522653051064184||||-1.6497241916496228|0.7927765112694991|-1.0397367212226771|||-0.2709090325004568|-0.29331542680966916|-1.0552724526192871|0.0|1.0|0.0|0.0|0.0|0.0|1.0|0.0|0.0|0.0|1.0|1.0|0.0|0.0|0.0|0
|1.8954915520582858|||||3.2033846405172475||||-0.3108570654564176|2.0294634607024062||0.8952298795204208|0.5115427466400685|0.0|1.0|1.0|0.0|0.0|0.0|0.0|0.0|0.0|1.0|0.0|0.0|1.0|0.0|0.0|0
-0.20336398170484193|-0.16949574586533872||-0.34610366017556593||||-0.3869800876163207|1.3545044571758955|-1.4161159488827122||-0.3191208233714704|-0.21680804202334422|-1.9284619359549435|-0.2718648529896093|0.0|1.0|0.0|0.0|0.0|1.0|0.0|0.0|0.0|0.0|1.0|0.0|1.0|0.0|0.0|0
-0.24697776233113547|||||3.151385087792872|-0.34633499090681524||-1.9323087030111727||-0.28065679558281403||2.4070899961166163|-0.31590496133347207||0.0|1.0|0.0|0.0|0.0|0.0|1.0|0.0|0.0|1.0|0.0|0.0|0.0|0.0|1.0|0
-0.22801524901535566|-0.13419681769570413||0.5715706581927226|||||||-0.30079030883188307|-0.3323783124878642|-0.24385853726190052||0.5115427466400685|0.0|1.0|0.0|0.0|1.0|0.0|0.0|0.0|0.0|0.0|1.0|0.0|0.0|0.0|1.0|0
-0.2256449348508832|-1.8991432261774346|-1.3071714089520103|||-1.04838511181624|1.8874921687469255|||-0.3520918722877935|-0.29384930312272917|-0.3637141958538858|-2.326746670630735|-0.3233839288447311||0.0|1.0|0.0|1.0|0.0|0.0|0.0|0.0|0.0|1.0|0.0|0.0|0.0|1.0|0.0|0
0.7025700919565376||-0.3424273140338374|-0.3424066732170545||-0.3625438789912861||-0.3893944691454219|||-1.4508827779910358||-0.9742219087029205|||0.0|1.0|0.0|0.0|1.0|0.0|0.0|0.0|0.0|0.0|1.0|0.0|0.0|1.0|0.0|0
|3.130954037995497|||0.6537437367005149|-0.35682040000458093||||-0.35359738919843364|0.8244800207051296||-0.21680804202334422|-0.299878602380774||0.0|1.0|0.0|0.0|0.0|1.0|0.0|1.0|0.0|0.0|0.0|0.0|1.0|0.0|0.0|0
|-0.22244413811979064|0.7142014584422807|-0.3514437524489714||0.4552245015807324|-0.34753125679024277||-0.2970159710251755||-0.2828632079936709||-0.25738378488117863|||0.0|1.0|0.0|0.0|0.0|1.0|0.0|1.0|0.0|0.0|0.0|0.0|0.0|0.0|1.0|0
-0.2692587154771767|-0.22244413811979064|1.2735680035953778||-0.29845425048428414|0.8217951457125213|-1.3823012459550872|0.7973755918179376|||-0.3108570654564176||1.7308276151527089|-0.3015575542710567||0.0|1.0|0.0|1.0|0.0|0.0|0.0|1.0|0.0|0.0|0.0|0.0|0.0|0.0|1.0|0
-0.24650369949824097|-0.22244413811979064|-0.35757635567923124||-0.3349093686693728|||-0.3944940039638975||-0.36865255830483507|-0.31251187476456027|-0.3404131543765877||||0.0|1.0|0.0|0.0|0.0|0.0|1.0|0.0|0.0|0.0|1.0|0.0|0.0|1.0|0.0|0
0.9040467959366979|-1.2814119832088289||-0.35472996307875937|-0.3399478809388566|1.1481674424460462||-0.3935011741762297||-0.3660179037112148||-0.3287626336379386||||0.0|1.0|0.0|0.0|0.0|0.0|1.0|1.0|0.0|0.0|0.0|0.0|1.0|0.0|0.0|0
-0.2066824215351034|-0.22244413811979064|-0.32538745589778534|||1.3300171092477169|||||1.9047027635204807|0.5731483683712735||-0.30186281825110806||0.0|1.0|0.0|0.0|0.0|0.0|1.0|0.0|0.0|0.0|1.0|1.0|0.0|0.0|0.0|1
|-0.22244413811979064||-0.34815754181918346|-0.32731118439132767|||0.24454991459382297|-0.3181965373009292||-0.30460556362565644|-0.33278005458230037|||-1.0552724526192871|0.0|1.0|0.0|0.0|0.0|0.0|1.0|1.0|0.0|0.0|0.0|0.0|0.0|0.0|1.0|0
-0.23749650567324557|-0.22244413811979064||-0.35514073940748286|-0.31697819265150395|-0.3711386685064388|||2.6360092513315267|-0.36150135297929437|-0.31462635332496486||||0.5115427466400685|1.0|0.0|0.0|0.0|1.0|0.0|0.0|0.0|0.0|0.0|1.0|1.0|0.0|0.0|0.0|0
0.7973826585354366||-0.33063222068734965||1.098655147662286|-0.37023899120752524|-1.4919589519359473|0.25978082610918124|3.290351840649014||0.5911978751822399|-0.3339852808656089|-0.25738378488117863|||0.0|1.0|0.0|1.0|0.0|0.0|0.0|0.0|0.0|1.0|0.0|0.0|0.0|1.0|0.0|0
||||1.3307096231752764|-0.3429806832574643|1.428923580099692||-0.32435742444958005|1.0585774729820172|-1.2061089011615997|-0.3560810960595985|-0.25738378488117863|-0.3155996973534207||0.0|1.0|0.0|0.0|0.0|0.0|1.0|1.0|0.0|0.0|0.0|0.0|0.0|1.0|0.0|0
|-0.22244413811979064|0.9544927207967802|-0.35555151573620636|||||||1.8472441069877494|-0.3460375436986941|-0.24385853726190052|0.5556237017132486||1.0|0.0|0.0|0.0|0.0|0.0|1.0|0.0|0.0|0.0|1.0|0.0|0.0|1.0|0.0|0
|-0.1747905850907839|||-0.32204364883686737|-0.35928972705904566|-0.33955615090072566|-0.3861452080221455|-0.30869346954222604|-0.357737560702694|-0.2948605754777052||-0.18975754678478793||-0.2718648529896093|0.0|1.0|1.0|0.0|0.0|0.0|0.0|0.0|0.0|0.0|1.0|0.0|0.0|0.0|1.0|0
2.7173371317581405|||||||-0.3828282539588008|0.865760877001065|-0.3517154930601335|-0.29509041010383613||-2.326746670630735|||0.0|1.0|0.0|0.0|1.0|0.0|0.0|1.0|0.0|0.0|0.0|1.0|0.0|0.0|0.0|1
|-0.22244413811979064|||-0.31657403391331007||-0.35112005444052546||0.9176049436931427||-0.31917707892235714||-0.2709090325004568|-0.2714890522359947||0.0|1.0|0.0|0.0|0.0|0.0|1.0|0.0|0.0|0.0|1.0|0.0|0.0|0.0|1.0|1
-0.2180599295245713|-0.22244413811979064||0.7769588225544701|||-0.35789889444661505|-0.37526920898451194|2.010860408306667|||-0.38098910591464136|-0.29795952773901313|||0.0|1.0|0.0|0.0|0.0|0.0|1.0|0.0|0.0|1.0|0.0|0.0|0.0|0.0|1.0|0
-0.22422274635219971|-0.16949574586533872|-0.34875254538949224|1.8038996443632085|-0.32593704468146845|1.0696849546684832|||-0.3108276330643077||||-0.25738378488117863|||0.0|1.0|0.0|0.0|1.0|0.0|0.0|0.0|0.0|0.0|1.0|0.0|1.0|0.0|0.0|0
|-0.17655553149926564|-0.35017065775748596||-0.3273785441810267|-0.3614144968500968|-0.3439424591399601|-0.3882662534776176||2.460590096015647|||||-1.0552724526192871|0.0|1.0|0.0|0.0|0.0|0.0|1.0|0.0|1.0|0.0|0.0|0.0|1.0|0.0|0.0|1
|-0.1747905850907839|-0.38762683204862297|-0.3473359891617364|-0.3068068644069578|-0.3489338670864453|-0.3447399697289118||||-0.2951823439542885||1.3926964246707552|0.6052290984715996|1.2949503462697463|0.0|1.0|0.0|0.0|0.0|0.0|1.0|0.0|0.0|0.0|1.0|0.0|0.0|0.0|1.0|0
||-0.3467716900183263||-0.32391625099049903|1.62863340420625|-0.3435437038454842|||-0.35623204379205387||-0.34121663856546003||||0.0|1.0|0.0|0.0|0.0|1.0|0.0|1.0|0.0|0.0|0.0|0.0|0.0|1.0|0.0|0
|-0.22244413811979064|0.6354174379981825|-0.35678384472237684|0.6752988694041888||-1.2527057752504343|0.3020889136518431|2.5212476279743066|0.5410560349494693|-0.31577552645561946|-1.1342555329824686|0.7164340437068479|0.4335181096926921|-0.2718648529896093|1.0|0.0|0.0|0.0|0.0|1.0|0.0|1.0|0.0|0.0|0.0|1.0|0.0|0.0|0.0|0
|||-0.34610366017556593|1.4674499962642082|-0.35735637796989106|-0.33716361913387055|-0.3842046770735221||-1.0115082791481746||-0.3376009597155345|2.7452211865985703||-1.0552724526192871|1.0|0.0|0.0|0.0|0.0|0.0|1.0|0.0|0.0|0.0|1.0|0.0|1.0|0.0|0.0|0
-0.21189711269694286||1.7479603552694833|||-0.3643049494487339|1.3092969917569355|2.9060106749442034|2.2303168459546856|-0.368276179077175||-1.4154749990877908|1.0545652341888017|||0.0|1.0|0.0|0.0|1.0|0.0|0.0|0.0|0.0|1.0|0.0|0.0|0.0|0.0|1.0|0
-0.28300653763111705|||||-0.35611214340756386|-0.3399549061952015|-0.38296363983893733|-0.31463288689141555|-0.35811393993035406|-0.30097417653278785|0.8644113868375001|1.0545652341888017|-0.2899575230291038||0.0|1.0|0.0|0.0|0.0|0.0|1.0|1.0|0.0|0.0|0.0|0.0|0.0|0.0|1.0|0
1.4255159121206422|-0.16773079945685698|0.8273128020798788|||||-0.38131644496394307||-0.35886669838567414||-0.3380027018099706||-1.4438553676233608||0.0|1.0|0.0|0.0|0.0|0.0|1.0|1.0|0.0|0.0|0.0|0.0|0.0|0.0|1.0|0
-0.2502962021613969||||1.9073094229985559|0.8782642527719877|||-0.3088746721054217|-0.36978169598781513||||||0.0|1.0|0.0|0.0|0.0|0.0|1.0|0.0|0.0|0.0|1.0|0.0|0.0|1.0|0.0|0
-0.27731778363638315|-0.22244413811979064||-0.3465144365042894||-0.3601511202175799||-0.38700265192967676|-0.3372429400546013||-0.32418747377201135|0.33210311170956863|-0.20328279440406608|-1.0737227918110495||0.0|1.0|0.0|0.0|0.0|1.0|0.0|0.0|0.0|0.0|1.0|1.0|0.0|0.0|0.0|0
-0.2640440243153373|-0.15184628178052142|-0.3645768786386925||||-0.3455374803178635|-1.2903875014539483|0.5184559642094758|-1.4819823137232182||-0.3400114122821515||-0.29911544243064553||0.0|1.0|0.0|0.0|0.0|0.0|1.0|1.0|0.0|0.0|0.0|0.0|1.0|0.0|0.0|1
|-0.22244413811979064||||-0.3664680033801643|-1.4819900695740509|-0.393343223982737|-0.32665265691672446|-0.36150135297929437||-0.3271556652601939||-0.28583645929841||0.0|1.0|0.0|0.0|0.0|0.0|1.0|0.0|0.0|1.0|0.0|1.0|0.0|0.0|0.0|0
||-1.930127913463558|-0.35596229206492985||-0.3531834066685475|-1.2028613634409522||-0.3007608239978848|2.7240555553776713||-0.3560810960595985|-0.284434280119735|0.2961493186695664||0.0|1.0|0.0|0.0|0.0|0.0|1.0|0.0|0.0|0.0|1.0|1.0|0.0|0.0|0.0|1
|-0.22244413811979064||-0.3592485026947178|-0.329736136820491|-0.3627735838335619|-1.2925813046980197|-0.3896426765923389||-0.3746746259473956||1.165717957664631|||0.5115427466400685|0.0|1.0|0.0|0.0|0.0|0.0|1.0|1.0|0.0|0.0|0.0|0.0|0.0|1.0|0.0|0
1.958836599126949|||-0.34610366017556593||||0.5457834978975752||-1.3878875068082095|-0.309937726951894|-0.32394172850470454|-0.21680804202334422|-0.2826311875078704||0.0|1.0|0.0|0.0|0.0|0.0|1.0|0.0|0.0|1.0|0.0|1.0|0.0|0.0|0.0|0
-0.20478617020352544|||-0.3539084104213124|1.2121563933050694|||1.3750220137337472||-0.367899799849515||||-0.30522072203167333||0.0|1.0|0.0|0.0|0.0|0.0|1.0|0.0|0.0|0.0|1.0|0.0|0.0|1.0|0.0|0
-0.23228181451140612|||-0.35514073940748286|||-1.302550187059916||-0.3194045543889||1.62890121216337|||-0.30857862581223866|-1.0552724526192871|0.0|1.0|0.0|0.0|0.0|0.0|1.0|0.0|0.0|0.0|1.0|0.0|0.0|0.0|1.0|0
1.0107109333379594|||-0.3522653051064184|2.8240761608016904|||2.9962679283685487|2.123608669850603|||0.43253863531861225|-0.284434280119735|-0.3076628338720845|1.2949503462697463|0.0|1.0|1.0|0.0|0.0|0.0|0.0|0.0|0.0|1.0|0.0|0.0|0.0|0.0|1.0|0
-0.22943743751403917||-0.38645632660202495|||1.2429206898848115||-0.39160577185431844||0.3528664211194518|-1.3095344829205164|||0.986809073535838|0.5115427466400685|0.0|1.0|0.0|1.0|0.0|0.0|0.0|1.0|0.0|0.0|0.0|1.0|0.0|0.0|0.0|0
-1.4307126560686891|-0.18185037072471083||-0.35760539737982383|||||-0.28735183432140954|-0.3592430776133342|-0.27293435214481493|-0.3355922492433536||-0.29453648272987465|-0.2718648529896093|1.0|0.0|0.0|0.0|0.0|1.0|0.0|0.0|0.0|0.0|1.0|0.0|0.0|1.0|0.0|0
-0.24223713400219052|-0.22244413811979064|1.940418462354352||-0.31870260326779787|-0.3473259331905147|-1.5517722461073256||-0.3278002731502967|-0.3739218674920755||-0.3380027018099706|-1.3123530991848742||-1.0552724526192871|1.0|0.0|0.0|1.0|0.0|0.0|0.0|0.0|0.0|1.0|0.0|0.0|0.0|0.0|1.0|0
-0.2346521286758786||-0.35669847659428267||-0.3340202194453462||-0.34513872502338766||-0.34777282233807966||-0.33503566812539104|-0.3307713441101195||2.2383913917465397|0.5115427466400685|0.0|1.0|0.0|1.0|0.0|0.0|0.0|1.0|0.0|0.0|0.0|0.0|0.0|1.0|0.0|0
|-0.22244413811979064|-1.3966475464563788|||-0.343325240520878|-0.34513872502338766|-0.37014710985268034||-1.1808789315951902|-0.28635669431086097||-0.20328279440406608|-0.3171260172536776||1.0|0.0|0.0|0.0|0.0|1.0|0.0|1.0|0.0|0.0|0.0|0.0|0.0|0.0|1.0|0
0.584054383732914|-0.22244413811979064|-0.3482798412668276|-0.33788813360109604|-1.3818691080026986|-0.35155633070242726||-0.3783830842276518|||-0.2962855501597169||-0.25738378488117863|-0.2916364749193865|-1.0552724526192871|1.0|0.0|0.0|0.0|0.0|0.0|1.0|1.0|0.0|0.0|0.0|0.0|0.0|0.0|1.0|0
1.2477423497852067||2.213911561896007||-0.33961108199036166|||||0.7668835715454901|-1.078550683658936|-0.33036960201568333|-0.17623229916550978|-0.2891943630789754|-0.2718648529896093|0.0|1.0|0.0|0.0|0.0|1.0|0.0|0.0|0.0|0.0|1.0|0.0|0.0|1.0|0.0|0
|-0.22244413811979064|-0.3347965189108234|-0.3514437524489714|0.9925634788863905|-0.36373068734304437|||-0.3048278148607197||-0.2909074199082533||||-1.0552724526192871|0.0|1.0|0.0|0.0|0.0|1.0|0.0|0.0|0.0|1.0|0.0|0.0|0.0|1.0|0.0|1
-1.33590008948979|-0.22244413811979064|-0.3473569427416253|||-1.2924465067342716|-0.3379611297228223|1.3693809353947257||0.5034181121834658|0.7934523461774546|||-0.2977417545204143|-0.2718648529896093|1.0|0.0|0.0|0.0|0.0|0.0|1.0|0.0|0.0|0.0|1.0|0.0|0.0|0.0|1.0|0
|-0.22244413811979064|-0.3766195789065761|-0.35678384472237684|-0.3542820441867998|||||-0.36978169598781513||||0.6395712962273811|1.2949503462697463|0.0|1.0|1.0|0.0|0.0|0.0|0.0|1.0|0.0|0.0|0.0|1.0|0.0|0.0|0.0|0
|-1.0607936821486126|-0.3531644505343617|1.7422831950546842|||-0.33835988501729813|||-0.35623204379205387|||-0.2709090325004568||1.2949503462697463|0.0|1.0|1.0|0.0|0.0|0.0|0.0|0.0|0.0|0.0|1.0|0.0|0.0|0.0|1.0|0
||||-0.3099727745228099|-0.3468282393655838||-0.3736445784228737||-0.3592430776133342|-0.29577991398222897|2.6119894976348594||1.1928622600705268||1.0|0.0|0.0|0.0|1.0|0.0|0.0|1.0|0.0|0.0|0.0|0.0|0.0|0.0|1.0|0
-1.715150355805386|-0.22244413811979064||||2.7245169225636867|-1.4720211872121545|-0.3932078381026005|-0.3173710589574826||-0.30377815897158517|-0.3380027018099706||||0.0|1.0|0.0|1.0|0.0|0.0|0.0|1.0|0.0|0.0|0.0|0.0|0.0|0.0|1.0|0
-0.2237486835193052|-0.22244413811979064||-0.341995896888331|-0.3406349507937862|-0.33756347739379344|1.508674638994863|2.5810845626165606||||-0.338806185998843|-0.21680804202334422|||0.0|1.0|0.0|0.0|0.0|0.0|1.0|0.0|1.0|0.0|0.0|0.0|0.0|1.0|0.0|0
|0.571781745696988||-0.3526760814351419||-0.33538128139217344|-0.3419486826675808||-0.3417730041344916|||||||0.0|1.0|0.0|0.0|1.0|0.0|0.0|0.0|0.0|0.0|1.0|0.0|0.0|1.0|0.0|0
-0.2356002543416676|-2.163885187449694||||-1.1158609092347547|-0.3375623744283464|||-0.3630068698899345||-0.33278005458230037|-0.2709090325004568|0.8952298795204208||0.0|1.0|0.0|0.0|0.0|0.0|1.0|0.0|0.0|0.0|1.0|0.0|0.0|0.0|1.0|0
-1.9166270597855464|||||-0.3720766299457316|1.4887368742710703|2.127541864159226|-0.3069015775284028|2.4982280187816506||-0.34443057532094945|-0.2709090325004568|3.413657714944394|-0.2718648529896093|0.0|1.0|0.0|0.0|0.0|0.0|1.0|0.0|0.0|1.0|0.0|0.0|0.0|0.0|1.0|0
-0.2531405791587639||-0.3642392328367892||-0.34168576351309027|-0.3543510729501161|||||-0.3063523067842515||-0.25738378488117863|-0.3175839132237547|0.5115427466400685|0.0|1.0|1.0|0.0|0.0|0.0|0.0|0.0|0.0|1.0|0.0|0.0|0.0|1.0|0.0|0
|1.1453893284535503|-0.3487750551096191|2.3995253210122764||-0.3594237215503732|-0.3563038732687116|||||||-0.28675225123856424||0.0|1.0|0.0|0.0|0.0|1.0|0.0|1.0|0.0|0.0|0.0|0.0|1.0|0.0|0.0|0
||3.0940416188572177||-1.2518647138836647|3.005905354351535||0.42788496061202425||-0.3660179037112148|-0.30961595847531065||-0.2709090325004568|-0.3168207532736262|2.0783579458994237|0.0|1.0|0.0|0.0|0.0|0.0|1.0|1.0|0.0|0.0|0.0|1.0|0.0|0.0|0.0|1
1.2951486330746562|||-0.3506221997915244|-0.3094743120790374|-0.3543893570904954|||-0.32035083444114376|0.31522849835344835|0.6176288571872965|-0.3564828381540347|1.3926964246707552|-0.31590496133347207||1.0|0.0|0.0|0.0|0.0|1.0|0.0|0.0|0.0|1.0|0.0|0.0|0.0|0.0|1.0|1
-0.26356996148244277|-0.16596585304837527||-0.35555151573620636|0.8844510164195256|0.7351772781043571|-0.33277731089463614||||0.6486565317149714|||-0.28675225123856424|-1.0552724526192871|0.0|1.0|0.0|1.0|0.0|0.0|0.0|0.0|1.0|0.0|0.0|0.0|0.0|0.0|1.0|1
|||-0.3604808316808883|-0.3139739460309294|-0.3525900024926683|-1.093203657460092||-0.32435742444958005|-0.3517154930601335||1.4268503190481445||-0.3039996661114678||0.0|1.0|0.0|0.0|0.0|1.0|0.0|0.0|0.0|0.0|1.0|0.0|0.0|1.0|0.0|0
|||-1.5952744758237152|-0.3237141716214021|-0.34979526024497953|2.42581181628933|0.7719907392923405|-0.32608891560900477|-0.3611249737516343|-1.1612911490660693|||-1.1042491898161886||1.0|0.0|1.0|0.0|0.0|0.0|0.0|1.0|0.0|0.0|0.0|0.0|0.0|0.0|1.0|0
-0.2834806004640116||-0.34616392757490044||-0.32329654092526844||||-0.3028748539018336|-0.3603722152963143||-0.3315748282989919||2.192601794738831|0.5115427466400685|1.0|0.0|0.0|0.0|0.0|0.0|1.0|0.0|0.0|1.0|0.0|0.0|0.0|0.0|1.0|0
-0.2607255844850758|-0.22244413811979064|3.1863314713774478||||-0.3435437038454842||||-0.30442169592475177|1.687982680431658|-1.3123530991848742|-0.2986575464605684||0.0|1.0|0.0|0.0|0.0|0.0|1.0|1.0|0.0|0.0|0.0|0.0|0.0|0.0|1.0|0
|-0.22244413811979064||2.6870687511187232|||0.6513507558717745|1.6164601666438707|0.5385895823423216||0.5751094513530751|-0.3468410278875665|||-1.0552724526192871|0.0|1.0|0.0|1.0|0.0|0.0|0.0|1.0|0.0|0.0|0.0|0.0|0.0|0.0|1.0|0
|||1.5574338471291111|||-0.34633499090681524|||||-0.3355922492433536||-0.29453648272987465||0.0|1.0|0.0|0.0|0.0|1.0|0.0|1.0|0.0|0.0|0.0|1.0|0.0|0.0|0.0|0
-0.24128900833640152|-0.22244413811979064||0.3661824938309749||-0.36507063225631986||-0.3919442365546597|2.3027978712329302|-0.3645123868005747|-0.2907235522073486|||1.513389439124487|0.5115427466400685|1.0|0.0|0.0|1.0|0.0|0.0|0.0|0.0|0.0|0.0|1.0|0.0|0.0|0.0|1.0|0
-0.24176307116929602|-0.22244413811979064||-0.3522653051064184||0.4193331199751395|0.47191087335763965|1.2125589575699258||||0.7840629679502651|0.7164340437068479|-0.29331542680966916|1.2949503462697463|0.0|1.0|0.0|0.0|0.0|1.0|0.0|0.0|0.0|0.0|1.0|0.0|0.0|0.0|1.0|0
1.579586332811353||||-0.3276345113818828|1.9349065272406427|||-0.3151966281991352|||-0.34443057532094945|-0.9742219087029205|-1.2797759783457383||0.0|1.0|0.0|1.0|0.0|0.0|0.0|0.0|0.0|0.0|1.0|0.0|0.0|0.0|1.0|0
|-0.22244413811979064||-0.35760539737982383|-1.7351712049738552|||0.7432212397633304|-0.3113712407538945|-1.265564257818698|-0.2976185909912763|||-0.2962154346201573|1.2949503462697463|1.0|0.0|0.0|0.0|0.0|1.0|0.0|0.0|0.0|0.0|1.0|0.0|0.0|0.0|1.0|1
0.6077575253776386|||||-0.3570118207064774|-0.34673374620129105||-0.33009550561744105||-0.31683276573582175|-0.34402883322651323||0.6052290984715996|2.8617655455291016|0.0|1.0|0.0|0.0|0.0|0.0|1.0|0.0|0.0|0.0|1.0|0.0|0.0|0.0|1.0|1
-0.24128900833640152||-1.0139823042993303||-0.34062147883584637||-0.34633499090681524|-0.3739379144965028|-0.31261952507813096|-0.3517154930601335|-0.2989056648976095|||||0.0|1.0|0.0|0.0|0.0|0.0|1.0|0.0|0.0|1.0|0.0|0.0|1.0|0.0|0.0|1
|-0.22244413811979064|-0.36847106022064363||-0.34599679005382505|0.6303744438160258|-0.9636081867554391|||0.9833016274500103||1.7884182040407017||||0.0|1.0|0.0|0.0|0.0|0.0|1.0|0.0|0.0|0.0|1.0|1.0|0.0|0.0|0.0|0
|-0.22244413811979064|||-0.31017485389190685|||||-0.3498335969218333||1.0652824340555873||-0.3114786336227269|-1.0552724526192871|0.0|1.0|0.0|0.0|0.0|0.0|1.0|0.0|0.0|1.0|0.0|0.0|0.0|0.0|1.0|0
-0.2706809039758602||-0.3510710465625614|-0.35719462105110034||||2.0169767287144027|-0.3005997550528221||-0.2865405620117657||||0.5115427466400685|1.0|0.0|0.0|0.0|0.0|0.0|1.0|0.0|0.0|0.0|1.0|0.0|1.0|0.0|0.0|0
||-1.1051466708132154|-1.5233886182971035||-0.37778096686224716|-1.3723323635931908|-0.4046705092874924||0.9738921467585093|1.3530996608062589|-1.2949523707569386|1.7308276151527089|-0.3035417701413907|-1.0552724526192871|0.0|1.0|1.0|0.0|0.0|0.0|0.0|1.0|0.0|0.0|0.0|0.0|1.0|0.0|0.0|0
3.2862125312315347|-0.22244413811979064|-0.3443631499647496||-0.3214643546454561||-0.34434121443443594|2.382518605083001|-0.3126396586962638|-0.3690289375324951|-0.2989056648976095|-0.9333844857643814|-1.3123530991848742|0.22746492315800348||1.0|0.0|0.0|0.0|0.0|0.0|1.0|0.0|0.0|1.0|0.0|0.0|0.0|1.0|0.0|0
|||-0.3399420152447135||0.8280163185241576|||-0.3223037954000298|2.1406677525046174|0.5682144125691473||||-0.2718648529896093|0.0|1.0|0.0|0.0|0.0|0.0|1.0|0.0|0.0|0.0|1.0|0.0|0.0|1.0|0.0|0
||-0.32441953793232936|-0.3510329761202479|-0.30117558598812294||-0.324802205005119||-0.3092773444680786|-0.37618014285803575|-0.29545814550564564|1.0652824340555873||||0.0|1.0|0.0|0.0|0.0|0.0|1.0|0.0|0.0|0.0|1.0|0.0|1.0|0.0|0.0|0
-0.22801524901535566|||-0.34774676549045996||-0.350369522350669||||-1.3408401033507051|3.2354452488185412|-1.475736313253217|-0.25738378488117863||-1.0552724526192871|0.0|1.0|1.0|0.0|0.0|0.0|0.0|0.0|1.0|0.0|0.0|0.0|0.0|0.0|1.0|1
-0.2569330818219199|-0.22244413811979064|-0.36784078805709086|||-0.357030962776667||-0.38388877668653687|-0.318619343281719|-0.3712872128984553|||0.37830285322489426|||0.0|1.0|0.0|0.0|0.0|0.0|1.0|1.0|0.0|0.0|0.0|1.0|0.0|0.0|0.0|0
-0.008524157385204567||-1.71403460024546|-0.33953123891599|-1.7149632680641609|-0.952196209113251|-0.3339735767780637||0.575333435434765||||-0.2709090325004568|||0.0|1.0|0.0|1.0|0.0|0.0|0.0|1.0|0.0|0.0|0.0|0.0|0.0|0.0|1.0|0
||||-0.333440925253935|||-0.38009797204271434|-0.33144445803234174|-1.0303272405311763|||-0.24385853726190052|-0.299878602380774||1.0|0.0|0.0|0.0|0.0|1.0|0.0|0.0|0.0|0.0|1.0|1.0|0.0|0.0|0.0|0
-0.2787399721350666|-0.22244413811979064|-0.37605683590340394|-0.3658209239542937|-0.05690204462373736||-0.3471325014957669|||-0.3618777322069544||||||0.0|1.0|0.0|0.0|0.0|1.0|0.0|0.0|0.0|0.0|1.0|0.0|0.0|1.0|0.0|0
-0.2597774588192868|-0.22244413811979064|||||-0.3399549061952015|-0.399345331335456||0.5786939577154727|-0.300514507280526||-0.25738378488117863|||0.0|1.0|0.0|1.0|0.0|0.0|0.0|0.0|0.0|0.0|1.0|1.0|0.0|0.0|0.0|0
0.9396015084037851|-0.22244413811979064|2.4412597351775474|-0.34528210751811894|-0.30850433110737213||0.4120975791862614|||0.5975129190984745|-1.338263811186882|-0.3367974755266621||-0.29575753865008025|-1.0552724526192871|1.0|0.0|0.0|0.0|1.0|0.0|0.0|0.0|0.0|0.0|1.0|0.0|0.0|0.0|1.0|1
-0.291539668623218|-0.22244413811979064|-1.1704248591811826|-0.3530868577638654|-0.33424924273032275|||||||-0.3564828381540347|-0.25738378488117863|||0.0|1.0|1.0|0.0|0.0|0.0|0.0|0.0|0.0|0.0|1.0|0.0|0.0|0.0|1.0|0
|||1.9476713594164317||-0.3576052248823565||-0.384452884520439||1.4443661813335529|-0.30331848971932324|2.511553974025816||-0.28171539556771624||0.0|1.0|0.0|0.0|0.0|0.0|1.0|1.0|0.0|0.0|0.0|1.0|0.0|0.0|0.0|0
-0.243659322500874|-0.22244413811979064|-0.32878642363694505||-0.3056213321082557|-0.3722489085774384||||-0.36564152448355475|-0.3086046861203346|||||0.0|1.0|0.0|1.0|0.0|0.0|0.0|0.0|0.0|0.0|1.0|0.0|0.0|1.0|0.0|0
0.027030555081882547|-0.22244413811979064|-0.3696190559471148|1.7628220114908588|-0.34716885039458734||||-0.3127201931687952|1.8960212545255946|0.8141374625292379||-0.24385853726190052|||0.0|1.0|1.0|0.0|0.0|0.0|0.0|0.0|0.0|1.0|0.0|0.0|0.0|1.0|0.0|0
-2.260322613634055|-1.4579066240570018|-1.3775142843485264|-0.341995896888331|-0.32581579706001035||-0.355107607385284||||2.3115100517722196||-0.23033328964262237|||0.0|1.0|0.0|0.0|0.0|0.0|1.0|0.0|0.0|0.0|1.0|0.0|0.0|1.0|0.0|0
-0.28679904029427306||-0.338600661612267|||||0.5880915854402371|-0.30565329320416634||||-3.0030090515946424|||0.0|1.0|1.0|0.0|0.0|0.0|0.0|1.0|0.0|0.0|0.0|1.0|0.0|0.0|0.0|0
-0.2683105898113877||-0.3393659920965811|1.7422831950546842|||||||||2.4070899961166163|-0.2923996348695149||1.0|0.0|0.0|0.0|0.0|1.0|0.0|0.0|0.0|0.0|1.0|1.0|0.0|0.0|0.0|0
-0.23891869417192907|-0.17832047790774738|||-0.3365394755800881|||-0.3688609439913834|-1.2492757078543808|-0.3584903191580141|-0.30874258689601314|||0.8532560822633545|-0.2718648529896093|0.0|1.0|0.0|1.0|0.0|0.0|0.0|1.0|0.0|0.0|0.0|0.0|1.0|0.0|0.0|0
1.5558831911666284||0.45871613500213365|-0.35021142346280093|3.081390557451799||-0.34075241678415324||-0.3143912834738214|-0.36752342062185495|||-0.25738378488117863|||0.0|1.0|0.0|0.0|0.0|0.0|1.0|0.0|0.0|1.0|0.0|0.0|0.0|0.0|1.0|0
|-0.14831638896355795|-0.34470079576665286|0.9618081704800431||-0.34715365455880787|-1.2327680105266414|||-0.36338324911759456|-1.4543302973829997|||||0.0|1.0|0.0|1.0|0.0|0.0|0.0|0.0|0.0|1.0|0.0|0.0|1.0|0.0|0.0|0
0.44183553386456553|-0.22244413811979064||0.8591140882991692||-0.8942914467895611|-0.34753125679024277||-0.32149845067471594|0.5975129190984745||-0.3376009597155345|-0.23033328964262237|||0.0|1.0|0.0|0.0|0.0|1.0|0.0|0.0|0.0|1.0|0.0|1.0|0.0|0.0|0.0|0
-1.264790664555616|-0.16420090663989353|-0.35719369043707416|3.5086214085657135|||||0.991595990331351|||-0.3367974755266621|||0.5115427466400685|0.0|1.0|0.0|0.0|0.0|0.0|1.0|0.0|0.0|1.0|0.0|0.0|0.0|0.0|1.0|0
|||2.892456915480471|-1.1063675681338652||-0.34513872502338766||0.9422686259058788||-0.29196465918845554|-1.6163460463058783||||0.0|1.0|0.0|0.0|1.0|0.0|0.0|1.0|0.0|0.0|0.0|0.0|0.0|0.0|1.0|0
||||-0.33961108199036166|1.646818370886417||-0.3835051833594834||-0.37279272980909545|1.9138961485657178|-0.3380027018099706|-0.21680804202334422|1.8644430161835863|-0.2718648529896093|0.0|1.0|0.0|0.0|1.0|0.0|0.0|0.0|0.0|0.0|1.0|0.0|0.0|0.0|1.0|0
||-0.33826301581036367|-0.3469252128330129|||-0.3519175650294772|-1.6457754368123079|-0.3074250515998568||-0.2935735015713721||-0.23033328964262237|||0.0|1.0|0.0|0.0|0.0|0.0|1.0|0.0|0.0|0.0|1.0|0.0|1.0|0.0|0.0|0
-0.23133368884561714||-0.32885395279732565|-0.3473359891617364||-1.2900537479605656|-0.34434121443443594|-0.3887175397447394|0.6251641403135583||-0.304973299027466|-2.2189591879601402||||0.0|1.0|0.0|0.0|0.0|0.0|1.0|0.0|0.0|1.0|0.0|1.0|0.0|0.0|0.0|1
||-0.3744136263341413||0.33580552932132335||-0.34793001208471863|||-0.36978169598781513||-1.525954075057739|-0.17623229916550978|||1.0|0.0|0.0|0.0|0.0|0.0|1.0|0.0|0.0|0.0|1.0|0.0|0.0|1.0|0.0|0
||1.6804311948888278|-0.3473359891617364||||-0.3928919377156153||-0.3671470413941949|-0.32239476368819014|-0.3404131543765877|-0.24385853726190052|-0.2994207064106969||0.0|1.0|1.0|0.0|0.0|0.0|0.0|0.0|1.0|0.0|0.0|0.0|0.0|1.0|0.0|0
-0.2175858666916768|-0.22244413811979064||-0.3658209239542937||-0.3700284284354391|-0.35590511797423574||-0.3296525660185185|-0.35811393993035406|-0.31641906340878606||-0.25738378488117863|-0.2986575464605684|-1.0552724526192871|0.0|1.0|0.0|0.0|0.0|0.0|1.0|1.0|0.0|0.0|0.0|1.0|0.0|0.0|0.0|1
-0.2578812074877089|2.1602335133305455|1.3461618510045825||-0.33078694953979515|-0.3601702622877696||1.448356032141028|-1.75060279936224||-0.2881494043946822|2.270508717364111|-0.2709090325004568|-0.28675225123856424||0.0|1.0|0.0|0.0|0.0|1.0|0.0|0.0|0.0|0.0|1.0|0.0|0.0|1.0|0.0|0
-0.23133368884561714|||-0.3522653051064184|-0.30836961152797415||||||-1.4267501422472886|-0.35808980653177935||-0.9287224012866389||0.0|1.0|0.0|0.0|0.0|0.0|1.0|0.0|0.0|0.0|1.0|0.0|0.0|1.0|0.0|0
-0.21948211802325476|-0.22244413811979064|-0.3514987312449722|0.5715706581927226||-0.34171730662494737|||-0.33845095714257206||1.649586328515153|-0.3359939913377898|-0.25738378488117863|0.8112822850062883|-1.0552724526192871|0.0|1.0|0.0|0.0|0.0|1.0|0.0|0.0|1.0|0.0|0.0|0.0|0.0|0.0|1.0|0
|||-0.3608916080096118|-0.32066950912700815|||||0.5034181121834658|-1.0360312778247147||2.4070899961166163|-0.2727101081562002||0.0|1.0|0.0|0.0|0.0|0.0|1.0|1.0|0.0|0.0|0.0|0.0|0.0|1.0|0.0|0
1.6269926161008026|-0.22244413811979064||-0.3740364505287636|-0.291718271514386|-1.5288510735764438||0.7088106618952988|-0.32008909740541674|0.33404745973645006||2.2504216126423024|-1.9886154801487814|-0.2870575152186156|-1.0552724526192871|0.0|1.0|0.0|0.0|0.0|1.0|0.0|1.0|0.0|0.0|0.0|0.0|0.0|0.0|1.0|1
-0.24602963666534647||-0.3593321138491283||-1.1006419860094518||-0.3375623744283464||-0.328927755765736||-0.3156376256799409|||-1.813987943435672|0.5115427466400685|0.0|1.0|0.0|0.0|1.0|0.0|0.0|0.0|0.0|0.0|1.0|1.0|0.0|0.0|0.0|0
-0.23085962601272264|-0.22244413811979064|-0.34591632065350464||-0.3230540456823521||1.6283012273376196|||-0.35284463074311356|0.702667668855739|||-0.29911544243064553|0.5115427466400685|1.0|0.0|0.0|0.0|0.0|0.0|1.0|0.0|0.0|0.0|1.0|0.0|0.0|0.0|1.0|0
1.8166177492586004|-0.22244413811979064|-0.3591295263679863||1.113137502447567|-0.35657155309211547|0.2924709908435048|1.6288705389897182|1.8054975033516403|-0.36225411143461445|-0.30092820960756167|1.687982680431658||-0.2986575464605684|2.8617655455291016|0.0|1.0|0.0|0.0|0.0|0.0|1.0|1.0|0.0|0.0|0.0|0.0|0.0|0.0|1.0|1
||2.4367577911521705||0.35264547674606866|0.8361516983547586|-1.3424257165075015|||||-0.3556793539651623|-0.21680804202334422|-0.3151418013833436||1.0|0.0|0.0|0.0|0.0|0.0|1.0|0.0|0.0|1.0|0.0|0.0|0.0|0.0|1.0|1
|-0.17655553149926564|2.5065379235455145||||-1.6016166579168074|||-0.35547928533673384|-1.400319160242232|-1.6464767033885914|-0.24385853726190052|||0.0|1.0|0.0|0.0|1.0|0.0|0.0|1.0|0.0|0.0|0.0|0.0|1.0|0.0|0.0|0
0.8803436542919731||-0.36016497349382304|-0.35678384472237684||||0.9790183143344324|||-0.3103514292789296|0.6735838919803171|-0.21680804202334422|||1.0|0.0|0.0|0.0|0.0|0.0|1.0|0.0|0.0|1.0|0.0|1.0|0.0|0.0|0.0|0
-0.2758955951376997|-0.22244413811979064||-0.3346019229713081||-1.435533481401902|||||-0.2949525093281576||-1.3123530991848742|||1.0|0.0|1.0|0.0|0.0|0.0|0.0|1.0|0.0|0.0|0.0|1.0|0.0|0.0|0.0|0
-0.2517183906600804|-0.22244413811979064|-0.36023250265420365||-0.33761723221527185|2.921680245517077|-0.3435437038454842|||0.6257413611729771|0.9796183933435045|||-0.3101049457124956||0.0|1.0|0.0|0.0|0.0|0.0|1.0|0.0|0.0|0.0|1.0|1.0|0.0|0.0|0.0|0
1.354406487186468||1.1401979118435832|-0.340352791573437||-0.36769309587230187|0.9205105796429767||-0.33041764350756664|1.6325557951635703||||||0.0|1.0|0.0|0.0|0.0|0.0|1.0|1.0|0.0|0.0|0.0|1.0|0.0|0.0|0.0|0
-0.20336398170484193||||-0.31572530056310294|-0.37012413878638734|||||||2.068958805634663|-0.29285753083959204|-0.2718648529896093|0.0|1.0|0.0|0.0|0.0|1.0|0.0|0.0|0.0|0.0|1.0|0.0|0.0|0.0|1.0|0
|-0.16420090663989353||||1.5300517427295548|||||-0.30869661997078696|1.7080697851534667|-0.09508081344984089|||0.0|1.0|0.0|1.0|0.0|0.0|0.0|0.0|0.0|1.0|0.0|0.0|0.0|1.0|0.0|0
-0.23986681983771804|-0.22244413811979064|-0.9571452609789453|||-0.3565141268815465|||-0.32171992047417725|1.7078316406955771|-0.3082369507185251||-0.23033328964262237|-0.2986575464605684|0.5115427466400685|0.0|1.0|0.0|0.0|0.0|0.0|1.0|1.0|0.0|0.0|0.0|0.0|0.0|0.0|1.0|0
0.5959059545552763|||1.043963436224742||||0.6732718683594628|-0.31312286553145213|-0.35547928533673384||2.4914668693040074||-0.28217329153779336||0.0|1.0|1.0|0.0|0.0|0.0|0.0|1.0|0.0|0.0|0.0|1.0|0.0|0.0|0.0|0
|2.8662120767232375||-0.35760539737982383|-0.3259101007655889|-0.361184792007821|-0.35949391562451843|-0.38804061034405674|-0.3299344366723783|1.369090335801546|2.522957907812671||-0.25738378488117863||0.5115427466400685|0.0|1.0|0.0|1.0|0.0|0.0|0.0|1.0|0.0|0.0|0.0|0.0|1.0|0.0|0.0|0
|-0.22244413811979064|||-0.30516328553830263|-0.3564758427411672|||-0.29621062629986167|-0.36225411143461445|-1.9289388003433614||-0.2709090325004568|||0.0|1.0|0.0|0.0|0.0|1.0|0.0|0.0|0.0|1.0|0.0|0.0|0.0|1.0|0.0|1
-1.5729315059370377|-0.1500813353720397|||-0.32678577803167563|-0.37150236784004215|0.3921598144624686|-0.3983750658611443|1.4883930177593196|-0.3611249737516343|-0.30745551298967994|-0.3376009597155345||||0.0|1.0|0.0|0.0|0.0|1.0|0.0|1.0|0.0|0.0|0.0|0.0|0.0|0.0|1.0|0
|-0.22244413811979064|-0.37049693503206327|1.6190502964376354|1.4364644930026769|1.7616707920243144|-0.3447399697289118|-0.3812036233971626|-0.32757880335083533|-0.35999583606865426|||-0.18975754678478793||-1.0552724526192871|1.0|0.0|0.0|0.0|0.0|0.0|1.0|0.0|0.0|1.0|0.0|0.0|0.0|0.0|1.0|0
2.575118281889792||-0.3405139878230522||0.8470663331365912|-0.356380132390219||0.6067071439590083||-0.3596194568409942||||-0.30232071422118517|-1.0552724526192871|0.0|1.0|0.0|0.0|0.0|0.0|1.0|1.0|0.0|0.0|0.0|0.0|1.0|0.0|0.0|0
2.4566025736661685||-0.029744791751275174||1.0929295655378726|||-0.38693495898960856|||-0.3019394819625377|-0.34081489647102386|1.7308276151527089|||0.0|1.0|0.0|0.0|0.0|0.0|1.0|0.0|0.0|0.0|1.0|1.0|0.0|0.0|0.0|0
|||-0.3526760814351419|0.6267998208209223|-0.35664812137287405|-0.35590511797423574||-0.3293706953646586|-0.3739218674920755|-0.31609729493220273|-0.33478876505448124||||0.0|1.0|0.0|1.0|0.0|0.0|0.0|0.0|0.0|0.0|1.0|0.0|0.0|0.0|1.0|0
|-0.22244413811979064|||||||1.4763128468796123|||-0.3629107116650135|1.0545652341888017|-0.32246813690457693|-1.0552724526192871|0.0|1.0|0.0|1.0|0.0|0.0|0.0|0.0|0.0|0.0|1.0|0.0|0.0|0.0|1.0|0
|-0.22244413811979064||0.8693834965172567|2.2205324450988186||1.7279900509565833|-1.2052072185347225|-0.30307619008316206|-0.367899799849515||||-0.2994207064106969||0.0|1.0|0.0|0.0|0.0|0.0|1.0|1.0|0.0|0.0|0.0|0.0|0.0|0.0|1.0|0
-1.7032987849830237|-0.16596585304837527|1.5588787062036478||-0.32646245104112054|||1.5837419122775456|0.8053600226025277||||1.0545652341888017|||0.0|1.0|0.0|0.0|0.0|0.0|1.0|0.0|1.0|0.0|0.0|0.0|1.0|0.0|0.0|0
||-0.33758772420655714|-0.3518545287776949|-1.653665859438088|-0.3700284284354391||-0.39690838549299867||||-0.34884973835974736||||1.0|0.0|0.0|0.0|0.0|0.0|1.0|0.0|0.0|0.0|1.0|0.0|0.0|1.0|0.0|0
-0.21900805519036026||-0.33470648003031583|||||1.3163547990079227|-0.3204716361499408|-0.3430587708239527||0.3923644258749948|-1.650484289666828|-0.3093417857623671|-0.2718648529896093|0.0|1.0|0.0|0.0|1.0|0.0|0.0|0.0|0.0|1.0|0.0|0.0|0.0|0.0|1.0|0
-0.24128900833640152|-0.22244413811979064||-0.341174344230884|||||-0.32119644640272327|-0.36752342062185495|-1.2865510203074237|0.6233661301757952|-0.23033328964262237|-0.299878602380774||0.0|1.0|0.0|1.0|0.0|0.0|0.0|0.0|0.0|1.0|0.0|0.0|0.0|0.0|1.0|0
|-0.22244413811979064|||0.44998037286109654|-0.3638455397641823|-0.34274619325653255|-0.39070319932007497||0.42814226665145877|0.6348664541471158|2.91329606846199||-0.30735756989203306|0.5115427466400685|0.0|1.0|0.0|0.0|0.0|1.0|0.0|1.0|0.0|0.0|0.0|0.0|0.0|0.0|1.0|0
-0.2502962021613969|-0.22244413811979064||2.194137156650529|-0.3334678691698146|||-1.0297696821911515||0.9362542239925059|-0.28865504057217023|||0.13206992939194387||0.0|1.0|0.0|0.0|0.0|0.0|1.0|0.0|0.0|0.0|1.0|0.0|0.0|0.0|1.0|0
-0.24318525966797952|1.6307495907860263|||-1.207744051630832||0.043248931796095305||-0.30402247013540584||2.4195323260537545|1.3665890048827183|-1.3123530991848742|||0.0|1.0|0.0|0.0|0.0|0.0|1.0|0.0|0.0|1.0|0.0|0.0|1.0|0.0|0.0|0
||-0.3386231713323939|-1.6671603333503269|-0.3156309968575244||-0.34513872502338766||-0.30180777214079285|0.5222370735664675|-0.2877816689928727|-0.3384044439044068||-0.2974364905403629||0.0|1.0|0.0|0.0|0.0|0.0|1.0|0.0|0.0|0.0|1.0|1.0|0.0|0.0|0.0|0
|-0.22244413811979064|-0.3546275823426092|1.577972663565286||||2.075643943440227|-0.31739119257561543||-0.30377815897158517|1.246066376551866||-0.3076628338720845|-0.2718648529896093|0.0|1.0|0.0|1.0|0.0|0.0|0.0|0.0|0.0|1.0|0.0|1.0|0.0|0.0|0.0|0
|-0.22244413811979064||-0.35760539737982383||-0.371234378857387||-1.0839240342457586||-0.36225411143461445||||||0.0|1.0|0.0|1.0|0.0|0.0|0.0|0.0|0.0|0.0|1.0|1.0|0.0|0.0|0.0|0
-0.2171118038587823|-0.22244413811979064||-1.1844981471002198||-0.35787321386501164|||-0.31183431397095|1.8019264476105858||-0.3584915486262156|-0.2709090325004568||-0.2718648529896093|0.0|1.0|0.0|0.0|0.0|0.0|1.0|0.0|0.0|1.0|0.0|0.0|0.0|0.0|1.0|0
-0.2261189976837777|-0.1730256386823022|-0.31888214678111554|-0.34322822587450147|-2.1295627736613905||||1.1813553412334221||||-0.25738378488117863|||0.0|1.0|0.0|0.0|0.0|1.0|0.0|0.0|0.0|0.0|1.0|0.0|1.0|0.0|0.0|0
|-0.22244413811979064||-0.3424066732170545|0.962251573521849|||-0.4115300605477426|||||-0.25738378488117863||-1.0552724526192871|0.0|1.0|0.0|0.0|0.0|0.0|1.0|0.0|0.0|0.0|1.0|0.0|0.0|0.0|1.0|0
|-0.22244413811979064||||-0.3523411555802029|3.36288675830759|-0.3791728351951149|-0.3094988142675399|1.1809007219715286||-1.5661282845013564||-0.2923996348695149||0.0|1.0|0.0|0.0|0.0|1.0|0.0|0.0|0.0|0.0|1.0|0.0|0.0|1.0|0.0|0
-0.25740714465481435||-0.34087414334508237|||-0.35126919964958253||0.7347596222547981|-0.3144315507100871|-0.36150135297929437||-0.32836089154350245|-0.25738378488117863|-0.2870575152186156||0.0|1.0|0.0|0.0|0.0|0.0|1.0|0.0|0.0|1.0|0.0|0.0|1.0|0.0|0.0|0
||-0.3749538596171866||||-0.3495250332626221|||-1.0867841246801815||-0.3323783124878642|-0.21680804202334422|-0.2911785789493094||1.0|0.0|0.0|0.0|0.0|0.0|1.0|0.0|0.0|0.0|1.0|0.0|0.0|0.0|1.0|0
|-0.22244413811979064||-0.3518545287776949||-0.3655683260812508||2.77965052015012||-1.4819823137232182||0.5932354730930822||||1.0|0.0|0.0|0.0|0.0|0.0|1.0|0.0|0.0|1.0|0.0|0.0|0.0|0.0|1.0|0
|-0.22244413811979064|-0.3366873354014817|-0.3518545287776949|-1.6765681879357415|-0.3667934185733883|-1.7411810109833568|||-0.35886669838567414|-0.3033644566445495|||-0.28949962705902677||1.0|0.0|0.0|0.0|0.0|0.0|1.0|0.0|0.0|0.0|1.0|0.0|0.0|0.0|1.0|0
-0.24697776233113547|-0.16596585304837527||-0.3580161737085473|-0.345471383694173|-0.3446651854341534||0.9006073254220325|||||-0.21680804202334422|||0.0|1.0|0.0|0.0|0.0|0.0|1.0|0.0|0.0|1.0|0.0|0.0|0.0|1.0|0.0|1
2.432899432021444||||-0.33248441624020947||-0.35590511797423574|1.6130755196404578|||-0.3044676628499779|-0.33639573343222595|-0.24385853726190052|-0.29529964268000314||0.0|1.0|0.0|0.0|0.0|0.0|1.0|1.0|0.0|0.0|0.0|0.0|0.0|0.0|1.0|0
1.958836599126949|-0.22244413811979064||3.0156898140975197||0.3394149769333526||-0.39494529023101915|2.0279739837195856|-1.3878875068082095|-0.29633151708494315|-0.3359939913377898||1.963653809700288|-0.2718648529896093|1.0|0.0|0.0|0.0|0.0|0.0|1.0|1.0|0.0|0.0|0.0|0.0|0.0|1.0|0.0|0
|-0.22244413811979064|||1.4984354995257396||-0.3491262779681462|-0.38043643674305566|||-0.2765657392376835|-0.3263521810713216||-0.2850732993482816||0.0|1.0|0.0|1.0|0.0|0.0|0.0|0.0|0.0|1.0|0.0|1.0|0.0|0.0|0.0|1
|-0.18714520995015602||1.9476713594164317|1.773937039394573|-0.34849359947208336||||-0.3607485945239743|-0.2761520369106478|0.5128870542058472|-0.2709090325004568|||1.0|0.0|0.0|1.0|0.0|0.0|0.0|0.0|0.0|0.0|1.0|0.0|0.0|0.0|1.0|0
|-0.22244413811979064|-0.8727338105031258|1.660127929309985|0.6200638418510243||-0.3403536614896774|-0.3746599725238976||||3.2748639534545476||||0.0|1.0|0.0|0.0|0.0|0.0|1.0|0.0|0.0|0.0|1.0|1.0|0.0|0.0|0.0|0
2.669930848468691|-0.22244413811979064|||||-0.33477108736701544|-0.38316671865914215|-0.32025016635047954|2.3476763277176365||0.7539323108675521||||0.0|1.0|0.0|0.0|0.0|1.0|0.0|0.0|0.0|0.0|1.0|0.0|0.0|0.0|1.0|0
||-0.3542224073803253|||1.9109789395035808||-0.4013535552241477||-1.1620599702121885||0.5430177112885604|-0.2709090325004568|-0.3032365061613393||0.0|1.0|0.0|0.0|0.0|0.0|1.0|0.0|0.0|0.0|1.0|1.0|0.0|0.0|0.0|0
-0.27636965797059415|||2.3584476881399272|-0.3297630807363706|0.8505082509969957|-0.3471325014957669|0.20054950354945467|||-0.29784842561740726||-0.23033328964262237|||0.0|1.0|0.0|0.0|0.0|0.0|1.0|1.0|0.0|0.0|0.0|1.0|0.0|0.0|0.0|0
-0.22943743751403917|||-0.35555151573620636|-0.29829258698900657|0.6858864473660096|-0.338758640311774||-0.30816999547077206|||-0.3315748282989919|-0.16270705154623163||-1.0552724526192871|1.0|0.0|0.0|0.0|1.0|0.0|0.0|1.0|0.0|0.0|0.0|0.0|0.0|0.0|1.0|1
-0.2346521286758786|-0.16596585304837527|||-0.3174631831373366|-0.3494124188411865|||-0.3158409039793863||||-0.2709090325004568||1.2949503462697463|0.0|1.0|0.0|0.0|1.0|0.0|0.0|0.0|0.0|0.0|1.0|0.0|1.0|0.0|0.0|0
2.6462277068239666|-0.22244413811979064|0.9308575146635507|||3.0346184596360097|-0.3411511720786291||2.516214223441095|-0.3558556645643939|-0.2863107273856348|0.6635403396194127|||1.2949503462697463|0.0|1.0|0.0|0.0|0.0|0.0|1.0|0.0|0.0|0.0|1.0|1.0|0.0|0.0|0.0|0
|-0.22244413811979064|1.6016471744447296||-0.32558677377503376|-0.36166334376256226|-0.34673374620129105||-0.31823680453719494|||-0.35487586977629|0.7164340437068479|2.3452337847645266||0.0|1.0|0.0|0.0|0.0|0.0|1.0|0.0|0.0|1.0|0.0|0.0|0.0|1.0|0.0|0
||3.1525668911871203|2.1325207073420045|-0.3300594638110461|-1.6307825973363275||-0.3750661301643071|1.5588606812242798|-0.3596194568409942||||-0.3015575542710567|-1.0552724526192871|0.0|1.0|0.0|0.0|0.0|0.0|1.0|1.0|0.0|0.0|0.0|0.0|0.0|0.0|1.0|0
||2.911712885829448||||2.2862474632227805|-0.39133500009404537|-1.232665472894783|-0.357361181475034||-0.34081489647102386|-0.9742219087029205|-0.299878602380774||0.0|1.0|0.0|0.0|0.0|1.0|0.0|0.0|0.0|0.0|1.0|0.0|1.0|0.0|0.0|0
-1.5610799351146751|||-0.34938987080535394||-0.377953245493954||-0.4048510237943411|-0.3317464623043344||-0.31853354196919054|-0.34161838065989625|||-0.2718648529896093|0.0|1.0|0.0|0.0|0.0|0.0|1.0|0.0|0.0|0.0|1.0|0.0|0.0|0.0|1.0|0
-0.24982213932850245||-0.3553253836665427||-0.3326191358196074|-0.3444546226620673|-0.3439424591399601|-0.3712753255204847|-0.33013577285370677|-1.3408401033507051|-0.3168787326610479|-1.003689352290712|-0.25738378488117863|||0.0|1.0|0.0|0.0|0.0|0.0|1.0|0.0|0.0|0.0|1.0|0.0|0.0|0.0|1.0|0
-0.20857867286668139||-0.3601874832139499|-0.33870968625854303|-0.3375633443835126|-0.37052612226036996||-0.39740480038683257|0.992099330784672|-0.357361181475034|-0.2898961475532772|-0.3351905071489174||||0.0|1.0|0.0|0.0|0.0|0.0|1.0|0.0|1.0|0.0|0.0|0.0|0.0|1.0|0.0|1
||0.7901717638705182||||-0.338758640311774|-0.378947192061554||||||-0.3006417623309025|-0.2718648529896093|0.0|1.0|0.0|0.0|0.0|1.0|0.0|0.0|0.0|0.0|1.0|0.0|0.0|0.0|1.0|0
-0.21237117552983734|-0.22244413811979064||0.05810024728835341||||2.7886762454925544|-0.3055123578772364|1.4255472199505512|-0.29159692378664603|3.1141671156800776||||0.0|1.0|0.0|0.0|0.0|0.0|1.0|0.0|0.0|1.0|0.0|1.0|0.0|0.0|0.0|1
||-0.3452410290496981|-0.37567955584365764|-0.32236697582742246||1.7878033451279618|||-0.36225411143461445|0.8543585221021499||-0.2709090325004568|-0.30644177795187894|-0.2718648529896093|0.0|1.0|0.0|0.0|0.0|0.0|1.0|0.0|0.0|0.0|1.0|0.0|0.0|0.0|1.0|0
-1.3003453770227031|-0.22244413811979064|-0.3557080489086997||-1.1929248978970561|0.8686932176771629|||-0.32053203700433935|-0.3645123868005747|-0.3070418106626443|-0.34121663856546003|||-0.2718648529896093|0.0|1.0|1.0|0.0|0.0|0.0|0.0|1.0|0.0|0.0|0.0|0.0|0.0|0.0|1.0|0
|-0.13419681769570413||-0.340352791573437||-0.37211491408611086|-0.3439424591399601|-0.39898430232175863||-0.3596194568409942|||||0.5115427466400685|0.0|1.0|0.0|0.0|0.0|0.0|1.0|0.0|0.0|0.0|1.0|0.0|0.0|1.0|0.0|0
-0.22280055785351624|-0.15890606741444835|-0.3707445419534591|-0.33583425195747857|||0.21271993194833377||-0.30637810345694877||2.3000183204656732|0.7137581014239346||||1.0|0.0|0.0|1.0|0.0|0.0|0.0|0.0|0.0|1.0|0.0|0.0|0.0|0.0|1.0|0
-0.24887401366271344||-0.32718823350793613||2.7385292278839843|-0.3521114507379271|0.9404483443667694|1.8522572412149727|2.5695683114931365||||-0.21680804202334422|-0.30644177795187894|-0.2718648529896093|0.0|1.0|0.0|0.0|0.0|1.0|0.0|1.0|0.0|0.0|0.0|0.0|0.0|0.0|1.0|1
2.978071689850113|-0.22244413811979064|0.966873066866567|1.7422831950546842|-0.31092928353653543|||0.9609668636495634|||-0.3193609466232619||-0.6360907182209669|-0.29331542680966916|-1.0552724526192871|0.0|1.0|0.0|0.0|0.0|1.0|0.0|0.0|0.0|0.0|1.0|0.0|0.0|1.0|0.0|0
|-0.22244413811979064||||-0.36068709818289013|-0.34513872502338766|-0.38754419545022284|-0.30571369405856486||-0.2917807914875508|-0.33197657039342804|1.3926964246707552|-0.290873314969258|-1.0552724526192871|0.0|1.0|0.0|0.0|0.0|0.0|1.0|0.0|0.0|0.0|1.0|0.0|0.0|1.0|0.0|0
|1.2777603090896803||0.4277989431394992|1.2236075575538963|||||-0.37091083367079525|||-0.20328279440406608|-1.5583293601426322|-0.2718648529896093|1.0|0.0|0.0|0.0|0.0|1.0|0.0|1.0|0.0|0.0|0.0|0.0|0.0|1.0|0.0|0
|-0.1747905850907839|-0.34098669194571685|-0.34774676549045996||-0.36788451657419835||-0.3947422114108144|0.908041475080041|-0.35811393993035406|-0.2933436669452411|2.511553974025816|||-1.0552724526192871|0.0|1.0|1.0|0.0|0.0|0.0|0.0|0.0|0.0|0.0|1.0|0.0|0.0|1.0|0.0|0
|-0.22244413811979064||-0.3534976340925889||||||-0.357361181475034||1.0954130911383004||||0.0|1.0|0.0|0.0|0.0|0.0|1.0|0.0|0.0|0.0|1.0|0.0|0.0|1.0|0.0|0
0.09813998001605677|-0.22244413811979064||-1.4104251278981423||2.533096220667191|0.6314129911479817|-0.3951258047378679|-0.33293434577417236|-0.3607485945239743||-0.35527761187072615|2.4070899961166163|0.9791774740345532|-1.0552724526192871|1.0|0.0|0.0|0.0|0.0|0.0|1.0|0.0|0.0|0.0|1.0|0.0|0.0|0.0|1.0|0
-0.9447982523518319|-0.22244413811979064||||-1.3197239567545223|1.767865580404169|3.271552551312802||-0.36865255830483507||-0.34443057532094945|-0.24385853726190052||-0.2718648529896093|0.0|1.0|0.0|1.0|0.0|0.0|0.0|1.0|0.0|0.0|0.0|1.0|0.0|0.0|0.0|0
-0.22943743751403917|1.1895129886655937||3.467543775693364||-0.35928972705904566|-0.33596735325044297|||-0.3558556645643939||1.2862405859954835|-0.25738378488117863||-1.0552724526192871|0.0|1.0|1.0|0.0|0.0|0.0|0.0|0.0|0.0|1.0|0.0|0.0|0.0|1.0|0.0|0
-0.24223713400219052|-0.22244413811979064|0.12219581910519992|||1.588435056807986||-1.4195681954175425|||-0.3103514292789296|-0.3584915486262156|-0.23033328964262237||0.5115427466400685|0.0|1.0|0.0|0.0|0.0|1.0|0.0|0.0|0.0|0.0|1.0|0.0|0.0|0.0|1.0|0
0.6551638086670881|-0.15890606741444835|||-1.455628077723083|-1.625518528034174||2.036156395067076|||-0.30092820960756167|-0.3657229063260667||1.2310202575769507||0.0|1.0|0.0|0.0|0.0|0.0|1.0|0.0|0.0|0.0|1.0|0.0|0.0|0.0|1.0|0
-0.25598495615613087||-0.999350986216855|||0.6069254078337051|0.8706661678334947|-0.3842272413868782|||-0.2993193672246452||-0.23033328964262237||-0.2718648529896093|1.0|0.0|1.0|0.0|0.0|0.0|0.0|0.0|0.0|0.0|1.0|0.0|0.0|0.0|1.0|1
||0.11713113207665074||1.691084498064826||-0.3555063626797599||-0.32449835977651|0.6916077260134832|-0.31108690008254863|-0.3436270911320771|||2.0783579458994237|0.0|1.0|0.0|0.0|0.0|1.0|0.0|0.0|0.0|0.0|1.0|0.0|1.0|0.0|0.0|1
-0.2640440243153373|2.424975474602805|-0.3313975511716637|-0.35021142346280093||-0.3616059175519933|-0.35789889444661505||||-0.29168885763709845||-0.25738378488117863|||0.0|1.0|0.0|0.0|0.0|1.0|0.0|0.0|0.0|0.0|1.0|0.0|1.0|0.0|0.0|0
-0.24697776233113547||-1.4202827525896082|-1.3590780868077053|||-1.5816788931930148|-0.3728773917687668||-0.38558962354953663|-1.398020813980923||-0.24385853726190052|-0.3134628494930609|2.8617655455291016|0.0|1.0|0.0|0.0|0.0|0.0|1.0|1.0|0.0|0.0|0.0|0.0|1.0|0.0|0.0|0
|-0.22244413811979064|-0.3469292580592145|||-0.3703921277690424||-0.39726941450669606|-0.31751199428441246|0.7480646101624885|-1.381932390151758|-0.33920792809327915|-0.17623229916550978|-0.2981996504904914||0.0|1.0|0.0|0.0|0.0|0.0|1.0|0.0|0.0|1.0|0.0|1.0|0.0|0.0|0.0|0
-0.22896337468114467|-0.22244413811979064|||-0.3305444542968788||||-0.32069310594940215|-1.1714694509036894||-0.3657229063260667||0.0519381346284538|1.2949503462697463|1.0|0.0|0.0|0.0|0.0|1.0|0.0|0.0|0.0|1.0|0.0|0.0|0.0|1.0|0.0|0
-0.2517183906600804||3.343899512265644|-0.34363900220322496|-0.32810602990977566|-0.3617781961837001|-1.2726435399742269|||-0.3705344544431352||-0.38098910591464136|-0.29795952773901313|||0.0|1.0|0.0|0.0|0.0|1.0|0.0|0.0|0.0|0.0|1.0|0.0|1.0|0.0|0.0|0
-0.2147414896943098|-0.22244413811979064|-0.3410767308262243|0.9823469869162178||-0.3451437371888947||0.8881969530761851|-0.32761907058710105|||-1.6665638081104|-0.284434280119735||-1.0552724526192871|0.0|1.0|0.0|0.0|1.0|0.0|0.0|0.0|0.0|1.0|0.0|0.0|0.0|0.0|1.0|0
|-0.22244413811979064|-0.3253424364575316|-0.3510329761202479|||-0.3507212991460496||-0.30132456530560453|-0.3626304906622745|||||0.5115427466400685|0.0|1.0|0.0|1.0|0.0|0.0|0.0|0.0|0.0|1.0|0.0|1.0|0.0|0.0|0.0|1
||1.5712590522734347|-0.3518545287776949|1.6277662957477836||-0.33835988501729813|-0.40548282456831153|||-0.30161771348595445||-0.2709090325004568|-0.3093417857623671||0.0|1.0|0.0|1.0|0.0|0.0|0.0|0.0|0.0|0.0|1.0|1.0|0.0|0.0|0.0|0
-0.2346521286758786|-0.22244413811979064|-0.34866250650898467|-1.1947675553183073|-0.3258427409758899|0.4858518138841717||||-0.3652651452558947|-0.31292557709159596|-0.34443057532094945|0.37830285322489426||0.5115427466400685|0.0|1.0|0.0|1.0|0.0|0.0|0.0|0.0|0.0|1.0|0.0|0.0|0.0|0.0|1.0|0
||2.498659521501105|-0.3580161737085473|-1.8348636937283476|0.6653087219121363|-0.34513872502338766|-1.48951756682141||0.7480646101624885|-0.3129715440168222|-0.3287626336379386|-1.3123530991848742|-1.6804349521631885||0.0|1.0|0.0|0.0|0.0|0.0|1.0|0.0|1.0|0.0|0.0|0.0|0.0|1.0|0.0|0
|-0.22244413811979064|3.4429422808239387|-1.3077310457172684|||0.4420042262719505|-0.38851446092453457||-0.36225411143461445|0.2728769179909077|-0.812861857433529||0.10154353138680479||0.0|1.0|0.0|0.0|0.0|1.0|0.0|0.0|0.0|0.0|1.0|0.0|0.0|0.0|1.0|0
-0.2052602330364199||-1.1738013172002153|||||-0.37648768190574056|||||-0.24385853726190052|-0.29652069860020874||0.0|1.0|1.0|0.0|0.0|0.0|0.0|0.0|0.0|1.0|0.0|0.0|0.0|0.0|1.0|0
0.4773902463316526|2.777964756299151||||0.9624893616064456|-0.34314494855100836|0.25696028693967043||||-0.3307713441101195||-0.28949962705902677|2.0783579458994237|0.0|1.0|0.0|0.0|0.0|1.0|0.0|1.0|0.0|0.0|0.0|0.0|0.0|0.0|1.0|0
-0.2654662128140208|-0.22244413811979064|-0.3409191627853362||-1.5691293233658665||-0.3423474379620567|||2.9122451692076887|||0.37830285322489426|||0.0|1.0|0.0|0.0|0.0|0.0|1.0|1.0|0.0|0.0|0.0|0.0|0.0|1.0|0.0|0
-1.5255252226475882|-0.22244413811979064|||-1.0164422488857252|2.638377606710264|-1.3623634812312944|-0.39406528201013186|-1.302629795906422||-0.30653617448515624|||-0.2977417545204143||1.0|0.0|0.0|1.0|0.0|0.0|0.0|0.0|0.0|0.0|1.0|0.0|0.0|0.0|1.0|0
0.22850725906204286|||||-0.3663531509590264|-0.3471325014957669|-0.3932078381026005|||2.426427364837682||||-1.0552724526192871|1.0|0.0|0.0|0.0|0.0|1.0|0.0|0.0|0.0|1.0|0.0|1.0|0.0|0.0|0.0|0
|-0.22244413811979064|||-1.3646923616294584|-1.669545289470368||||-0.3671470413941949|-1.288849366568733|-0.38098910591464136|-0.29795952773901313||2.0783579458994237|1.0|0.0|0.0|0.0|0.0|0.0|1.0|1.0|0.0|0.0|0.0|0.0|0.0|1.0|0.0|0
-0.24176307116929602|-0.22244413811979064|||||0.6413818735098781||-1.3715874380114186|||-0.3432253490376409|1.3926964246707552||-1.0552724526192871|0.0|1.0|0.0|0.0|0.0|1.0|0.0|0.0|0.0|0.0|1.0|0.0|0.0|0.0|1.0|0
|-0.22244413811979064|-0.3608627748177564|0.5099542088841982|-0.33825041423844227||||-0.31845827433665624|||-0.3380027018099706||-0.2969785945702858|-0.2718648529896093|0.0|1.0|0.0|0.0|0.0|0.0|1.0|1.0|0.0|0.0|0.0|0.0|0.0|0.0|1.0|0
|-0.22244413811979064|-0.3594446624497627|-0.3662317002830172|-0.3368089147388841|-0.36279272590375156|||-0.3181361364465307|-0.37618014285803575|-0.3045595967004303|||||1.0|0.0|0.0|0.0|0.0|0.0|1.0|0.0|0.0|1.0|0.0|0.0|0.0|0.0|1.0|0
|-0.22244413811979064||-0.3534976340925889|-0.33512491999640953|-0.3512309155092032|||-0.3081498618526392|-0.3637596283452546||-1.4054314467268865|-0.2709090325004568|||0.0|1.0|0.0|1.0|0.0|0.0|0.0|0.0|0.0|0.0|1.0|1.0|0.0|0.0|0.0|0
-0.24081494550350704|-0.22244413811979064||0.24294959521392628|-0.3433158704238056||1.3292347564807283|-0.37172661178760635||1.369090335801546|-0.3015257796355021|||-0.2722522121861231||0.0|1.0|0.0|0.0|0.0|1.0|0.0|0.0|0.0|0.0|1.0|0.0|0.0|1.0|0.0|0
|||-0.3506221997915244|||0.5516619322528107|-1.6085443197747653|-0.3066398404926758|||||||0.0|1.0|0.0|1.0|0.0|0.0|0.0|0.0|0.0|0.0|1.0|1.0|0.0|0.0|0.0|1
|||-0.33870968625854303|-0.3286583801853073|-0.3515946148428066|1.349172521204521||1.293096921870716|-1.7830856958512462|0.5027115441218335|1.9491150418151715|-0.9742219087029205|-0.29331542680966916|0.5115427466400685|0.0|1.0|0.0|0.0|0.0|0.0|1.0|0.0|0.0|0.0|1.0|0.0|0.0|1.0|0.0|1
-0.2588293331534978|-0.22244413811979064|||-2.0116831416881733||-0.3351698426614913|||-0.35698480224737394|2.6746487610590823||-0.25738378488117863|||0.0|1.0|0.0|0.0|1.0|0.0|0.0|0.0|0.0|1.0|0.0|0.0|0.0|1.0|0.0|1
-0.23370400301008962|3.836932601388189||||-0.35394908947613346|1.9074299334707183|-1.5165947428487137|-0.32594798028207483|-1.3408401033507051|-0.3126038086150127|||-0.29911544243064553|-0.2718648529896093|0.0|1.0|0.0|0.0|0.0|1.0|0.0|0.0|0.0|0.0|1.0|0.0|0.0|0.0|1.0|0
|-0.22244413811979064|||||-0.3575001391521392|-1.407157823071695||-0.3498335969218333|-1.5048939151318033||||0.5115427466400685|1.0|0.0|0.0|0.0|0.0|0.0|1.0|1.0|0.0|0.0|0.0|0.0|0.0|0.0|1.0|0
-0.25930339598639235|-0.22244413811979064|||||2.186558639603817|-0.37989489322250963|-0.3193844207707672|-0.3690289375324951|-0.3058466706067635|1.1155001958601092||||0.0|1.0|0.0|0.0|1.0|0.0|0.0|1.0|0.0|0.0|0.0|0.0|0.0|0.0|1.0|0
|-0.22244413811979064||1.844977277235558|-0.3292376743767186|-0.36995186015468046||-0.39681812823957435|-0.33361888879068907|||-0.3291643757323748||||1.0|0.0|0.0|1.0|0.0|0.0|0.0|0.0|0.0|0.0|1.0|0.0|0.0|0.0|1.0|0
-0.2607255844850758||||-0.31854093977252035||-0.33636610854491883||-0.31928375268010295||-0.3057547367563111||-0.21680804202334422|-0.2962154346201573|0.5115427466400685|0.0|1.0|0.0|0.0|0.0|0.0|1.0|1.0|0.0|0.0|0.0|0.0|0.0|0.0|1.0|0
-0.24697776233113547||-0.3411217502664781|-0.33870968625854303||-0.39755472536815517|-0.385413009765449|-0.42448197641413615|||1.4680169738717217|-0.33358353877117275|-0.21680804202334422|-1.5583293601426322||0.0|1.0|0.0|0.0|0.0|0.0|1.0|1.0|0.0|0.0|0.0|0.0|0.0|1.0|0.0|0
|||1.064502252660917|-0.32980349661019|-0.3388651381666896|||-0.3288270876750718||2.637875220878134||-0.24385853726190052|-0.3323892162562471||0.0|1.0|0.0|0.0|1.0|0.0|0.0|0.0|0.0|1.0|0.0|0.0|0.0|0.0|1.0|0
-0.5773995568585985|-0.22244413811979064|1.2887620646810254|-0.36376704231067625|3.0463634668083284|-0.3724786134197142||-1.05289810338114||-1.0491462019141782|-0.2960097486083599|||3.1999729289084207|0.5115427466400685|0.0|1.0|0.0|0.0|0.0|0.0|1.0|1.0|0.0|0.0|0.0|0.0|0.0|1.0|0.0|1
-0.22848931184825017|||0.2532190034320137||0.6016613385315515|||1.8971054658560884|-0.3551029061090738|||1.0545652341888017|1.6812846281527518|-1.0552724526192871|0.0|1.0|0.0|0.0|0.0|0.0|1.0|0.0|0.0|0.0|1.0|0.0|0.0|0.0|1.0|0
1.7929146076138758||-0.3232040130454775|||-0.3638838239045616|||1.8105309078848517|-1.3972969874997103|0.7681705373030527|-0.34282360694320474|||-1.0552724526192871|0.0|1.0|0.0|0.0|0.0|0.0|1.0|0.0|0.0|0.0|1.0|1.0|0.0|0.0|0.0|1
|3.30744867884367|0.22292681667301117|-0.35678384472237684|-0.3412142449851974||-1.9206208934974915|-0.3849041707875608|-0.3324310053208512||||-1.650484289666828||-1.0552724526192871|0.0|1.0|0.0|1.0|0.0|0.0|0.0|0.0|0.0|1.0|0.0|0.0|0.0|1.0|0.0|0
|||-1.7185073744407637|-0.34374697307787916||0.3921598144624686|-0.37454715095711716|-0.3400012457388012|-0.36225411143461445|||-0.23033328964262237|||0.0|1.0|0.0|1.0|0.0|0.0|0.0|1.0|0.0|0.0|0.0|0.0|0.0|1.0|0.0|0
3.1202905397184613|-0.22244413811979064||-1.4412333525524044|-1.3195613025311408|||||-0.367899799849515|-0.29104532068393185|-0.3275574073546301|||-1.0552724526192871|0.0|1.0|0.0|1.0|0.0|0.0|0.0|1.0|0.0|0.0|0.0|0.0|0.0|0.0|1.0|0
|-0.22244413811979064||-0.3510329761202479|1.4223189371658909|-0.3803268621974705||||0.6916077260134832|-0.3029507543175138|2.5517281834694336|-0.23033328964262237|||0.0|1.0|0.0|1.0|0.0|0.0|0.0|1.0|0.0|0.0|0.0|0.0|0.0|1.0|0.0|0
|-0.16773079945685698|-0.3375201950461765|-0.35719462105110034|-0.31451282434852124|-0.3483978891211351|-0.338758640311774|-0.3752240803577998|0.8989813469202604|-1.2185168543611937|0.9462923725545203|-1.5359976274186433||0.8456244827620698||1.0|0.0|0.0|0.0|0.0|1.0|0.0|0.0|0.0|1.0|0.0|0.0|1.0|0.0|0.0|0
||-0.32351914912725394||2.9251158453501622|-0.34786191115582493||-0.37468253683725367|||-0.3137070148204411|-0.34081489647102386|-0.25738378488117863|-0.299878602380774|-0.2718648529896093|0.0|1.0|0.0|0.0|0.0|1.0|0.0|0.0|0.0|1.0|0.0|0.0|0.0|1.0|0.0|1
||-0.34875254538949224||||1.0700438150714224||-0.31529729628979947||||||-1.0552724526192871|0.0|1.0|0.0|0.0|0.0|1.0|0.0|1.0|0.0|0.0|0.0|0.0|1.0|0.0|0.0|0
1.3188517747193809||-0.3652296605223722|-0.36294548965322926|1.9726484190065676|-0.35553788130187436|-0.34673374620129105|-0.3823769676916791|-0.34302128845872804||-0.33011720712618925|-0.34161838065989625|-0.23033328964262237||-1.0552724526192871|1.0|0.0|1.0|0.0|0.0|0.0|0.0|0.0|0.0|0.0|1.0|0.0|0.0|1.0|0.0|0
-0.24792588799692447|-0.22244413811979064|0.5003591172368713|||||||-0.3558556645643939||-0.32474521269357687||-0.2833943474579989|-1.0552724526192871|1.0|0.0|0.0|0.0|0.0|0.0|1.0|0.0|0.0|0.0|1.0|0.0|0.0|1.0|0.0|0
0.6788669503118129|||-0.36376704231067625|2.9897812434611843|1.9607483219966697|||||-0.30419186129862075|0.030796540882437655|-0.24385853726190052||-0.2718648529896093|0.0|1.0|0.0|1.0|0.0|0.0|0.0|0.0|0.0|1.0|0.0|0.0|1.0|0.0|0.0|0
3.143993681363186|-0.22244413811979064|0.9950102170251736||-0.3097841671116528|||-0.3694927447653538|2.06522117726535|-0.3566084230197139|2.1437307746966434||-0.1221313086883972|-0.3039996661114678||0.0|1.0|0.0|0.0|0.0|0.0|1.0|0.0|0.0|0.0|1.0|0.0|0.0|0.0|1.0|1
2.3617900070872695|-0.22244413811979064|-0.34821231210644693||-0.3253846944059368|1.6659604410760667||0.609527683128519|-0.31020349090218946|-0.3746746259473956|-0.2964234509353955||1.3926964246707552||-0.2718648529896093|0.0|1.0|0.0|1.0|0.0|0.0|0.0|0.0|1.0|0.0|0.0|1.0|0.0|0.0|0.0|0
-0.21948211802325476|||-0.3337803703138611|-0.3086390506867701|-0.36836306832893956||-0.3952386263046483||||0.6233661301757952|-0.23033328964262237||0.5115427466400685|0.0|1.0|0.0|0.0|0.0|1.0|0.0|0.0|0.0|0.0|1.0|0.0|0.0|0.0|1.0|0
|-0.22244413811979064|0.27469917296484714|||-1.3508298208127028||0.530552586382217|-0.3087136031603589||-0.2949065424029314||2.4070899961166163|-0.2923996348695149||1.0|0.0|0.0|0.0|0.0|0.0|1.0|1.0|0.0|0.0|0.0|0.0|0.0|0.0|1.0|1
0.9633046500485097|-0.22244413811979064||1.927132542980257|||1.2893592270331427|-0.38810830328412504|||0.9796183933435045|0.9146291486420218|-0.20328279440406608|-0.2879733071587698|0.5115427466400685|0.0|1.0|0.0|1.0|0.0|0.0|0.0|0.0|0.0|0.0|1.0|0.0|0.0|1.0|0.0|0
-0.2346521286758786||||-1.7526847502955902||-0.34513872502338766|-1.5086972331740836||1.877202293142593||-0.348046254170875|-0.25738378488117863||2.8617655455291016|1.0|0.0|0.0|0.0|0.0|0.0|1.0|0.0|0.0|1.0|0.0|0.0|0.0|1.0|0.0|1
|||-0.3596592790234413|-0.3286583801853073|-1.5905842499380636|-0.3379611297228223||||-0.29371140234705057|-0.34161838065989625||||0.0|1.0|0.0|1.0|0.0|0.0|0.0|0.0|0.0|0.0|1.0|0.0|0.0|0.0|1.0|0
|-0.22244413811979064|-0.3519714353676368|||-0.3577392193736841|-0.3319798003056844||-0.3159617056881834|-0.3694053167601551||-0.34724276998200265|-0.24385853726190052||1.2949503462697463|0.0|1.0|0.0|0.0|0.0|0.0|1.0|1.0|0.0|0.0|0.0|1.0|0.0|0.0|0.0|0
|-0.22244413811979064|-0.3592420749686207||-0.3366068353697871||-0.3439424591399601||-0.318881080317446|-0.36338324911759456|1.6564813672990812||-0.23033328964262237|-0.2986575464605684||0.0|1.0|0.0|0.0|0.0|1.0|0.0|0.0|0.0|0.0|1.0|0.0|0.0|0.0|1.0|0
-0.23986681983771804|-0.22244413811979064|-0.36984415314838365||-0.3473978736795639||-0.34075241678415324|-0.37305790627561547|-0.32951163069158856|-0.3716635921261153||-0.3464392857931303|-0.054505070592006453|-0.30567861800175045||1.0|0.0|0.0|0.0|0.0|1.0|0.0|1.0|0.0|0.0|0.0|1.0|0.0|0.0|0.0|0
|-1.1049173423606558|-0.3414593960683814||-1.5553205664775753||||-0.3142704817650243|-0.3584903191580141|1.8932110322139346|||-1.0928017905642613||1.0|0.0|0.0|0.0|0.0|1.0|0.0|1.0|0.0|0.0|0.0|0.0|0.0|0.0|1.0|0
-0.24792588799692447||1.0591629193867964||-1.1023259807519263|1.6717030621329614||-1.4613121751263023|-0.3064586379294802|-0.3637596283452546|||-0.2709090325004568|||0.0|1.0|0.0|0.0|0.0|1.0|0.0|0.0|0.0|0.0|1.0|0.0|0.0|1.0|0.0|1
-0.23370400301008962||0.9246673416286573|2.276292422395228|2.305405780119535||1.4687991095472774|0.5813222914334112||-0.35886669838567414||-0.34443057532094945||0.5975974989703148||0.0|1.0|0.0|0.0|0.0|0.0|1.0|1.0|0.0|0.0|0.0|1.0|0.0|0.0|0.0|0
-0.29248779428900695|||-1.482310985424754|-0.3243742975604521|-0.3717320726823179|-1.4421145401264654|||0.30581901766194747|-0.3138908825213459|||0.689176692985732||0.0|1.0|0.0|1.0|0.0|0.0|0.0|0.0|0.0|0.0|1.0|0.0|0.0|1.0|0.0|1
|-0.15890606741444835||-1.2255757799725693|-0.3276075674660032|||-0.39318527378924445|-0.32308900650721073|-0.35472652688141376|||-0.2709090325004568|2.955761744867308|3.6451731451587794|1.0|0.0|0.0|0.0|0.0|1.0|0.0|1.0|0.0|0.0|0.0|0.0|1.0|0.0|0.0|1
2.1958680155741965|-0.22244413811979064|-1.8040734807530008|-1.297461637499181|||-0.34434121443443594|-0.39090627814027973|-0.3207333731856678||3.469876567472086|1.7884182040407017|-0.23033328964262237|-0.3188049691439602|-0.2718648529896093|0.0|1.0|0.0|1.0|0.0|0.0|0.0|0.0|0.0|1.0|0.0|0.0|0.0|0.0|1.0|0
-0.23939275700482354||-0.34683921917870697|||||-0.3893042118919976|||-1.5612033985338802||||-1.0552724526192871|0.0|1.0|0.0|0.0|0.0|0.0|1.0|0.0|0.0|0.0|1.0|0.0|1.0|0.0|0.0|0
|||-0.37567955584365764||0.6289387885518021|-0.3435437038454842|1.6322551859931311||-0.3716635921261153|-0.29702102096333594||1.0545652341888017|||0.0|1.0|1.0|0.0|0.0|0.0|0.0|1.0|0.0|0.0|0.0|0.0|0.0|1.0|0.0|1
-0.2441333853337685|-0.22244413811979064|-0.3476495691032748|-0.33870968625854303|0.6655316998978366|-0.37885292279286753|-0.3515188097350013|||0.8609783784604988|3.4147162572006633|-0.34724276998200265|-1.3123530991848742||-0.2718648529896093|0.0|1.0|0.0|1.0|0.0|0.0|0.0|0.0|0.0|0.0|1.0|0.0|0.0|0.0|1.0|0
||||-0.3139065862412304|-1.1718514645394797||-0.39345604554951746|-0.3141698136743601|-0.35999583606865426||-0.34884973835974736||-0.30812072984216154||0.0|1.0|0.0|0.0|0.0|0.0|1.0|1.0|0.0|0.0|0.0|0.0|0.0|0.0|1.0|0
|3.30744867884367|0.44352207391648635|-0.33953123891599||-0.3445694750832052|-1.322487951783709|||-0.3584903191580141||-0.3400114122821515||-0.29911544243064553|-1.0552724526192871|0.0|1.0|0.0|0.0|0.0|0.0|1.0|0.0|0.0|0.0|1.0|0.0|0.0|0.0|1.0|0
|-0.22244413811979064|-0.3353367521938686||-0.3122899512884549|-0.3457179992945842|-0.3319798003056844|||||-0.32514695478801303||-0.283852243428076|-0.2718648529896093|0.0|1.0|0.0|0.0|0.0|0.0|1.0|1.0|0.0|0.0|0.0|0.0|0.0|1.0|0.0|1
|-0.22244413811979064|||-1.0009494972549595||||||-0.30685794296173957|-1.174429742426086|-0.2709090325004568||0.5115427466400685|0.0|1.0|0.0|0.0|0.0|0.0|1.0|0.0|0.0|0.0|1.0|1.0|0.0|0.0|0.0|0
-0.2502962021613969||1.0130179931266816||||3.2033846405172475|-0.3800528434160022|||-0.29941130107509756||-0.13565655630767534|-0.31468390541326646||0.0|1.0|0.0|1.0|0.0|0.0|0.0|0.0|0.0|0.0|1.0|0.0|1.0|0.0|0.0|0
||-0.335651888275645|0.43806835135758654|||-0.3571013838576633|||-0.36338324911759456|-0.9774234481613286|1.547372947378997|-0.2709090325004568|-0.3015575542710567||1.0|0.0|0.0|0.0|0.0|0.0|1.0|0.0|1.0|0.0|0.0|0.0|0.0|0.0|1.0|1
-2.03514276800917|-0.1606710138229301||-0.33870968625854303|-0.3208985324119847|-0.3705452643305596|-0.3459362356123394|-0.39742736470018863||||||-0.2994207064106969|0.5115427466400685|1.0|0.0|0.0|0.0|0.0|0.0|1.0|0.0|0.0|0.0|1.0|0.0|0.0|1.0|0.0|1
-1.4188610852463268||-0.37511142765807476||-0.35275971293960284|-0.35886860151487343|||-0.31547849885299506|3.2509864741017203|||1.3926964246707552|-0.2981996504904914|-1.0552724526192871|0.0|1.0|0.0|0.0|0.0|1.0|0.0|0.0|0.0|0.0|1.0|0.0|0.0|0.0|1.0|0
-0.197675227710108|-0.22244413811979064|-0.3403339100620371|||||-1.5041843705028661||-1.3314306226592043|-0.30501926595269213|0.32205955934866426||-0.3122417935728553||1.0|0.0|0.0|0.0|0.0|1.0|0.0|1.0|0.0|0.0|0.0|0.0|0.0|1.0|0.0|0
-0.25503683049034187|-0.22244413811979064|-0.35410985877969087|1.4342009485120626|-0.33137971568914615|-0.37234461892838666||||2.0653919069726103|-1.5623525716645348||-0.24385853726190052||-1.0552724526192871|0.0|1.0|0.0|1.0|0.0|0.0|0.0|0.0|0.0|1.0|0.0|1.0|0.0|0.0|0.0|0
|-0.22244413811979064|2.904959969791383|||-0.3556910178633916|-0.3483287673791945|-0.3825349178851717|-0.3103444262291194|-0.36338324911759456|||1.3926964246707552|-1.5278029621374931||1.0|0.0|0.0|0.0|0.0|0.0|1.0|0.0|0.0|0.0|1.0|1.0|0.0|0.0|0.0|0
|-0.22244413811979064|-0.34429562080436893||-0.3213969948557571|0.31453028568680835||||-0.3558556645643939|-0.29895163182283574|-0.3540723855874176||-1.0317489945539833||0.0|1.0|0.0|0.0|0.0|1.0|0.0|0.0|0.0|0.0|1.0|0.0|0.0|0.0|1.0|0
|-0.22244413811979064|-1.5637822183985013||2.025862652868763||-0.34872752267367035|-0.3832795402259226||1.6325557951635703||-0.3287626336379386|-0.23033328964262237|||0.0|1.0|0.0|0.0|1.0|0.0|0.0|1.0|0.0|0.0|0.0|0.0|0.0|1.0|0.0|0
2.0536491657058478|-0.22244413811979064||-0.34980064713407744|||-0.34434121443443594|-0.3845205774605073||3.175710628569713|||0.7164340437068479|-0.30476282606159627||1.0|0.0|1.0|0.0|0.0|0.0|0.0|1.0|0.0|0.0|0.0|0.0|0.0|0.0|1.0|1
1.6981020410349768|-0.22244413811979064|-0.3373626270052883|-0.3584269500372708|2.2205324450988186||-0.3435437038454842|0.8972226784186196|-0.317310658103084||-0.30373219204635893||-0.25738378488117863|||1.0|0.0|0.0|0.0|0.0|0.0|1.0|0.0|0.0|0.0|1.0|0.0|0.0|0.0|1.0|1
-0.2711549668087547|||-0.3662317002830172||-0.36554918401106107|0.850728403109702|-0.3924180871351375|||0.6624466092828268|0.5932354730930822|-2.326746670630735|||1.0|0.0|0.0|1.0|0.0|0.0|0.0|1.0|0.0|0.0|0.0|0.0|0.0|0.0|1.0|0
-0.2517183906600804||-0.35370468381740694|-0.35021142346280093|-0.33097555695095227|-0.3545807777923919|-0.338758640311774|||-0.34268239159629266|-0.28883890827307496|||-0.3044575620815449||0.0|1.0|0.0|0.0|0.0|1.0|0.0|0.0|0.0|0.0|1.0|0.0|0.0|1.0|0.0|0
3.2625093895868096||-0.3400412837003876|2.009287808724956|2.0844656699068764|||3.2647832573059765|-0.3090156074323516||-0.2951823439542885|-0.3492514804541835||-0.30857862581223866|-0.2718648529896093|0.0|1.0|0.0|1.0|0.0|0.0|0.0|0.0|0.0|0.0|1.0|0.0|0.0|1.0|0.0|0
3.1676968230079106||||-1.4815615967571905|-0.36554918401106107|1.3092969917569355|-0.3924180871351375|-0.33766574603539107|-0.37693290131335583||-0.3376009597155345||||1.0|0.0|0.0|0.0|0.0|1.0|0.0|1.0|0.0|0.0|0.0|0.0|0.0|1.0|0.0|0
-0.28964341729164|-0.22244413811979064|-0.3416844932696502|-0.3580161737085473||-0.34374636606505027|-0.35231632032395305|2.270825253970374|2.8333187090334158||-1.1647386684580332||1.3926964246707552|0.7922032862530763||0.0|1.0|0.0|1.0|0.0|0.0|0.0|0.0|0.0|1.0|0.0|0.0|0.0|1.0|0.0|0
||-0.3458938109333778||-0.3230271017664725|-0.36859277317121536|-0.34274619325653255|-0.3954642694382091|||||0.7164340437068479|-0.2977417545204143||0.0|1.0|0.0|0.0|0.0|1.0|0.0|0.0|0.0|0.0|1.0|0.0|1.0|0.0|0.0|0
-0.23085962601272264|||-0.3596592790234413||-0.3748139459828515||-0.401692019924489|0.3865807654393361|-0.36413600757291464||-0.3259504389768854||-0.2846154033782045|1.2949503462697463|1.0|0.0|0.0|0.0|0.0|1.0|0.0|0.0|0.0|1.0|0.0|1.0|0.0|0.0|0.0|1
|-0.22244413811979064|-0.32984438048290865|-0.3543191867500359|||1.5485501684424485||0.7615694031635882|-0.38634238200485665|1.9552663812692845|-0.33278005458230037|||1.2949503462697463|0.0|1.0|0.0|1.0|0.0|0.0|0.0|1.0|0.0|0.0|0.0|0.0|0.0|0.0|1.0|0
|-0.22244413811979064||-0.3469252128330129|0.29303206286247024|0.6136251324000824||-0.3839564696266051|||-0.3172464680628574|||||1.0|0.0|0.0|0.0|0.0|1.0|0.0|0.0|0.0|0.0|1.0|0.0|0.0|0.0|1.0|1
0.8210858001801613|||-0.34897909447663045||||||-0.35886669838567414|-0.30322655586887093|||-0.30689967392195605|-0.2718648529896093|1.0|0.0|0.0|1.0|0.0|0.0|0.0|0.0|0.0|1.0|0.0|0.0|0.0|1.0|0.0|0
|-0.22244413811979064|-0.3530068824934735|-0.34610366017556593|-0.33026154318014306||-1.5218655990216363|-0.39948071721559253|-0.3161227746332461|||0.3521902164313773||1.1623358620653876||1.0|0.0|0.0|0.0|0.0|1.0|0.0|0.0|0.0|1.0|0.0|0.0|0.0|0.0|1.0|0
|-0.18008542431622912|2.495283063482072||-0.33674155494918506|||-0.396976078433067|-0.3194045543889||-1.332517945533609|-0.3343870229600451||||0.0|1.0|0.0|0.0|0.0|0.0|1.0|1.0|0.0|0.0|0.0|0.0|0.0|0.0|1.0|0
-0.2166377410258878||1.824493403700893|-0.36376704231067625||-0.3649749219053716||-0.39183141498787927||-1.1432410088291869|||-0.25738378488117863||-0.2718648529896093|0.0|1.0|0.0|0.0|0.0|1.0|0.0|0.0|0.0|0.0|1.0|0.0|0.0|0.0|1.0|0
2.7410402734028656||-0.33691243260275056|-0.340352791573437||||||||0.723801653784839|-0.20328279440406608|-0.31834707317388317||0.0|1.0|0.0|0.0|0.0|0.0|1.0|0.0|0.0|0.0|1.0|0.0|0.0|0.0|1.0|1
-0.26025152165218135|-0.16773079945685698|||-1.481898395705686|-0.3608785188847866||-0.3877247099570716|-0.32705532927938136|-0.35133911383247346|-0.3137070148204411||2.4070899961166163|||0.0|1.0|0.0|0.0|0.0|0.0|1.0|1.0|0.0|0.0|0.0|0.0|0.0|0.0|1.0|0
-0.23939275700482354||-0.3781052204349505|-0.3678748055979112|-0.3558043754339968|0.24466172949458725|||||-0.31053529697983434||-0.25738378488117863|-1.7109613501683276|-0.2718648529896093|0.0|1.0|0.0|0.0|0.0|1.0|0.0|0.0|0.0|1.0|0.0|0.0|1.0|0.0|0.0|0
|-1.5461539444810883|-0.32905654027846765|-0.3469252128330129|-0.30589077126705166|-0.3562461378988914||0.6100917909624213||-0.36677066216653487||||-0.30888388979229003|-1.0552724526192871|1.0|0.0|0.0|0.0|0.0|1.0|0.0|0.0|0.0|1.0|0.0|0.0|0.0|1.0|0.0|0
-1.13442338550963|-0.22244413811979064|1.988814360627155||||-0.3367648638393947|-0.3760138313252628|-0.3123980552786697||-1.5129381270463858|2.0897247748678325|-0.25738378488117863|||1.0|0.0|0.0|0.0|0.0|0.0|1.0|0.0|0.0|0.0|1.0|0.0|0.0|0.0|1.0|0
-0.2569330818219199||-0.34229225571307614|-1.1023428813555207||||||-0.367899799849515||3.475735000672635|-0.23033328964262237|-1.3293813751040893||0.0|1.0|0.0|1.0|0.0|0.0|0.0|1.0|0.0|0.0|0.0|1.0|0.0|0.0|0.0|0
|-0.22244413811979064|0.8678302983082722|-1.513119210079016||-0.37314858587635197||-0.4000222607361386|-1.814023696480704|||-0.322736502221396|-0.24385853726190052||1.2949503462697463|0.0|1.0|0.0|0.0|0.0|0.0|1.0|0.0|0.0|0.0|1.0|0.0|0.0|1.0|0.0|0
-0.23749650567324557|-0.22244413811979064|-1.0578762585467565|-0.3600700553521648||1.3970143549114904|-0.3423474379620567|1.373893798065943|||0.6337172810164612|||-0.29362069078972053|-0.2718648529896093|1.0|0.0|0.0|0.0|0.0|0.0|1.0|1.0|0.0|0.0|0.0|0.0|0.0|0.0|1.0|0
|-0.22244413811979064||3.3443108770763157||||-0.381293880650587|-0.31261952507813096|-0.9456419143076685|-0.2989056648976095|||||0.0|1.0|0.0|1.0|0.0|0.0|0.0|1.0|0.0|0.0|0.0|1.0|0.0|0.0|0.0|1
1.958836599126949||-0.3579590209213882|1.7422831950546842||-0.3683822103991292||-0.3952611906180044|2.022940579186374||||-0.25738378488117863|-0.30232071422118517||0.0|1.0|0.0|0.0|0.0|1.0|0.0|0.0|0.0|0.0|1.0|0.0|0.0|0.0|1.0|0
|||-1.1947675553183073|-0.326893553695194|||-0.37515638741773144||-0.3652651452558947|-0.3264398531080944|-0.31590688661598104|-0.25738378488117863||-0.2718648529896093|0.0|1.0|0.0|0.0|0.0|0.0|1.0|1.0|0.0|0.0|0.0|0.0|0.0|1.0|0.0|0
-0.2616737101508648|-0.22244413811979064|||-1.3424636310287945||||-0.3181361364465307||||-0.2709090325004568|-0.2977417545204143|0.5115427466400685|1.0|0.0|0.0|0.0|0.0|0.0|1.0|0.0|0.0|1.0|0.0|0.0|0.0|0.0|1.0|0
|-0.22244413811979064||-0.342817449545778||0.3054378023467247|-0.32918851324435344||-0.3141496800562273|-0.36150135297929437||-0.34121663856546003|2.068958805634663|0.6777292937338049|-0.2718648529896093|0.0|1.0|0.0|1.0|0.0|0.0|0.0|0.0|0.0|1.0|0.0|0.0|0.0|0.0|1.0|0
|||-0.3341911466425846|-0.319093290048052||-0.34753125679024277|-0.3947873400375266|-1.3212533926793044|-0.37091083367079525||||1.1127304653070367|1.2949503462697463|1.0|0.0|0.0|0.0|0.0|1.0|0.0|1.0|0.0|0.0|0.0|0.0|0.0|0.0|1.0|0
0.4655386755092903||-0.33580945631653325|-1.3898863114619675|0.9669667588007776|-1.2756971953183283||-0.38928164757864153|-0.3162234427239104|||||0.9982564727877651|-1.0552724526192871|1.0|0.0|0.0|0.0|0.0|0.0|1.0|0.0|0.0|1.0|0.0|0.0|1.0|0.0|0.0|0
||-1.7382325493818616||-0.3111448348635722|||||-1.199697892978192|-0.31876337659532145|-0.3540723855874176||-0.3134628494930609|2.8617655455291016|0.0|1.0|0.0|0.0|0.0|1.0|0.0|1.0|0.0|0.0|0.0|0.0|1.0|0.0|0.0|0
1.8995787450151371|-0.22244413811979064|-0.7010971945356261|||0.9840241905698013|||-0.3354711816589109||||-0.25738378488117863|-0.2911785789493094||0.0|1.0|0.0|0.0|0.0|0.0|1.0|0.0|0.0|1.0|0.0|1.0|0.0|0.0|0.0|0
-0.2441333853337685||-0.3536596643771532|1.2082739677141403|-0.3309216691191931|-0.35125005757939287||-0.3780897481540227||-0.3584903191580141|-0.2947686416272528|||0.7502294889960102|-0.2718648529896093|0.0|1.0|0.0|1.0|0.0|0.0|0.0|1.0|0.0|0.0|0.0|0.0|1.0|0.0|0.0|0
0.7855310877130742|-0.22244413811979064||1.660127929309985|-0.3409313338684617||-0.3439424591399601|0.4848598518361422|||-1.4141092378100877||||-0.2718648529896093|0.0|1.0|0.0|0.0|1.0|0.0|0.0|0.0|0.0|0.0|1.0|1.0|0.0|0.0|0.0|0
|||0.5202236171022856||-1.285268230413153||1.3547141317132696||-0.35020997614949334||-0.36009851700396023||||1.0|0.0|0.0|0.0|0.0|0.0|1.0|0.0|0.0|0.0|1.0|0.0|0.0|1.0|0.0|0
|-0.22244413811979064|-1.3268674140630348|-0.3415851205596075|3.454563792384155|0.28916704268552257||0.26372958094649634|0.7026785701250144|0.8233404556944954||-1.5661282845013564|-0.24385853726190052|-0.2923996348695149|-1.0552724526192871|1.0|0.0|0.0|0.0|0.0|0.0|1.0|0.0|0.0|1.0|0.0|1.0|0.0|0.0|0.0|0
-0.23038556317982814||-0.36273108158828793||2.2259212282747374|-0.345890277926291|-0.34274619325653255|-0.37271944157527415|-1.5110127435813754|0.41873278595995794|-0.2979863263930858|-0.35246541720967295|-0.20328279440406608|-0.3117838976027783||0.0|1.0|0.0|0.0|0.0|1.0|0.0|0.0|0.0|1.0|0.0|0.0|1.0|0.0|0.0|0
-0.22280055785351624|-0.22244413811979064|1.8965245081069257|-0.35596229206492985|||0.8606972854715984|-0.3955319623782774|-0.3084317325064991|-1.6325340047872323||-1.8473477506066787||1.1623358620653876|-0.2718648529896093|0.0|1.0|0.0|0.0|0.0|0.0|1.0|1.0|0.0|0.0|0.0|0.0|0.0|1.0|0.0|0
-0.2261189976837777||-0.3335584843038447|-0.35678384472237684|-0.31047123696658235||0.4120975791862614|-0.3795789928355244|-1.4224248237968542|1.5572799496315632|||-0.25738378488117863|-0.959248799291778||0.0|1.0|0.0|0.0|0.0|0.0|1.0|0.0|0.0|0.0|1.0|0.0|0.0|1.0|0.0|0
-0.24318525966797952|-0.22244413811979064||-1.4412333525524044|-0.33023459926426346|-0.37071754296226644|-0.3319798003056844|0.9203510996086081||-0.35811393993035406|-0.29835406179489526|||-1.5964873576490561||0.0|1.0|0.0|0.0|0.0|0.0|1.0|1.0|0.0|0.0|0.0|1.0|0.0|0.0|0.0|0
-0.21284523836273184||||||-0.3503225438515738|||-0.35811393993035406|-0.2858510581333729|1.005021119890161||-0.2841575074081274||0.0|1.0|0.0|0.0|0.0|0.0|1.0|1.0|0.0|0.0|0.0|1.0|0.0|0.0|0.0|1
|||-1.215306371754482|-0.3244012414763317|-0.3561887116883225||1.6480502053423915|||-0.31292557709159596|3.55608341955987||0.6700976942325201|-0.2718648529896093|0.0|1.0|0.0|0.0|0.0|0.0|1.0|1.0|0.0|0.0|0.0|0.0|0.0|0.0|1.0|0
-0.26594027564691525|-0.22244413811979064|1.5453728741275166|-0.35596229206492985|0.12564298546050184|-0.36043825127042467|0.8806350501953911|-1.3541316866848923|0.8073733844158123|-1.2749737385101991||-1.395387894365982||||0.0|1.0|0.0|0.0|0.0|1.0|0.0|0.0|0.0|0.0|1.0|0.0|0.0|0.0|1.0|0
-0.2346521286758786|1.233636648877637|-0.3552128350659083|-1.2871922292810936|-0.332511360156089|||-0.40245920657859596|-0.3134852706578433||1.9345812649175012|-0.3693385851759922|-0.20328279440406608|0.8494402825127122|-1.0552724526192871|0.0|1.0|0.0|0.0|0.0|0.0|1.0|0.0|0.0|0.0|1.0|0.0|0.0|0.0|1.0|0
-0.2441333853337685||0.23361893373328163|-1.430963944334317|-0.3407696703731842|1.5960918848838457|2.844504875488978||||||-0.2709090325004568|-0.283852243428076||0.0|1.0|0.0|0.0|0.0|0.0|1.0|1.0|0.0|0.0|0.0|0.0|1.0|0.0|0.0|1
|||||1.5128238795588702||3.404682000113711|||-0.33434616424699826|||-0.29362069078972053||0.0|1.0|0.0|1.0|0.0|0.0|0.0|1.0|0.0|0.0|0.0|0.0|0.0|1.0|0.0|0
|-0.18361531713319257|-0.3437328778011968|0.6845341485916837|||||-0.3335383543181577|-0.3690289375324951|-0.9705284093774008|||-0.276831171886894|0.5115427466400685|0.0|1.0|0.0|0.0|0.0|1.0|0.0|0.0|0.0|0.0|1.0|0.0|1.0|0.0|0.0|0
-0.25598495615613087|5.425384369021746||0.797497638990645|||-0.35231632032395305|||-0.3652651452558947|-1.617512881935957|1.7884182040407017|-0.24385853726190052|-0.29652069860020874||0.0|1.0|0.0|0.0|0.0|0.0|1.0|0.0|0.0|0.0|1.0|0.0|1.0|0.0|0.0|0
|4.719405805629054|-1.6279349207601241||-0.3156309968575244||2.4856251104607083|-0.3696732592722025|1.685702475461208|-0.35811393993035406||-0.3432253490376409|-0.21680804202334422|0.6281238969754539||0.0|1.0|0.0|0.0|0.0|1.0|0.0|0.0|0.0|0.0|1.0|0.0|0.0|0.0|1.0|0
2.7647434150475902|-0.22244413811979064|2.9882459342608576||0.49275383931994965|-0.35306855424740957|1.6283012273376196|1.8037439674993871|-0.30527075445964225||-0.2913670891605151|-0.3307713441101195||||0.0|1.0|0.0|1.0|0.0|0.0|0.0|0.0|0.0|1.0|0.0|1.0|0.0|0.0|0.0|0
2.883259123271214||-0.3518138673267486|-0.3469252128330129|-1.2919437887545586||-0.33955615090072566||0.6775115474589573|||-0.34402883322651323|||-1.0552724526192871|0.0|1.0|0.0|0.0|0.0|1.0|0.0|0.0|0.0|0.0|1.0|0.0|0.0|0.0|1.0|0
-0.7314699775493092|-0.22244413811979064||-0.34610366017556593|-1.4620272577444862|-0.3655108998706818|-0.3459362356123394||-0.3142704817650243|-1.4537538716487155||-0.32474521269357687|-0.23033328964262237|2.5436553717979304||0.0|1.0|0.0|1.0|0.0|0.0|0.0|1.0|0.0|0.0|0.0|1.0|0.0|0.0|0.0|0
-0.26262183581665377|-0.22244413811979064|||-0.33248441624020947|1.0218297791943594|0.5217552851671216|-0.3960283772721113|-0.3098209521576654|-0.3739218674920755|-0.2960097486083599|0.8744549391984044||||1.0|0.0|0.0|0.0|0.0|0.0|1.0|0.0|0.0|0.0|1.0|0.0|0.0|0.0|1.0|0
1.7573598951467886||-0.36358645095310954|-0.3514437524489714|-0.34102563757404025|-0.3781638082660402|||-0.32417622188638445|-0.35999583606865426|||2.068958805634663|||1.0|0.0|0.0|0.0|0.0|0.0|1.0|0.0|0.0|1.0|0.0|1.0|0.0|0.0|0.0|0
1.3070002038970185|-0.22244413811979064|-1.1991247523429611|||-0.34973783403441056|0.2924709908435048|0.7731189549601448|||-0.3016636804111806|-0.3263521810713216|-0.25738378488117863||-0.2718648529896093|0.0|1.0|0.0|0.0|1.0|0.0|0.0|0.0|0.0|0.0|1.0|0.0|0.0|0.0|1.0|0
-0.25740714465481435|-0.14831638896355795|2.413122585018941||-1.7910798304240096|-0.3648600694842337||-0.3917185934210988|0.6941217824185549|-0.36564152448355475|-0.32377377144497566|-0.3359939913377898||-0.29499437869995176||0.0|1.0|0.0|0.0|0.0|0.0|1.0|1.0|0.0|0.0|0.0|0.0|1.0|0.0|0.0|0
|-0.22244413811979064|-0.8704828384904373||-0.3464548366237782|-0.35513589782789173||-0.38197081005126954|3.479607851097764||||-0.25738378488117863|||0.0|1.0|0.0|0.0|0.0|0.0|1.0|0.0|0.0|1.0|0.0|1.0|0.0|0.0|0.0|1
|||-0.34774676549045996|||0.6513507558717745|-0.3842723700135904||-0.36338324911759456||-1.3250830278396517|-0.23033328964262237|||0.0|1.0|0.0|0.0|0.0|0.0|1.0|1.0|0.0|0.0|0.0|0.0|0.0|0.0|1.0|0
-0.23939275700482354||0.5059865472685926|-0.33747735727237255||-0.35107777894768605|||||-0.29412510467408626|0.27184179754414245||2.3452337847645266|-1.0552724526192871|0.0|1.0|1.0|0.0|0.0|0.0|0.0|1.0|0.0|0.0|0.0|0.0|0.0|0.0|1.0|0
|-0.1730256386823022||-1.3590780868077053|-0.34089091799464233|-0.37046869604980104|0.37222204973867584||-0.31008268919339244||-0.2962855501597169|0.9045855962811175|-1.3123530991848742|||0.0|1.0|0.0|0.0|1.0|0.0|0.0|0.0|0.0|1.0|0.0|0.0|0.0|0.0|1.0|0
||-0.35381723241804136||||||-0.3272969326969755|1.0115300695245129||-0.338806185998843|0.37830285322489426|-0.2977417545204143|-0.2718648529896093|0.0|1.0|0.0|0.0|0.0|0.0|1.0|1.0|0.0|0.0|0.0|0.0|0.0|0.0|1.0|0
-0.2502962021613969|-0.22244413811979064|-0.3554379322671771||||-0.3307835344222569|-1.3693625982002504||0.3810948631939544|1.1772761718161007|-0.338806185998843|-0.24385853726190052|||0.0|1.0|0.0|0.0|0.0|0.0|1.0|1.0|0.0|0.0|0.0|0.0|0.0|0.0|1.0|0
|-0.22244413811979064||0.4586071677937613|-0.34471695404954444||-0.3399549061952015|-0.3861903366488577|-0.3163442444327074|-0.3607485945239743|-0.3027209196913829|-0.35487586977629|2.4070899961166163|||0.0|1.0|0.0|0.0|0.0|0.0|1.0|0.0|0.0|1.0|0.0|0.0|0.0|0.0|1.0|0
-0.2256449348508832||||2.1167983689623875||-0.34314494855100836|-0.3884693322978224|-0.3300552383811754|-1.4161159488827122||-0.34764451207643887|-0.2709090325004568||-1.0552724526192871|0.0|1.0|1.0|0.0|0.0|0.0|0.0|0.0|0.0|1.0|0.0|0.0|0.0|1.0|0.0|0
-0.2095267985324704||||-0.31984771969268055|1.0830844038012375|0.3921598144624686|||-0.37015807521547517||-1.2849088183960342||||0.0|1.0|0.0|0.0|0.0|1.0|0.0|0.0|0.0|0.0|1.0|0.0|0.0|1.0|0.0|0
|||-0.3604808316808883|||-0.35351258620738063|||1.8019264476105858|||-0.9742219087029205|1.414178645607785||0.0|1.0|1.0|0.0|0.0|0.0|0.0|0.0|0.0|0.0|1.0|0.0|0.0|1.0|0.0|0
|-0.22244413811979064||||-0.3545042095116333|||||||0.7164340437068479||0.5115427466400685|0.0|1.0|0.0|1.0|0.0|0.0|0.0|0.0|0.0|0.0|1.0|0.0|0.0|1.0|0.0|1
-1.5966346475817623|-0.22244413811979064|-0.3839577476679406|0.5510318417565477|-0.14985855440833148|-0.3480916159981007|||||-0.3227165321647734||||-0.2718648529896093|0.0|1.0|0.0|0.0|1.0|0.0|0.0|0.0|0.0|0.0|1.0|0.0|0.0|0.0|1.0|0
-0.2512443278271859|-0.22244413811979064|-1.3606319942533625|-0.3604808316808883|-0.3265028669149399||1.4089858153758992||0.5441263273288541||-0.32685355543513006|-0.329566117826811|-1.9886154801487814|0.9791774740345532||1.0|0.0|0.0|0.0|0.0|0.0|1.0|1.0|0.0|0.0|0.0|1.0|0.0|0.0|0.0|0
-0.24792588799692447|-0.22244413811979064|0.6821251072614692|0.8283058636449071|-0.32252863932270004|0.35425008133033103|0.3124087555672976|-0.39435861808376094||-0.35472652688141376|-0.30782324839148945|-0.32474521269357687||-0.2833943474579989||0.0|1.0|0.0|0.0|0.0|0.0|1.0|1.0|0.0|0.0|0.0|1.0|0.0|0.0|0.0|0
|||-0.3596592790234413||-0.3577200773034944|-1.8209320698785278|-0.38456570608721946||0.9550731853755077|||-0.25738378488117863|-0.276831171886894||0.0|1.0|0.0|0.0|0.0|1.0|0.0|0.0|0.0|0.0|1.0|1.0|0.0|0.0|0.0|0
-0.2450815109995575||-0.35255668809093577|-1.3385392703715306||||-0.38842420367111025|||1.9276862261335734||||2.0783579458994237|1.0|0.0|0.0|0.0|0.0|1.0|0.0|0.0|0.0|0.0|1.0|0.0|0.0|0.0|1.0|1
|-0.22244413811979064|-0.3507334007606581|-0.34815754181918346||||-0.3791728351951149|-0.3164650461415045|-1.265564257818698|-1.4083633721568145|||-0.276831171886894|-0.2718648529896093|0.0|1.0|0.0|1.0|0.0|0.0|0.0|1.0|0.0|0.0|0.0|1.0|0.0|0.0|0.0|0
|-0.22244413811979064|-0.3591070166478594|-0.3514437524489714||0.5729482332470771|3.1635091110696623|-0.3855811001882433|1.987706747453894||-0.2971589217390145|||2.3147073867593875||0.0|1.0|0.0|1.0|0.0|0.0|0.0|0.0|0.0|0.0|1.0|0.0|0.0|1.0|0.0|0
|-0.22244413811979064||-0.34774676549045996||-0.3605339616213729|-0.3375623744283464|-0.38738624525673027||-0.3558556645643939|-0.2927460969173007||-0.16270705154623163|-0.3122417935728553|-1.0552724526192871|0.0|1.0|0.0|0.0|0.0|1.0|0.0|1.0|0.0|0.0|0.0|0.0|0.0|0.0|1.0|0
1.3781096288311927|-0.22244413811979064||-0.341995896888331||-1.5125803139152416|-0.34633499090681524||0.4082244049321453|-0.35999583606865426|-0.3138908825213459|1.4469374237699533|||-1.0552724526192871|0.0|1.0|0.0|0.0|0.0|0.0|1.0|0.0|0.0|0.0|1.0|0.0|0.0|0.0|1.0|0
|-0.22244413811979064||-0.3608916080096118|-0.3259101007655889|-1.3422158892273606|-0.33477108736701544|3.3618098047371467|||-0.3064442406347039|3.5159092101162526||-0.30109965830097957||1.0|0.0|0.0|0.0|0.0|0.0|1.0|0.0|0.0|1.0|0.0|0.0|0.0|1.0|0.0|0
||||-0.3057560516876537||1.089981579795215|||1.5008230654825583||-0.3380027018099706|||0.5115427466400685|1.0|0.0|0.0|0.0|0.0|0.0|1.0|0.0|0.0|0.0|1.0|1.0|0.0|0.0|0.0|0
-0.2365483800074566|-0.22244413811979064||-0.34938987080535394|-0.3445148746804475|-0.3470005179972907|||-0.31684758488602854||0.708413534509012||-0.25738378488117863|||0.0|1.0|0.0|0.0|0.0|0.0|1.0|1.0|0.0|0.0|0.0|0.0|0.0|0.0|1.0|0
-0.23986681983771804||1.7434584112441063|-0.3596592790234413|-0.3227037747759174||||3.02458808129545|||||-0.3117838976027783|1.2949503462697463|0.0|1.0|0.0|0.0|0.0|0.0|1.0|0.0|0.0|0.0|1.0|1.0|0.0|0.0|0.0|0
-0.23797056850614007|-0.1606710138229301|-1.0522488285150353|-0.3514437524489714|-0.33905873171483003||-0.34314494855100836||||-0.30281285354183524|0.8041500726720738|-0.2709090325004568|||0.0|1.0|0.0|0.0|1.0|0.0|0.0|1.0|0.0|0.0|0.0|0.0|0.0|1.0|0.0|0
1.935133457482224|-0.22244413811979064||0.612648291065072||1.4151993215916574|||-2.1306248416197033||-0.27252064981777924|2.9936444873492256|-1.9886154801487814|3.123656933895573|1.2949503462697463|0.0|1.0|0.0|0.0|0.0|0.0|1.0|0.0|0.0|0.0|1.0|0.0|0.0|0.0|1.0|0
1.8403208909033253||-0.3382405060902368||-0.3152403100772702|-0.3617590541135105||-0.38860471817795894|-0.30102256103361186||-0.28700023126402757|-0.33117308620455566||0.937203676777487||0.0|1.0|0.0|0.0|0.0|1.0|0.0|1.0|0.0|0.0|0.0|0.0|0.0|0.0|1.0|0
-0.23891869417192907|||||||||-0.3618777322069544||||||0.0|1.0|0.0|0.0|0.0|0.0|1.0|1.0|0.0|0.0|0.0|0.0|0.0|1.0|0.0|0
0.4536871046869279|0.8806473671812909|-0.3454436165308401|-0.33747735727237255|-0.3225690551965194|-0.3752350715270238|-0.355107607385284||-0.3293706953646586||1.1186683421527146|-1.606302493944974|0.37830285322489426|||0.0|1.0|0.0|0.0|0.0|1.0|0.0|0.0|0.0|1.0|0.0|0.0|0.0|0.0|1.0|0
-0.23133368884561714|-0.22244413811979064|-0.327030665467048|-0.3407635679021605|-0.30382956170226283|||-0.37899232068826616|||-1.431346834769907|-0.3460375436986941|-0.2709090325004568|-0.30522072203167333||1.0|0.0|0.0|0.0|0.0|1.0|0.0|1.0|0.0|0.0|0.0|0.0|0.0|1.0|0.0|1
|-0.17126069227382046|-0.34422809164398827|3.0156898140975197||0.8859210808478474|0.5416930498909143|-0.37303534196225935|||-0.3106272308302867||-0.21680804202334422|-0.30644177795187894|1.2949503462697463|0.0|1.0|1.0|0.0|0.0|0.0|0.0|0.0|0.0|1.0|0.0|0.0|0.0|0.0|1.0|0
-0.2142674268614153|||-0.35555151573620636||-0.35653326895173615|-0.3459362356123394|-0.3833697974793469||-1.4349349102657138|||-0.23033328964262237||1.2949503462697463|1.0|0.0|0.0|0.0|0.0|0.0|1.0|0.0|0.0|0.0|1.0|0.0|0.0|0.0|1.0|0
-0.26356996148244277||-0.36570236464503675||0.20647473309927933|-1.2278420198442044|-0.34753125679024277|||-0.3539737684260937|||-0.24385853726190052|-0.2994207064106969|-1.0552724526192871|0.0|1.0|0.0|0.0|0.0|1.0|0.0|1.0|0.0|0.0|0.0|0.0|0.0|0.0|1.0|0
-1.2173843812661664|-0.1853802635416743||||-0.354848766775047|-0.3539113415018565|-0.3817000382909965|2.1387088834502372|-0.3652651452558947||||1.6202318321424738|0.5115427466400685|0.0|1.0|0.0|0.0|0.0|1.0|0.0|0.0|0.0|1.0|0.0|0.0|1.0|0.0|0.0|0
|||||-0.36683170271376764|0.8806350501953911|-0.39370425299643447|-0.3139080766386331|-1.2279263350526948|0.783109788001563||||-0.2718648529896093|0.0|1.0|0.0|1.0|0.0|0.0|0.0|0.0|0.0|0.0|1.0|0.0|0.0|0.0|1.0|0
||-0.35343456717588434|0.8591140882991692|||||-0.3220219247461699||||2.4070899961166163|||1.0|0.0|0.0|0.0|0.0|1.0|0.0|1.0|0.0|0.0|0.0|0.0|0.0|0.0|1.0|1
-0.24081494550350704|-0.1624359602314118||0.7769588225544701||2.077514950153532||||-0.36150135297929437|1.0635080318812924|||-0.3151418013833436||1.0|0.0|0.0|0.0|0.0|0.0|1.0|1.0|0.0|0.0|0.0|0.0|0.0|0.0|1.0|0
|-0.22244413811979064|-0.31953492866479516||1.3808926665010175||-0.33955615090072566|0.476962342161512||0.6916077260134832|||1.3926964246707552|-0.3059838819818018||0.0|1.0|0.0|1.0|0.0|0.0|0.0|0.0|0.0|0.0|1.0|1.0|0.0|0.0|0.0|1
-0.2531405791587639||-0.3447683249270335||0.7389538706697261|||-0.39501298317108746|2.2635373158738807||-0.2915049899361937|-0.3512601909263644|-0.23033328964262237|-0.3105628416825727|0.5115427466400685|0.0|1.0|0.0|0.0|0.0|0.0|1.0|1.0|0.0|0.0|0.0|0.0|0.0|1.0|0.0|0
||-0.3718925376799302|||-1.3738003050402823||-0.3853554570546825|-0.3341222292440102|-0.35547928533673384|0.8750436384539333|0.944759805724735|-0.25738378488117863|-0.313920745463138||0.0|1.0|0.0|0.0|1.0|0.0|0.0|0.0|0.0|1.0|0.0|0.0|0.0|0.0|1.0|0
|6.837341495807131|-0.3645318591984387|-0.3686963582553582|0.8383095604757235||1.189670403414179||-0.32449835977651|-0.36338324911759456|||-0.25738378488117863|||0.0|1.0|0.0|0.0|1.0|0.0|0.0|1.0|0.0|0.0|0.0|0.0|1.0|0.0|0.0|0
2.124758590640022||1.6432901566794673|-1.297461637499181|||-1.4022390106788798||-0.3234916788698677||||||0.5115427466400685|0.0|1.0|0.0|0.0|0.0|0.0|1.0|1.0|0.0|0.0|0.0|0.0|0.0|1.0|0.0|0
-0.244607448166663|-0.17126069227382046|0.8199971430386411|0.48941539244802346|2.0925488446707545||-0.3419486826675808|||-0.3584903191580141||1.055238881694683|-0.2709090325004568|1.1318094640602485|-1.0552724526192871|0.0|1.0|0.0|0.0|0.0|0.0|1.0|0.0|0.0|0.0|1.0|0.0|1.0|0.0|0.0|0
0.9751562208708722||-0.3686736477017856|||1.6717030621329614||-0.40374537243989284||-0.3671470413941949|-0.30313462201841856|0.944759805724735|-0.25738378488117863|||0.0|1.0|1.0|0.0|0.0|0.0|0.0|0.0|0.0|0.0|1.0|0.0|0.0|0.0|1.0|0
-0.2512443278271859|-0.22244413811979064|2.5718161119134817||-0.33596018138867684|-0.36409438667664773|-1.6614299520881857|||-0.36865255830483507|-1.29804275161397||2.4070899961166163|0.47167610719911607|2.8617655455291016|0.0|1.0|0.0|0.0|1.0|0.0|0.0|1.0|0.0|0.0|0.0|0.0|0.0|0.0|1.0|1
-1.264790664555616||0.373741941523142|-1.4412333525524044|0.4092277000932129|-0.3521688769484961||-0.3790148850016222|2.0239472600930166|||-0.31068423938831075||-0.26889430840555784||1.0|0.0|0.0|0.0|0.0|0.0|1.0|0.0|0.0|0.0|1.0|1.0|0.0|0.0|0.0|0
|||0.4791459842299361||-0.34891472501625564||2.0124638660431855|-0.32234406263629545|3.2133485513357165||-0.357286322342907|||3.6451731451587794|0.0|1.0|0.0|0.0|0.0|0.0|1.0|1.0|0.0|0.0|0.0|1.0|0.0|0.0|0.0|0
-1.8336660640290097|-0.22244413811979064|-0.342314765433203|0.2532190034320137|-1.533428634825406||-0.3483287673791945|1.4145095621068982|-0.3311827209966148|||||-0.2911785789493094||0.0|1.0|0.0|0.0|0.0|0.0|1.0|1.0|0.0|0.0|0.0|0.0|0.0|1.0|0.0|0
|||||||-0.39717915725327174||-0.3505863553771534|-0.27987535785396883||||-1.0552724526192871|0.0|1.0|0.0|0.0|0.0|0.0|1.0|0.0|0.0|1.0|0.0|0.0|0.0|1.0|0.0|0
|-0.22244413811979064|||||-0.34673374620129105||0.5758367758880862|0.7857025329284919|1.5737409018919477|0.834280729754787|-0.2709090325004568|||0.0|1.0|0.0|0.0|0.0|1.0|0.0|0.0|0.0|0.0|1.0|0.0|0.0|0.0|1.0|0
-0.20288991887194746|-0.22244413811979064||-0.37116101622769915|-0.3404598153405688|||-0.3817000382909965|2.0903881999314073|2.6487797098456642||1.6277213662662318|-0.20328279440406608|||0.0|1.0|0.0|0.0|0.0|1.0|0.0|0.0|0.0|1.0|0.0|0.0|0.0|0.0|1.0|0
||-0.33502161611209225||-0.31196662429789973|-0.36830564211837064||-0.39517093336458003|-1.1647145116964288||-0.31223607321320324|-0.3359939913377898|-0.18975754678478793|1.963653809700288|1.2949503462697463|0.0|1.0|0.0|0.0|0.0|0.0|1.0|0.0|0.0|0.0|1.0|0.0|0.0|0.0|1.0|0
-0.25598495615613087|-0.22244413811979064|-0.3513861826443378|-0.35760539737982383|-1.3027213551063956|0.9586609475685155|0.5416930498909143||-0.30508955189644665|||-0.3464392857931303||||0.0|1.0|0.0|0.0|0.0|0.0|1.0|0.0|0.0|0.0|1.0|0.0|0.0|1.0|0.0|0
0.8921952251143356|1.057142008029464|2.0158260247794173|-0.3415851205596075|-0.3171668000626611|2.969535420991201|-0.3527150756184289|||-1.3408401033507051|||-1.3123530991848742|-0.3044575620815449|-0.2718648529896093|1.0|0.0|0.0|0.0|0.0|0.0|1.0|0.0|0.0|0.0|1.0|0.0|0.0|0.0|1.0|0
-1.1225718146872674||-0.35593314610996857|||||-0.39187654361459145||-1.0397367212226771||-0.3432253490376409||-0.30232071422118517|1.2949503462697463|0.0|1.0|0.0|0.0|0.0|1.0|0.0|0.0|0.0|0.0|1.0|0.0|0.0|0.0|1.0|0
|-0.22244413811979064||||-0.3596151422522697||-0.3864611084091307||3.13807270580371|-0.2939872038984077|||-0.2911785789493094|-0.2718648529896093|0.0|1.0|0.0|0.0|0.0|0.0|1.0|1.0|0.0|0.0|0.0|0.0|0.0|0.0|1.0|0
|-0.22244413811979064|-0.3663551465287164|-0.3534976340925889|0.18997158462302902|-0.35391080533575414||-0.3807523371300409||-0.35811393993035406||-0.3384044439044068||||1.0|0.0|0.0|0.0|0.0|0.0|1.0|0.0|0.0|0.0|1.0|1.0|0.0|0.0|0.0|0
|-0.22244413811979064|||0.7116731558416387|-1.1038971153662236|-1.1829235987171596|-0.3961637631522478|1.7914039706586482|0.3999138245769562|||0.37830285322489426||-1.0552724526192871|0.0|1.0|0.0|0.0|0.0|0.0|1.0|1.0|0.0|0.0|0.0|1.0|0.0|0.0|0.0|0
-0.2801621606337501|-0.22244413811979064|-0.3372725881247808|||||-0.3718619976677429||-0.3551029061090738|-0.2951823439542885|-0.348046254170875|0.7164340437068479|3.0320777398801555|0.5115427466400685|1.0|0.0|0.0|0.0|1.0|0.0|0.0|0.0|0.0|0.0|1.0|1.0|0.0|0.0|0.0|1
|-0.22244413811979064|-0.3580940792421496|-0.3686963582553582|||||-1.3121932645195238|-0.3652651452558947||0.6735838919803171|-0.2709090325004568|||0.0|1.0|0.0|1.0|0.0|0.0|0.0|0.0|0.0|0.0|1.0|0.0|0.0|0.0|1.0|0
-0.2071564843679979||1.7535877853012047|||||-0.3767133250393014|-1.4435651228363422|1.143262799205525|-0.3007443419066569|-1.445605656170504|||-0.2718648529896093|0.0|1.0|0.0|1.0|0.0|0.0|0.0|0.0|0.0|1.0|0.0|0.0|1.0|0.0|0.0|0
|6.131362932414438|-0.32183092011773756|1.7833608279270337|-0.2985485541898627|-0.36583631506390585|-0.33955615090072566||||0.6325681078858065|||||0.0|1.0|0.0|0.0|0.0|0.0|1.0|0.0|0.0|0.0|1.0|0.0|1.0|0.0|0.0|0
2.3617900070872695|||||-0.3609168030251659||-0.3877698385837837||-0.3705344544431352|-0.31559165875471473|-0.34081489647102386||||0.0|1.0|0.0|0.0|0.0|1.0|0.0|0.0|0.0|1.0|0.0|0.0|0.0|0.0|1.0|0
|-0.22244413811979064|-0.347807137144163|-0.34404977853194846||0.5207860919802821||-1.3445418535085556||0.7762930522369911|0.5107557560364159|-0.33278005458230037|2.4070899961166163||-1.0552724526192871|0.0|1.0|0.0|0.0|0.0|0.0|1.0|0.0|0.0|1.0|0.0|1.0|0.0|0.0|0.0|0
-0.244607448166663|-0.22244413811979064||0.5715706581927226|||1.6083634626138268|1.5690751085960897|-0.31952535609769706|1.8583833317595913|||||-1.0552724526192871|0.0|1.0|0.0|0.0|0.0|0.0|1.0|0.0|0.0|0.0|1.0|1.0|0.0|0.0|0.0|0
||-0.3492702689524106|0.9515387622619557|-0.32646245104112054|-0.36110822372706236|-0.3423474379620567||1.1018275496086813|-0.37505100517505563||-0.33920792809327915|-0.2709090325004568||-1.0552724526192871|0.0|1.0|0.0|0.0|0.0|0.0|1.0|0.0|0.0|0.0|1.0|0.0|0.0|1.0|0.0|0
0.9751562208708722|1.1895129886655937||-0.3522653051064184|-0.33535394328138607|-0.35699267863628775|-0.32759349206645|-0.38384364805982474||2.1971246366536223||-0.348046254170875||0.5022025052042551||0.0|1.0|0.0|0.0|0.0|1.0|0.0|0.0|0.0|0.0|1.0|0.0|0.0|0.0|1.0|0
0.8921952251143356||-0.36002991517306165||-0.33741515284617485|1.8123972780268858||-0.38018822929613877|-0.3192032182075715|||-0.33036960201568333||-1.6384611549061223||0.0|1.0|0.0|0.0|0.0|0.0|1.0|1.0|0.0|0.0|0.0|0.0|0.0|0.0|1.0|0
-0.23844463133903457|-0.22244413811979064|-0.34411554304335384|-0.34815754181918346||||-0.38093285163688956||||-0.3279591494490663|0.37830285322489426|-0.28675225123856424||0.0|1.0|0.0|1.0|0.0|0.0|0.0|1.0|0.0|0.0|0.0|1.0|0.0|0.0|0.0|0
1.2003360664957572|-0.19949983480952815|-0.33999626426013385|0.23268018699583892||-0.36286929418451014||-0.38973293384576324|-0.32282726947148377||-0.30938612384917974||||-1.0552724526192871|0.0|1.0|0.0|0.0|0.0|0.0|1.0|1.0|0.0|0.0|0.0|0.0|0.0|1.0|0.0|0
-0.26594027564691525||-1.6324368647855012||-1.632110726734414||-0.35949391562451843|0.7105029853970053|||0.9589332769917212|0.5731483683712735|-0.284434280119735|-0.30186281825110806||0.0|1.0|0.0|0.0|0.0|1.0|0.0|0.0|0.0|1.0|0.0|0.0|0.0|0.0|1.0|0
-0.2365483800074566||||-0.3358524057251585|2.9197660384981123||2.8992413809373776||0.6163318804814762|-1.398020813980923|-0.3343870229600451||||1.0|0.0|1.0|0.0|0.0|0.0|0.0|1.0|0.0|0.0|0.0|0.0|0.0|1.0|0.0|0
-0.25835527032060335||-1.2750950577711988|-0.35596229206492985|-0.32999210402134715|-0.3595960001820801|||-0.28439219245588127|0.5975129190984745|-0.26990053507988665|3.2748639534545476||0.5975974989703148|-0.2718648529896093|0.0|1.0|1.0|0.0|0.0|0.0|0.0|1.0|0.0|0.0|0.0|0.0|0.0|0.0|1.0|0
-0.24650369949824097||-0.3633838634719676|||0.47532367527986447|-0.3423474379620567|-0.38950729071220236||2.9122451692076887||-0.3367974755266621||||0.0|1.0|0.0|0.0|0.0|0.0|1.0|1.0|0.0|0.0|0.0|0.0|0.0|0.0|1.0|0
|||-0.34404977853194846||1.4486979444235442||3.2760654139840186|-0.323974885705056|||-0.3359939913377898|||-1.0552724526192871|0.0|1.0|0.0|0.0|0.0|0.0|1.0|0.0|0.0|1.0|0.0|0.0|0.0|1.0|0.0|0
-0.27826590930217215|-0.1730256386823022|-1.355004564221641|-0.34610366017556593|-0.32673189019991644||-0.3355685979559671||||||-0.20328279440406608|-0.2974364905403629||1.0|0.0|1.0|0.0|0.0|0.0|0.0|1.0|0.0|0.0|0.0|0.0|0.0|1.0|0.0|0
-0.23180775167851164|-1.634401264905175||0.6229176992831594|||-0.34992378855709794||-0.31058602964671356|1.4067282585675496|-0.296791186337205|||||0.0|1.0|0.0|0.0|0.0|1.0|0.0|1.0|0.0|0.0|0.0|0.0|0.0|1.0|0.0|0
|-0.22244413811979064|-0.3568560446351709||-0.3341818829406238|0.5227002989992471|-0.34753125679024277|-0.3875893240769351||||-0.3436270911320771|-0.25738378488117863|-0.30277861019126223||0.0|1.0|0.0|0.0|0.0|0.0|1.0|1.0|0.0|0.0|0.0|1.0|0.0|0.0|0.0|1
-1.5729315059370377|-0.22244413811979064|||||1.4687991095472774|0.6354766434880184|||-0.2979863263930858|-0.32474521269357687||2.5436553717979304||1.0|0.0|0.0|0.0|0.0|0.0|1.0|0.0|0.0|0.0|1.0|0.0|0.0|0.0|1.0|1
-0.2270671233495667|-0.22244413811979064|0.3940006896373387|-0.34856831814790695||-0.37211491408611086||-1.0619238287235744|-0.3030963237012949|0.7292456487794867||-0.3323783124878642|0.37830285322489426|||0.0|1.0|0.0|0.0|0.0|0.0|1.0|0.0|0.0|0.0|1.0|0.0|0.0|0.0|1.0|0
2.124758590640022|-0.22244413811979064||-0.3424066732170545|-0.31230342324639465|-0.3594237215503732|-0.3459362356123394|-0.38628059390228203||-0.36677066216653487|||-0.284434280119735|-0.299878602380774||1.0|0.0|0.0|0.0|0.0|1.0|0.0|0.0|0.0|0.0|1.0|0.0|0.0|0.0|1.0|0
|-0.22244413811979064||-1.2461145964087441||||1.507023246866852||||||-0.30476282606159627|-0.2718648529896093|0.0|1.0|0.0|0.0|0.0|1.0|0.0|0.0|0.0|1.0|0.0|1.0|0.0|0.0|0.0|0
|-0.22244413811979064||||||0.5830146149351176|-0.32260579967202246|-0.36752342062185495|3.2768154815221076|-0.32836089154350245||-1.6918823514151158|0.5115427466400685|0.0|1.0|0.0|0.0|0.0|0.0|1.0|0.0|0.0|0.0|1.0|1.0|0.0|0.0|0.0|0
|-0.16420090663989353||1.660127929309985|-0.3255194139853348|-0.360419109200235||-0.3872734236899498|-0.30684117667400423||-0.29297593154343166|-0.36009851700396023||1.7957586206720235||0.0|1.0|0.0|0.0|0.0|0.0|1.0|0.0|0.0|0.0|1.0|0.0|1.0|0.0|0.0|0
1.674398899390252|-0.22244413811979064||0.6434565157193342||-0.36685084478395724|-0.34872752267367035||-0.31048536155604933|1.0115300695245129|-0.2966992524867526||||-1.0552724526192871|0.0|1.0|0.0|0.0|0.0|0.0|1.0|1.0|0.0|0.0|0.0|0.0|0.0|0.0|1.0|0
1.9825397407716736|-0.1853802635416743|-0.3324780177377542|-0.35472996307875937|-0.30938000837345886||1.1099193445190079|-0.3753143376112241|-0.32592784666394203|-0.37279272980909545||-0.3376009597155345||-0.29652069860020874||0.0|1.0|0.0|0.0|0.0|0.0|1.0|0.0|0.0|0.0|1.0|0.0|0.0|1.0|0.0|0
|-0.22244413811979064||-0.36212393699578227|-0.32717646481192975|||2.229081274261614|2.513194180721168|||-0.3468410278875665||1.414178645607785|-0.2718648529896093|0.0|1.0|1.0|0.0|0.0|0.0|0.0|0.0|0.0|0.0|1.0|1.0|0.0|0.0|0.0|0
-0.291539668623218|-0.22244413811979064|-0.3465691025371843||-0.3237141716214021|-0.358562328391839|2.186558639603817||-0.3235319461061334|-0.3663942829388748||-0.32434347059914076|-0.25738378488117863|||1.0|0.0|0.0|0.0|0.0|1.0|0.0|0.0|0.0|0.0|1.0|1.0|0.0|0.0|0.0|0
-0.25645901898902534|0.5276580854849447|1.9179087422274665|-0.3592485026947178|-0.319160649837751|-0.3590791642869595||||-0.36338324911759456|||-1.9886154801487814|-0.29453648272987465|-1.0552724526192871|0.0|1.0|1.0|0.0|0.0|0.0|0.0|0.0|0.0|0.0|1.0|0.0|0.0|0.0|1.0|0
-0.25740714465481435||-1.657197556925075|0.8283058636449071|-0.31443199260088245||-1.462052304850258|0.4481928426325019|-0.30331779350075627|-0.35999583606865426|||-0.2709090325004568|-1.3103023763508772|1.2949503462697463|1.0|0.0|1.0|0.0|0.0|0.0|0.0|0.0|0.0|1.0|0.0|0.0|1.0|0.0|0.0|0
||-0.3500130897165978|-0.3465144365042894|3.5205763862891564|0.27911745583595654||-0.3973596717601204|-0.3069217111465356|-1.4819823137232182|-0.29302189846865784|-0.338806185998843|-1.3123530991848742|1.8262850186771624|2.0783579458994237|0.0|1.0|0.0|0.0|0.0|0.0|1.0|0.0|0.0|0.0|1.0|0.0|0.0|0.0|1.0|1
-0.24176307116929602|-0.22244413811979064||||-1.4666393454600826|-0.33477108736701544|-0.3816323453509282|-0.30724384903666113|-0.3607485945239743|-0.2933896338704673||-0.21680804202334422|||0.0|1.0|0.0|1.0|0.0|0.0|0.0|1.0|0.0|0.0|0.0|0.0|0.0|1.0|0.0|0
-0.245555573832452||-0.362708571868161||-0.34013648835001375|-0.3596725684628387||-0.386528801349199|-0.3005796214346892||-1.8163198335392077|1.9692021465369802|0.37830285322489426|-0.29285753083959204||0.0|1.0|0.0|0.0|0.0|0.0|1.0|0.0|0.0|0.0|1.0|0.0|0.0|0.0|1.0|1
-0.2853768517955895||0.5228688373637564|-1.4206945361162295|3.3413993456898665||0.9902927561762513|||-0.3705344544431352|0.4245677712373187|1.6678955757098493|-0.1491818039269535|-0.29911544243064553||1.0|0.0|0.0|0.0|0.0|1.0|0.0|1.0|0.0|0.0|0.0|0.0|0.0|0.0|1.0|0
-0.23844463133903457|-0.19420499558408294|||1.1602893552368538||-0.3411511720786291||-1.1707545971362823|-0.357361181475034|-0.31196027166184614|||-0.31804180919383174|0.5115427466400685|0.0|1.0|0.0|0.0|0.0|0.0|1.0|0.0|0.0|1.0|0.0|0.0|0.0|0.0|1.0|0
-0.24176307116929602|-0.17832047790774738|||-0.3269878574007726|-0.37651759022973025|-0.3403536614896774|-0.40340690773955157|-1.1918948961757705||-1.2026613817696359|-0.3460375436986941|||1.2949503462697463|1.0|0.0|0.0|0.0|0.0|0.0|1.0|0.0|0.0|0.0|1.0|0.0|0.0|1.0|0.0|0
-0.24223713400219052|-0.22244413811979064|-0.3455111456912207|-0.36253471332450576||-0.3676739538021122|-0.35949391562451843|-0.39453913259060963||||-0.34764451207643887||||0.0|1.0|0.0|0.0|0.0|0.0|1.0|1.0|0.0|0.0|0.0|1.0|0.0|0.0|0.0|0
||-0.31566325680297097|1.660127929309985||-0.35345139565120254||1.7845643011467138||-1.3784780261167087|-0.2954121785804194|-1.1643861900651817|-0.23033328964262237|2.8794457498544603||0.0|1.0|0.0|1.0|0.0|0.0|0.0|0.0|0.0|1.0|0.0|0.0|0.0|0.0|1.0|1
||1.0118925071203375|-0.36335626598195275|||-0.3543100967963323||-0.32620971731780185||-0.31287961016636984|-1.4255185514486952||||0.0|1.0|0.0|0.0|0.0|1.0|0.0|0.0|0.0|0.0|1.0|0.0|0.0|1.0|0.0|0
|||-0.35514073940748286|-0.33244400036639005|0.6964145859703168||-0.4025494638320203|-0.33480677226052696|0.5128275928749666||1.908940832371554||||0.0|1.0|0.0|0.0|0.0|1.0|0.0|0.0|0.0|0.0|1.0|0.0|0.0|1.0|0.0|0
-0.2360743171745621|-0.22244413811979064|||-1.4687632367143844||-0.3435437038454842|-0.3849041707875608|-0.3008413584704162|-0.36488876602823467|-0.2868163635631228|-0.3376009597155345|-0.25738378488117863|-0.29652069860020874||0.0|1.0|0.0|0.0|0.0|0.0|1.0|1.0|0.0|0.0|0.0|0.0|0.0|1.0|0.0|0
2.243274298863646|1.3660076295137666|0.6956309393376003|||-1.25703367688342|-0.3491262779681462|-0.3900262699193923||-0.3543501476537537|-0.3109949662320962|-0.3396096701877154|-0.2709090325004568|-1.4018815703662946|-0.2718648529896093|0.0|1.0|0.0|0.0|0.0|0.0|1.0|0.0|0.0|1.0|0.0|0.0|1.0|0.0|0.0|0
-0.2654662128140208|-0.22244413811979064|-1.1304701059559614|-0.3543191867500359||||||-0.35999583606865426|-0.3027668866166091|||||0.0|1.0|0.0|0.0|0.0|0.0|1.0|0.0|0.0|0.0|1.0|0.0|0.0|1.0|0.0|0
|-0.22244413811979064|-0.35507777674514696||-0.3323766405766911|-0.36401781839588915|-0.3507212991460496||-0.33041764350756664|||-0.3275574073546301|-1.3123530991848742|||0.0|1.0|1.0|0.0|0.0|0.0|0.0|1.0|0.0|0.0|0.0|0.0|0.0|0.0|1.0|0
0.015178984259520176||||||||1.8739518050033157|0.7574740908539893|-0.2995032349255499|1.0451953293337786|-0.23033328964262237|||0.0|1.0|0.0|0.0|0.0|0.0|1.0|0.0|0.0|0.0|1.0|1.0|0.0|0.0|0.0|0
|||-0.3415851205596075|-1.9716040668172794||-0.3539113415018565||-0.3275385361145697||-0.31421265099792917|2.6722508118002857|1.7308276151527089|-0.2785101237771767||1.0|0.0|0.0|0.0|0.0|0.0|1.0|0.0|0.0|1.0|0.0|0.0|0.0|1.0|0.0|0
-1.395157943601602|-0.16773079945685698|||||-0.3455374803178635||-0.3190622828806416|-0.3671470413941949|||1.0545652341888017|-1.4438553676233608||1.0|0.0|0.0|1.0|0.0|0.0|0.0|0.0|0.0|0.0|1.0|0.0|0.0|0.0|1.0|0
0.8329373710025237||-0.3467491802981994|-0.35472996307875937|-0.3239027790325592||0.6214441087860854||||1.1370551122431887|||0.9791774740345532||0.0|1.0|0.0|0.0|0.0|0.0|1.0|0.0|0.0|0.0|1.0|0.0|0.0|0.0|1.0|0
2.1721648739294714||2.067598381071253|-0.33583425195747857|-0.3410929973637392|||-0.38860471817795894||||||1.7194426256591757|1.2949503462697463|0.0|1.0|0.0|1.0|0.0|0.0|0.0|1.0|0.0|0.0|0.0|1.0|0.0|0.0|0.0|0
-0.27636965797059415||||1.2155243827900184||-0.3527150756184289|-0.3941329749502001||-0.35547928533673384|-0.3007443419066569||2.4070899961166163|||0.0|1.0|0.0|0.0|0.0|0.0|1.0|1.0|0.0|0.0|0.0|1.0|0.0|0.0|0.0|1
-0.26356996148244277||||||-1.302550187059916||1.605168002929825||-0.30501926595269213|-0.345635801604258||||0.0|1.0|0.0|1.0|0.0|0.0|0.0|1.0|0.0|0.0|0.0|0.0|0.0|0.0|1.0|0
-0.22517087201798872||-0.35323197969474235||||-0.34872752267367035||-0.3118745812072157|-0.36564152448355475|-0.29812422716876436||3.083352377080524|||1.0|0.0|0.0|0.0|0.0|0.0|1.0|1.0|0.0|0.0|0.0|0.0|0.0|0.0|1.0|0
|-0.22244413811979064||-0.35637306839365335|-0.30990541473311095|-0.3740291211050758|-0.33357482148358786|-0.400902268957026|-1.5074893604081274|-0.36150135297929437|-1.5267282046142412|||||0.0|1.0|0.0|0.0|0.0|1.0|0.0|0.0|0.0|1.0|0.0|0.0|0.0|0.0|1.0|0
|-0.22244413811979064|0.7704757587594937|-0.3539084104213124|||||-0.317189856394287|-0.34757532155587306||||1.9254958121938646|-1.0552724526192871|1.0|0.0|0.0|1.0|0.0|0.0|0.0|0.0|0.0|0.0|1.0|1.0|0.0|0.0|0.0|1
-0.7788762608387587|-0.22244413811979064||2.440602953884626|||2.9242559343841488|||-0.3603722152963143|1.6518846747764624|-0.33318179667673653|-0.24385853726190052|||0.0|1.0|0.0|0.0|1.0|0.0|0.0|1.0|0.0|0.0|0.0|0.0|0.0|0.0|1.0|0
-0.2768437208034886|-0.19773488840104642|-0.35410985877969087|-0.3526760814351419||0.7926034886733058|-0.3351698426614913|||-1.5290297171807226||||-0.2969785945702858||0.0|1.0|0.0|0.0|0.0|1.0|0.0|0.0|0.0|0.0|1.0|0.0|1.0|0.0|0.0|0
0.3707261089303913|-0.22244413811979064|-0.33826301581036367|-0.34774676549045996||||2.2437480779430703|-0.29985481118190677|-0.367899799849515|1.1439501510271164||1.3926964246707552|-0.3117838976027783|-1.0552724526192871|1.0|0.0|0.0|0.0|0.0|1.0|0.0|0.0|0.0|0.0|1.0|1.0|0.0|0.0|0.0|1
1.8758756033704123|-0.22244413811979064|-0.3454436165308401|||0.7825539018237397|-0.3543100967963323|||-0.3596194568409942|-0.28244950566663524||-0.24385853726190052|||0.0|1.0|0.0|1.0|0.0|0.0|0.0|0.0|0.0|0.0|1.0|1.0|0.0|0.0|0.0|0
|-0.22244413811979064||||1.0974409564434746|-0.3586964050355667|-0.39451656827725357|1.5336936585582226|-0.3663942829388748|-0.30649020755993|-0.338806185998843||||1.0|0.0|0.0|0.0|0.0|0.0|1.0|1.0|0.0|0.0|0.0|0.0|0.0|0.0|1.0|0
-1.1581265271543546|-0.13949165692114932|-1.3656966812819116|||1.5549364339760992|-1.5218655990216363|||-0.3645123868005747||||2.2536545907491092||0.0|1.0|0.0|0.0|0.0|0.0|1.0|1.0|0.0|0.0|0.0|0.0|0.0|0.0|1.0|0
-1.7507050682724732|-0.22244413811979064||-0.35514073940748286|-0.339786217443579|-0.3688416200836808|-0.3439424591399601|-0.3957124768851261||||-0.3424218648487686|||0.5115427466400685|0.0|1.0|0.0|0.0|0.0|0.0|1.0|1.0|0.0|0.0|0.0|0.0|0.0|0.0|1.0|0
|-0.22244413811979064||-0.3539084104213124|||||-0.31459261965514984|||-0.33920792809327915|-0.284434280119735|||0.0|1.0|1.0|0.0|0.0|0.0|0.0|0.0|0.0|1.0|0.0|0.0|0.0|0.0|1.0|0
|||-0.3691071345840817|1.2734538019311423|3.0384468736739394|-0.32201091794378806|-0.3900488342327485|0.5068791337830895||-0.30984579310144156|-0.3560810960595985|-1.650484289666828|-0.9783277980449898|2.0783579458994237|0.0|1.0|0.0|0.0|0.0|0.0|1.0|0.0|0.0|1.0|0.0|0.0|0.0|0.0|1.0|1
|||-0.34815754181918346|1.7456459277210008|-1.3728432015307999|0.7111640500431528|-0.3854005856813947|||||-0.23033328964262237|-0.30277861019126223||0.0|1.0|0.0|1.0|0.0|0.0|0.0|0.0|0.0|1.0|0.0|1.0|0.0|0.0|0.0|0
|-0.22244413811979064|0.8914655044415016|-1.081804064919346|-0.314000889946809|-1.5843630771264274|-0.33955615090072566||||0.2889653418200725|-0.34965322254861975|-0.21680804202334422|-1.1462229870732548||0.0|1.0|0.0|1.0|0.0|0.0|0.0|1.0|0.0|0.0|0.0|1.0|0.0|0.0|0.0|0
|-0.22244413811979064|-0.33779031168769913|-1.4104251278981423|-0.3147822635073172|1.6190623691114252|0.4120975791862614||-1.5251062762743675|-1.1056030860631834|-0.2973887563651454||3.083352377080524|-0.3323892162562471|-1.0552724526192871|1.0|0.0|1.0|0.0|0.0|0.0|0.0|0.0|0.0|0.0|1.0|1.0|0.0|0.0|0.0|0
||-0.33954606985759617|0.5818400664108099|2.1093887920954995||||||-0.28332287724593275||-0.23033328964262237|||1.0|0.0|0.0|0.0|1.0|0.0|0.0|1.0|0.0|0.0|0.0|1.0|0.0|0.0|0.0|0
-0.2545627676574474|||-0.34404977853194846||||-0.38034617948963134|-0.3295720315459871||-1.0716556448750083|-1.7167815699149218|-0.25738378488117863|-0.2862943552684871|-1.0552724526192871|1.0|0.0|0.0|0.0|0.0|0.0|1.0|0.0|0.0|0.0|1.0|1.0|0.0|0.0|0.0|0
||-0.3364172187599591||-0.3133811798815784||-0.355107607385284||1.4249721206408557||||-0.25738378488117863|-0.3126996895429324||0.0|1.0|0.0|0.0|1.0|0.0|0.0|1.0|0.0|0.0|0.0|0.0|1.0|0.0|0.0|0
2.1721648739294714|||-0.3539084104213124|-0.3192684255012693|-0.3452585896100326|0.8906039325572875|-1.7343403667349466||-0.35547928533673384|||1.3926964246707552|||0.0|1.0|0.0|0.0|0.0|0.0|1.0|1.0|0.0|0.0|0.0|0.0|0.0|0.0|1.0|0
||||2.1141039773744286||0.5915374617003962|2.8947285182661604|-0.30911627552301585|-0.36413600757291464|-0.2953202447299671|3.2748639534545476|-0.25738378488117863|-0.3035417701413907||1.0|0.0|0.0|0.0|0.0|0.0|1.0|1.0|0.0|0.0|0.0|0.0|0.0|0.0|1.0|0
-0.2673624641455987|-0.22244413811979064||-0.3588377263659943||||-0.3812487520238748|-0.30867333592409324|-0.35020997614949334|-0.2948605754777052||1.0545652341888017|-0.29911544243064553|0.5115427466400685|1.0|0.0|0.0|0.0|0.0|0.0|1.0|0.0|0.0|0.0|1.0|0.0|0.0|0.0|1.0|1
-0.22090430652193827|-0.22244413811979064|||2.2461291651844317||1.7279900509565833||||-0.3045595967004303|-1.2849088183960342|-0.2709090325004568|||0.0|1.0|0.0|0.0|1.0|0.0|0.0|0.0|0.0|0.0|1.0|0.0|0.0|1.0|0.0|0
-2.675127592416738||-0.3373626270052883|||-0.34030079343091335|-0.35112005444052546|-0.3671234918629647||||-0.3359939913377898|-0.24385853726190052|-0.29499437869995176|-0.2718648529896093|0.0|1.0|0.0|0.0|0.0|0.0|1.0|1.0|0.0|0.0|0.0|1.0|0.0|0.0|0.0|1
|-0.22244413811979064|-0.3649145244405958|-1.5747356593875403|-0.3423728333680199|0.1666577934717654||-0.40187253443133764||-0.3645123868005747|-0.30377815897158517|-0.33278005458230037||||0.0|1.0|0.0|1.0|0.0|0.0|0.0|0.0|0.0|1.0|0.0|0.0|0.0|0.0|1.0|1
|-0.22244413811979064||-1.1126122895736081|2.279809060033922|||1.9944124153583165||0.4563707087259614||-0.35085844883192824||-0.3101049457124956|-1.0552724526192871|1.0|0.0|0.0|0.0|0.0|0.0|1.0|0.0|0.0|0.0|1.0|0.0|0.0|0.0|1.0|0
-0.245555573832452|||-0.3424066732170545|-0.31596779580601925|||-0.3960283772721113||-0.36338324911759456||-0.34202012275433236|1.7308276151527089|||0.0|1.0|0.0|0.0|0.0|0.0|1.0|0.0|0.0|1.0|0.0|0.0|0.0|0.0|1.0|0
-0.7788762608387587|-0.22244413811979064||-0.3662317002830172|-0.31482267938113656|0.7739399702383974||-0.37752564032012054|0.7686161695100843|||||||0.0|1.0|0.0|0.0|0.0|1.0|0.0|0.0|0.0|0.0|1.0|0.0|0.0|0.0|1.0|0
-0.22991150034693367||-0.35584310722946105|-0.36458859496812324||-0.36233331621919995||-0.3891913903252172|-0.30239164706664534|-0.35020997614949334|1.0795964557104571||-1.650484289666828|-0.2879733071587698||0.0|1.0|0.0|0.0|0.0|0.0|1.0|0.0|0.0|0.0|1.0|1.0|0.0|0.0|0.0|0
|-2.119761527237651|-0.3814816784539833||-0.35923972470864485||-0.338758640311774|-1.0433082702048033|-0.2922443035276911|-0.3603722152963143|-0.2779447469944691|1.3465019001609095|-2.326746670630735|||0.0|1.0|0.0|0.0|0.0|0.0|1.0|1.0|0.0|0.0|0.0|0.0|1.0|0.0|0.0|0
0.9158983667590603|-1.4579066240570018|-0.3259276891808306|-0.34404977853194846|-0.30271138919325974||-0.3459362356123394|||-0.36677066216653487|-0.2944468731506696|-0.34764451207643887|-0.25738378488117863||-1.0552724526192871|0.0|1.0|0.0|0.0|0.0|1.0|0.0|1.0|0.0|0.0|0.0|0.0|1.0|0.0|0.0|0
||0.4075065217134698|||-0.36953073461050817|-0.3575001391521392||-0.3330954147192351|-1.1056030860631834|-0.3199125497259761|2.873121859018373||||0.0|1.0|0.0|0.0|0.0|1.0|0.0|0.0|0.0|0.0|1.0|0.0|0.0|0.0|1.0|0
|-0.1500813353720397|||-0.3308408373715543||-1.5517722461073256|2.2742099009737866|-0.31402887834743015|-0.3618777322069544|-0.30033063957962125|-1.6665638081104|-1.9886154801487814|||0.0|1.0|1.0|0.0|0.0|0.0|0.0|0.0|0.0|1.0|0.0|0.0|0.0|1.0|0.0|0
|-0.22244413811979064||-0.341174344230884||||-0.38506212098105336|0.3000062074680993|-0.37618014285803575|-0.31834967426828586|-0.32554869688244925||||0.0|1.0|0.0|0.0|0.0|0.0|1.0|0.0|0.0|0.0|1.0|0.0|0.0|0.0|1.0|0
2.31438372379782||-0.3448583638075411|||1.3147034530959973||-0.3901616557995289|||-0.30097417653278785|-0.3432253490376409||1.5973370336386195|-0.2718648529896093|0.0|1.0|0.0|0.0|0.0|0.0|1.0|0.0|0.0|1.0|0.0|0.0|0.0|1.0|0.0|0
|-0.22244413811979064|-0.35404232961931026||-0.3313123558994472|-0.8933343432800785|-1.5418033637454291|-0.4046028163474241|1.21558249205926|-0.36752342062185495||-0.33197657039342804||-1.5964873576490561|-0.2718648529896093|0.0|1.0|0.0|0.0|0.0|0.0|1.0|0.0|1.0|0.0|0.0|1.0|0.0|0.0|0.0|0
-0.2356002543416676|-0.22244413811979064|-0.3396811281783575|0.3661824938309749|-0.31670875349270805||1.5684879331662414|1.4257917187849412||-0.3611249737516343|0.39928596236291686||-0.24385853726190052|-0.2994207064106969|2.8617655455291016|0.0|1.0|0.0|0.0|0.0|0.0|1.0|0.0|0.0|0.0|1.0|0.0|0.0|0.0|1.0|0
|-0.22244413811979064|-0.3476945885435286||||||-0.3297935013454484|-1.3878875068082095||-0.34965322254861975|-0.18975754678478793|0.4640445076978313||1.0|0.0|0.0|0.0|0.0|0.0|1.0|0.0|0.0|1.0|0.0|0.0|0.0|0.0|1.0|0
-0.24792588799692447|||1.9887489922887813|-0.3300594638110461||-0.35470885209080816|-0.3865964942892673||-0.35811393993035406|-0.31885531044577387|-0.34724276998200265|-0.24385853726190052|||0.0|1.0|0.0|0.0|0.0|1.0|0.0|0.0|0.0|0.0|1.0|0.0|0.0|1.0|0.0|0
|-0.22244413811979064|-0.3439804847225925|0.5099542088841982||2.638377606710264|-0.3339735767780637|-0.39406528201013186|||2.440217442405538|-0.35367064349298144||||1.0|0.0|0.0|1.0|0.0|0.0|0.0|1.0|0.0|0.0|0.0|0.0|0.0|1.0|0.0|0
-0.25835527032060335|-0.22244413811979064||-1.7287767826588512|-0.31105053115799364||2.9242559343841488|-0.39332065966938096|||2.0540952705055826|-1.5761718368622608||-0.29209437088946355||0.0|1.0|0.0|0.0|0.0|0.0|1.0|0.0|0.0|0.0|1.0|1.0|0.0|0.0|0.0|0
|-0.22244413811979064|-0.34470079576665286||-0.3218146255518908||-0.3515188097350013||-0.32266620052642103|-0.3630068698899345|-0.30920225614827496||-0.21680804202334422|-1.3103023763508772||0.0|1.0|0.0|0.0|0.0|1.0|0.0|1.0|0.0|0.0|0.0|0.0|0.0|1.0|0.0|0
|||-0.3773226611585516|||-1.143048069269574||-1.4173914192636428|||0.7037145490630302||-0.3188049691439602||0.0|1.0|1.0|0.0|0.0|0.0|0.0|1.0|0.0|0.0|0.0|0.0|0.0|0.0|1.0|0
3.2151031062973603||-1.6189310327093702|||1.0916983353865801|||-0.3020091083221213|||-0.348046254170875||||0.0|1.0|0.0|0.0|0.0|0.0|1.0|0.0|1.0|0.0|0.0|1.0|0.0|0.0|0.0|0
0.6077575253776386|-0.22244413811979064|-0.3326580954987693||-0.3095551438266762|-1.3848069953993307|||||-0.30226125043912105||||-1.0552724526192871|1.0|0.0|0.0|0.0|1.0|0.0|0.0|0.0|0.0|0.0|1.0|0.0|0.0|1.0|0.0|1
-0.2441333853337685|||-0.3317264886702436|||-0.3630827132748011||-0.3239950193231888||-0.3105812639050606|||-0.27591537994673987||0.0|1.0|0.0|0.0|0.0|1.0|0.0|1.0|0.0|0.0|0.0|0.0|0.0|0.0|1.0|1
||||-0.3111178909476926|||||-0.368276179077175|-0.3062603729337991||0.37830285322489426|-0.30277861019126223||0.0|1.0|0.0|1.0|0.0|0.0|0.0|1.0|0.0|0.0|0.0|1.0|0.0|0.0|0.0|1
0.5366481004434644||||-0.3245898488874888||-0.34633499090681524|||-0.3487044592388532||-0.3609020011928326||0.1740437266490101||0.0|1.0|0.0|0.0|1.0|0.0|0.0|0.0|0.0|0.0|1.0|0.0|1.0|0.0|0.0|0
-0.2512443278271859|||-0.3662317002830172|-0.34004218464443514|-0.36595116748504375|0.8806350501953911|1.1584046055153185|-0.3293706953646586||-0.31609729493220273|0.7037145490630302||-1.4553027668752878||1.0|0.0|0.0|0.0|0.0|0.0|1.0|0.0|0.0|0.0|1.0|0.0|0.0|0.0|1.0|0
-0.2611996473179703|-0.1500813353720397|||-0.3260717642608664|||-0.39368168868307835|-1.1395474890303716||-0.3132473455681793||0.04017166274294058|||1.0|0.0|0.0|1.0|0.0|0.0|0.0|0.0|0.0|0.0|1.0|0.0|1.0|0.0|0.0|0
|2.3367281541787186|-0.34069406558406734||||-0.34673374620129105|-0.38160978103757215|-0.3279814757134923|-0.35999583606865426|1.1899170762533016|-0.34202012275433236||-0.30109965830097957||1.0|0.0|0.0|0.0|0.0|0.0|1.0|0.0|0.0|0.0|1.0|0.0|0.0|1.0|0.0|0
1.1766329248510325|-0.22244413811979064||1.824438460799383|||-0.3491262779681462||2.081328071771627|0.37168538250245353|-0.29527427780474086|||||0.0|1.0|0.0|0.0|0.0|1.0|0.0|0.0|0.0|0.0|1.0|1.0|0.0|0.0|0.0|0
||-0.33252303717800796|||-0.3638838239045616|-0.355107607385284||-0.2999957465088367||-0.2859429919838253|-0.3355922492433536|-0.2709090325004568|||0.0|1.0|0.0|1.0|0.0|0.0|0.0|1.0|0.0|0.0|0.0|0.0|0.0|1.0|0.0|0
0.9633046500485097||2.5650631958754158||2.6381631412325026||-0.3355685979559671|1.7563589094516059|-0.3218407221829743|-0.3603722152963143|1.5047905140526703||-0.2709090325004568|-0.28827857113882116||0.0|1.0|0.0|0.0|0.0|0.0|1.0|0.0|0.0|0.0|1.0|0.0|1.0|0.0|0.0|0
-0.22090430652193827|-0.22244413811979064|0.5200551223478959||||-0.3503225438515738||-0.3270150620431157||1.238182347740796||||-0.2718648529896093|1.0|0.0|0.0|0.0|1.0|0.0|0.0|1.0|0.0|0.0|0.0|0.0|0.0|0.0|1.0|0
-1.4781189393581387|-0.22244413811979064||-0.3534976340925889||0.017828197747240142|-0.3367648638393947|-0.4078295131573445|0.4283580230649911||-0.31306347786727456||-0.24385853726190052|-0.30109965830097957|-0.2718648529896093|0.0|1.0|0.0|0.0|1.0|0.0|0.0|0.0|0.0|0.0|1.0|1.0|0.0|0.0|0.0|0
||1.996692762671565|||1.544408295371792|2.326122992670366||-1.432491632863277|-0.36413600757291464|-0.30120401115891876|-0.345635801604258||3.2915521229238376||1.0|0.0|0.0|0.0|0.0|1.0|0.0|0.0|0.0|1.0|0.0|0.0|1.0|0.0|0.0|0
-0.22517087201798872|-0.22244413811979064|-0.3521064936883981|||2.338804208242248|||-0.3211159119301919||-0.30763938069058466||1.0545652341888017|||0.0|1.0|0.0|0.0|1.0|0.0|0.0|0.0|0.0|0.0|1.0|0.0|0.0|0.0|1.0|0
-0.2256449348508832||-0.3362821604391978||-1.6870089553390837||||0.9704556912918626|1.3314524130355425|-0.2907695191325747|0.2617982451832381|-0.25738378488117863|||0.0|1.0|0.0|0.0|1.0|0.0|0.0|0.0|0.0|0.0|1.0|0.0|0.0|1.0|0.0|0
-0.24318525966797952||-0.335854475756787|-0.3543191867500359|-0.3128153576481069|0.815095421146144||-0.3758784454451263|||||-0.17623229916550978||-0.2718648529896093|0.0|1.0|0.0|0.0|0.0|0.0|1.0|0.0|0.0|0.0|1.0|0.0|0.0|1.0|0.0|0
1.0225625041603217||-0.32187593955799126||3.008641984576899|-0.3411621865894476|-0.35670262856318746||2.2605172731539542|-0.3543501476537537|-0.29159692378664603|||-1.4553027668752878|-0.2718648529896093|0.0|1.0|0.0|0.0|0.0|0.0|1.0|0.0|0.0|0.0|1.0|0.0|0.0|1.0|0.0|1
|||-0.34980064713407744|-0.3355290787346034|-0.3546956302135298||0.6490152315016701||||-1.4054314467268865||-0.29911544243064553||0.0|1.0|0.0|0.0|1.0|0.0|0.0|0.0|0.0|0.0|1.0|1.0|0.0|0.0|0.0|0
-0.24887401366271344|||-0.34322822587450147||0.5102579533759749|-0.35231632032395305|-0.38810830328412504|||-0.29568798013177655||||-1.0552724526192871|1.0|0.0|0.0|0.0|0.0|0.0|1.0|1.0|0.0|0.0|0.0|0.0|0.0|0.0|1.0|0
|-0.22244413811979064|-0.3349090675114578|||||-0.38874010405809545|||0.3107996313025104|-0.33920792809327915||||0.0|1.0|0.0|1.0|0.0|0.0|0.0|1.0|0.0|0.0|0.0|0.0|0.0|0.0|1.0|0
|-0.18008542431622912|||||-0.34633499090681524||-0.31467315412768126|-0.3592430776133342||-0.32394172850470454|||1.2949503462697463|0.0|1.0|0.0|0.0|0.0|0.0|1.0|0.0|0.0|0.0|1.0|0.0|0.0|1.0|0.0|1
|-0.22244413811979064|-1.3358713021137887||-0.32751326376042467||-0.33477108736701544|2.2223119802547884|-0.318357606245992||-1.36009810066932||-0.25738378488117863||-0.2718648529896093|0.0|1.0|0.0|0.0|1.0|0.0|0.0|0.0|0.0|0.0|1.0|1.0|0.0|0.0|0.0|0
-0.2441333853337685||1.2077270722242388||-0.3498497700246068|-0.3718086409630765||-0.3986909662481295|1.3414176053895457||-0.31044336312938203|-0.33278005458230037|-0.21680804202334422|||1.0|0.0|0.0|1.0|0.0|0.0|0.0|0.0|0.0|1.0|0.0|0.0|0.0|1.0|0.0|0
||1.975308528551024|-0.3584269500372708|-0.967269602405469||-0.33636610854491883|-1.0083335845028696||-0.3539737684260937||-0.36612464842050285||0.42207071044076505|-1.0552724526192871|0.0|1.0|0.0|0.0|0.0|0.0|1.0|0.0|0.0|0.0|1.0|0.0|1.0|0.0|0.0|0
-1.395157943601602|||-0.33583425195747857|||||-0.30502915104204814|0.6445603225559788|-0.29109128760915803|-1.5862153892231652||0.8952298795204208|-0.2718648529896093|0.0|1.0|0.0|0.0|0.0|1.0|0.0|0.0|0.0|0.0|1.0|0.0|0.0|0.0|1.0|0
-0.22232649502062174|-0.22244413811979064|||||-0.35231632032395305||-0.3180354683558665|||||0.5670711009651758|1.2949503462697463|0.0|1.0|0.0|0.0|0.0|0.0|1.0|0.0|1.0|0.0|0.0|1.0|0.0|0.0|0.0|0
|-0.16773079945685698||-0.3592485026947178|1.4270341224448195|2.6938896102602476|-0.3471325014957669|-0.3935011741762297|||-1.8691817975493208|-0.3432253490376409|-0.21680804202334422|0.6281238969754539||0.0|1.0|0.0|0.0|0.0|1.0|0.0|0.0|0.0|0.0|1.0|0.0|1.0|0.0|0.0|0
-0.1881939710522181|1.8954915520582858|-0.34758203994289416|1.3520456827673635||-0.3546573460731505|3.2831356994124192|-0.3814969594707917|-0.31644491252337165||0.7187560926849037|-0.3713472956481731||-0.09306225589595679|-1.0552724526192871|1.0|0.0|0.0|0.0|0.0|0.0|1.0|0.0|0.0|0.0|1.0|0.0|0.0|0.0|1.0|0
-0.2152155525272043||-1.7320423763469683||-0.3113873301064885||-0.33716361913387055|1.7811796541433007|0.6805315901788841|||-0.3279591494490663|||-0.2718648529896093|0.0|1.0|0.0|0.0|1.0|0.0|0.0|1.0|0.0|0.0|0.0|0.0|0.0|0.0|1.0|0
||-0.34722188442086405|||-0.3566672634430637|-0.35949391562451843|-0.3835051833594834|-0.3190018820262431|0.6163318804814762|-0.3054329682797278||||0.5115427466400685|0.0|1.0|0.0|0.0|0.0|0.0|1.0|0.0|0.0|0.0|1.0|0.0|1.0|0.0|0.0|0
-0.22185243218772724|||||||-0.360647533929768|||-1.4508827779910358|1.3866761096045273||1.4752314416180632||1.0|0.0|0.0|1.0|0.0|0.0|0.0|0.0|0.0|0.0|1.0|0.0|0.0|0.0|1.0|0
-0.2057342958693144|0.3070397844247285||-0.36253471332450576|-0.32021146255705507|||-0.3758333168184141||3.100434783037706||1.6678955757098493|-0.23033328964262237|||0.0|1.0|0.0|0.0|0.0|0.0|1.0|0.0|0.0|0.0|1.0|0.0|0.0|0.0|1.0|0
0.7499763752459871||-0.3536596643771532||3.1500975429447595|-1.6020694920518532|-0.33835988501729813|||3.3262623196337273||1.3264147954391008||||0.0|1.0|0.0|0.0|0.0|0.0|1.0|0.0|0.0|0.0|1.0|0.0|0.0|0.0|1.0|0
-0.2640440243153373|-0.17126069227382046||-0.34487133118939545|-0.3367280829912453|0.4241186375225519|-0.35231632032395305|0.39855135324911206|||-0.29348156772091966|-0.3339852808656089|-0.21680804202334422|-0.29285753083959204||0.0|1.0|0.0|0.0|0.0|0.0|1.0|0.0|0.0|0.0|1.0|0.0|0.0|1.0|0.0|0
||-0.3523090811695401||-0.32954752940933385||-0.34513872502338766|-0.38567135744166775|-0.30631770260255026|3.2133485513357165|-0.2924243284407174|-0.31389817614380017|-0.9742219087029205|3.1007621353917187|0.5115427466400685|0.0|1.0|0.0|0.0|0.0|0.0|1.0|0.0|0.0|0.0|1.0|0.0|0.0|1.0|0.0|0
-0.23844463133903457||-1.662262243953624|-0.3522653051064184|||-0.36148769209689774||-0.3148946239271425|2.686417632611668|-0.301249978084145|-1.6163460463058783||-0.2904154189991809|1.2949503462697463|0.0|1.0|0.0|1.0|0.0|0.0|0.0|0.0|0.0|0.0|1.0|0.0|0.0|0.0|1.0|1
-0.27731778363638315|-0.22244413811979064||||-0.3603042567790971||3.30765545268254|1.7682503098058755|-1.2185168543611937||-0.34724276998200265|-0.25738378488117863||0.5115427466400685|0.0|1.0|0.0|0.0|0.0|1.0|0.0|0.0|0.0|0.0|1.0|1.0|0.0|0.0|0.0|0
|-0.22244413811979064|-1.8766673281622057||-0.30550008448679755|||1.43594565979518|-0.3049687501876496|-0.35811393993035406|-0.29104532068393185|1.1255437482210136|-0.24385853726190052|-1.1156965890681156||0.0|1.0|0.0|0.0|0.0|0.0|1.0|1.0|0.0|0.0|0.0|0.0|0.0|0.0|1.0|1
|-0.22244413811979064|0.4767239111036418|1.7628220114908588|-0.3308812532453737|-0.3614527809904761||3.1925774545664996|1.6635554955150778||-0.30382412589681135|-0.3380027018099706||1.8644430161835863|-1.0552724526192871|1.0|0.0|0.0|0.0|0.0|0.0|1.0|0.0|0.0|0.0|1.0|0.0|0.0|1.0|0.0|0
|-0.22244413811979064|-0.33596702435742143|1.2698904170226646|-1.6950921301029613||-0.34513872502338766|-0.38404672688002944|-0.3245587606309085|1.2373576061205338|-0.31117883393300094|-0.3207277917492151|-0.21680804202334422|||0.0|1.0|0.0|0.0|0.0|0.0|1.0|1.0|0.0|0.0|0.0|0.0|0.0|0.0|1.0|0
-0.23749650567324557|-0.22244413811979064|-0.34276495983574073|-0.3584269500372708|-0.31984771969268055|-0.35691611035552917||1.6119473039726535||-0.3630068698899345|-0.3087885538212394|-0.34965322254861975|||-0.2718648529896093|0.0|1.0|0.0|0.0|0.0|0.0|1.0|0.0|0.0|0.0|1.0|0.0|0.0|0.0|1.0|0
0.7381248044236247|-0.22244413811979064|-0.3461414178547735|||-0.3626013052018551|-0.3435437038454842||||2.6148917582650415|-0.364115937948322|-0.10860606106911903|-0.3238418248148082|-0.2718648529896093|0.0|1.0|0.0|0.0|0.0|0.0|1.0|0.0|0.0|0.0|1.0|0.0|0.0|0.0|1.0|0
||||-0.3210601959072622||-0.34753125679024277|3.0391401237451126|-0.3085324005971633|-0.36865255830483507|-0.2946767077768005|0.944759805724735||-0.313920745463138|-0.2718648529896093|1.0|0.0|0.0|0.0|1.0|0.0|0.0|1.0|0.0|0.0|0.0|0.0|0.0|0.0|1.0|0
-1.9758849138973582||-0.33596702435742143|||-0.3653577633091646|||-1.3509504794252518|-0.35472652688141376|-0.3045595967004303||-0.25738378488117863|-1.3599077731092284||1.0|0.0|0.0|0.0|1.0|0.0|0.0|1.0|0.0|0.0|0.0|1.0|0.0|0.0|0.0|0
-0.23986681983771804|-0.22244413811979064|||3.4357030512684403|-0.04055511633119099|||-0.30794852567131076|-0.37203997135377537||-0.3556793539651623|2.068958805634663|-0.3151418013833436||0.0|1.0|0.0|0.0|0.0|1.0|0.0|0.0|0.0|0.0|1.0|0.0|0.0|0.0|1.0|0
-0.25740714465481435|-0.1730256386823022|-0.3430575861973903||-0.3201441027673561|1.1730521336925905||-0.3930047592823958|-0.323713148669329|1.0397585115990156|3.161898168456645|-0.370945553553737|-0.23033328964262237|||0.0|1.0|0.0|0.0|1.0|0.0|0.0|0.0|0.0|0.0|1.0|0.0|1.0|0.0|0.0|0
||||0.441223600200229||-0.3515188097350013||||-0.30915628922304883|-0.3613037432872688||-0.8447748067725064||0.0|1.0|0.0|0.0|0.0|1.0|0.0|1.0|0.0|0.0|0.0|0.0|1.0|0.0|0.0|0
|-0.1624359602314118|-0.3330632704610532|||0.6404240306655918|-0.3590951603300426|-0.382873382585513||-0.35284463074311356|1.9805481901436863||-0.18975754678478793|-0.3101049457124956|-1.0552724526192871|0.0|1.0|0.0|0.0|0.0|0.0|1.0|1.0|0.0|0.0|0.0|0.0|0.0|0.0|1.0|0
||-0.3565183988332676||0.4402132033547443|-1.4915240367066271|||||-1.1360093401916673|0.7137581014239346|-2.664877861112689|||0.0|1.0|0.0|0.0|0.0|1.0|0.0|0.0|0.0|0.0|1.0|0.0|0.0|0.0|1.0|0
|-0.22244413811979064|-0.33078978872823783||1.094613560280347||-1.352394598869398|-0.37328354940917635||1.8207454089935877||||||0.0|1.0|0.0|0.0|1.0|0.0|0.0|0.0|0.0|0.0|1.0|0.0|0.0|0.0|1.0|1
1.769211465969151|1.233636648877637|2.4255029310887277|-0.3530868577638654|-0.33745556871999427||-0.35311383091290477|0.7037336913901794|||-0.3008362757571093|-0.3400114122821515|-0.20328279440406608|0.708255691738944|0.5115427466400685|0.0|1.0|0.0|0.0|0.0|1.0|0.0|1.0|0.0|0.0|0.0|0.0|0.0|1.0|0.0|0
||-0.3475595302227673|||-0.3438803605563778||-0.37071121768658255|||2.6792454535817005|-0.3609020011928326||||1.0|0.0|0.0|0.0|0.0|0.0|1.0|0.0|0.0|0.0|1.0|0.0|0.0|0.0|1.0|0
-0.2090527356995759|-0.22244413811979064||-0.34528210751811894|||||1.573960894823914|||-0.3355922492433536|-0.2709090325004568|||1.0|0.0|0.0|0.0|0.0|0.0|1.0|0.0|0.0|1.0|0.0|1.0|0.0|0.0|0.0|1
|1.1012656682415072||-1.533658026515191||-0.35224544522925466|-0.3419486826675808|-0.3790825779416905|-0.3047070131519226|-0.35547928533673384|-0.2907695191325747|-0.34724276998200265||||0.0|1.0|0.0|0.0|0.0|1.0|0.0|1.0|0.0|0.0|0.0|0.0|1.0|0.0|0.0|0
|-0.22244413811979064|-0.36070520677686824||0.333447936681859||1.4887368742710703||||-0.31030546235370343||-0.17623229916550978|1.780495421669454||0.0|1.0|0.0|0.0|0.0|1.0|0.0|0.0|1.0|0.0|0.0|0.0|0.0|0.0|1.0|1
|-0.22244413811979064||-0.3580161737085473|0.95820998613991||-0.3503225438515738|0.6529639863389853|1.8024774606317133|-0.3739218674920755|1.8748242621234605|-0.35206367511523673||-0.3114786336227269||1.0|0.0|0.0|0.0|0.0|0.0|1.0|1.0|0.0|0.0|0.0|1.0|0.0|0.0|0.0|0
|-0.22244413811979064|-0.3631812759908256|||-0.3741822576665931|0.5516619322528107|-0.4010602191505186|-0.3214581834384503|-1.199697892978192||2.1499860890332587||-1.6384611549061223|1.2949503462697463|0.0|1.0|0.0|0.0|0.0|0.0|1.0|1.0|0.0|0.0|0.0|0.0|0.0|1.0|0.0|0
|1.7189969112101129|-0.3649820536009764|2.009287808724956|0.22466187631800427|1.8640808675389395||0.7088106618952988|||-0.3032725227940971||-0.2709090325004568|2.1086542002246986|-1.0552724526192871|1.0|0.0|0.0|0.0|0.0|1.0|0.0|0.0|0.0|1.0|0.0|0.0|0.0|0.0|1.0|1
-2.0232911971868077|-0.22244413811979064|-0.35705863211631284||0.4264044464664531||-0.3367648638393947|-0.3939975890700636||-0.3724163505814354|-0.3355872712281053|-0.3653211642316305||-0.32506288073501377||1.0|0.0|0.0|0.0|0.0|0.0|1.0|0.0|0.0|0.0|1.0|1.0|0.0|0.0|0.0|1
-0.24887401366271344|||-0.3588377263659943||||-0.38294107552558126|||-0.2971589217390145|||-0.29362069078972053||0.0|1.0|0.0|1.0|0.0|0.0|0.0|1.0|0.0|0.0|0.0|1.0|0.0|0.0|0.0|0
-0.2171118038587823||-0.3417745321501578|||-0.3514031941409101|-0.3419486826675808||-1.5044693176882007|-1.3596590647337068||-0.3339852808656089||||0.0|1.0|0.0|0.0|0.0|0.0|1.0|1.0|0.0|0.0|0.0|0.0|0.0|1.0|0.0|0
-0.9447982523518319|-0.22244413811979064|1.0974294436025012|-0.3514437524489714|2.6570238823482173|-0.344033497117895||0.9164023447712929|1.4541658669334818|-0.37203997135377537|-1.2762084621315322|||||0.0|1.0|0.0|0.0|0.0|0.0|1.0|0.0|0.0|0.0|1.0|1.0|0.0|0.0|0.0|0
||-0.3264003933034952||-0.3031963796790924|-0.36671685029262974|-0.33716361913387055|||-1.5572581592552253|0.6601482630215176|||-0.3032365061613393||0.0|1.0|1.0|0.0|0.0|0.0|0.0|1.0|0.0|0.0|0.0|0.0|0.0|0.0|1.0|0
1.2003360664957572|-0.22244413811979064|-1.4309748696498787|-0.3580161737085473|-0.32364681183170313|-0.3544276412308747|-0.3507212991460496|||-0.36488876602823467||-0.3339852808656089|-1.3123530991848742|-0.29285753083959204||0.0|1.0|0.0|0.0|0.0|1.0|0.0|1.0|0.0|0.0|0.0|0.0|0.0|1.0|0.0|0
-1.7981113515619227||3.0962925908699073|-0.3654101476255702|0.5203713530965319|-0.3636349769920961|-0.3435437038454842|-1.2740283742707859||-0.36150135297929437|-1.418705930332706|0.5229306065667516||||1.0|0.0|0.0|1.0|0.0|0.0|0.0|1.0|0.0|0.0|0.0|0.0|0.0|0.0|1.0|0
|2.424975474602805||-0.3506221997915244||-0.3433443825910676|||-0.31193498206161424|1.0491679922905164|-0.2982161610192167||-0.23033328964262237|1.1737832613173147||0.0|1.0|0.0|0.0|0.0|1.0|0.0|0.0|0.0|1.0|0.0|0.0|0.0|0.0|1.0|0
|-0.22244413811979064|||1.2724434050856577|0.49829415950744393|-0.983545951479232|-0.3885821538646029|-0.3284244153124149|-0.35698480224737394|2.6792454535817005||-0.24385853726190052|-0.29575753865008025||0.0|1.0|0.0|0.0|0.0|0.0|1.0|0.0|1.0|0.0|0.0|1.0|0.0|0.0|0.0|1
-0.23844463133903457|-0.22244413811979064|-0.3278860348318696|||-0.36815250555685347||||-0.37542738440271567|||0.04017166274294058|-2.0925413252325664||1.0|0.0|1.0|0.0|0.0|0.0|0.0|0.0|0.0|1.0|0.0|0.0|0.0|0.0|1.0|0
-0.21189711269694286|||-0.34856831814790695|-0.33458604167881767|||0.5254756158770976||||0.9548033580856393||-0.2862943552684871|0.5115427466400685|0.0|1.0|0.0|1.0|0.0|0.0|0.0|1.0|0.0|0.0|0.0|1.0|0.0|0.0|0.0|0
-0.22280055785351624|-0.22244413811979064|-0.3335134648635909|-1.5747356593875403|||-0.3491262779681462|-1.3439777456746533|-0.3341423628621431||||-0.23033328964262237|1.0402302700448314||0.0|1.0|0.0|0.0|0.0|0.0|1.0|1.0|0.0|0.0|0.0|0.0|0.0|0.0|1.0|0
-0.23275587734430062|-0.22244413811979064|||-0.3351922797861085|-0.3551550398980814|-0.3399549061952015|-1.4866970276518994|||||-0.2709090325004568|1.2043096593224538||0.0|1.0|0.0|0.0|0.0|1.0|0.0|1.0|0.0|0.0|0.0|0.0|0.0|1.0|0.0|0
|-0.22244413811979064||2.728146383991073|-0.3124516147837324|-0.35607385926718454|||||-0.31834967426828586|1.0150646722510654|-0.2709090325004568|||1.0|0.0|0.0|1.0|0.0|0.0|0.0|1.0|0.0|0.0|0.0|0.0|0.0|0.0|1.0|0
-0.23085962601272264||-0.348797564829746|-0.36376704231067625|-0.32597746055528787||-0.3391573956062498||-0.3314645916504746||-0.31825774041783345|-1.1141684282606599|-0.21680804202334422|2.665760963818487||1.0|0.0|0.0|0.0|0.0|0.0|1.0|1.0|0.0|0.0|0.0|1.0|0.0|0.0|0.0|0
-0.2512443278271859|-0.22244413811979064|-0.35620326275149117||-0.3335217570015737|-0.3473259331905147|-1.222799128164745||-1.0585096760456674||-0.3166029311096908|||-0.2994207064106969||0.0|1.0|0.0|0.0|0.0|0.0|1.0|0.0|0.0|1.0|0.0|0.0|0.0|0.0|1.0|0
-1.8336660640290097|-0.22244413811979064|||-0.33575810201957995||||-0.3170891883036227|-0.3611249737516343|-0.303502357420228|0.8242371773938826|-0.284434280119735||0.5115427466400685|0.0|1.0|0.0|0.0|0.0|1.0|0.0|1.0|0.0|0.0|0.0|1.0|0.0|0.0|0.0|0
|-1.2814119832088289|||1.8743031260460552||-0.3586964050355667||-0.31467315412768126||||-0.2709090325004568|||0.0|1.0|0.0|0.0|0.0|1.0|0.0|0.0|0.0|0.0|1.0|0.0|1.0|0.0|0.0|0
-0.25408870482455287|-0.22244413811979064|-0.32813364175326537|||-0.3535853901425301|-0.35590511797423574||-0.3071834481822626||-0.29329770002001493|||-0.29575753865008025||0.0|1.0|0.0|0.0|0.0|1.0|0.0|1.0|0.0|0.0|0.0|0.0|0.0|1.0|0.0|1
|1.233636648877637|-0.3532769991349961||-0.3305444542968788|-1.6815090833388988|-0.3539113415018565|-0.3730127776489033|-0.32033070082301085|-0.3731691090367555|-0.30681197603651333|3.5159092101162526|-0.24385853726190052||1.2949503462697463|1.0|0.0|0.0|0.0|0.0|0.0|1.0|0.0|0.0|0.0|1.0|0.0|0.0|1.0|0.0|0
-0.23844463133903457|-0.22244413811979064|0.7383994075786823|3.385388509948665|-1.5122103010702272|-0.35067579547370337||-0.37750307600676447||||-1.2648217136742257|-1.3123530991848742|-1.2492495803405992||0.0|1.0|0.0|0.0|0.0|0.0|1.0|0.0|0.0|0.0|1.0|0.0|0.0|1.0|0.0|0
||2.8655679595693337|0.6331871075012468||||-0.37964668577559263|-1.4828256781953915||-0.2991354995237404||||0.5115427466400685|0.0|1.0|0.0|1.0|0.0|0.0|0.0|1.0|0.0|0.0|0.0|0.0|0.0|0.0|1.0|1
|-0.22244413811979064||||-1.591541353447546|-0.3439424591399601|-0.37662306778587706||||1.7281568898752755|-0.23033328964262237|||0.0|1.0|0.0|0.0|0.0|0.0|1.0|0.0|0.0|1.0|0.0|0.0|0.0|1.0|0.0|0
||||-0.32479192825658576|-0.3577392193736841|-0.35829764974109085||-0.32137764896591886||1.5277739766657625||-2.326746670630735|-0.28827857113882116|0.5115427466400685|0.0|1.0|0.0|0.0|0.0|1.0|0.0|0.0|0.0|0.0|1.0|0.0|0.0|1.0|0.0|0
-0.26356996148244277|||-0.3592485026947178||-0.35186260382546164|-0.3459362356123394||-0.3098612193939311|-0.37015807521547517||0.8744549391984044|-0.284434280119735||0.5115427466400685|0.0|1.0|0.0|0.0|0.0|1.0|0.0|1.0|0.0|0.0|0.0|1.0|0.0|0.0|0.0|0
-0.22991150034693367||-0.3218084103976106|||1.7425287218346648||0.6478870158338659|-0.3116732450258872||0.8405684445342944|-1.6766073604713043|||0.5115427466400685|0.0|1.0|0.0|0.0|0.0|0.0|1.0|0.0|0.0|0.0|1.0|0.0|0.0|0.0|1.0|1
-1.845517634851372|-0.22244413811979064||-0.34938987080535394|2.392299908831221|-1.198650362804989||-0.39237295850842535|1.2639031755780896||2.987223852597141||-0.18975754678478793|||1.0|0.0|0.0|0.0|0.0|1.0|0.0|0.0|0.0|1.0|0.0|0.0|0.0|1.0|0.0|0
0.4773902463316526||-0.3414593960683814|-0.34897909447663045||0.6432953411940393||-0.38276056101873257||0.6445603225559788|-0.9946610451211481|0.42249508295770793|-1.9886154801487814|-0.30812072984216154||0.0|1.0|0.0|0.0|0.0|0.0|1.0|0.0|0.0|0.0|1.0|1.0|0.0|0.0|0.0|0
2.5514151402450675|-0.1747905850907839||-1.5747356593875403|-0.3366472512436065|-0.3662191564676988||2.7142140114174698|-0.30895520657795306|-0.3543501476537537|-1.6014244581067922||-0.29795952773901313||-0.2718648529896093|0.0|1.0|0.0|0.0|0.0|1.0|0.0|0.0|0.0|1.0|0.0|0.0|1.0|0.0|0.0|0
|3.660437960540016|||-0.3146879598017386||-0.34314494855100836|-0.3964796635392331|-0.30925721084994573|-0.3630068698899345|-0.29545814550564564|-0.345635801604258|||-0.2718648529896093|0.0|1.0|0.0|0.0|1.0|0.0|0.0|1.0|0.0|0.0|0.0|0.0|0.0|0.0|1.0|0
|-0.22244413811979064|1.4677143396897627||-0.32832158123681243|-0.37334000657824845|-0.3471325014957669|-0.4002253395563434||0.7762930522369911|-0.296055715533586|||||1.0|0.0|0.0|0.0|0.0|1.0|0.0|0.0|0.0|1.0|0.0|0.0|0.0|1.0|0.0|0
-0.2517183906600804||-0.33463895086993517|-0.3539084104213124|-0.3115759375176457||-0.34673374620129105|-1.2131047282093528||2.084210868355612|2.5758198718227843|-0.3384044439044068|-0.21680804202334422|||1.0|0.0|0.0|0.0|0.0|0.0|1.0|1.0|0.0|0.0|0.0|1.0|0.0|0.0|0.0|0
||-0.3362146312788171|-0.3588377263659943||-0.3550019033365642||-0.38183542417113303|-1.1028036359379279|-0.3603722152963143|-0.3147642541006434|-0.34764451207643887|-0.23033328964262237|||0.0|1.0|0.0|0.0|0.0|1.0|0.0|1.0|0.0|0.0|0.0|0.0|0.0|1.0|0.0|0
-0.2569330818219199|-0.22244413811979064||-1.8314708648397249||-0.3519583141764099|||-0.3031365909375606||-0.28916067674965823|||||0.0|1.0|0.0|0.0|0.0|0.0|1.0|1.0|0.0|0.0|0.0|0.0|0.0|0.0|1.0|1
-1.4781189393581387|-0.22244413811979064||-1.646621516914152|-0.3237141716214021|-0.36262044727204473|||-0.3025124487754424|||-0.36050025909839645|2.4070899961166163|||0.0|1.0|1.0|0.0|0.0|0.0|0.0|0.0|0.0|1.0|0.0|0.0|0.0|0.0|1.0|0
|1.1453893284535503|-0.3332658579421952|-0.36458859496812324|-0.31017485389190685|-0.3586197546024079|||-0.3107470985917763||0.8647010802780416|-1.1543426377042774||2.8336561528467517|1.2949503462697463|1.0|0.0|0.0|1.0|0.0|0.0|0.0|0.0|0.0|1.0|0.0|0.0|0.0|1.0|0.0|0
0.8803436542919731|-0.22244413811979064|-0.3345489119894276|-0.3543191867500359|-0.3114816338120671|||-1.6062878884391567||-0.3558556645643939|||-0.24385853726190052|0.937203676777487|1.2949503462697463|0.0|1.0|0.0|0.0|0.0|0.0|1.0|1.0|0.0|0.0|0.0|0.0|0.0|1.0|0.0|0
-0.8618372565952953||2.7879094251315797|-0.34897909447663045||-0.35454249365201257|-0.34793001208471863|||-0.3539737684260937||2.270508717364111|-0.2709090325004568|1.017335471540977|-0.2718648529896093|0.0|1.0|0.0|0.0|0.0|1.0|0.0|0.0|0.0|0.0|1.0|0.0|1.0|0.0|0.0|0
1.0581172166274087|-0.22244413811979064|-1.2779087727870593|||-0.37550306050967885||0.1277795929760763||1.3314524130355425|-0.30763938069058466|-0.33358353877117275|||-1.0552724526192871|0.0|1.0|0.0|0.0|0.0|0.0|1.0|0.0|0.0|0.0|1.0|0.0|0.0|1.0|0.0|0
-0.24271119683508502||-0.33866819077264765|||-0.35502104540675383|||-0.3259681139002077|3.2133485513357165|||-0.18975754678478793|-0.2870575152186156||0.0|1.0|0.0|0.0|0.0|0.0|1.0|1.0|0.0|0.0|0.0|0.0|0.0|1.0|0.0|0
-0.21237117552983734|-2.0756378670256077|-0.343305193118786||1.9187605872473827|-0.37171293061212823|-0.3495250332626221|-0.3985781446813491|1.500473188639027||-0.30717971143832284|||1.9026010136900102||0.0|1.0|0.0|1.0|0.0|0.0|0.0|1.0|0.0|0.0|0.0|0.0|0.0|0.0|1.0|1
0.6314606670223634||-0.3635639412329827||-0.34099869365816066||||-0.3080089265257093|||||||0.0|1.0|0.0|0.0|0.0|1.0|0.0|0.0|0.0|1.0|0.0|0.0|0.0|0.0|1.0|0
-0.27447340663901615|||-0.34856831814790695|-0.32321570917762965|-0.3755987708606271|0.770977344214531|-0.40248177089195203|-0.33677986683754585|-0.36865255830483507|||-0.23033328964262237|2.3757601827696657||0.0|1.0|1.0|0.0|0.0|0.0|0.0|0.0|0.0|0.0|1.0|1.0|0.0|0.0|0.0|0
-1.7981113515619227||0.8261873160735346|-0.341174344230884||-0.3617590541135105||-0.38860471817795894|-0.3138678094023674|-0.36413600757291464|0.7842589611322176|-0.38098910591464136||||0.0|1.0|0.0|0.0|0.0|0.0|1.0|0.0|0.0|1.0|0.0|0.0|0.0|0.0|1.0|0
-0.2365483800074566|-0.18361531713319257|-0.3494728564335525||-0.3266645304102175||-0.3323785556001603|||||||||0.0|1.0|0.0|0.0|1.0|0.0|0.0|0.0|0.0|0.0|1.0|0.0|0.0|0.0|1.0|1
|||-0.3588377263659943|0.8009248771927888||1.8077411098517544|||1.8960212545255946|||1.0545652341888017|||0.0|1.0|0.0|0.0|0.0|1.0|0.0|1.0|0.0|0.0|0.0|0.0|0.0|1.0|0.0|0
|-0.22244413811979064||||1.6630891305476192|||-0.31982736036968973||-0.30630633985902533|||-0.3035417701413907||1.0|0.0|1.0|0.0|0.0|0.0|0.0|0.0|0.0|1.0|0.0|0.0|0.0|0.0|1.0|0
||-0.6757737593928803|1.7833608279270337|-0.3543763478923784|||-0.38447544883379514|-0.3179952011196008|1.3314524130355425||-0.3315748282989919||-0.2904154189991809||1.0|0.0|1.0|0.0|0.0|0.0|0.0|0.0|0.0|0.0|1.0|0.0|0.0|1.0|0.0|0
|||-0.35760539737982383|-0.31393353015711|-0.3650132060457509|-0.3471325014957669||0.9377385618259884|-0.37843841822399593|-0.31876337659532145|||-0.29285753083959204||1.0|0.0|0.0|0.0|0.0|0.0|1.0|0.0|0.0|0.0|1.0|0.0|0.0|0.0|1.0|0
-1.169978097976717||-1.5350823252367227|-0.36212393699578227||||-1.4077219309055973|-1.137534127217087|-0.35886669838567414|-1.1463518983675591|-0.3448323174153856||-0.3039996661114678||0.0|1.0|0.0|0.0|0.0|0.0|1.0|0.0|0.0|1.0|0.0|0.0|0.0|1.0|0.0|0
-0.22280055785351624|-0.16420090663989353|-0.3338060912252404|||-0.3658171729937162||0.3703459615540042|-0.32552517430128514||-0.3121441393627508|||-1.504908163633639||0.0|1.0|0.0|0.0|0.0|0.0|1.0|1.0|0.0|0.0|0.0|0.0|0.0|0.0|1.0|0
-0.2536146419916584|-0.22244413811979064|||-0.3481927191980119|-1.5427290744639397|-0.33955615090072566|0.7229133577428528|||1.148546843549735|-0.3315748282989919||-0.2904154189991809||1.0|0.0|0.0|0.0|1.0|0.0|0.0|0.0|0.0|0.0|1.0|0.0|0.0|1.0|0.0|0
-0.25835527032060335|||-0.35472996307875937||-0.368994756645198|||-1.3715874380114186||1.736923486444905||-0.24385853726190052||0.5115427466400685|1.0|0.0|0.0|0.0|0.0|0.0|1.0|0.0|0.0|1.0|0.0|0.0|0.0|0.0|1.0|0
-0.24034088267061254||-0.3596022304906509|-0.35514073940748286|0.36173904835543114|-0.3538533791251852|||-0.3242970235951815||-1.2072580742922545||-0.25738378488117863|||1.0|0.0|0.0|0.0|0.0|1.0|0.0|1.0|0.0|0.0|0.0|0.0|1.0|0.0|0.0|0
-0.2531405791587639|-0.22244413811979064||||-0.3588494594446837|-0.3495250332626221|-1.3941833428919455|||-0.31292557709159596|||-0.2981996504904914|-1.0552724526192871|0.0|1.0|0.0|0.0|0.0|0.0|1.0|1.0|0.0|0.0|0.0|0.0|0.0|1.0|0.0|1
|-0.22244413811979064||-0.3617131606670588||-0.3572032414083739||-0.38404672688002944|-1.1304873608705908|1.4820041040995564||-0.34965322254861975||||1.0|0.0|0.0|0.0|1.0|0.0|0.0|0.0|0.0|0.0|1.0|0.0|0.0|0.0|1.0|0
-0.23891869417192907||-0.3573512584779624|-0.35760539737982383||-0.3677505220828708|-0.3355685979559671|0.3218326878384186||-0.3645123868005747||-0.33478876505448124|-0.20328279440406608||0.5115427466400685|0.0|1.0|0.0|0.0|0.0|1.0|0.0|0.0|0.0|0.0|1.0|0.0|0.0|1.0|0.0|0
1.3899611996535552|-0.22244413811979064|-0.3463214956157886||||-0.3295872685388293|1.4799460708395484|-0.3162838435783089|-0.36978169598781513||-0.32554869688244925|-0.23033328964262237|2.5054973742915068||0.0|1.0|0.0|0.0|0.0|0.0|1.0|0.0|1.0|0.0|0.0|1.0|0.0|0.0|0.0|1
1.0818203582721335|3.660437960540016|-0.3377678019675722|-0.3415851205596075||-0.35184346175527204|||-0.32278700223521806|-0.36752342062185495|||-0.20328279440406608|||0.0|1.0|0.0|0.0|0.0|0.0|1.0|0.0|0.0|1.0|0.0|0.0|1.0|0.0|0.0|0
|-0.17126069227382046|0.5526942165318793|||1.5539793304666167|-0.333176066189112|||0.9738921467585093|2.028813461631181|||-0.3076628338720845||0.0|1.0|1.0|0.0|0.0|0.0|0.0|1.0|0.0|0.0|0.0|0.0|1.0|0.0|0.0|0
|||0.7256117814640333|-0.3193896731227275|||-1.546492458045528|-0.3255050406831522|-0.37542738440271567|-0.3121441393627508|1.4067632143263358||3.3297101204302617|2.0783579458994237|0.0|1.0|0.0|0.0|0.0|1.0|0.0|0.0|0.0|0.0|1.0|0.0|0.0|0.0|1.0|0
|-0.22244413811979064||-0.3580161737085473||-0.36583631506390585|-0.34673374620129105|-0.3927114232087666|-0.30432447440739857|-0.37279272980909545||||-0.2862943552684871||0.0|1.0|0.0|0.0|0.0|0.0|1.0|1.0|0.0|0.0|0.0|0.0|0.0|1.0|0.0|0
-0.245555573832452|-0.22244413811979064|-0.3388257588135358||-0.31583307622662127||-0.3447399697289118||-0.3064586379294802|-0.36413600757291464|-0.29256222921639596|-0.33278005458230037||||1.0|0.0|0.0|0.0|0.0|0.0|1.0|0.0|0.0|0.0|1.0|0.0|0.0|0.0|1.0|0
|||-0.35637306839365335||||-0.4068366833696767||-0.3592430776133342||-1.746912226997635||1.0593092687980432|0.5115427466400685|0.0|1.0|0.0|0.0|0.0|1.0|0.0|0.0|0.0|1.0|0.0|1.0|0.0|0.0|0.0|0
|-0.22244413811979064|-0.35496522814451253|||-0.343325240520878|-0.35231632032395305|2.292261351658656|-0.3199481620784868|-0.3532210099707736||||-0.3126996895429324|0.5115427466400685|0.0|1.0|0.0|1.0|0.0|0.0|0.0|0.0|0.0|0.0|1.0|0.0|0.0|0.0|1.0|0
|||||2.3665602100172403|||-0.30502915104204814||-0.29109128760915803||||0.5115427466400685|1.0|0.0|0.0|0.0|0.0|0.0|1.0|1.0|0.0|0.0|0.0|0.0|0.0|0.0|1.0|0
-0.23275587734430062|-0.22244413811979064||0.9207305376076935||||-0.39693094980635474|-0.3193240199163686|-0.36338324911759456|||-0.23033328964262237|-0.299878602380774|-0.2718648529896093|0.0|1.0|1.0|0.0|0.0|0.0|0.0|1.0|0.0|0.0|0.0|0.0|0.0|1.0|0.0|0
1.8166177492586004|-0.22244413811979064||1.2698904170226646||1.839196176292395|||2.297764466699719||2.385057132134116|-0.34443057532094945||-0.3035417701413907|-0.2718648529896093|0.0|1.0|0.0|0.0|0.0|0.0|1.0|0.0|0.0|1.0|0.0|0.0|0.0|0.0|1.0|0
-0.22232649502062174|-0.1906751027671195|0.44746127493869103||0.484333865607577|-0.3756370550010064|||1.437052291520563|-0.3630068698899345||-0.35487586977629||2.3452337847645266||0.0|1.0|0.0|0.0|0.0|0.0|1.0|0.0|0.0|1.0|0.0|0.0|0.0|0.0|1.0|0
|||-0.34815754181918346|-0.3284967166900298|-1.4460616200062093|-0.3471325014957669|-0.38246722494510343|1.8598582723103236|-1.4161159488827122|||2.7452211865985703||-1.0552724526192871|0.0|1.0|0.0|0.0|1.0|0.0|0.0|1.0|0.0|0.0|0.0|0.0|1.0|0.0|0.0|0
|||0.530493025320373||-0.3614719230606657|-0.3403536614896774|-0.38833394641768587||-0.3645123868005747||||1.2691782550833743|-0.2718648529896093|1.0|0.0|0.0|0.0|0.0|1.0|0.0|0.0|0.0|0.0|1.0|0.0|0.0|0.0|1.0|0
2.1721648739294714|-0.22244413811979064||||-0.34003280444825823|||0.6110706076205662||-0.30557086905540637||-0.24385853726190052|-0.29331542680966916||1.0|0.0|0.0|1.0|0.0|0.0|0.0|1.0|0.0|0.0|0.0|0.0|0.0|0.0|1.0|0
-0.25077026499429145|||-0.3530868577638654|-0.33965149786418103||-0.33955615090072566|-0.3842272413868782|-0.3013044316874717|-1.4537538716487155||-0.31711211289928953|-2.326746670630735|||1.0|0.0|0.0|0.0|0.0|1.0|0.0|1.0|0.0|0.0|0.0|1.0|0.0|0.0|0.0|0
-0.2351261915087731||2.763148732992006|||-1.3374303716799483|0.3821909321005722||-0.33367928964508764|-0.3498335969218333|0.8957287548057166|-0.34202012275433236||-0.30109965830097957||0.0|1.0|0.0|0.0|0.0|0.0|1.0|0.0|0.0|0.0|1.0|1.0|0.0|0.0|0.0|1
-0.2645180871482318|||-0.34528210751811894|-0.32167990597249285||-0.34154992737310497|1.206917879230904|-0.3155590333255265|-1.660762446861735|0.7405903821673416||-0.18975754678478793||1.2949503462697463|1.0|0.0|0.0|1.0|0.0|0.0|0.0|0.0|0.0|0.0|1.0|0.0|0.0|0.0|1.0|0
||-0.31593337344449357|-0.3506221997915244|1.472501980491632|-0.3467325290146356|-0.3367648638393947||||-0.30805308301762035|-0.33478876505448124|-0.2709090325004568|-0.29362069078972053||0.0|1.0|0.0|0.0|0.0|0.0|1.0|0.0|0.0|1.0|0.0|0.0|0.0|0.0|1.0|1
-0.23749650567324557||-0.36156057614168985||2.345821653938924|1.9885043237716615||-0.37666819641258925|-1.5004425940616315|-0.37881479745165597|||-1.3123530991848742|2.459707777283798||1.0|0.0|0.0|1.0|0.0|0.0|0.0|0.0|0.0|1.0|0.0|0.0|0.0|0.0|1.0|1
|-0.22244413811979064|-0.3499905799964709||-0.3271899367698695|3.3868325511255613||||0.37168538250245353|-0.3052950675040493||||-0.2718648529896093|0.0|1.0|0.0|1.0|0.0|0.0|0.0|0.0|0.0|1.0|0.0|1.0|0.0|0.0|0.0|0
-0.25598495615613087||1.7884778514978767||-0.32178768163601124|-0.3751776453164548||||-0.35886669838567414||-0.3436270911320771|-0.24385853726190052|||0.0|1.0|0.0|0.0|0.0|1.0|0.0|0.0|0.0|1.0|0.0|1.0|0.0|0.0|0.0|0
-1.4307126560686891|-0.22244413811979064||-0.341174344230884||-0.3430381094680332|-0.3507212991460496|-0.3698537737790512|||-0.3083748514942037|1.1155001958601092|2.068958805634663|||0.0|1.0|0.0|0.0|0.0|0.0|1.0|1.0|0.0|0.0|0.0|0.0|0.0|0.0|1.0|0
||-0.3578914917610076|||-0.3612422182183899|-0.35829764974109085|-1.3338238046644146|1.8709317622833888|-0.3517154930601335|-0.29959516877600223||-0.23033328964262237||0.5115427466400685|0.0|1.0|0.0|1.0|0.0|0.0|0.0|1.0|0.0|0.0|0.0|1.0|0.0|0.0|0.0|0
-0.20194179320615846|-0.15890606741444835||-0.36212393699578227|||||||-0.2876437682171941|-0.34121663856546003||||0.0|1.0|0.0|1.0|0.0|0.0|0.0|0.0|0.0|1.0|0.0|0.0|0.0|0.0|1.0|0
-0.2607255844850758|-0.22244413811979064|-1.6887111651027142|1.9476713594164317||-0.36819078969723273|0.16287552013885187|0.3111146389942776|-0.31934415353450146||0.6440598391923529||-0.24385853726190052|-1.3293813751040893||0.0|1.0|0.0|0.0|0.0|1.0|0.0|0.0|0.0|0.0|1.0|0.0|0.0|0.0|1.0|0
-0.27968809780085563||||1.7045564560046222|-0.34227242666044727|-0.3622852026858494|-0.36908658712494424||0.4563707087259614||||-0.28293645148792185|0.5115427466400685|1.0|0.0|0.0|0.0|0.0|0.0|1.0|1.0|0.0|0.0|0.0|0.0|0.0|0.0|1.0|0
|-0.22244413811979064||||-0.36700398134547446|||-0.3298337685817141|-1.6889908889362375|1.0933865332783128||||0.5115427466400685|0.0|1.0|0.0|0.0|0.0|1.0|0.0|0.0|1.0|0.0|0.0|1.0|0.0|0.0|0.0|0
-0.2578812074877089||-0.335449300794503|-1.5541968429513655|||-0.3527150756184289|0.8504017282047405||-0.37091083367079525||-1.7569557793585393|||-1.0552724526192871|0.0|1.0|0.0|0.0|0.0|1.0|0.0|0.0|0.0|0.0|1.0|0.0|1.0|0.0|0.0|0
