num__CZAS_POSIADANIA|num__L_WIAD_POCZTA_G|num__DZIEN_MIN|num__DZIEN_L_POL|num__DZIEN_OPLATA|num__WIECZOR_MIN|num__WIECZ_L_POL|num__WIECZ_OPLATA|num__NOC_MIN|num__NOC_L_POL|num__NOC_OPLATA|num__MIEDZY_MIN|num__MIEDZY_L_POL|num__MIEDZY_OPLATA|num__L_POL_BIURO|cat__STAN_9|cat__STAN_MISSING|cat__KOD_OBSZARU_408.0|cat__KOD_OBSZARU_415.0|cat__KOD_OBSZARU_510.0|cat__KOD_OBSZARU_9.0|cat__KOD_OBSZARU_MISSING|cat__PLAN_MIEDZY_0.0|cat__PLAN_MIEDZY_1.0|cat__PLAN_MIEDZY_9.0|cat__PLAN_MIEDZY_MISSING|cat__POCZTA_G_0.0|cat__POCZTA_G_1.0|cat__POCZTA_G_9.0|cat__POCZTA_G_MISSING|REZYGN
1.0529825932833383||-0.38384837639714475||1.0401993235774272|-0.3856895093850559|-0.3472275798168742|-0.35718877642019925||-0.3472414176176072||0.6222375713504656|-0.24203672508017238||-0.2749429460630012|0.0|1.0|0.0|0.0|0.0|0.0|1.0|0.0|0.0|0.0|1.0|0.0|0.0|0.0|1.0|0
-0.31335839916103597||1.204411454664101|||||-0.357555600529433||||-0.3348875098635704|-0.24203672508017238|-0.37429162128030524|-0.2749429460630012|0.0|1.0|0.0|0.0|0.0|0.0|1.0|1.0|0.0|0.0|0.0|0.0|0.0|0.0|1.0|0
-0.3001058192149218|-0.462391138044792|2.035641887432338||||-1.4806064739132196||-0.3461482459355736|-0.34222678032055664||||1.8354287998488579|-1.0490043108088363|0.0|1.0|0.0|1.0|0.0|0.0|0.0|0.0|0.0|0.0|1.0|0.0|0.0|0.0|1.0|0
-0.32351871045305686|-0.462391138044792|1.083486734004663||-0.3375599258385081|-0.4116854889186144|-0.35160356010296046||-0.3394229095144281|-1.240618339153688||2.282928571340964|-0.1872790298926752|0.797904597142068||1.0|0.0|0.0|0.0|0.0|1.0|0.0|0.0|0.0|0.0|1.0|1.0|0.0|0.0|0.0|0
-1.1889121809343144|||-0.2802183097320749|1.411900417729005|||||-0.33566917770133675|-0.35948221288492477|0.632363735984554|1.770308573060349|-0.38762140242766396||0.0|1.0|0.0|0.0|0.0|0.0|1.0|0.0|1.0|0.0|0.0|0.0|0.0|0.0|1.0|0
-1.6637962956700734|-0.462391138044792|-0.39232326858453725|0.7266598003683344|-0.35410558694596156|1.6925691466682689|1.6223613653115945||0.6214570807323744|1.8935299715028997|-0.3561055016477755||||-1.0490043108088363|0.0|1.0|0.0|0.0|0.0|0.0|1.0|0.0|0.0|0.0|1.0|1.0|0.0|0.0|0.0|0
-0.30717386185284934|1.532237300579801|1.7795660083888223|-0.2909893635414503|-0.3552453422389673||-0.3436472323100763||||-1.4455553362516806|||||0.0|1.0|0.0|0.0|0.0|1.0|0.0|0.0|0.0|0.0|1.0|0.0|0.0|0.0|1.0|0
|||1.3729230289308565|-0.3685638310561125|-0.4037811763224328|1.483125628936122|-0.3755758348955444||-0.34531271096489546|||-0.2009684536895495|-1.0847552143921069|-1.0490043108088363|0.0|1.0|0.0|0.0|0.0|1.0|0.0|0.0|1.0|0.0|0.0|0.0|0.0|1.0|0.0|0
|-0.462391138044792|1.4371153288742797|-1.3736956924598622|-0.36257051108839716|-0.35610589282361893|2.7959197147620047|3.0307069904360455||0.4855741150233249|1.73271929897426|-0.35513983913174724|||-0.2749429460630012|0.0|1.0|0.0|0.0|0.0|0.0|1.0|0.0|0.0|1.0|0.0|0.0|0.0|1.0|0.0|0
||-0.3851694027572899||-0.34644745587610304||-0.3424537831411437|-0.3523971364933325||0.553078847868236||-0.34501367449765885||-0.3836362101258763|-1.0490043108088363|0.0|1.0|0.0|0.0|0.0|0.0|1.0|0.0|0.0|0.0|1.0|0.0|0.0|0.0|1.0|0
0.3572221461123427|||1.1467308989339737|1.0027410737792062|-0.3797229044884237|-0.3535926420511815|-1.5087413613324658|-0.3370896295315818|-0.33952659100676025|1.6647465403043706||-2.3365185660019394|0.7532429592772061||0.0|1.0|0.0|0.0|0.0|0.0|1.0|0.0|0.0|0.0|1.0|1.0|0.0|0.0|0.0|1
-0.3279362371017616|-0.462391138044792|0.5159534862038558|||-0.39221248579938056|-0.32773457672430806|-0.3638145368932351||0.5241482480775599||||-0.39133175388105246||0.0|1.0|0.0|0.0|0.0|1.0|0.0|0.0|0.0|1.0|0.0|0.0|0.0|0.0|1.0|0
-0.2864114866039371|-0.462391138044792||0.7051176927495837|0.298397915180178|-0.40343584227696855|2.4378849640822184|||0.8520283790385568||0.7437515469595265|2.4547797629040637|-0.3836362101258763|-0.2749429460630012|0.0|1.0|1.0|0.0|0.0|0.0|0.0|0.0|0.0|0.0|1.0|0.0|0.0|1.0|0.0|0
-1.4097885133695511|-0.462391138044792||-0.2909893635414503||-0.37605852656155314|-0.3567751731683351|0.8108479669007621|0.5645956357722526|1.8356687719215472|-1.3446925330641033||3.139250952747778|-0.37951359739988905||0.0|1.0|0.0|0.0|0.0|0.0|1.0|0.0|0.0|1.0|0.0|0.0|0.0|0.0|1.0|0
|||-0.29874452228420056|2.225096609929701|-0.364624132611737|||-0.3382268584307842|-0.3441554869732684|-0.35628091521853644|-0.3373177893757517|-0.2009684536895495|-0.3764903480674984||0.0|1.0|0.0|1.0|0.0|0.0|0.0|1.0|0.0|0.0|0.0|0.0|0.0|0.0|1.0|0
-0.2895037552580304|||||||-1.943771828376948||||-0.36850637644874396|-0.1599001822989266|0.5780319184227483|2.047241148174504|0.0|1.0|0.0|0.0|0.0|0.0|1.0|1.0|0.0|0.0|0.0|1.0|0.0|0.0|0.0|1
-0.3230769577881864|1.781565855407875|-0.39781060884975544|-0.26901641377032454||-0.36966984672046455|0.5084754743078149|||0.3409211160699439|0.485090276936619|||||1.0|0.0|0.0|0.0|0.0|1.0|0.0|0.0|0.0|0.0|1.0|0.0|0.0|1.0|0.0|0
-0.3195429364692226||-0.39896904735019045|2.1268967955871325|||-1.4905518836543248|-0.3531307847118001|0.8925293140336445|0.7845236461936457|0.8819634807833905|0.429840443302786||2.5843701117365407||0.0|1.0|0.0|0.0|1.0|0.0|0.0|1.0|0.0|0.0|0.0|1.0|0.0|0.0|0.0|0
2.9966943187134216||||-0.36144356203463873|-1.44421509963196|2.1991951302956942|-0.3541854040258473|2.8709154507496053|-0.3406838149983873|||-0.2146578774864238|-0.3880336637002627|-0.2749429460630012|0.0|1.0|0.0|0.0|0.0|0.0|1.0|1.0|0.0|0.0|0.0|0.0|1.0|0.0|0.0|0
||-0.39212003375989957|-0.29012767923670024||-0.3929607095645531|||-0.3402268127017954|0.3312775828063852|||-0.9675761863145098|-0.37690260934009717|-0.2749429460630012|0.0|1.0|0.0|1.0|0.0|0.0|0.0|1.0|0.0|0.0|0.0|0.0|0.0|0.0|1.0|0
||-0.40620420710729294||-0.36897363071202466|-0.3775741593166462||1.9394052654654337|-0.3370896295315818|-0.3310402817348285|||1.0858373832166341|-0.3858349369130695||0.0|1.0|0.0|0.0|0.0|0.0|1.0|0.0|0.0|0.0|1.0|1.0|0.0|0.0|0.0|0
3.040869585200469|-0.462391138044792||1.588344105118364|-0.3891562637656986||-0.33847561924470165|1.2596343380415127|0.6493976183420894||1.6713245492079083|0.7640038762277033||1.6911373544393042|2.821302512920339|1.0|0.0|1.0|0.0|0.0|0.0|0.0|1.0|0.0|0.0|0.0|1.0|0.0|0.0|0.0|1
||3.2814713624615046||-1.3987489410622982|-0.07391042200508642|||-0.34238362613131723|-0.3522560549146578|-0.36049084091680056||||-1.0490043108088363|0.0|1.0|0.0|0.0|0.0|1.0|0.0|0.0|0.0|0.0|1.0|0.0|0.0|0.0|1.0|0
|-0.462391138044792||-0.28452673125582506|-0.37870637253993855||||||-0.35895597217264175|-0.3591903049853826|-0.2009684536895495|1.0040352334414302||1.0|0.0|0.0|0.0|0.0|0.0|1.0|0.0|0.0|1.0|0.0|1.0|0.0|0.0|0.0|0
||-0.4212435841304836||-0.3850838796850715|0.7524931340156007|-0.3579686223372678|-0.34788061464839104|-1.5397680126225985||-0.34957134613692803|||-0.3869343003066661|-1.0490043108088363|0.0|1.0|0.0|0.0|1.0|0.0|0.0|1.0|0.0|0.0|0.0|0.0|0.0|0.0|1.0|0
|-0.462391138044792|-0.4124638397061344||-0.37568410007758635|-0.3703988852608891||-0.34166753129824323|-0.32887413110458485||-0.3468962891828227|2.748732144509031|-0.2146578774864238|2.453820708746945||1.0|0.0|0.0|0.0|0.0|1.0|0.0|1.0|0.0|0.0|0.0|1.0|0.0|0.0|0.0|0
-0.33544603240455967|||-0.27935662542732487||||-0.3584268077888634|-0.3422071595779927||0.5048243036472321|||0.4577890472481203|-1.0490043108088363|0.0|1.0|0.0|0.0|0.0|0.0|1.0|1.0|0.0|0.0|0.0|0.0|1.0|0.0|0.0|0
-0.956992031877316|-0.462391138044792|||-0.37350703940555297|-1.1693867551166648||-0.36535061285065173|-0.3580107197979438||-0.3762342088926006|-0.3308370440099351||||0.0|1.0|1.0|0.0|0.0|0.0|0.0|1.0|0.0|0.0|0.0|0.0|0.0|0.0|1.0|0
-0.1397496018669399|-0.462391138044792|||-1.436847502822882|-0.37402489273826367|-0.35319482566153726|2.120524669399632|3.1807122888082|-0.3429982629816414||-0.3648609571804721|||-1.0490043108088363|0.0|1.0|0.0|0.0|0.0|0.0|1.0|0.0|0.0|1.0|0.0|1.0|0.0|0.0|0.0|0
||-1.0438737928905744||-0.376772630413603||-1.4706610641721145|1.6998232691220956|-0.3429914553705461||||-0.26941557267392097|||0.0|1.0|0.0|0.0|0.0|0.0|1.0|1.0|0.0|0.0|0.0|1.0|0.0|0.0|0.0|0
|-0.462391138044792|-0.420491615279324||||||0.8498832303135533||-0.346940142575513|-0.33286227693675274||-0.37250515576571075||0.0|1.0|0.0|1.0|0.0|0.0|0.0|1.0|0.0|0.0|0.0|0.0|0.0|0.0|1.0|0
|-0.462391138044792|||||-0.3440450486997205|||-0.3445412283038108|2.033115038902479|-1.4333738493694808|-0.2146578774864238|-1.3802091264211929||0.0|1.0|0.0|0.0|1.0|0.0|0.0|0.0|0.0|0.0|1.0|1.0|0.0|0.0|0.0|0
-0.2846444759444552|-0.462391138044792|-0.3946401455854072||-0.356589997359929|||||1.1220473104182014||0.8855178518367641||||1.0|0.0|0.0|0.0|0.0|1.0|0.0|0.0|0.0|1.0|0.0|1.0|0.0|0.0|0.0|0
-0.355324902323731|-0.462391138044792||||-1.6341488246372948|||||-0.34106378795501935||0.7436017882947767|||0.0|1.0|1.0|0.0|0.0|0.0|0.0|1.0|0.0|0.0|0.0|0.0|0.0|0.0|1.0|1
-0.33544603240455967|1.6153468188558258||||1.4469982698936943||-0.35764730655674154|-0.3361680819753315|-0.33759788435404847|-0.35421980576209466|-0.3567600254732014||1.1139715728010902|-1.0490043108088363|1.0|0.0|1.0|0.0|0.0|0.0|0.0|1.0|0.0|0.0|0.0|0.0|0.0|0.0|1.0|0
-0.3288197424315026|||-0.2944361007604504|1.9920230556296592|-0.38187164966020126|-0.3460341306479416|-0.353314196766417|1.1199750938741317|-0.3549562442284542|-0.3661917819665332|2.5867135103636163||-0.3705812698269167|1.2731797834286689|0.0|1.0|0.0|0.0|0.0|0.0|1.0|0.0|0.0|1.0|0.0|0.0|1.0|0.0|0.0|0
-0.7582033326856028|||-0.2737556774464497|-0.3708945665991129|||||-0.3402980736678449|-0.37084024159169976|2.5462088518272625|-0.2009684536895495||-1.0490043108088363|0.0|1.0|0.0|0.0|0.0|0.0|1.0|0.0|0.0|0.0|1.0|0.0|0.0|0.0|1.0|0
|-0.462391138044792|-1.102303804973916|||||0.6939227820824824|1.8552523993929475||1.8511234592379373|-0.3498742335220213|||-0.2749429460630012|1.0|0.0|0.0|1.0|0.0|0.0|0.0|0.0|0.0|0.0|1.0|0.0|0.0|0.0|1.0|0
-0.30054757187979225|||-0.28323420479870004|-0.3583572583760502||||0.6190061563806449|1.6813722397046076|-0.8984842624407996||1.770308573060349|-1.400822190051129||0.0|1.0|0.0|0.0|0.0|0.0|1.0|0.0|1.0|0.0|0.0|0.0|1.0|0.0|0.0|0
-0.29480478723647613||||||0.5283662937900253|-1.7196652241419117|-0.341109145468418|-1.423845471161304|-0.35921909252878326|-0.3454187210830224||||0.0|1.0|0.0|0.0|0.0|0.0|1.0|0.0|0.0|0.0|1.0|0.0|0.0|1.0|0.0|0
-0.3173341731448702|||0.7697440156058359|-0.37524868794317967|-0.39156018815794813|-0.35279700927189306|1.229829879166265|3.304238876135361||-0.35930679931416376|-0.35230451303420246|-0.25572614887704664||1.2731797834286689|0.0|1.0|0.0|0.0|0.0|0.0|1.0|1.0|0.0|0.0|0.0|1.0|0.0|0.0|0.0|0
-0.3009893245446627|2.945099111272221|-0.40254598026381416|-0.29228188999857535||-0.38444246977643504||-0.355927818544708|||2.0155736818263783|-0.33124209059529863|-0.07776363951768084|-0.3709935310995154||1.0|0.0|0.0|0.0|0.0|1.0|0.0|0.0|0.0|1.0|0.0|0.0|0.0|0.0|1.0|1
-0.34560634369658055|-0.462391138044792|-0.4123622222938156|-0.29357441645570037|-1.0821146756739168|-0.36942043879874037|1.5626889068649634||-0.3169528350577731|||-0.3498742335220213|-1.6520473761582246|-0.3880336637002627||1.0|0.0|0.0|0.0|1.0|0.0|0.0|0.0|0.0|0.0|1.0|0.0|0.0|0.0|1.0|0
-0.2899455079229009|||2.988581100337162|-0.38405938054529115||-0.3428515995307879|-0.36344771278400123|-0.3430306701601738||-0.3611486418071543|||||0.0|1.0|0.0|0.0|0.0|1.0|0.0|1.0|0.0|0.0|0.0|0.0|0.0|0.0|1.0|0
|-0.462391138044792|||-0.3692169492577225||-1.560169751842061|-0.3516634882748648|||||-0.24203672508017238|||0.0|1.0|0.0|0.0|1.0|0.0|0.0|0.0|0.0|0.0|1.0|1.0|0.0|0.0|0.0|0
-0.3345625270748187||-1.0520031858760828|-0.28711178417007516|||-0.35001229454438365|||-0.33759788435404847|0.40834683972867974|-1.2511028859558895||-0.3935304806682457||0.0|1.0|0.0|0.0|0.0|0.0|1.0|0.0|0.0|0.0|1.0|0.0|0.0|1.0|0.0|0
|-0.462391138044792|-0.3947824099626536|2.256149441299637|||-0.3380778028550574||-0.3516187090886336||-0.3697877601671337|-0.33691274279038813|-0.2146578774864238|||0.0|1.0|0.0|0.0|0.0|0.0|1.0|1.0|0.0|0.0|0.0|0.0|0.0|0.0|1.0|0
-0.2978970558905694|-0.462391138044792|-0.39972101620135|||||0.9157367356348072|||-0.34856271810505224|||||0.0|1.0|1.0|0.0|0.0|0.0|0.0|0.0|0.0|1.0|0.0|0.0|0.0|1.0|0.0|0
|||||-0.37918571819547936||-0.3505859424539905||||0.5007235957414049|-1.3098117812363672|1.2101658697407924||1.0|0.0|0.0|0.0|0.0|1.0|0.0|1.0|0.0|0.0|0.0|0.0|0.0|0.0|1.0|1
||2.269361935765705||-0.37375035795125083||0.19022236259244937|-1.4537177449473928|-0.0319593514386801||0.30090602763756485|-1.5042570018080996|-0.24203672508017238|||1.0|0.0|0.0|0.0|0.0|0.0|1.0|0.0|0.0|0.0|1.0|0.0|1.0|0.0|0.0|0
|-0.462391138044792|1.5123122139902325|-0.28237252049395|-0.36096973118249026||-0.3484210289858068|||-0.3487843829397766||2.768984473777208|-0.2146578774864238|-1.150029915886905||0.0|1.0|0.0|0.0|0.0|1.0|0.0|0.0|0.0|1.0|0.0|0.0|0.0|0.0|1.0|0
-1.023254931607887||-0.3928923260935229|||||-0.354529301628254||-0.33258324705699793|-0.34720326293165454|-0.36283572425365446||-0.3998518201814261||1.0|0.0|1.0|0.0|0.0|0.0|0.0|1.0|0.0|0.0|0.0|1.0|0.0|0.0|0.0|0
-0.3562084076534719|-0.462391138044792|-0.39990392754352394|2.083812580349631|-0.3622247426287213|-0.3870708455669129|0.9261826834342323|-0.3585872933366531|-0.3225801573693438|-0.3603566228560471|-0.3405375472427363|-0.34420358132693174|-0.2009684536895495|||1.0|0.0|0.0|0.0|0.0|0.0|1.0|0.0|0.0|0.0|1.0|1.0|0.0|0.0|0.0|0
|-0.462391138044792|-0.4051677095016406|-0.27849494112257484|0.4690410531498516|-0.3722406668366984|||-0.33322697275325625|0.9291766451470266||-0.35270955961956607|-0.2146578774864238|0.43717598361818394||0.0|1.0|0.0|1.0|0.0|0.0|0.0|1.0|0.0|0.0|0.0|0.0|0.0|0.0|1.0|0
|-0.462391138044792||-0.2931435743033253||1.6839357955316627|||-0.33805039187745967|||-0.3510893732781119|0.7436017882947767|-0.3891330270938593||0.0|1.0|0.0|1.0|0.0|0.0|0.0|0.0|0.0|0.0|1.0|1.0|0.0|0.0|0.0|1
||-0.40205821668468367|-0.3000370487413256||0.7721579893823147|-0.35279700927189306|0.8188722442902518|-0.325050689115887||-0.3430371906260807|1.67535869329566||3.35392448725416|-0.2749429460630012|0.0|1.0|0.0|0.0|0.0|0.0|1.0|1.0|0.0|0.0|0.0|1.0|0.0|0.0|0.0|0
-0.29833880855543987|-0.462391138044792|-0.41193542916207637|-0.2866809420177001||0.43977397062297857|2.0798502134024326|-0.36058189943061203|-0.3504226580049896|-0.3329689883875403|-0.3685598651718067||0.40136619337291946|0.3169331124435561|-0.2749429460630012|0.0|1.0|0.0|1.0|0.0|0.0|0.0|1.0|0.0|0.0|0.0|1.0|0.0|0.0|0.0|0
-1.6969277455353589|2.030894410235949|-0.39740413920048007||-0.35954823862604496|||||-0.3526417962452001|-0.36062240109487126|-0.36688619010728984||0.11423798674918324|1.2731797834286689|0.0|1.0|0.0|0.0|0.0|1.0|0.0|0.0|0.0|1.0|0.0|0.0|0.0|1.0|0.0|1
-0.33058675309098445|-0.462391138044792|-0.4074845865025105|-0.29874452228420056|-0.37034389831148096|-0.37626956403378126|||||-0.37075253480631926|-0.3413682552293871|-0.24203672508017238|||0.0|1.0|0.0|1.0|0.0|0.0|0.0|1.0|0.0|0.0|0.0|1.0|0.0|0.0|0.0|0
|-0.462391138044792||-0.28452673125582506|-0.352824963021236|-0.38952655433465866|-0.3364865372964806||-0.3409130715202796||-0.358999825565332||-0.1735896060958009|-0.3806129607934856||0.0|1.0|1.0|0.0|0.0|0.0|0.0|0.0|0.0|1.0|0.0|1.0|0.0|0.0|0.0|0
-0.2837609706147143||-1.413761173731208|-0.28711178417007516|-0.3609185062255012||-0.3492166617650952|-0.3625535790177438||-0.3615138468476741|-0.3634728716197376|-0.34420358132693174|||-0.2749429460630012|1.0|0.0|0.0|0.0|0.0|0.0|1.0|0.0|0.0|1.0|0.0|0.0|0.0|1.0|0.0|0
-0.3093826251772017|2.363332483340048|-0.3831370545109128|-0.2931435743033253||-0.3893730725366746||-1.264000900953027|0.4371475694823245|||||-0.382124585459681||0.0|1.0|0.0|0.0|0.0|1.0|0.0|0.0|0.0|0.0|1.0|0.0|1.0|0.0|0.0|0
-0.3279362371017616||-0.3983593428762773|-0.28969683708432525||-0.3763463049327733|3.432425938192736|2.0024531592399963|0.974880372251752|1.3920662417978458||||0.9284540001316641||0.0|1.0|0.0|0.0|0.0|1.0|0.0|1.0|0.0|0.0|0.0|0.0|1.0|0.0|0.0|0
-0.29480478723647613||-0.40100139559656756|||-0.38753129096086525|-0.36115115345442145||-0.32597223667213726|-0.3618995881782165|0.9137571904838224||-1.3098117812363672|-0.3784142340062925||0.0|1.0|1.0|0.0|0.0|0.0|0.0|0.0|0.0|1.0|0.0|0.0|0.0|0.0|1.0|0
-0.3438393330370987|||-0.2866809420177001|-0.37418577008565745||-0.3480232125961626|||-0.34145529765947197|2.7391546612155193||||0.4991184186828339|0.0|1.0|0.0|0.0|0.0|0.0|1.0|1.0|0.0|0.0|0.0|1.0|0.0|0.0|0.0|0
-0.8023785991726501||1.0672279480336462|-0.2970211536747005||-0.39104218708975175|-0.35160356010296046||1.7209417449181772||-0.35413209897671416||3.139250952747778|-0.40218796739281887|0.4991184186828339|0.0|1.0|0.0|1.0|0.0|0.0|0.0|1.0|0.0|0.0|0.0|0.0|0.0|0.0|1.0|0
0.5891422951693412||-0.3866123700122176|-0.28366504695107503||-0.38273498477386186|||-0.34708940088663764||-0.3652270073273477|-0.35270955961956607|||-1.0490043108088363|0.0|1.0|0.0|0.0|0.0|1.0|0.0|0.0|0.0|1.0|0.0|0.0|0.0|0.0|1.0|0
||||-1.084035611561005|||-0.3554463619013386|-0.35267750840858064|2.2985583685723663||-0.3567600254732014||-1.194691553751767|-1.0490043108088363|0.0|1.0|1.0|0.0|0.0|0.0|0.0|0.0|0.0|0.0|1.0|0.0|0.0|1.0|0.0|0
|-0.462391138044792|-0.3947214395152623||||||-0.3479325188636326||-0.3660602217884624|-0.35878525840001907|0.05913059845106209|-0.3961414687280376||1.0|0.0|1.0|0.0|0.0|0.0|0.0|0.0|0.0|0.0|1.0|0.0|0.0|0.0|1.0|0
||3.198145084360043|-0.2853884155605751|-0.3637999100561336|-0.3911189279887438|-1.4806064739132196||-0.3488932812095105|||-0.3344824632782069|-0.24203672508017238||2.047241148174504|0.0|1.0|0.0|0.0|0.0|0.0|1.0|0.0|0.0|0.0|1.0|0.0|0.0|0.0|1.0|1
-0.2996640665500513|-0.462391138044792|||-0.35009723406157073||||-0.3201292330176144|-0.34222678032055664|-0.3380817572520823|-0.34258339498547763||-0.38130006291448354||0.0|1.0|0.0|0.0|0.0|0.0|1.0|1.0|0.0|0.0|0.0|0.0|0.0|0.0|1.0|0
||1.8476496746424553|1.7606809660683698|-0.35378543096478016|-0.3874545500618732||||-0.3588136575338777||-0.3413682552293871||1.8216867574289004|-1.0490043108088363|0.0|1.0|0.0|0.0|1.0|0.0|0.0|0.0|0.0|1.0|0.0|0.0|1.0|0.0|0.0|0
|-0.462391138044792|2.0884829418381425|-0.2931435743033253||-0.39499434338784256|0.45874842560228907|||-0.3402980736678449|-1.247118734328295|-0.357975165229292||-0.39545436660703975||0.0|1.0|0.0|0.0|1.0|0.0|0.0|0.0|0.0|0.0|1.0|0.0|0.0|0.0|1.0|0
-1.354569430260742|-0.462391138044792|-0.3963879650772915||-0.3584597082900283|-0.38006823853388794||-0.3514800762202479|-0.3481482002065847||-0.3662794887519137|||0.25165841094875807||0.0|1.0|0.0|1.0|0.0|0.0|0.0|0.0|0.0|1.0|0.0|0.0|0.0|0.0|1.0|0
|-0.462391138044792|1.9584126540700078|-0.28194167834157496|-0.35140347046479076|2.5923561873501075|-0.3492166617650952|-0.3650296417550721|-1.3005577958938104||-1.3249585063534908||-0.24203672508017238|||0.0|1.0|0.0|0.0|0.0|1.0|0.0|0.0|0.0|1.0|0.0|1.0|0.0|0.0|0.0|0
-0.33853830105865296|-0.462391138044792|0.36047884535600705|||-0.3807205361753204|-1.102680903751223|-1.4835222038226406||0.6880883135580583|-1.290972127018546|||||0.0|1.0|0.0|0.0|0.0|0.0|1.0|0.0|0.0|0.0|1.0|0.0|0.0|1.0|0.0|0
0.544967028682294||||-0.33736783224979916|-0.38883588624373017|||-0.32507029651070085|-0.3541847615673695|0.9356838868289479|1.979143632318312|||-1.0490043108088363|0.0|1.0|0.0|0.0|0.0|1.0|0.0|0.0|0.0|1.0|0.0|0.0|0.0|0.0|1.0|1
-0.29701355056082845|-0.462391138044792|-0.42520666321091893|-0.27849494112257484||-0.40876933475691635||-0.02023790558210929|||-0.3622011232317203|-0.3571650720585649|-0.1872790298926752|||0.0|1.0|0.0|0.0|0.0|1.0|0.0|0.0|0.0|0.0|1.0|0.0|0.0|0.0|1.0|1
-0.3403053117181349|-0.462391138044792||-0.29788283797945053|-1.5681114551072461|||-1.1963677058130415|-0.34322674410831217|-0.3387551083456755|1.3555801218381012|-0.3571650720585649||-0.3947672644860418|0.4991184186828339|0.0|1.0|0.0|1.0|0.0|0.0|0.0|0.0|0.0|1.0|0.0|1.0|0.0|0.0|0.0|0
1.1855083927444803|-0.462391138044792|||3.302101330623851|-0.39378567422871774||1.116343670372052|0.7425327437078061|-0.35302753757574246||1.1285458030548858||-0.3694819064333201||0.0|1.0|0.0|0.0|0.0|0.0|1.0|0.0|0.0|0.0|1.0|1.0|0.0|0.0|0.0|0
-0.29701355056082845|||-0.2862500998653251|0.6918696160520896|-0.3653339859274135||-0.33650906726214264|-0.33410930551987883||-0.3521586963056529|2.282928571340964||-0.3762155072190993||0.0|1.0|0.0|0.0|0.0|1.0|0.0|1.0|0.0|0.0|0.0|1.0|0.0|0.0|0.0|0
-0.3093826251772017||||-0.35584723548358826|-0.3842698027537029|-0.3551839076097583||0.987134994010399||||-0.2146578774864238|-0.3784142340062925||0.0|1.0|0.0|0.0|0.0|0.0|1.0|0.0|1.0|0.0|0.0|0.0|0.0|0.0|1.0|0
|1.6153468188558258|1.245058419591643|-0.27590988820832474||-0.3974500521555883|0.5582025230133408||-0.3435796772149612|-0.34762715894814955|-1.263563756587139|||||0.0|1.0|0.0|0.0|0.0|1.0|0.0|0.0|0.0|0.0|1.0|0.0|1.0|0.0|0.0|0
|1.532237300579801|-0.38701883966149303|-0.2853884155605751|||-0.3476253962065184|-0.3450606543086561|1.8052535426176681|-1.0381041406189548||-1.3827430261990388|-0.22834730128329808|-1.335547488556331||1.0|0.0|0.0|0.0|0.0|0.0|1.0|0.0|0.0|0.0|1.0|0.0|1.0|0.0|0.0|0
||1.7023367750264922|-0.28754262632245015|-0.35689734710186316||-0.35279700927189306|-0.3471011134162692|||-0.35860514503111973||-0.26941557267392097|-0.3791013361272903||0.0|1.0|0.0|0.0|1.0|0.0|0.0|1.0|0.0|0.0|0.0|0.0|0.0|0.0|1.0|1
-0.30408159319875605|||-1.4490930691254897|0.573091747033799|||-0.35164056176803776|-0.3146979846541821|0.3698517158606201||-0.3555448857171108|-2.6787541609237966|-1.2221756385916818|-1.0490043108088363|0.0|1.0|0.0|0.0|1.0|0.0|0.0|0.0|0.0|0.0|1.0|0.0|0.0|1.0|0.0|0
||1.1668130121061244|0.8020571770339621||0.31986631594789333|||3.339532186800264|-0.34994160693140364|0.5388106829821764|1.22980744939577|||2.047241148174504|1.0|0.0|0.0|0.0|0.0|0.0|1.0|1.0|0.0|0.0|0.0|1.0|0.0|0.0|0.0|1
|-0.462391138044792|1.7399352175844687|2.2130652260621355|-0.3560905540292861||-0.3563773567786909|-1.4113037073172325|3.1983589441406512|-1.3274101385257167|3.2040006237321803|-0.3417733018147506|-0.25572614887704664|||0.0|1.0|0.0|0.0|0.0|1.0|0.0|0.0|0.0|0.0|1.0|1.0|0.0|0.0|0.0|0
1.273858925718575|2.446442001616073|1.1281983954249593|-0.28409588910345007||-0.39988657569858604|2.955046270619688|-0.9969070964171526|-0.33840332498410874|1.8163817053944298|||-0.1599001822989266|||1.0|0.0|0.0|0.0|0.0|0.0|1.0|1.0|0.0|0.0|0.0|0.0|0.0|0.0|1.0|0
-0.30408159319875605|-0.462391138044792||-0.27504820390357476||-0.37605852656155314|-0.3496144781547394||||1.6647465403043706||2.4547797629040637||-0.2749429460630012|0.0|1.0|0.0|0.0|0.0|0.0|1.0|0.0|0.0|0.0|1.0|1.0|0.0|0.0|0.0|1
3.2617459176357055|-0.462391138044792|1.0245486348597268|0.9851650917933433|1.1634593763322572|-0.3861691400037563|0.6576566204243925|-0.35767023306356865|||-0.37474319354113217||-0.9675761863145098|0.6055160032626632||0.0|1.0|0.0|0.0|0.0|0.0|1.0|1.0|0.0|0.0|0.0|0.0|0.0|0.0|1.0|0
-2.0724175106752614||-0.3963879650772915||-0.3584597082900283|-0.3869365489936768||1.4648265741441804|1.5434948218529696|-0.33644066036242143|-0.35768422378462444|-0.3543297459610202||||0.0|1.0|0.0|1.0|0.0|0.0|0.0|1.0|0.0|0.0|0.0|1.0|0.0|0.0|0.0|1
-1.2441312640431237|-0.462391138044792|||-0.37568410007758635|2.8954827383687234||||-0.35842791620333536|2.101087797572368|-0.3583802118146555|-0.1599001822989266|||1.0|0.0|0.0|0.0|0.0|0.0|1.0|0.0|0.0|0.0|1.0|0.0|0.0|0.0|1.0|0
|-0.462391138044792||-0.2888351527795752||-0.3893347020871785|-0.34205596675149946|0.47325515387151296|0.9155680029399005||-0.3442650856214077|||-0.38982012921485715||0.0|1.0|0.0|0.0|0.0|1.0|0.0|0.0|0.0|0.0|1.0|0.0|0.0|1.0|0.0|0
1.6272610576149538|-0.462391138044792||-0.2983136801318255|-0.36374868509914465|||-0.35851851381617184|2.125834447823872|-0.3472414176176072|-0.3711472153405315|-0.3474439540098401||||0.0|1.0|0.0|1.0|0.0|0.0|0.0|0.0|0.0|0.0|1.0|0.0|0.0|1.0|0.0|0
|-0.462391138044792||||-0.4080211109917438|-0.34165815036185526||-0.3460306015666905||1.2130565955947854|-0.35068432669274835||-0.3887207658212606||1.0|0.0|0.0|0.0|0.0|1.0|0.0|1.0|0.0|0.0|0.0|1.0|0.0|0.0|0.0|0
-1.1668245476907908|-0.462391138044792|||0.46872089716867027|||-0.3540936979985389|-0.34389339553198256|1.0063249112554964|||-0.22834730128329808|0.7807270441171211|-1.0490043108088363|0.0|1.0|0.0|1.0|0.0|0.0|0.0|1.0|0.0|0.0|0.0|1.0|0.0|0.0|0.0|0
-0.31689242047999977|-0.462391138044792|-0.3974447861654076||1.7544673175930778|1.564987402093978||-0.3552629498467217||-0.3387551083456755|3.3706435159551336|||0.3822078139383541|2.047241148174504|0.0|1.0|0.0|0.0|0.0|0.0|1.0|0.0|0.0|0.0|1.0|1.0|0.0|0.0|0.0|0
-0.30761561451771985||||0.751738784533007||-0.3452384978686531|-0.3548502727238336|0.4415592333154374|-0.34531271096489546||0.1463078335483106|-0.2146578774864238|-0.9164151947476278||1.0|0.0|1.0|0.0|0.0|0.0|0.0|0.0|0.0|0.0|1.0|0.0|0.0|1.0|0.0|1
|-0.462391138044792||-0.29788283797945053|-0.34792017338953735|-0.3840971357309708||||1.7199463727588424||-0.35068432669274835|||0.4991184186828339|1.0|0.0|0.0|0.0|0.0|0.0|1.0|0.0|0.0|0.0|1.0|0.0|0.0|1.0|0.0|1
-0.3173341731448702|1.2829087457517268||-0.2797874675796999|0.474483704829935||1.2643266146318082|2.062062076990492||-0.3468556762870649|-1.1868203193791997|0.5007235957414049|||2.047241148174504|0.0|1.0|0.0|0.0|0.0|0.0|1.0|0.0|0.0|0.0|1.0|0.0|0.0|0.0|1.0|0
|-0.462391138044792||-0.26987809807507457|||-0.3563773567786909|-0.3588165584049243|-0.35271672319820835|||1.0880411445185323||||0.0|1.0|0.0|1.0|0.0|0.0|0.0|0.0|0.0|0.0|1.0|1.0|0.0|0.0|0.0|0
|-0.462391138044792||-0.29357441645570037||1.8594806019759873|-0.3448406814790089|-0.9757000776020724|1.386635663342289|-0.34376974564272605||-0.34784900059520363||-0.38610977776146865|-1.0490043108088363|1.0|0.0|0.0|0.0|0.0|0.0|1.0|0.0|0.0|0.0|1.0|1.0|0.0|0.0|0.0|0
0.6885366447651978|-0.462391138044792||-0.2862500998653251||||-0.3598711777189715||||-0.33974806888793285||-0.3786890748546916|-0.2749429460630012|0.0|1.0|1.0|0.0|0.0|0.0|0.0|0.0|0.0|1.0|0.0|0.0|0.0|0.0|1.0|0
|-0.462391138044792|-0.4030743908078722||-1.3308758730518464||1.7814879211692771|||-1.1056088734638658||-0.34460862791229535|-0.25572614887704664|0.62269355628761||1.0|0.0|0.0|0.0|0.0|0.0|1.0|0.0|0.0|0.0|1.0|0.0|0.0|0.0|1.0|0
||-1.6474812220645751|-0.3008987330460756|-0.35090402713414776|||-0.35918338251415816||0.7266624466122933|-1.333729184891541||-0.22834730128329808|-0.38130006291448354||1.0|0.0|0.0|0.0|0.0|0.0|1.0|0.0|0.0|0.0|1.0|0.0|0.0|1.0|0.0|0
|||-1.427550961506739|-0.3414786350481681|||-0.35624878964028756|-0.3413248268113701|0.7073753800851758|-0.3594383594922345||-0.2009684536895495|-1.259966255246565||0.0|1.0|0.0|0.0|0.0|0.0|1.0|0.0|0.0|1.0|0.0|0.0|1.0|0.0|0.0|0
-0.3195429364692226||-0.4137645425838158|-0.27246315098932467|-0.3770799801555371|-0.39200144832715245|-0.34086251758256686|2.8094661995543984||-0.34917012427031896|-0.3535620048717409|-0.35068432669274835||||0.0|1.0|0.0|0.0|1.0|0.0|0.0|1.0|0.0|0.0|0.0|0.0|0.0|0.0|1.0|0
1.1965522093662422|2.1971134467879985|2.5823435657077796||1.2146843333212773|-0.398409313392989|||-0.33501124568131524|-1.751725602122301||||||1.0|0.0|0.0|0.0|0.0|1.0|0.0|0.0|0.0|0.0|1.0|0.0|0.0|1.0|0.0|0
-0.29127076591751233|-0.462391138044792|0.7298581391350464||||||-0.3306976188222715||-0.3487381316758133||||1.2731797834286689|1.0|0.0|1.0|0.0|0.0|0.0|0.0|0.0|0.0|0.0|1.0|0.0|0.0|1.0|0.0|0
|||-0.2858192577129501|||2.915264631655267|-0.33384959247019746||-0.34917012427031896|-0.37285749765545134||-0.1735896060958009|||0.0|1.0|0.0|0.0|0.0|1.0|0.0|1.0|0.0|0.0|0.0|1.0|0.0|0.0|0.0|0
|||-0.27849494112257484|||-0.3492166617650952|1.7800660430169937||-0.3472414176176072||-0.33934302230256935|-0.9675761863145098|-0.3784142340062925||0.0|1.0|0.0|0.0|0.0|0.0|1.0|0.0|0.0|1.0|0.0|0.0|0.0|0.0|1.0|0
|-0.462391138044792|||3.102323998366672|-0.3869365489936768|-0.34165815036185526|-0.3584497342956905|-0.3333838319117669|-0.3387551083456755|-0.3514131886299186|2.060152949391019|-0.22834730128329808|||0.0|1.0|0.0|0.0|0.0|1.0|0.0|0.0|0.0|1.0|0.0|0.0|0.0|0.0|1.0|0
||-0.41197607612700393||-0.37515904426844887||0.5084754743078149|-0.35551514142181995|||-0.347466383287796|||-0.37580324594650055||0.0|1.0|0.0|0.0|0.0|0.0|1.0|0.0|0.0|0.0|1.0|0.0|0.0|1.0|0.0|0
-1.0563863814731724|-0.462391138044792|-0.13846264912957282||-0.38992463812053396|||1.2573416873588015|-1.414280685814054||-0.3546583396889971|0.5614805835459352||||1.0|0.0|0.0|0.0|0.0|0.0|1.0|0.0|0.0|0.0|1.0|1.0|0.0|0.0|0.0|0
-0.3447228383668396||-0.39772931491990043|3.5055916831871796|-0.3598940070857209||-1.5999513908064817||-0.35091284287533553|-0.333740471048625||||1.4300385484601121||0.0|1.0|0.0|0.0|1.0|0.0|0.0|0.0|0.0|0.0|1.0|0.0|0.0|1.0|0.0|1
|-0.462391138044792|-0.4046799459225101|||1.0373937215236033|0.6974382593888132||-0.09617356945398998||-0.3850048874306508|-0.33286227693675274|0.7436017882947767||-0.2749429460630012|0.0|1.0|0.0|0.0|0.0|1.0|0.0|0.0|0.0|0.0|1.0|1.0|0.0|0.0|0.0|0
|-0.462391138044792||-1.5568036072192435|-0.3412353165024702|0.6311465874844145|-0.3675162156887287|||-0.33798362568459084||-0.35230451303420246|-0.22834730128329808|||0.0|1.0|0.0|0.0|0.0|0.0|1.0|0.0|0.0|1.0|0.0|1.0|0.0|0.0|0.0|1
|2.5295515198920975|0.13996906062409092|||-0.39334441405951337||2.6741998092744277||1.8935299715028997||||0.5024506851129821||0.0|1.0|0.0|0.0|0.0|0.0|1.0|0.0|0.0|0.0|1.0|0.0|1.0|0.0|0.0|0
-0.31777592580974073|-0.462391138044792|1.9990596189975498|2.3638599793933905||1.6369319948990293|-0.3424537831411437||-0.34993247313464376|||-0.35513983913174724||||0.0|1.0|0.0|0.0|0.0|0.0|1.0|1.0|0.0|0.0|0.0|0.0|0.0|1.0|0.0|0
-0.3403053117181349|-0.462391138044792|1.698272078533738|1.652970427974616|-0.3569869907765939|-0.37995312718539986||-0.3513654436861124|-0.3387954728803854||1.5770397549238686||||-0.2749429460630012|1.0|0.0|0.0|0.0|0.0|0.0|1.0|1.0|0.0|0.0|0.0|0.0|0.0|0.0|1.0|0
-0.3425140750424872||-0.39427432290105935||1.9247902995815702|2.2969037262306986|-0.35239919288224886|-0.36803301414942396||-0.334897695040252|2.410254216038637||-1.3098117812363672|-0.3984776159394304|-1.0490043108088363|0.0|1.0|0.0|0.0|0.0|1.0|0.0|0.0|0.0|0.0|1.0|0.0|1.0|0.0|0.0|0
|-0.462391138044792|-1.406647954868888|0.7805150694152113||||3.1808756101536404|1.7866265175445248|||||-0.3887207658212606||0.0|1.0|0.0|0.0|0.0|1.0|0.0|1.0|0.0|0.0|0.0|1.0|0.0|0.0|0.0|0
-0.27536766998217527|||-0.27547904605594975|-0.3655415585937603|-0.39817909069601276||2.1835725631741947||-0.3480129002786919|1.8313894325273243||-0.24203672508017238|||1.0|0.0|0.0|1.0|0.0|0.0|0.0|0.0|0.0|0.0|1.0|1.0|0.0|0.0|0.0|0
|||-0.2776332568178248|1.2755139697457387|0.6335447405779162|||0.7366505252636555|-0.3372121430235061|-0.35150089541529905|1.4728354006138917|-0.2146578774864238|-0.39105691303265333||0.0|1.0|0.0|0.0|0.0|0.0|1.0|0.0|0.0|1.0|0.0|0.0|0.0|0.0|1.0|0
0.5780984785475795|||0.7912861232245867|||-0.3452384978686531||||2.09450978866883|0.8247608640322337|-0.24203672508017238|||0.0|1.0|1.0|0.0|0.0|0.0|0.0|1.0|0.0|0.0|0.0|1.0|0.0|0.0|0.0|0
|-0.462391138044792|-0.07850837586144814||-0.017916194227021846|-1.1789793674906714|0.4786392450844994|-0.3649608622345908|-0.34767762273105274||-0.3657971014323209||-0.24203672508017238|-0.39133175388105246|2.047241148174504|0.0|1.0|0.0|1.0|0.0|0.0|0.0|1.0|0.0|0.0|0.0|1.0|0.0|0.0|0.0|1
|1.781565855407875||2.34231787177464||-0.3954356035570469|||||-0.35180786916413087||-0.2009684536895495|-0.40136344484762143|2.047241148174504|0.0|1.0|0.0|0.0|0.0|1.0|0.0|1.0|0.0|0.0|0.0|0.0|0.0|0.0|1.0|1
-0.3199846891340931|-0.462391138044792|||-0.38277875662056565|-1.352605651460195|-1.6098968005475869|-0.35792242463866686|1.3376171763077012|-0.34917012427031896|-0.3618064426975081|-0.35311460620492957|-0.22834730128329808|||0.0|1.0|1.0|0.0|0.0|0.0|0.0|0.0|0.0|0.0|1.0|0.0|0.0|0.0|1.0|0
-0.30275633520414463|2.5295515198920975|-1.526048414343543|-0.27935662542732487||2.6786896987161692|||-0.3261290958306479|0.6012965141860297|2.2151066185670203|1.5335923884184222|-0.22834730128329808|||0.0|1.0|1.0|0.0|0.0|0.0|0.0|1.0|0.0|0.0|0.0|0.0|0.0|1.0|0.0|0
|-0.462391138044792||0.6620334775120823|2.7655199061638642|1.664750570783649|-0.34126033397221106||-0.34922660692134566|-0.334897695040252|0.3283143980689717|-0.34622881425374946|||1.2731797834286689|1.0|0.0|0.0|0.0|0.0|1.0|0.0|1.0|0.0|0.0|0.0|1.0|0.0|0.0|0.0|0
||||-0.36654044525504625|2.6115414120981213|-0.35239919288224886||0.8802746922749977|-0.35148457225357305|-1.662629630068423|-0.36567105035119923|1.4280729781384915|||1.0|0.0|0.0|0.0|0.0|0.0|1.0|1.0|0.0|0.0|0.0|0.0|0.0|1.0|0.0|0
-0.3261692264422797||-0.3907786839172907||-0.35245358208306565|||-0.3507693545086074||||||||1.0|0.0|0.0|0.0|0.0|0.0|1.0|0.0|0.0|0.0|1.0|0.0|0.0|0.0|1.0|0
||-0.3970179930336684||||-0.3460341306479416|||-0.35919939886442004|-0.3557108211135632||-0.26941557267392097||2.047241148174504|0.0|1.0|0.0|0.0|0.0|0.0|1.0|0.0|0.0|1.0|0.0|1.0|0.0|0.0|0.0|0
-0.2886202499282895||-1.4386574397493275|2.019186257493379|-0.35985558836797904|-0.38469187769815927|-0.3356909045171922|1.5783127829383932|-0.33756020700711376||-1.4148579613685048|||||0.0|1.0|0.0|0.0|0.0|0.0|1.0|1.0|0.0|0.0|0.0|0.0|0.0|0.0|1.0|0
||0.8822842576133293|-0.28064915188444994|0.3041607228414428|2.9012383057931275||-0.36188871031975756||||-0.34501367449765885|0.7436017882947767|-0.3836362101258763||0.0|1.0|0.0|0.0|0.0|1.0|0.0|0.0|0.0|0.0|1.0|1.0|0.0|0.0|0.0|0
||||-0.36446583449699094|0.6196354526356064|-0.3444428650893647|||-0.3306545404042862|-0.3494836393515476|-0.3689114230341075|-0.22834730128329808|0.5574188547928121||0.0|1.0|0.0|0.0|0.0|1.0|0.0|0.0|0.0|0.0|1.0|0.0|0.0|0.0|1.0|0
|-0.462391138044792|-1.4696507505065783|-0.28323420479870004|-0.35852373948626454|-0.38325298584205825|-1.510442703136535||-0.339677805647008|-0.33258324705699793|1.533186362233618|||1.8010736937989642||0.0|1.0|0.0|0.0|1.0|0.0|0.0|0.0|0.0|1.0|0.0|1.0|0.0|0.0|0.0|0
|2.5295515198920975|0.4930895684321133|||0.7927821059864295|2.636793158904322|-0.37094468051646745|||||-0.1735896060958009|-0.3836362101258763||0.0|1.0|0.0|0.0|0.0|1.0|0.0|1.0|0.0|0.0|0.0|0.0|0.0|1.0|0.0|0
|||1.846849396543373|-0.3581139398303524|1.0345159378114013|-0.36274241901299825|-0.36603840805546517|-0.346932541728127|||-0.3490641403512942|-0.2146578774864238|||0.0|1.0|0.0|0.0|0.0|1.0|0.0|0.0|0.0|0.0|1.0|0.0|1.0|0.0|0.0|0
-0.31203314116642455||-0.40754555694990185|-0.27935662542732487||-0.37053318183412515||-0.3418050903392059|||-1.3512705419676412|2.1209099371955498||-0.3791013361272903||0.0|1.0|0.0|0.0|1.0|0.0|0.0|0.0|0.0|0.0|1.0|0.0|0.0|1.0|0.0|0
|2.7788800747201714|-0.3970179930336684||-0.35913843897013276|-0.3812769076930128|1.542798087382753|0.6778742273035027||||-0.34784900059520363||||0.0|1.0|0.0|1.0|0.0|0.0|0.0|1.0|0.0|0.0|0.0|0.0|1.0|0.0|0.0|0
||-0.3985829011833788|1.9761020422558773||0.5141167165215313|0.34934891845013216|3.4147259797902|-0.3565205577920923|-1.722795002331625|||-0.2146578774864238|-0.3998518201814261|1.2731797834286689|0.0|1.0|0.0|1.0|0.0|0.0|0.0|0.0|0.0|0.0|1.0|0.0|1.0|0.0|0.0|0
0.7768871777392925||-1.6901605352384945|-0.3086538917888259|2.2808037506552608|0.5141167165215313|||1.5876114601840985|3.3207728945095925|||-0.22834730128329808|-0.38171232418708223||0.0|1.0|0.0|0.0|1.0|0.0|0.0|0.0|0.0|1.0|0.0|0.0|0.0|0.0|1.0|0
-0.30894087251233127||1.2603010314394714||-1.3123068261433264||-0.35200137649260466|||-0.3314260230653709|2.0638124137856546|1.0374103213480903|-0.1872790298926752|0.8837923622668024|0.4991184186828339|0.0|1.0|0.0|0.0|0.0|1.0|0.0|0.0|1.0|0.0|0.0|0.0|0.0|0.0|1.0|1
|-0.462391138044792|1.9187818632656541|||||-0.3644564790843942||-0.3445412283038108|||-0.2009684536895495|-0.372092894493112||0.0|1.0|0.0|1.0|0.0|0.0|0.0|0.0|0.0|1.0|0.0|0.0|0.0|1.0|0.0|0
|-0.462391138044792|-0.4079113796342497|-0.28969683708432525|-0.37080492292438216|||-0.3559965980651893||-0.33991233233730256|||-0.24203672508017238|||1.0|0.0|0.0|0.0|0.0|0.0|1.0|1.0|0.0|0.0|0.0|0.0|0.0|1.0|0.0|0
-0.32396046311792737|-0.462391138044792|-0.3825476735194634||-0.3436300832417069|||-0.353497608821034||||-0.3429884415708412|-0.22834730128329808||-0.2749429460630012|0.0|1.0|0.0|0.0|0.0|0.0|1.0|0.0|0.0|1.0|0.0|0.0|0.0|1.0|0.0|0
|||-0.27677157251307477|0.5852576743186912|-1.471074414279179||0.6681304619019793|-0.34634431988371195|-0.342612521651099|||1.4280729781384915|||0.0|1.0|1.0|0.0|0.0|0.0|0.0|0.0|0.0|0.0|1.0|1.0|0.0|0.0|0.0|0
-1.961979344457643|3.1113181478242704|-0.3853523140994638|0.7158887465589591|0.9998596699485738|0.35392008987561757||||-0.34917012427031896|-0.33974818617431185||1.0858373832166341|||0.0|1.0|0.0|0.0|0.0|0.0|1.0|0.0|0.0|0.0|1.0|0.0|1.0|0.0|0.0|0
|||1.8037651813058715||-0.38108505544553267|-0.3368843536861248|-1.4743516010917952|-0.3442463286386316|||||||0.0|1.0|0.0|0.0|0.0|1.0|0.0|1.0|0.0|0.0|0.0|0.0|0.0|1.0|0.0|0
-1.6527524790483117||-0.41683338843584516||-0.3803583774028344||0.5184208840489201||2.5532756547654767||-0.33733624957634806|-0.3494691869366578|||-0.2749429460630012|0.0|1.0|0.0|0.0|0.0|0.0|1.0|1.0|0.0|0.0|0.0|0.0|0.0|1.0|0.0|0
-0.33191201108559587|-0.462391138044792||||-0.3933252288347654|||1.8503505506894888|-0.34917012427031896|-0.35150089541529905|||0.27227147457869416||0.0|1.0|0.0|0.0|0.0|1.0|0.0|0.0|0.0|0.0|1.0|0.0|0.0|0.0|1.0|0
|-0.462391138044792|||||-0.33966906841363426|-0.3472386724572319||0.9870378447283791|0.9894042928745054|-0.3624306776682909|-0.13252133470517802|-1.0641421507621707||0.0|1.0|0.0|0.0|0.0|1.0|0.0|1.0|0.0|0.0|0.0|0.0|0.0|0.0|1.0|0
|-0.462391138044792|0.885332779982895|-0.27935662542732487||||-0.3672076599036479|-0.32518794087958386||-0.34316875080415143|1.9386389737819583||||0.0|1.0|0.0|0.0|0.0|1.0|0.0|1.0|0.0|0.0|0.0|1.0|0.0|0.0|0.0|0
1.3069903755838606|-0.462391138044792||-0.2789257832749499||-1.8245621802613305||-0.33873293842437274||1.565649840541903||||||0.0|1.0|0.0|0.0|0.0|0.0|1.0|0.0|0.0|1.0|0.0|0.0|0.0|1.0|0.0|0
1.472647624910288|-0.462391138044792||2.256149441299637|-0.32928709528478123||-0.34046470119292266||2.6395481919463513|||||||0.0|1.0|0.0|0.0|0.0|0.0|1.0|0.0|0.0|1.0|0.0|0.0|0.0|0.0|1.0|1
-0.29922231388518084|1.4491277823037763|2.7652549078817192|-1.718369414359874|-0.3684357686636399|-0.37617363791004116||||1.777807572340195|-0.3452298602605932||-0.25572614887704664|-1.6962761020802148|-1.0490043108088363|0.0|1.0|0.0|0.0|0.0|0.0|1.0|0.0|0.0|0.0|1.0|0.0|0.0|1.0|0.0|0
-0.4268888340327477|-0.462391138044792|1.4279697617655827|-0.27849494112257484||-0.37431267110948385|-0.3579686223372678|2.105622439962008|-0.34301106276536|-0.3518703135841154||-0.3490641403512942|-0.25572614887704664|||1.0|0.0|0.0|0.0|0.0|1.0|0.0|1.0|0.0|0.0|0.0|1.0|0.0|0.0|0.0|0
-0.3098243778420722||-0.4088462598275832|||-0.3883754408497778||0.49790114871066016|-1.1858545362328752||0.41711751826672994|0.581732912814112|-1.6520473761582246|||0.0|1.0|0.0|0.0|0.0|0.0|1.0|0.0|0.0|1.0|0.0|0.0|0.0|1.0|0.0|0
|||||-1.2494850684396217||0.44345069499626516|-0.3510697020338462|-1.356340738316393||0.3285787969619019|||-1.0490043108088363|0.0|1.0|0.0|0.0|0.0|0.0|1.0|1.0|0.0|0.0|0.0|0.0|0.0|1.0|0.0|0
2.753730353034661||-0.3936036479797549|||-0.37722882527118196||||||-0.3417733018147506||||0.0|1.0|0.0|0.0|0.0|0.0|1.0|0.0|0.0|0.0|1.0|0.0|0.0|0.0|1.0|0
||||-0.36191739288678715||-0.34046470119292266|-0.3486142628668587|-0.3330308988051179||-0.3510623614883966|-1.4536261786376576||-0.38610977776146865|1.2731797834286689|0.0|1.0|0.0|0.0|0.0|0.0|1.0|0.0|0.0|0.0|1.0|0.0|0.0|0.0|1.0|0
|-0.462391138044792|-0.41762600425193225||-0.3812163954324005||2.0400685744380116||||||-0.26941557267392097||-0.2749429460630012|0.0|1.0|0.0|1.0|0.0|0.0|0.0|0.0|0.0|0.0|1.0|0.0|0.0|0.0|1.0|0
-0.29613004523108755||-0.3957985840858422|-0.26384630794182434||1.001901055739778|1.3836715315250703||-1.1976189731211762|-0.3472414176176072|-0.3633851648343571||-0.24203672508017238|0.7085813214123443||0.0|1.0|0.0|0.0|0.0|0.0|1.0|0.0|0.0|0.0|1.0|1.0|0.0|0.0|0.0|0
-1.3766570635042656|2.280222965064023|2.0325933650627723|-0.2892659949319502||-0.3825431325263817||-0.3540019919712304|||-0.35123777505915754|||-0.3802006995208869|0.4991184186828339|1.0|0.0|0.0|1.0|0.0|0.0|0.0|0.0|0.0|1.0|0.0|0.0|0.0|1.0|0.0|0
-0.27890169130113907|2.114003928511974|-0.39915195869236436|||-0.3922316710241286|-0.33370182256897113|1.1954401189255943|2.2179892034488966|-0.333740471048625|-0.34408967205064667|-0.3600003981561097|-0.24203672508017238|-0.3972408321216342||0.0|1.0|0.0|0.0|0.0|0.0|1.0|1.0|0.0|0.0|0.0|0.0|0.0|1.0|0.0|0
-0.2952465399013466|-0.462391138044792|-0.3966724938317843||-0.3587670580319624|-1.5900228077168634||1.9737950257061043||0.4855741150233249|-0.34479132633369064|0.7133730530572613|-0.24203672508017238|||0.0|1.0|0.0|0.0|0.0|0.0|1.0|0.0|0.0|0.0|1.0|1.0|0.0|0.0|0.0|0
|2.6957705564441468|-0.4031556847377273|2.34231787177464||||-0.3579912041591482|0.1410759077934146|-0.3541847615673695|-0.37544484782417614|-1.686527965221691||||0.0|1.0|0.0|0.0|0.0|1.0|0.0|0.0|0.0|1.0|0.0|0.0|0.0|1.0|0.0|0
|-0.462391138044792||0.6081782084652054|||-0.35080792732367205|-0.35913752950050387||||||1.911010033158624|-1.0490043108088363|0.0|1.0|0.0|0.0|0.0|1.0|0.0|0.0|0.0|0.0|1.0|0.0|0.0|1.0|0.0|0
-0.33058675309098445|-0.462391138044792|-0.3895389514870007|0.8020571770339621|||-0.3448406814790089||-0.35893226735419403|||-0.33691274279038813|||-0.2749429460630012|0.0|1.0|1.0|0.0|0.0|0.0|0.0|1.0|0.0|0.0|0.0|1.0|0.0|0.0|0.0|0
|||||-0.39100381664025574|1.5626889068649634|-0.3625994320313981|||-0.3638675521539499||-1.9942829710800818|-0.3858349369130695|0.4991184186828339|0.0|1.0|0.0|0.0|0.0|0.0|1.0|1.0|0.0|0.0|0.0|0.0|0.0|0.0|1.0|0
-0.3495821176804148|-0.462391138044792|-0.413480013829323||-0.376772630413603|0.5908576155135858||-0.3544375956009456|-0.32530558524846687||||1.0858373832166341|-0.38610977776146865|1.2731797834286689|0.0|1.0|0.0|0.0|0.0|1.0|0.0|0.0|0.0|0.0|1.0|1.0|0.0|0.0|0.0|0
|||3.4194232527121766||-1.2816203198925444|1.4632348094539116|-0.36078823799205606|0.5160673336080107|2.5107161003706584|-0.3603592807387298|||-0.37277999661410993||0.0|1.0|0.0|0.0|0.0|1.0|0.0|1.0|0.0|0.0|0.0|1.0|0.0|0.0|0.0|0
|-0.462391138044792|-0.3931768548480157|-1.3198404234129855|-0.3550276361717639|-1.1401292873759439||||-0.34222678032055664||-0.36567105035119923|-0.2146578774864238|-0.9919964280573939|-1.0490043108088363|1.0|0.0|1.0|0.0|0.0|0.0|0.0|0.0|0.0|1.0|0.0|0.0|0.0|1.0|0.0|0
-0.31910118380435215|-0.462391138044792|-0.3863888117051162|||-0.39113811321349184|-0.3368843536861248|2.898879576180142|-0.34452083216602525||-0.36263965715862284|-0.3454187210830224|||0.4991184186828339|0.0|1.0|0.0|1.0|0.0|0.0|0.0|1.0|0.0|0.0|0.0|0.0|0.0|0.0|1.0|0
|-0.462391138044792|-0.40783008570439466||-1.2034537925416586||-0.3440450486997205||-0.3397562352262633||-0.35785963735538545|-0.34096320864402346||||0.0|1.0|0.0|0.0|0.0|0.0|1.0|0.0|0.0|1.0|0.0|0.0|0.0|1.0|0.0|0
||-0.39665217034932054|-1.4383220153161145|-0.3587414455534679|||-0.3509527665632243||-0.3387551083456755|1.5288010229645925||-0.24203672508017238|-0.38239942630808016||1.0|0.0|0.0|0.0|0.0|1.0|0.0|1.0|0.0|0.0|0.0|0.0|0.0|0.0|1.0|0
2.2015395219465694||-0.40246468633395904|-0.2888351527795752|||-0.3563773567786909||-0.33724648869009244|-1.462419604215539|-0.3553161405793509|-0.324761345229482||-0.3650844528589337|1.2731797834286689|0.0|1.0|1.0|0.0|0.0|0.0|0.0|0.0|0.0|1.0|0.0|0.0|0.0|0.0|1.0|0
-0.3297032477612435|-0.462391138044792|-0.39055512561018924|-0.2763407303606998|||-0.34205596675149946|2.4529590183927805|||0.5958200934795028|-0.3903788920583749||-0.42513717823414787||0.0|1.0|1.0|0.0|0.0|0.0|0.0|1.0|0.0|0.0|0.0|0.0|0.0|0.0|1.0|0
-0.31910118380435215|||||-0.3824088359531456|2.3185400471889563||-0.32269780173822676|-0.342612521651099|-0.3406691074208071|-0.35189946644883896||-0.38982012921485715|2.047241148174504|0.0|1.0|0.0|0.0|1.0|0.0|0.0|0.0|0.0|0.0|1.0|0.0|0.0|1.0|0.0|0
|-0.462391138044792|-0.14201925856073275||||||-0.351206953797543||||-0.26941557267392097|-0.38102522206608436||1.0|0.0|0.0|0.0|0.0|0.0|1.0|1.0|0.0|0.0|0.0|0.0|0.0|0.0|1.0|1
-0.3310285057558549||0.7369713579973662|2.0622704727308805||-0.37795786381160645|-0.3492166617650952|-0.34934791108532637|-0.3447169061141636||-0.3628150707293838|-1.3928691908331272||3.2439881478944996|0.4991184186828339|1.0|0.0|0.0|0.0|0.0|0.0|1.0|0.0|0.0|1.0|0.0|0.0|1.0|0.0|0.0|0
-0.35223263366963764|-0.462391138044792|||-1.415717208064911||||-0.3360700450012623|||-1.8687989286352822|2.112544167982206||0.4991184186828339|0.0|1.0|0.0|0.0|0.0|0.0|1.0|1.0|0.0|0.0|0.0|0.0|0.0|1.0|0.0|0
1.5168228913973354|-0.462391138044792||||-0.37655734240500144|2.0400685744380116||2.257203993076567||-0.369831613559824|||-0.39394274194084444|1.2731797834286689|0.0|1.0|0.0|0.0|0.0|0.0|1.0|0.0|0.0|1.0|0.0|0.0|0.0|0.0|1.0|0
1.2517712924750513|||-0.26643136085607444|-0.3560905540292861|-0.37204881458921824|2.298649227706746||-0.33073683361189915|0.5048611815504425|||-0.10514248711142943|||0.0|1.0|0.0|0.0|0.0|1.0|0.0|0.0|0.0|0.0|1.0|1.0|0.0|0.0|0.0|0
|-0.462391138044792|||-0.3681924501179421|-0.41122504352466205||-0.3831186556416648|||||-1.6520473761582246|-0.38734656157926484||0.0|1.0|1.0|0.0|0.0|0.0|0.0|0.0|0.0|1.0|0.0|0.0|0.0|1.0|0.0|0
-0.3195429364692226|||-0.2983136801318255|||||-0.3628733537117749|||0.7133730530572613|-0.24203672508017238||0.4991184186828339|0.0|1.0|0.0|0.0|0.0|0.0|1.0|0.0|0.0|1.0|0.0|1.0|0.0|0.0|0.0|0
-0.288178497263419|-0.462391138044792||-1.5244904457911175||2.7074675358381897||0.3993171693540713|-0.341344434206184||-0.3594383594922345|0.5209759250095816|-1.3098117812363672|||0.0|1.0|0.0|0.0|0.0|1.0|0.0|0.0|0.0|1.0|0.0|1.0|0.0|0.0|0.0|0
-0.9238605820120304|-0.462391138044792|1.9238627338815968||-0.35214623234113157||-0.348818845375451||-0.3326975730932827|||-0.3535196527902931|-1.3098117812363672|-0.39133175388105246||1.0|0.0|0.0|0.0|0.0|0.0|1.0|1.0|0.0|0.0|0.0|1.0|0.0|0.0|0.0|0
-0.31335839916103597|-0.462391138044792|2.281556025243968|-0.29228188999857535||-0.38893181236747026|||-0.35603037292174644|-0.33798362568459084|||-0.22834730128329808|||0.0|1.0|0.0|0.0|0.0|0.0|1.0|1.0|0.0|0.0|0.0|0.0|0.0|0.0|1.0|0
||||-0.36423532219054033|||||-0.3557277268895389|-0.3493959325661671|-0.35189946644883896||-0.38982012921485715||0.0|1.0|0.0|0.0|0.0|0.0|1.0|1.0|0.0|0.0|0.0|0.0|0.0|0.0|1.0|0
-0.3252857211125388|-0.462391138044792||1.265212490837103||1.447957531131095|0.3791851476734477||-0.33720727390046473|||-0.35473479254638374|-0.22834730128329808|-0.3924311172746491||0.0|1.0|0.0|0.0|0.0|0.0|1.0|0.0|0.0|1.0|0.0|0.0|0.0|0.0|1.0|0
1.7156115905890486|-0.462391138044792|-0.40978114002091665|-1.599887822456745||-0.38457676634967114|1.36378071204286|-0.35606537758567064|0.3572474356159465|2.144261836355427|2.5637410904545157||||-1.0490043108088363|0.0|1.0|0.0|0.0|0.0|1.0|0.0|1.0|0.0|0.0|0.0|1.0|0.0|0.0|0.0|0
|1.4491277823037763|-0.3788894466759846|-0.3064996810269508||-0.39159855860744414||2.850733911843203||||1.5335923884184222||-0.38982012921485715||1.0|0.0|1.0|0.0|0.0|0.0|0.0|0.0|0.0|1.0|0.0|0.0|1.0|0.0|0.0|0
|1.4491277823037763||-1.2552141005567332|-1.4810290282259118||-0.35239919288224886|-0.3611550621012899|-0.34263852226389707|||-0.36283572425365446|-0.2009684536895495|2.103398627038029|-0.2749429460630012|1.0|0.0|0.0|1.0|0.0|0.0|0.0|1.0|0.0|0.0|0.0|0.0|1.0|0.0|0.0|0
||-0.40730167516033655|2.234607333680886|-0.37015180472277215|0.45032584423438604|-0.34086251758256686|-0.36014629580089685|||-0.34474747294100044|-0.3510893732781119|||-1.0490043108088363|0.0|1.0|0.0|0.0|0.0|1.0|0.0|1.0|0.0|0.0|0.0|0.0|0.0|0.0|1.0|0
|-0.462391138044792|2.880082583802026|0.3927571322776981|||-0.34165815036185526|-1.2548302982221815|-1.2686957793213283||-1.2931647966530584|-0.3470389074244765||||0.0|1.0|0.0|0.0|0.0|1.0|0.0|0.0|0.0|1.0|0.0|1.0|0.0|0.0|0.0|1
-1.8073659117529772|||1.846849396543373||-0.3852482492158516||-0.3567531727904841||-0.33335472971808267|-0.3459753679363275|-0.3344824632782069|-0.1872790298926752|-0.3738793600077065||0.0|1.0|0.0|0.0|0.0|0.0|1.0|0.0|1.0|0.0|0.0|0.0|0.0|1.0|0.0|1
-0.33279551641533683||-0.42085743796367187|-0.3013295751984506||||||0.4759305817597662|||-0.24203672508017238|1.9865912664683902|-1.0490043108088363|0.0|1.0|0.0|0.0|0.0|1.0|0.0|0.0|0.0|0.0|1.0|1.0|0.0|0.0|0.0|0
1.9806631895113325||-0.4081146144588874|||-0.3812577224682648|0.9659643223986529||-0.3290309902630955|0.5434353146046773||||-0.3764903480674984||1.0|0.0|0.0|1.0|0.0|0.0|0.0|0.0|0.0|1.0|0.0|0.0|0.0|0.0|1.0|0
2.3782405878947586|||0.7589729617964606|||0.5383117035311304||-0.32999175260897345||-0.347992624000079|-1.5245093310762765|-0.6253405913926526|||0.0|1.0|0.0|0.0|0.0|1.0|0.0|1.0|0.0|0.0|0.0|0.0|0.0|0.0|1.0|0
|-0.462391138044792||||-0.38826032950128975|1.483125628936122|-0.35980239819849025|-0.33087408537559604|1.7392334392859599|-0.34891354524657425||-0.1735896060958009|1.9522361604184966||0.0|1.0|0.0|0.0|0.0|0.0|1.0|1.0|0.0|0.0|0.0|0.0|0.0|0.0|1.0|0
-0.31424190449077694|-0.462391138044792|-0.40915111206453975|-0.28194167834157496|-0.3721367718060967|-0.3892963316376825|-0.8938272991880144|||2.819309164804538|-0.3535620048717409|||-0.3998518201814261||0.0|1.0|0.0|0.0|0.0|0.0|1.0|1.0|0.0|0.0|0.0|1.0|0.0|0.0|0.0|0
||-0.40669197068642343|-0.28366504695107503|-0.3694986865211622|||0.8589936312377008||-1.279192472207923|0.5804714060379149|-0.35230451303420246|-0.22834730128329808|-0.3902323904874559||0.0|1.0|0.0|0.0|0.0|0.0|1.0|0.0|0.0|0.0|1.0|0.0|0.0|0.0|1.0|0
|2.5295515198920975|0.10440296631249153|-1.1475035624629795|||2.6765747978687426|||||||1.8216867574289004|-0.2749429460630012|0.0|1.0|0.0|1.0|0.0|0.0|0.0|1.0|0.0|0.0|0.0|0.0|0.0|1.0|0.0|0
|-0.462391138044792|-0.388177278161928||-0.34966182192716405|-0.02115105394804894|2.4776666030466394|1.2390004818971103|-0.34277577402759396|0.42771291544197254||-0.3348875098635704||-0.37429162128030524||1.0|0.0|0.0|0.0|0.0|0.0|1.0|0.0|0.0|1.0|0.0|0.0|0.0|1.0|0.0|0
||1.5377165670699464||1.7134873520018614|-1.319031508151171|-0.348818845375451|-1.3052686132418316||-0.34762715894814955||-0.346633860839113|-1.9942829710800818|||0.0|1.0|0.0|0.0|0.0|1.0|0.0|0.0|0.0|0.0|1.0|1.0|0.0|0.0|0.0|0
-0.3138001518259065|-0.462391138044792|0.6490722963415563||-0.3561801977040169|-0.39441878664540214|-1.0827900842690128|-0.36606133456229223|||-0.3450544466898322||-0.2146578774864238|||0.0|1.0|0.0|0.0|1.0|0.0|0.0|0.0|0.0|0.0|1.0|0.0|0.0|0.0|1.0|0
||-0.3935833244972911||||-0.35120574371331625|-0.3475825700596386|-0.3336975502287883|||-0.3263815315709362||||0.0|1.0|0.0|0.0|0.0|1.0|0.0|1.0|0.0|0.0|0.0|1.0|0.0|0.0|0.0|0
|-0.462391138044792|||0.9095756832554256|||-1.1539536681828815||||-0.34339348815620474||-0.382124585459681|-0.2749429460630012|0.0|1.0|0.0|0.0|0.0|0.0|1.0|1.0|0.0|0.0|0.0|1.0|0.0|0.0|0.0|0
-0.29701355056082845|||||||0.8108479669007621||-0.34608419362598014|3.43642360499051|||||0.0|1.0|0.0|0.0|0.0|1.0|0.0|0.0|0.0|1.0|0.0|1.0|0.0|0.0|0.0|0
||2.7164785499686683|-0.27246315098932467|-0.36896082447277745|-0.37665326852874154||-1.5866914845446523|-0.35403041865073526|-1.0381041406189548|-0.3721996967650975||-0.24203672508017238|-0.3854226756404708|-0.2749429460630012|1.0|0.0|0.0|0.0|0.0|0.0|1.0|1.0|0.0|0.0|0.0|0.0|0.0|1.0|0.0|0
-0.32263520512331595|||-0.26901641377032454|-0.3662587079916066|0.6604040552251353|1.9605052965091703|0.15514987164531047|-0.32961921210751055||-0.347641796858557|0.8450131933004106|-0.2009684536895495|||0.0|1.0|0.0|0.0|0.0|1.0|0.0|0.0|0.0|0.0|1.0|0.0|0.0|0.0|1.0|0
-0.3297032477612435|-0.462391138044792|||||||||-0.38193514994233324||-0.22834730128329808|-0.35986247673934985|0.4991184186828339|1.0|0.0|0.0|0.0|0.0|0.0|1.0|0.0|0.0|1.0|0.0|0.0|0.0|0.0|1.0|1
-0.3195429364692226|||-0.2888351527795752||-0.3892963316376825|-0.3476253962065184|-0.3608570175125374||-0.33181176439591326||||-0.38239942630808016|1.2731797834286689|0.0|1.0|0.0|0.0|0.0|0.0|1.0|0.0|0.0|0.0|1.0|1.0|0.0|0.0|0.0|0
|-0.462391138044792|0.3315178828451333|||-0.38779988410733746||||1.9321041045571345|-1.247118734328295|||-0.3847355735194729|-1.0490043108088363|0.0|1.0|0.0|0.0|0.0|1.0|0.0|1.0|0.0|0.0|0.0|0.0|0.0|1.0|0.0|0
2.2898900549206638|-0.462391138044792|-0.40114365997381396|-0.2944361007604504|||-0.3539904584408257||-0.3259918440669511||-0.34400196526526616||2.112544167982206|-0.4076847843608019||1.0|0.0|0.0|1.0|0.0|0.0|0.0|0.0|0.0|0.0|1.0|0.0|0.0|0.0|1.0|0
-0.30054757187979225||-0.3868765752842466||-0.3482787480884605|||-1.6967387173147979|-0.34842270373397843|1.8163817053944298|1.0946524353311078||1.0858373832166341|||0.0|1.0|0.0|1.0|0.0|0.0|0.0|0.0|0.0|0.0|1.0|1.0|0.0|0.0|0.0|1
|-0.462391138044792|||||-0.3476253962065184|-0.37420024448591754||||-0.36162058449756385||-0.3987524567878295|-1.0490043108088363|1.0|0.0|0.0|1.0|0.0|0.0|0.0|0.0|0.0|1.0|0.0|0.0|0.0|0.0|1.0|0
1.4284723584232408|||-1.5783457148379942|-0.36277541091635324|-0.3942844900721661|-0.3476253962065184|-0.36592377552132954||-0.3441554869732684|-0.3544829261182362|||||0.0|1.0|0.0|0.0|0.0|0.0|1.0|1.0|0.0|0.0|0.0|0.0|0.0|1.0|0.0|0
||||0.5007364952868079|2.924260575490744|||-0.3300113600037873|-0.3561134682200812|||-0.2009684536895495|||0.0|1.0|0.0|0.0|0.0|1.0|0.0|0.0|0.0|0.0|1.0|0.0|0.0|1.0|0.0|0
-1.078474014716696|-0.462391138044792||-1.5352614996004927|||-0.3484210289858068||-0.3348543865228045||0.6901048877635424|0.05517235184151494|-0.9675761863145098|1.2101658697407924||0.0|1.0|0.0|0.0|0.0|0.0|1.0|1.0|0.0|0.0|0.0|1.0|0.0|0.0|0.0|0
1.1855083927444803|-0.462391138044792|||||||-0.34385418074235485|-1.3852713381070692|-0.36198185626826906|-1.291607544492243|||0.4991184186828339|1.0|0.0|0.0|0.0|0.0|1.0|0.0|1.0|0.0|0.0|0.0|0.0|0.0|1.0|0.0|0
-0.321751699793575|-0.462391138044792|-0.4244343708772956|||-0.3912915950114759|-0.3563773567786909|-0.3628745501133234|0.778806424113401|0.7073753800851758|-1.5606704920635894|-1.7877896115625749|-0.26941557267392097|-0.3738793600077065|0.4991184186828339|0.0|1.0|0.0|0.0|0.0|1.0|0.0|0.0|0.0|1.0|0.0|0.0|0.0|0.0|1.0|0
|-0.462391138044792|1.7307896504757716||-0.3562826476179949||-0.3492166617650952|-0.3499669267696584||||-0.3794426342535594||-0.41510548726757895||0.0|1.0|0.0|0.0|0.0|0.0|1.0|0.0|0.0|0.0|1.0|1.0|0.0|0.0|0.0|0
-0.30629035652310843|||||||0.796518900133816|-1.4637893577189875||-0.3526410836252456|-0.3591903049853826|-0.25572614887704664|-0.3965537300006364||0.0|1.0|0.0|0.0|0.0|0.0|1.0|0.0|0.0|0.0|1.0|0.0|0.0|0.0|1.0|0
||||-1.4160373640460924|-0.38718595691540103||||-0.32872583375157444|-0.3812773490519795|||||0.0|1.0|0.0|0.0|0.0|1.0|0.0|0.0|0.0|1.0|0.0|0.0|0.0|0.0|1.0|0
-0.3146836571556474|1.4491277823037763|-0.3807795305451153|2.6008231631996486|1.1221592547598596|-0.3812577224682648||-0.3526951810820849|2.306222480111155||0.27897933129243935|||-0.37580324594650055||0.0|1.0|0.0|1.0|0.0|0.0|0.0|0.0|0.0|1.0|0.0|0.0|0.0|1.0|0.0|0
0.136345813677106|||-0.29271273215095034|1.7371788946092837||-0.35001229454438365|2.6558586038127365|||||-0.24203672508017238|1.780460630169028|-1.0490043108088363|0.0|1.0|0.0|0.0|0.0|0.0|1.0|1.0|0.0|0.0|0.0|0.0|0.0|0.0|1.0|0
1.6935239573455247|||-0.28194167834157496|-0.3348193906395954||-0.34682976342723||-0.33536417878796426|-0.35379902023682713||-1.4536261786376576||-0.38610977776146865|-1.0490043108088363|0.0|1.0|1.0|0.0|0.0|0.0|0.0|0.0|0.0|0.0|1.0|1.0|0.0|0.0|0.0|1
-0.33279551641533683|||-0.2815108361892|-0.3594201762335724|-0.36767458334667114|1.821269560133698|2.442642090320579|-0.33928565775073133|-0.3468556762870649||-0.3458237676683859|-2.3365185660019394|-0.3843233122468742||0.0|1.0|0.0|0.0|0.0|0.0|1.0|0.0|0.0|0.0|1.0|0.0|1.0|0.0|0.0|0
||||-0.35852373948626454|-0.3819292053344453||-0.3533600497800713|-0.3425600926846417|0.7941671794572044|-0.36066625448756157|||-0.3749787234013031|1.2731797834286689|1.0|0.0|0.0|0.0|0.0|0.0|1.0|0.0|0.0|1.0|0.0|0.0|0.0|1.0|0.0|0
||-0.4034198900097563||0.516103982383514|-0.38129609291776084||-0.3527181075889121|1.134680639984508||-0.36592866161039167|-1.4941308371740112|-0.9675761863145098||-1.0490043108088363|0.0|1.0|0.0|0.0|0.0|0.0|1.0|1.0|0.0|0.0|0.0|0.0|0.0|1.0|0.0|0
-0.3199846891340931|-0.462391138044792|1.3212714788307844|2.6869915936746516|1.4816944216265453|-0.3774590479681581|0.6576566204243925|||0.7459495131394107|-0.35036070720535256|0.5209759250095816|1.4280729781384915||-0.2749429460630012|0.0|1.0|0.0|0.0|0.0|0.0|1.0|0.0|1.0|0.0|0.0|0.0|0.0|0.0|1.0|0
|||-0.28323420479870004|2.523481984390744||-0.3476253962065184||-0.34006995354328473||-1.3512705419676412|-1.4232476847353923|-0.25572614887704664|||0.0|1.0|0.0|0.0|1.0|0.0|0.0|1.0|0.0|0.0|0.0|1.0|0.0|0.0|0.0|1
|2.861989592996196||0.7805150694152113|-0.35863899563948987||-0.3356909045171922|-0.9745537522607167||||-0.3539246993756566|-0.1599001822989266|||0.0|1.0|1.0|0.0|0.0|0.0|0.0|1.0|0.0|0.0|0.0|0.0|0.0|0.0|1.0|0
2.0690137224854275||-0.42258493397309244|-0.27849494112257484|-0.3865181784807641||-0.3476253962065184|-0.35652390772221293|||||-2.6787541609237966|0.48527313208803524|1.2731797834286689|0.0|1.0|1.0|0.0|0.0|0.0|0.0|0.0|0.0|0.0|1.0|0.0|0.0|0.0|1.0|0
|-0.462391138044792|-0.4207354970688893|||-0.40036620631728637|-0.35041011093402785|-0.3720910058578231|-0.33359951325471915|-0.33991233233730256||0.6931207237890844|-0.1599001822989266|-1.4179997430760758||0.0|1.0|0.0|0.0|0.0|0.0|1.0|1.0|0.0|0.0|0.0|1.0|0.0|0.0|0.0|0
0.4455726790864374||-0.39866419511323387||1.689155497432077|2.8110677494774636||||||0.5614805835459352|-2.3365185660019394|||0.0|1.0|0.0|1.0|0.0|0.0|0.0|0.0|0.0|1.0|0.0|1.0|0.0|0.0|0.0|0
||-0.392973620023378|-0.2905585213890753||||-0.37844164824893367|-1.3353609216883677|-1.144183006518101|-1.360041220505691|-0.3381278825464787|||-1.0490043108088363|1.0|0.0|0.0|0.0|0.0|1.0|0.0|0.0|0.0|0.0|1.0|0.0|0.0|0.0|1.0|0
-0.3001058192149218||||||-1.4010431959843783|-0.3695232370931864||0.39878231565129635|-0.35233410987641384|-0.34055816205865996|-0.25572614887704664|||0.0|1.0|0.0|0.0|0.0|0.0|1.0|0.0|0.0|1.0|0.0|0.0|0.0|1.0|0.0|1
|-0.462391138044792|-1.7252185424884996|-1.158274616272355||-0.38856729309725796|2.616902339422112|||||||-0.39394274194084444|-0.2749429460630012|0.0|1.0|0.0|1.0|0.0|0.0|0.0|0.0|0.0|0.0|1.0|0.0|0.0|0.0|1.0|0
-0.3230769577881864|-0.462391138044792|-0.39199809286511694|-0.29400525860807536|-0.3537598184862857||-1.0131722160812764|3.0524871719218036|-0.33993270177958784|-0.33991233233730256||||||0.0|1.0|0.0|0.0|0.0|1.0|0.0|1.0|0.0|0.0|0.0|0.0|0.0|1.0|0.0|0
|-0.462391138044792|-0.3973838157180163|-0.2862500998653251||||||||-0.35230451303420246|-0.24203672508017238|-0.3902323904874559|-1.0490043108088363|1.0|0.0|0.0|0.0|0.0|1.0|0.0|1.0|0.0|0.0|0.0|0.0|0.0|0.0|1.0|1
|||-0.282803362646325|-0.378731985018433|-0.39161774383219217|0.5383117035311304||0.6136141228068404|1.4692145079063157||0.5716067481800235||||0.0|1.0|1.0|0.0|0.0|0.0|0.0|1.0|0.0|0.0|0.0|1.0|0.0|0.0|0.0|0
-0.31335839916103597|2.612661038168122||-0.28495757340820005|||-0.3547860912201141|0.6004972667619939|-0.3266977102802492||-0.3447036195483102|-0.3454187210830224|-0.24203672508017238||-1.0490043108088363|1.0|0.0|0.0|0.0|0.0|0.0|1.0|0.0|0.0|0.0|1.0|0.0|0.0|1.0|0.0|0
-0.3380965483937825||||-1.5719533268814228|-0.3948408615898585||||||||-1.3699025946062247|-1.0490043108088363|0.0|1.0|0.0|0.0|0.0|0.0|1.0|1.0|0.0|0.0|0.0|0.0|0.0|0.0|1.0|0
|-0.462391138044792|-0.4007778372894661|-0.29228188999857535|0.5868584542245981||-0.3476253962065184|-0.3562258631334605||||||2.9828893419153077|2.047241148174504|1.0|0.0|1.0|0.0|0.0|0.0|0.0|0.0|0.0|0.0|1.0|0.0|0.0|0.0|1.0|0
||||2.949929751324337||-0.3321105570103943|-0.34148411924362637|||-0.35128162845184785|-0.34258339498547763|-0.22834730128329808|-0.38130006291448354|0.4991184186828339|0.0|1.0|0.0|0.0|0.0|0.0|1.0|1.0|0.0|0.0|0.0|0.0|0.0|1.0|0.0|0
-0.346048096361451||-0.40573676701062616|1.8037651813058715|-0.36847418738138177||-0.3547860912201141|||-0.3518703135841154|||-0.13252133470517802|0.8631792986368659|2.047241148174504|0.0|1.0|0.0|0.0|0.0|1.0|0.0|0.0|0.0|1.0|0.0|0.0|1.0|0.0|0.0|1
1.9806631895113325|-0.462391138044792||1.6314283203558653||2.8762975136207096||-0.36214090189485576||-1.7613691353858598||||-0.3716806332205133|2.047241148174504|0.0|1.0|0.0|0.0|0.0|0.0|1.0|1.0|0.0|0.0|0.0|0.0|0.0|0.0|1.0|0
|||0.6404913698933316||-1.5406208539907285|-0.3535926420511815|||-1.423845471161304||-0.3535196527902931|-3.0209897558456538|1.2651340394206225||0.0|1.0|0.0|0.0|0.0|1.0|0.0|0.0|0.0|0.0|1.0|1.0|0.0|0.0|0.0|0
|2.945099111272221|-0.4135409842767143|||||-0.3508381340290887|-0.3315799515888941||||1.770308573060349|-1.308063403716416|-1.0490043108088363|0.0|1.0|0.0|0.0|0.0|0.0|1.0|1.0|0.0|0.0|0.0|0.0|0.0|0.0|1.0|0
-0.31777592580974073|-0.462391138044792||-0.27849494112257484|-0.3714580411259922|0.8858304460142956|||-0.34306988494980145||||-0.24203672508017238|-0.3847355735194729||0.0|1.0|0.0|1.0|0.0|0.0|0.0|0.0|1.0|0.0|0.0|0.0|0.0|0.0|1.0|0
||-0.40400927100120565||-0.366630088929777||-0.3496144781547394|1.7135791732183638||-0.34917012427031896|-0.3622011232317203|-0.3332673235221163|-0.1735896060958009|||0.0|1.0|0.0|0.0|0.0|1.0|0.0|0.0|0.0|0.0|1.0|0.0|0.0|0.0|1.0|0
-0.3129166464961655|||0.9851650917933433|||0.7770015373176546|-0.3620721223743744||||||1.3956834424102185||0.0|1.0|0.0|0.0|1.0|0.0|0.0|0.0|0.0|0.0|1.0|1.0|0.0|0.0|0.0|0
|-0.462391138044792|-0.42051193876178783|2.2130652260621355|||3.034609548548529|-0.3469635543753065|-0.3401091683329123||-0.35821046449690747|-1.8586727640011937|-0.1735896060958009|-0.37126837194791457||0.0|1.0|0.0|0.0|0.0|0.0|1.0|1.0|0.0|0.0|0.0|1.0|0.0|0.0|0.0|0
0.6554051948999123|-0.462391138044792|||-0.062097719630051784||-0.3364865372964806||-0.33456027560059703|-1.1538265397816596|-1.490505063759188|-0.34825404718056713|-0.25572614887704664|||0.0|1.0|1.0|0.0|0.0|0.0|0.0|0.0|1.0|0.0|0.0|1.0|0.0|0.0|0.0|1
-0.3345625270748187|||0.5220097779902025|||0.8366739957642857|-0.3498064412218686|-0.34481494308823274|-0.35148457225357305|-0.3629466309074546|-0.35513983913174724||||0.0|1.0|0.0|0.0|0.0|0.0|1.0|1.0|0.0|0.0|0.0|0.0|0.0|0.0|1.0|0
-0.6256775332244607||-0.40421250582584334||0.49465353164436177||1.7019246432404358|-0.35487319923066074|0.7552775503367989|-0.36112810551713176|||2.797015357825921||-0.2749429460630012|0.0|1.0|0.0|0.0|0.0|0.0|1.0|0.0|0.0|0.0|1.0|0.0|0.0|0.0|1.0|0
2.974606685469898||-0.41039084449482977|-0.2909893635414503|-0.37345581444856396||||||||-0.26941557267392097|-0.36797028176712476|-0.2749429460630012|1.0|0.0|1.0|0.0|0.0|0.0|0.0|0.0|0.0|1.0|0.0|0.0|0.0|0.0|1.0|0
0.9315006104439582|||-0.28452673125582506||-0.38302276314508205|-0.3436472323100763|-0.3544834486145998|1.4376148898582601|||1.9386389737819583||-0.38239942630808016||0.0|1.0|0.0|1.0|0.0|0.0|0.0|0.0|0.0|0.0|1.0|1.0|0.0|0.0|0.0|0
|||-0.2815108361892|-0.3661050331206395|-0.3811234258950287|-0.3575708059476236|-0.35255762204112223|||1.9826836373086902|-0.33974806888793285||||1.0|0.0|0.0|0.0|1.0|0.0|0.0|1.0|0.0|0.0|0.0|0.0|0.0|0.0|1.0|0
-0.29215427124725324||2.228714970838163||-0.3456150503250314|1.4431612249440915|||||-0.3674635303545504|-0.3567600254732014|-0.2009684536895495|-0.39435500321344313||1.0|0.0|0.0|0.0|0.0|0.0|1.0|1.0|0.0|0.0|0.0|0.0|0.0|1.0|0.0|0
-0.3102661305069427||-0.3958189075683059|-0.2948669429128254||||-0.3449918747881748|-0.3208547066257263|-0.350327348261946||-0.34420358132693174||-0.38281168758067885||0.0|1.0|0.0|0.0|0.0|1.0|0.0|1.0|0.0|0.0|0.0|0.0|0.0|0.0|1.0|0
-0.3102661305069427||-0.3918355050054068|-0.2884043106272002||-1.3492482371292924||-0.35803705717280243|||||-0.1599001822989266|||0.0|1.0|0.0|0.0|0.0|0.0|1.0|0.0|0.0|1.0|0.0|0.0|0.0|0.0|1.0|0
|-0.462391138044792|2.373011696330938|||||-0.36243894648360825||-1.3274101385257167|||1.770308573060349|||0.0|1.0|1.0|0.0|0.0|0.0|0.0|1.0|0.0|0.0|0.0|0.0|0.0|0.0|1.0|0
0.34617832949058086|3.526865739204394|||0.11110666618907283||-0.3464319470375858|-0.36911055997029835|-0.3491285699472765||-0.3672881167837895||-1.6520473761582246|||0.0|1.0|0.0|0.0|1.0|0.0|0.0|0.0|0.0|0.0|1.0|0.0|0.0|1.0|0.0|0
||||||-1.3413707375377473||1.433693410895493|-0.3441554869732684|-0.359876893419137|-0.3502792801073848|-0.24203672508017238|3.2439881478944996|0.4991184186828339|0.0|1.0|0.0|0.0|0.0|0.0|1.0|0.0|0.0|0.0|1.0|0.0|0.0|0.0|1.0|0
|||-1.4598641229348652||-0.38041357257935215||-0.3518239738226546|||-0.3470278493608935||-0.24203672508017238|-0.3709935310995154||0.0|1.0|0.0|0.0|0.0|0.0|1.0|0.0|0.0|1.0|0.0|0.0|0.0|0.0|1.0|0
-1.6527524790483117|||-0.27677157251307477|0.33041351329831564|-0.3890277384912103|-0.3535926420511815|||||-0.3591903049853826||0.28944902760364116|-0.2749429460630012|1.0|0.0|0.0|0.0|0.0|1.0|0.0|0.0|0.0|0.0|1.0|1.0|0.0|0.0|0.0|0
-0.33898005372352347|1.8646753736838997||-1.1690456700817302|-0.3560649415507916||-0.34682976342723|-0.3498293677286957||-0.3410695563289296||||-0.39545436660703975||0.0|1.0|0.0|0.0|0.0|0.0|1.0|0.0|0.0|0.0|1.0|0.0|0.0|0.0|1.0|0
1.1744645761227186|-0.462391138044792|0.541865926345164|0.7912861232245867|-0.36076483135453413||-0.3484210289858068|-0.3499898532764855|||||||1.2731797834286689|0.0|1.0|0.0|0.0|0.0|1.0|0.0|1.0|0.0|0.0|0.0|0.0|0.0|0.0|1.0|0
|||-0.29012767923670024|1.2422177477028757|-0.3861883252285043||0.5534979277664108|-0.3311289815081759|-0.3383693670151332||-0.3498742335220213||-0.3880336637002627||0.0|1.0|0.0|0.0|0.0|1.0|0.0|1.0|0.0|0.0|0.0|0.0|0.0|0.0|1.0|0
-0.32396046311792737||-0.3927297382338127|0.7805150694152113|||0.6377658009421822||-0.35401081125592143|-0.34376974564272605|-0.3721996967650975|||||0.0|1.0|0.0|0.0|0.0|0.0|1.0|0.0|0.0|1.0|0.0|1.0|0.0|0.0|0.0|0
2.908343785739327|||-0.2909893635414503|-0.35509166736800024|||-0.355125390805759|-0.3381680362463427|-0.3441554869732684|-0.3562370618258462|-0.3454187210830224||-1.455790359730959|-1.0490043108088363|0.0|1.0|0.0|0.0|1.0|0.0|0.0|0.0|0.0|0.0|1.0|1.0|0.0|0.0|0.0|0
||-0.39915195869236436|||-0.39988657569858604|-0.3599577042854888|-0.3716095492144537|-0.33603083021163466|-0.34145529765947197|1.7173706115326717||-0.9675761863145098|-0.4009511835750227||0.0|1.0|0.0|0.0|0.0|0.0|1.0|0.0|0.0|0.0|1.0|0.0|0.0|0.0|1.0|1
-0.30275633520414463||1.520441606975741||||-0.3448406814790089|-0.35164056176803776||-0.3595851401949624|0.8578441148037524|-0.34622881425374946|-0.2009684536895495|-0.3847355735194729||0.0|1.0|0.0|0.0|0.0|0.0|1.0|0.0|0.0|1.0|0.0|0.0|1.0|0.0|0.0|0
|-0.462391138044792|-0.39618473025265377||-0.35824200222282493|-0.381526315614737|-0.35080792732367205|0.6715694379260464||-1.4817066707426565||||-0.38610977776146865|1.2731797834286689|0.0|1.0|0.0|0.0|0.0|1.0|0.0|0.0|0.0|1.0|0.0|0.0|0.0|0.0|1.0|0
-0.29745530322569896|-0.462391138044792||0.7158887465589591||-0.39017885197609115|-1.4607156544310094|-0.36175115127879487||0.7652365796665281|0.532232674078639|-0.3377228359611152||||0.0|1.0|0.0|0.0|0.0|0.0|1.0|0.0|0.0|0.0|1.0|1.0|0.0|0.0|0.0|0
|-0.462391138044792|-0.39740413920048007|-0.2888351527795752||-0.3830995040440741|-0.3436472323100763|-0.35455222813508114|-0.3401287757277262|||1.7158633518320134|-0.2009684536895495|0.5402413017678652||0.0|1.0|0.0|0.0|0.0|0.0|1.0|0.0|0.0|1.0|0.0|1.0|0.0|0.0|0.0|0
-0.8907291321467448||||-1.5549850598788097|2.6441562941697447|||2.4473957227707674|2.703586765641833|-0.3679459176741432||-0.26941557267392097|-0.3799258586724878||1.0|0.0|0.0|1.0|0.0|0.0|0.0|0.0|0.0|1.0|0.0|0.0|0.0|1.0|0.0|0
|1.8646753736838997|-1.5636468569015194|-0.2970211536747005||2.3429482656259304|0.6079295717188666|2.413983956786687|-0.3309133001652237|-0.34184103899001433||0.5209759250095816|1.0858373832166341|||0.0|1.0|0.0|1.0|0.0|0.0|0.0|0.0|0.0|0.0|1.0|0.0|0.0|0.0|1.0|0
-0.32926149509637304|-0.462391138044792|-0.3975057566127989|0.8343703384620882|-0.3596634947792703||-0.3432494159204321|3.141900548547547|-0.3228546608967375|-0.36074236418658945||-1.0688319225422982|-0.2146578774864238|||1.0|0.0|0.0|0.0|0.0|1.0|0.0|0.0|0.0|1.0|0.0|1.0|0.0|0.0|0.0|0
-0.296571797895958||-0.40774879177453954||-1.2056948844099282||-0.3436472323100763||-0.3285996275771912|||-0.3271916247416633|||0.4991184186828339|0.0|1.0|0.0|0.0|0.0|0.0|1.0|0.0|0.0|1.0|0.0|0.0|1.0|0.0|0.0|0
1.1523769428791948|||||0.8042932408352377||0.8515425165188889|-0.3398934869899602|-1.1924006728358945|-0.35799119753345626||-0.2146578774864238|-0.3924311172746491||1.0|0.0|0.0|0.0|1.0|0.0|0.0|0.0|0.0|0.0|1.0|1.0|0.0|0.0|0.0|0
-0.3001058192149218|-0.462391138044792|-0.39587987801569724|-0.2909893635414503|0.7178022505277811|||-0.35487319923066074|-0.3211880323375615|||-0.33164713718066213|-0.22834730128329808|-0.37126837194791457||1.0|0.0|1.0|0.0|0.0|0.0|0.0|0.0|0.0|1.0|0.0|0.0|0.0|1.0|0.0|0
-0.28685323926880757||-0.39553437881381315|-0.2909893635414503||2.11656261359937|-0.36154896984406565|0.8939565541490492||||||-1.734066718735098||0.0|1.0|0.0|0.0|0.0|1.0|0.0|1.0|0.0|0.0|0.0|1.0|0.0|0.0|0.0|0
|||-0.2879734684748252|||1.880942018580329||-0.3168351906888901|||-0.3689114230341075|-0.24203672508017238|||0.0|1.0|0.0|0.0|1.0|0.0|0.0|0.0|0.0|1.0|0.0|1.0|0.0|0.0|0.0|1
|2.363332483340048|||2.107279208854955|0.6287484343909128|-0.3472275798168742|-0.35290151964352895|1.0890934470423415|||-1.2004720627854475|1.0858373832166341|-0.39545436660703975||0.0|1.0|0.0|0.0|0.0|1.0|0.0|0.0|0.0|1.0|0.0|0.0|0.0|0.0|1.0|0
|-0.462391138044792||-0.2815108361892|||||-0.9912511427055618|0.8134542459843218|-1.0135994182527084||-0.24203672508017238|1.3750703787802823|-1.0490043108088363|0.0|1.0|0.0|0.0|0.0|0.0|1.0|1.0|0.0|0.0|0.0|0.0|0.0|0.0|1.0|0
-0.31910118380435215|-0.462391138044792||-0.28064915188444994|-0.3641840972335513|3.2983724580770097|1.8411603796159082||-0.3492658217109733|||-0.36648114352192623|-0.22834730128329808|||0.0|1.0|0.0|0.0|0.0|1.0|0.0|1.0|0.0|0.0|0.0|0.0|0.0|0.0|1.0|0
-0.3182176784746112||-0.4026272741936692|-0.2888351527795752||0.7285116030805837|-0.34046470119292266|||-0.34917012427031896|-0.3537374184425019|-0.3486590937659307|3.139250952747778|1.4850067181399422||0.0|1.0|0.0|1.0|0.0|0.0|0.0|1.0|0.0|0.0|0.0|0.0|1.0|0.0|0.0|1
1.759786857076096||||3.3571681593870477||-1.510442703136535|||-0.35534198555899654|0.884156150417903|-0.35068432669274835||-0.3887207658212606||0.0|1.0|0.0|0.0|1.0|0.0|0.0|1.0|0.0|0.0|0.0|0.0|1.0|0.0|0.0|0
|-0.462391138044792|-1.4752397081841153|-0.27935662542732487|-1.5140050942875936||-1.898313683039637|0.4807062685903249|-0.335521037946475|||-0.35189946644883896||||0.0|1.0|0.0|0.0|0.0|1.0|0.0|0.0|0.0|1.0|0.0|0.0|0.0|1.0|0.0|0
1.273858925718575|-0.462391138044792|-0.4203087039371501|3.2470863917621706|-0.8692109481883016||-0.3599577042854888|||-0.3495558656008613||||0.5127572169279502|0.4991184186828339|1.0|0.0|0.0|1.0|0.0|0.0|0.0|0.0|0.0|0.0|1.0|0.0|0.0|0.0|1.0|0
0.4345288624646756|-0.462391138044792||0.9313098227464665|-1.2604415571919436||0.19022236259244937||0.8003745584086196|||-0.3421783484001141|-0.26941557267392097||-1.0490043108088363|0.0|1.0|0.0|0.0|0.0|0.0|1.0|0.0|0.0|1.0|0.0|0.0|0.0|1.0|0.0|0
-0.31070788317181314||-0.3939288236991752|||||-0.35303907868449164|-0.337422955243417|||-1.0587057579082098||2.0209463725182837||0.0|1.0|0.0|1.0|0.0|0.0|0.0|1.0|0.0|0.0|0.0|0.0|0.0|0.0|1.0|0
-0.31910118380435215|-0.462391138044792|-1.3599039452022144|0.7266598003683344||-0.3852098787663556|-1.2618074596089057|0.5781439226055581|-1.7882917418879583||-0.3395727726035508|-0.3636458174243815|-0.2146578774864238|-0.40067634272662356|-0.2749429460630012|0.0|1.0|0.0|0.0|0.0|0.0|1.0|1.0|0.0|0.0|0.0|0.0|0.0|0.0|1.0|0
-0.3310285057558549|-0.462391138044792|-0.4028305090183069|-0.2944361007604504|-0.36536227124429876||-0.3543882748304699|-0.37415439147226337||-0.33952659100676025|||-0.22834730128329808|0.67766172596744|0.4991184186828339|1.0|0.0|0.0|0.0|0.0|0.0|1.0|0.0|0.0|0.0|1.0|1.0|0.0|0.0|0.0|0
-0.3045233458636265|-0.462391138044792|||-0.34470580733847633||||-0.3374033478486031|-0.33644066036242143|-0.3554915541501119|0.20706482135284104|||-0.2749429460630012|0.0|1.0|0.0|1.0|0.0|0.0|0.0|0.0|0.0|0.0|1.0|1.0|0.0|0.0|0.0|1
-1.6969277455353589|-0.462391138044792|-0.40309471429033594|-0.28237252049395||||-0.32736139103812434|-0.3197959073057792||2.5352363852058524|1.8778819859774278|-0.24203672508017238||-1.0490043108088363|0.0|1.0|0.0|0.0|0.0|1.0|0.0|0.0|0.0|0.0|1.0|0.0|0.0|1.0|0.0|1
1.3842970919361934|-0.462391138044792|0.3650516289103556|-0.28323420479870004|||-0.34126033397221106|-0.33866415890389134|-1.5598655923067795|-0.3480129002786919|1.9826836373086902||-1.6520473761582246||-0.2749429460630012|0.0|1.0|0.0|0.0|0.0|0.0|1.0|0.0|0.0|0.0|1.0|1.0|0.0|0.0|0.0|0
-0.30054757187979225||||-0.3827147254243294|2.0091253550104935||-1.631398172857524|-0.33605043760644854|0.4855741150233249|-0.35413209897671416||-0.1462107585020523|-0.3869343003066661|-0.2749429460630012|0.0|1.0|0.0|0.0|0.0|0.0|1.0|0.0|0.0|0.0|1.0|0.0|0.0|0.0|1.0|0
-0.27404241198756385|-0.462391138044792|1.9401215198526138||||-0.34126033397221106|0.8200185696316076|1.3189901512345579|-0.35534198555899654|3.019816374433126|||||1.0|0.0|0.0|0.0|0.0|1.0|0.0|1.0|0.0|0.0|0.0|0.0|0.0|0.0|1.0|0
|-0.462391138044792|-0.3824257326246808|-0.28107999403682493|-0.34350202084923437|2.152055279383195|0.7869469470587598|0.9122977596107401|-0.33610925979089|-0.34184103899001433|-0.35417595236940436|-0.35594993230247435||-0.3935304806682457||1.0|0.0|0.0|1.0|0.0|0.0|0.0|0.0|0.0|0.0|1.0|0.0|0.0|0.0|1.0|1
-1.7079715621571208|-0.462391138044792|-0.3774871263859844|-0.2862500998653251||-0.3823512802789016|3.153954465441791|-1.4422544915338362|||-0.36991932034520447|||-0.38281168758067885|2.047241148174504|0.0|1.0|0.0|0.0|0.0|0.0|1.0|0.0|0.0|1.0|0.0|1.0|0.0|0.0|0.0|1
-0.31114963583668365||-0.3982170784990309||||-0.3539904584408257||3.2179663389544864|1.6813722397046076|0.5081133080990008|-0.34420358132693174||1.6911373544393042|-1.0490043108088363|0.0|1.0|0.0|0.0|0.0|0.0|1.0|0.0|0.0|0.0|1.0|1.0|0.0|0.0|0.0|0
-0.26829962734424767|-0.462391138044792||-0.2737556774464497|-0.3532859876341372|-0.3739865222887676|0.5283662937900253|-0.3453128458837543|0.5214593671818154||1.4147822019699399|-0.3543297459610202|-0.22834730128329808||1.2731797834286689|1.0|0.0|0.0|0.0|0.0|0.0|1.0|0.0|0.0|1.0|0.0|0.0|0.0|1.0|0.0|0
-1.0453425648514105|-0.462391138044792||-0.28194167834157496||-0.3813536485920049|||2.226812531115123||-0.3439142584798857|-0.33691274279038813||-0.3762155072190993||0.0|1.0|0.0|1.0|0.0|0.0|0.0|0.0|0.0|0.0|1.0|0.0|0.0|0.0|1.0|1
||-0.3897015393467108||||-0.34205596675149946|||2.7807350317503032|-0.3601400137752785|-0.3510893732781119|||-0.2749429460630012|0.0|1.0|0.0|0.0|0.0|0.0|1.0|0.0|0.0|1.0|0.0|0.0|0.0|0.0|1.0|0
-0.35355789166424906|-0.462391138044792||-0.29917536443657555||-0.39104218708975175|-0.3496144781547394|0.43026795357067477||-0.9995300075647198|-0.35294805737407736|-1.4941308371740112||-0.3847355735194729|-1.0490043108088363|1.0|0.0|0.0|0.0|0.0|0.0|1.0|0.0|0.0|0.0|1.0|0.0|0.0|1.0|0.0|0
2.8641685192522797|-0.462391138044792|-0.4186015314101933||-0.3822537008114282||-0.3380778028550574|-0.34102558910708414|||||-0.22834730128329808|-1.335547488556331||0.0|1.0|0.0|0.0|0.0|1.0|0.0|0.0|0.0|0.0|1.0|0.0|0.0|0.0|1.0|0
||-0.41228092836396046||-0.3754920064888775||||-0.32814865749647293|1.7585205058130775|-0.34615078150708845|||||0.0|1.0|0.0|0.0|0.0|0.0|1.0|1.0|0.0|0.0|0.0|0.0|0.0|1.0|0.0|0
-0.7913347825508883||-0.4254505450004841|-0.26083041287519926|-0.38959167590010535||-0.33887343563434585|-0.33598175760511906|-0.3537363077285277|-0.36459977749201294||0.8652655225685874|-0.24203672508017238||-0.2749429460630012|0.0|1.0|0.0|0.0|0.0|1.0|0.0|0.0|0.0|1.0|0.0|0.0|0.0|0.0|1.0|0
-0.3151254098205179||||0.25581716968305496||-0.34682976342723||-0.3465600012266641|-0.35302753757574246||1.1690504615912396|1.0858373832166341|-1.1397233840719367||0.0|1.0|0.0|0.0|0.0|1.0|0.0|0.0|0.0|0.0|1.0|0.0|1.0|0.0|0.0|0
-0.3080573671825903|||-0.30046789089370063|||-0.34126033397221106||1.0689958673581603|0.3505646493335027|-0.36724426339109917|-1.1599674042490937||||0.0|1.0|0.0|0.0|0.0|0.0|1.0|1.0|0.0|0.0|0.0|0.0|0.0|0.0|1.0|0
||-0.3904941551627979|0.7051176927495837||1.6091134190144094|||-0.32450168206109964|0.6012965141860297|0.9510325742705358||-0.2146578774864238|||0.0|1.0|0.0|0.0|0.0|1.0|0.0|0.0|0.0|1.0|0.0|0.0|1.0|0.0|0.0|0
-0.30408159319875605||||-1.6193364120962666||-0.3571729895579794|3.2840448908756517|-0.34765801533623886|-1.356340738316393|0.36778245149019756||||0.4991184186828339|0.0|1.0|0.0|0.0|0.0|1.0|0.0|0.0|1.0|0.0|0.0|0.0|0.0|0.0|1.0|1
||0.45803156118210825|3.074749530812165|1.5162712675941339||-0.3480232125961626|-0.3451523603359645|-0.32167821720790735|-0.3522560549146578||||1.8697839058987515||1.0|0.0|0.0|0.0|0.0|0.0|1.0|1.0|0.0|0.0|0.0|0.0|0.0|0.0|1.0|0
-0.3102661305069427|2.1971134467879985|0.19839907270743276||-0.3754920064888775||||||-1.5431291349874892|0.9158963457390293||-0.37731487061269586||0.0|1.0|0.0|0.0|0.0|1.0|0.0|1.0|0.0|0.0|0.0|0.0|0.0|0.0|1.0|0
|-0.462391138044792|-0.4095372582313514|-0.282803362646325||0.8086099164035404||-0.3455879639656797||-0.35379902023682713|-0.35000988006383055||||-1.0490043108088363|0.0|1.0|0.0|0.0|0.0|0.0|1.0|0.0|0.0|1.0|0.0|0.0|0.0|0.0|1.0|0
-0.2952465399013466|-0.462391138044792||-0.2711706245321996|||||||-0.3467208756120617||1.0858373832166341|-0.38322394885327754|-0.2749429460630012|0.0|1.0|0.0|0.0|0.0|0.0|1.0|0.0|0.0|0.0|1.0|0.0|0.0|0.0|1.0|0
-1.7852782785094536|-0.462391138044792||||-0.3938432299029617|-0.33847561924470165|2.6237614942547776||-1.462419604215539|-0.347992624000079|2.3234332298773177|3.139250952747778|-0.3753909846739018||0.0|1.0|0.0|0.0|0.0|0.0|1.0|0.0|0.0|0.0|1.0|1.0|0.0|0.0|0.0|0
-1.4650075964783604||-0.1389707361911671||-0.3899374443597812|-0.3814495747157449||-0.3528785931367019|||1.1056157835036704|-1.1093365810786517||-0.3987524567878295||1.0|0.0|0.0|0.0|1.0|0.0|0.0|0.0|0.0|0.0|1.0|0.0|0.0|0.0|1.0|0
-0.30717386185284934||||-0.3877859961662423||0.2996218697446063|-0.35489612573748786||-0.36614274281418235|-0.357421103428483|-1.5447616603444532||||1.0|0.0|0.0|0.0|0.0|0.0|1.0|0.0|0.0|1.0|0.0|0.0|1.0|0.0|0.0|0
||-0.3891121583552615|-0.28194167834157496||-0.37837993875606274|-0.34205596675149946|||||0.5716067481800235|-0.22834730128329808|-0.38982012921485715||1.0|0.0|1.0|0.0|0.0|0.0|0.0|0.0|0.0|1.0|0.0|0.0|0.0|0.0|1.0|0
1.3180341922056225||||||-0.35239919288224886||||-0.359175239136093|||-0.3786890748546916||0.0|1.0|0.0|0.0|0.0|0.0|1.0|1.0|0.0|0.0|0.0|1.0|0.0|0.0|0.0|0
|-0.462391138044792|-0.39602214239294364|-0.28711178417007516|-0.35807552111261065||||-0.36240277623624284|-0.3406838149983873|-0.38061954816162574|-0.3320521837660257||-0.3716806332205133|-1.0490043108088363|0.0|1.0|0.0|0.0|0.0|0.0|1.0|1.0|0.0|0.0|0.0|0.0|0.0|0.0|1.0|0
|-0.462391138044792|-0.39868451859569765|-1.3844667462692377|-0.3609185062255012|-0.3635305748011002||-0.3346749467159736|-0.3525010418552561|-0.34608419362598014||-0.3583802118146555|-0.25572614887704664|-0.3958666278796385||1.0|0.0|0.0|0.0|0.0|0.0|1.0|0.0|0.0|0.0|1.0|1.0|0.0|0.0|0.0|0
||-0.3823241152123619|||-0.37584748908932497||||-0.33952659100676025|1.5507277193097182|||-0.38982012921485715|-0.2749429460630012|1.0|0.0|0.0|1.0|0.0|0.0|0.0|1.0|0.0|0.0|0.0|0.0|0.0|0.0|1.0|1
||-0.4116509004075836|-0.27677157251307477||-0.3857470650593|-0.3496144781547394|-0.3572575559406806|-0.35089323548052165|||0.8450131933004106||||0.0|1.0|0.0|1.0|0.0|0.0|0.0|0.0|0.0|1.0|0.0|0.0|0.0|0.0|1.0|1
-0.3129166464961655|-0.462391138044792|-0.4032573021500462||1.44327570388478||-0.35200137649260466|-0.34418944704922577|-0.33757981440192764||1.63843450469022|||-0.39064465176005464|-1.0490043108088363|0.0|1.0|0.0|0.0|0.0|0.0|1.0|0.0|0.0|0.0|1.0|1.0|0.0|0.0|0.0|0
||-0.3968147582090307|||-0.39424611962267|0.9261826834342323|1.0934171635449383||-0.34338400431218374||-0.3600003981561097||-0.3972408321216342|-0.2749429460630012|0.0|1.0|0.0|0.0|0.0|0.0|1.0|1.0|0.0|0.0|0.0|0.0|0.0|0.0|1.0|0
||-0.3940914115588854|||0.24072726386233712|-0.35080792732367205|-0.36867495634058317|-0.3448737652726743||-0.36299048430014486||2.4547797629040637|-0.3932556398198465||1.0|0.0|0.0|0.0|0.0|0.0|1.0|0.0|0.0|0.0|1.0|0.0|0.0|0.0|1.0|0
-1.4539637798565985||-0.4033385960799012|-0.29874452228420056|1.4387935201482407|||2.250059432972824||0.6205835807131472|||-0.25572614887704664|-0.3858349369130695||0.0|1.0|0.0|0.0|1.0|0.0|0.0|1.0|0.0|0.0|0.0|0.0|0.0|1.0|0.0|0
|||-1.632200983884871|-0.3604830940910946||-0.3428515995307879||||-0.3365907419006138|-0.36202563108292735|2.112544167982206|||0.0|1.0|0.0|0.0|0.0|1.0|0.0|0.0|0.0|0.0|1.0|1.0|0.0|0.0|0.0|0
-0.3266109791071502|-0.462391138044792||-0.28409588910345007|-0.35183888259919743||3.3528626602638942||||-0.3543952193328556|-0.3595953515707462||||0.0|1.0|0.0|0.0|0.0|1.0|0.0|1.0|0.0|0.0|0.0|0.0|0.0|0.0|1.0|0
-0.3261692264422797|-0.462391138044792||0.3927571322776981|-0.3537342060077912|-0.3853441753395917|-0.3360887209068364|0.5747049465814911|||0.46974158949503114|2.5664611810954394|-0.25572614887704664||-1.0490043108088363|0.0|1.0|0.0|0.0|0.0|0.0|1.0|1.0|0.0|0.0|0.0|1.0|0.0|0.0|0.0|0
|-0.462391138044792|||0.7565411242507277||1.025636780845284|-0.36124676812859835|-0.3265408511217385|-0.333740471048625||1.4525830713457148|||-0.2749429460630012|0.0|1.0|0.0|1.0|0.0|0.0|0.0|1.0|0.0|0.0|0.0|0.0|0.0|0.0|1.0|1
-0.3160089151502588|-0.462391138044792|0.49664617786327325||0.5980639135659463||0.6178749814599719|2.097598162572518|2.317986916999456|-1.7806562019129772||-1.4840046725399227|-0.13252133470517802|-0.38501041436787203||0.0|1.0|0.0|1.0|0.0|0.0|0.0|0.0|0.0|0.0|1.0|0.0|0.0|0.0|1.0|0
-0.3411888170478758||-0.3926484443039576|||1.127564277839267|-0.35279700927189306|||-0.35842791620333536|||-0.1872790298926752|2.1721088391378163|-1.0490043108088363|0.0|1.0|0.0|0.0|0.0|0.0|1.0|0.0|0.0|0.0|1.0|0.0|0.0|0.0|1.0|0
|1.2829087457517268|-0.42459695873700576||-0.3886824329135502|||-0.3613384741559068|||-1.6045238847538406||-0.28310499647079523|-0.42513717823414787||0.0|1.0|0.0|0.0|0.0|0.0|1.0|0.0|0.0|1.0|0.0|0.0|0.0|0.0|1.0|0
-0.3323537637504663|||-1.3198404234129855||-0.40756066559779147|1.662143004276015|-0.37940456153567237||-0.3441554869732684|||-0.24203672508017238|-0.37580324594650055|-0.2749429460630012|0.0|1.0|0.0|0.0|0.0|1.0|0.0|0.0|0.0|1.0|0.0|0.0|0.0|1.0|0.0|0
-0.29833880855543987|||1.0821045760777217|||||2.268968429964868||-0.36970005338175327||-0.1735896060958009|||0.0|1.0|0.0|1.0|0.0|0.0|0.0|0.0|0.0|0.0|1.0|0.0|0.0|0.0|1.0|0
-0.3248439684476683|2.280222965064023|-0.40488318074714785|-0.27849494112257484|-0.3675649443948267|0.1663845179637843|-0.35080792732367205|0.8033968521819501||-0.34338400431218374|-0.34479132633369064||-0.2146578774864238||-0.2749429460630012|1.0|0.0|0.0|0.0|0.0|0.0|1.0|0.0|0.0|1.0|0.0|0.0|0.0|0.0|1.0|0
3.2175706511486584|-0.462391138044792||-0.27849494112257484|-0.3547202864298298|-0.39378567422871774|||||||-0.13252133470517802|-0.38610977776146865|-0.2749429460630012|0.0|1.0|0.0|0.0|0.0|1.0|0.0|1.0|0.0|0.0|0.0|0.0|0.0|1.0|0.0|0
|2.945099111272221|2.7307049876933087|-1.6429720376942465|-0.3688071496018104|1.1333198452636715|-0.3440450486997205|2.7681984872655936|2.1238737083424883|-0.34184103899001433||-1.716906459123956|-0.2146578774864238|-0.3764903480674984|1.2731797834286689|0.0|1.0|0.0|1.0|0.0|0.0|0.0|0.0|0.0|0.0|1.0|0.0|0.0|0.0|1.0|0
-0.3164506678151293|-0.462391138044792|-0.9813790843144782||0.7619837759308111|||-0.37507145174534795|||-0.3483873045342913|||-0.377589711461095||0.0|1.0|0.0|0.0|0.0|0.0|1.0|0.0|0.0|0.0|1.0|0.0|0.0|0.0|1.0|1
0.2909592463817717|-0.462391138044792||1.9114757193996252|||||||-0.3509746547030161|||0.62269355628761||0.0|1.0|0.0|0.0|1.0|0.0|0.0|0.0|0.0|0.0|1.0|1.0|0.0|0.0|0.0|0
-2.3374691095975453|2.6957705564441468|-0.39299394350584177||-0.35482273634380784|-0.37861016145303894|-0.358366438726912||-0.3315015220096388|0.4373564487055313||-0.3494691869366578||||1.0|0.0|0.0|0.0|0.0|0.0|1.0|0.0|0.0|0.0|1.0|0.0|0.0|0.0|1.0|0
0.5118355788170085||-0.4067935880987423||-0.3696139426743874|1.276249769636373|||0.567046560123982||-0.3773305437098569|-0.3689114230341075|-0.24203672508017238|-0.4054860575736087||1.0|0.0|0.0|0.0|0.0|1.0|0.0|0.0|0.0|1.0|0.0|1.0|0.0|0.0|0.0|0
-0.30894087251233127||-0.40083880773685737|-0.2879734684748252|0.5852576743186912||||1.62192440110831|||||0.9387605319466322||0.0|1.0|0.0|0.0|0.0|0.0|1.0|0.0|0.0|1.0|0.0|0.0|0.0|1.0|0.0|0
|-0.462391138044792||-0.2957286272175754|-0.3513266330293072||-1.2319712303855903|1.7342130293627662|-0.33997191656921555|0.553078847868236|-0.3580789043188367|-0.33691274279038813|2.4547797629040637||0.4991184186828339|0.0|1.0|0.0|0.0|0.0|1.0|0.0|0.0|1.0|0.0|0.0|1.0|0.0|0.0|0.0|1
-0.01826761902755972||1.2501392902075859|-0.28366504695107503|0.5013768072491707|-0.803908223667005|-0.3496144781547394|-0.7819710949129617|-0.33612886718570384||||2.4547797629040637|-0.37800197273369374|-0.2749429460630012|0.0|1.0|0.0|0.0|0.0|0.0|1.0|0.0|0.0|0.0|1.0|1.0|0.0|0.0|0.0|0
1.008807326796291||-0.38801469030221786|-0.2905585213890753|||-0.3547860912201141|0.524266631561841|||-0.3557108211135632|0.7538777115936148||||0.0|1.0|0.0|0.0|0.0|0.0|1.0|0.0|0.0|0.0|1.0|0.0|0.0|1.0|0.0|0
0.9867196935527673||||-0.3735326518840475||2.2389767692601152||-0.35403041865073526|1.4692145079063157||-0.35594993230247435|-0.25572614887704664||0.4991184186828339|1.0|0.0|0.0|0.0|0.0|1.0|0.0|0.0|0.0|0.0|1.0|0.0|0.0|0.0|1.0|0
|||-0.2763407303606998|-0.37015180472277215|1.601439329115204|-0.3567751731683351|||-0.34762715894814955|-0.3738222722946368|-0.35311460620492957|1.0858373832166341|-0.39105691303265333||0.0|1.0|0.0|0.0|0.0|0.0|1.0|0.0|0.0|0.0|1.0|0.0|0.0|0.0|1.0|0
||-0.4072203812304815||-1.2197817475819088|-1.693143390737437||-0.3440748145150902||-0.3449269696343531|||-0.22834730128329808|0.6536131517325144||0.0|1.0|0.0|0.0|0.0|0.0|1.0|1.0|0.0|0.0|0.0|0.0|1.0|0.0|0.0|0
||0.8685659069502842|-0.3060688388745758|0.99665811013676|2.571252440127293|||3.2101233810289522|-0.35071308959248837|0.5070169732817444|3.174031059140744||||0.0|1.0|0.0|0.0|0.0|0.0|1.0|0.0|1.0|0.0|0.0|0.0|0.0|0.0|1.0|1
||-0.41244351622367065|||-0.38908529416545434|2.8357013537264257|-0.3606506789510934|||-0.34641390186322996||1.770308573060349||-1.0490043108088363|0.0|1.0|0.0|0.0|0.0|0.0|1.0|1.0|0.0|0.0|0.0|0.0|0.0|1.0|0.0|0
|||-0.27677157251307477|-0.37189345326039885||||-0.3344818460213417||1.7941140487406109|0.8247608640322337||-0.3806129607934856||0.0|1.0|0.0|0.0|0.0|1.0|0.0|0.0|0.0|0.0|1.0|0.0|1.0|0.0|0.0|0
|||-1.2659851543661085|-1.654553570026218||2.3583216861533773||-0.317325375559236|||||-0.38322394885327754|0.4991184186828339|0.0|1.0|0.0|0.0|0.0|0.0|1.0|0.0|0.0|1.0|0.0|1.0|0.0|0.0|0.0|0
||-0.40474091636990145||||-0.33966906841363426|-1.4365228648270576|-0.3403640644654922||-0.358473584853049||-0.25572614887704664|-0.3847355735194729||0.0|1.0|1.0|0.0|0.0|0.0|0.0|0.0|0.0|1.0|0.0|0.0|0.0|0.0|1.0|0
-0.29259602391212375|-0.462391138044792|-0.366431151925693||-0.32636727273640714||0.5482571132722356|1.7135791732183638|0.8665495159053132|-0.34376974564272605||||-0.38762140242766396|-0.2749429460630012|0.0|1.0|0.0|0.0|0.0|1.0|0.0|1.0|0.0|0.0|0.0|0.0|0.0|0.0|1.0|1
|-0.462391138044792||0.7051176927495837|1.7013214247169695|-1.690265607025235|||-1.0084076131676676|1.8356687719215472||-0.3535196527902931||||0.0|1.0|0.0|1.0|0.0|0.0|0.0|0.0|0.0|1.0|0.0|0.0|0.0|0.0|1.0|0
|-0.462391138044792|-0.4218329651219329|||2.0072068325356924||-0.34627575917049314||-0.34376974564272605||-0.31747050669293836|||-0.2749429460630012|0.0|1.0|0.0|0.0|0.0|0.0|1.0|0.0|0.0|1.0|0.0|0.0|0.0|0.0|1.0|0
|-0.462391138044792|-0.013981319038974977|-0.2815108361892|-0.8567248649222279||-0.3321105570103943|-0.3504025303993736||-0.3383693670151332|-0.36741967696186023||3.139250952747778|0.983422169811494|-0.2749429460630012|1.0|0.0|0.0|1.0|0.0|0.0|0.0|0.0|0.0|0.0|1.0|1.0|0.0|0.0|0.0|0
-0.30408159319875605||-0.3979731967094657||||-0.33887343563434585|-0.3434787253375853||-0.35302753757574246|-0.3638236987612596|-0.32557143840020913|-0.25572614887704664|||0.0|1.0|0.0|0.0|0.0|0.0|1.0|0.0|0.0|0.0|1.0|1.0|0.0|0.0|0.0|0
-1.8515411782400246|-0.462391138044792||-0.29400525860807536||-1.5027300351134014|-1.5203881128776404|||-0.35071308959248837||-0.3486590937659307|-2.3365185660019394|||0.0|1.0|0.0|1.0|0.0|0.0|0.0|1.0|0.0|0.0|0.0|0.0|0.0|0.0|1.0|0
-0.3358877850694301||-0.3976886679549729||1.7416610783458228|||-0.3522366509455427|1.8307431558756537|-0.3472414176176072|-0.3518955759495113|-1.463752343271746|-0.2009684536895495|||0.0|1.0|0.0|0.0|0.0|0.0|1.0|1.0|0.0|0.0|0.0|1.0|0.0|0.0|0.0|0
-0.29392128190673517|-0.462391138044792|-1.5453557226841255|0.2850465941839444|-0.35528376095670905||-0.35160356010296046|-0.3733748902401415|||-0.3432564575895319|0.8652655225685874|0.05913059845106209|-0.3791013361272903|-1.0490043108088363|0.0|1.0|0.0|0.0|0.0|0.0|1.0|0.0|0.0|0.0|1.0|1.0|0.0|0.0|0.0|1
|-0.462391138044792|1.2369290266061346||-0.3668606012362276||-0.3484210289858068|-0.35086106053591587|||-0.36334131144166687|-0.3304319974245716||||1.0|0.0|0.0|0.0|0.0|0.0|1.0|0.0|0.0|1.0|0.0|0.0|0.0|0.0|1.0|0
-0.320868194463834|-0.462391138044792||-0.2957286272175754|||-0.3472275798168742|-0.35459808114873537|-0.32373699366336006|-0.3599708815255047|0.9696702661638924|-0.35311460620492957|-0.2009684536895495||0.4991184186828339|1.0|0.0|0.0|1.0|0.0|0.0|0.0|0.0|0.0|1.0|0.0|0.0|0.0|1.0|0.0|0
||-0.3942336759361318|-0.2802183097320749|||1.880942018580329||-0.3516579238782612|-0.35071308959248837|||-0.2146578774864238|-0.3858349369130695|-1.0490043108088363|1.0|0.0|0.0|0.0|0.0|1.0|0.0|1.0|0.0|0.0|0.0|0.0|0.0|1.0|0.0|0
-0.2996640665500513|-0.462391138044792|-0.4030743908078722||-0.36561839602924384||-0.34046470119292266|-0.9716879389073276|1.4640848728569376|-1.4527760709519801|1.4586355946601912|-0.34501367449765885|2.112544167982206|||0.0|1.0|0.0|0.0|0.0|1.0|0.0|1.0|0.0|0.0|0.0|0.0|0.0|0.0|1.0|0
-0.32572747377740924|-0.462391138044792|-0.39592052498062474|0.9959361456027187|-0.3579602649593854|-0.3824088359531456|-0.3436472323100763|||-0.34145529765947197|-0.35176401577144056|||||0.0|1.0|0.0|0.0|0.0|0.0|1.0|0.0|0.0|0.0|1.0|0.0|0.0|0.0|1.0|0
|-0.462391138044792||||-0.3686530298088198|-0.34205596675149946|-0.3398792637657284|-0.33903076161815143||||-0.25572614887704664|-1.493580976385842|-0.2749429460630012|0.0|1.0|0.0|1.0|0.0|0.0|0.0|0.0|0.0|0.0|1.0|1.0|0.0|0.0|0.0|1
-1.76319064526593|-0.462391138044792|-0.3928110321636678||||||-0.33232503259181984|||-0.36283572425365446||||0.0|1.0|0.0|1.0|0.0|0.0|0.0|1.0|0.0|0.0|0.0|0.0|0.0|0.0|1.0|0
||2.0224316238308866|-0.27806409897019985|-0.3500332028653344|1.408627820397667|1.4632348094539116|-0.3584268077888634|0.6935142566732183|1.5463627740147854|||1.0858373832166341|0.9387605319466322|1.2731797834286689|0.0|1.0|0.0|0.0|1.0|0.0|0.0|1.0|0.0|0.0|0.0|0.0|0.0|1.0|0.0|0
||0.33253405696832183||-0.36974200506686|2.5578227828036835|-0.3484210289858068|||-0.3391408496762179|-0.3490012520319548|2.5867135103636163|1.0858373832166341|||0.0|1.0|0.0|1.0|0.0|0.0|0.0|0.0|0.0|0.0|1.0|0.0|0.0|1.0|0.0|0
|||3.4194232527121766||-0.3957425671530151||-0.3673910719582648|0.8449813816100945||2.066005083420167|-0.36729123669265334||||0.0|1.0|0.0|0.0|0.0|1.0|0.0|0.0|0.0|0.0|1.0|0.0|0.0|0.0|1.0|0
-0.30894087251233127||0.5581247123161808|-0.29357441645570037|-1.4695034129033824||||-0.33379558720285746|-0.33605491903187906||-0.37539216839992406||||0.0|1.0|0.0|1.0|0.0|0.0|0.0|0.0|0.0|1.0|0.0|0.0|0.0|1.0|0.0|0
||-1.2481247916514735||-0.36801316276848056|1.9467733745794493||-0.34751379053915726|-0.3411875750476733|-0.35071308959248837||-1.1194627457127402||-0.3984776159394304||0.0|1.0|0.0|0.0|0.0|1.0|0.0|1.0|0.0|0.0|0.0|0.0|0.0|1.0|0.0|0
|-0.462391138044792|-0.39094127177700083|||-0.3812769076930128|-0.3551839076097583||||-0.35597394146970474||2.112544167982206|||0.0|1.0|0.0|0.0|0.0|0.0|1.0|0.0|0.0|1.0|0.0|1.0|0.0|0.0|0.0|0
|-0.462391138044792||1.0497914146495955|-0.37080492292438216|-0.3709936272280775||-1.7305553148847905|||-0.33295091030732293|0.5108497603754932|-0.26941557267392097|||0.0|1.0|0.0|0.0|0.0|0.0|1.0|1.0|0.0|0.0|0.0|0.0|0.0|1.0|0.0|0
-0.3367712903991711|-0.462391138044792|-0.39494499782236375|-0.28495757340820005|-0.35691015334111037|-0.38432735842794696||-0.35581318601057244|-0.3529716193307882||0.23402960378493207|-0.35594993230247435|-0.2146578774864238|0.3650302609134072||0.0|1.0|0.0|0.0|0.0|1.0|0.0|1.0|0.0|0.0|0.0|1.0|0.0|0.0|0.0|0
|-0.462391138044792|-0.4169959762955554|-0.2879734684748252||-1.7195230747659556|-0.3313149242311059|-0.3429972686942159|1.0748780858023106||-0.3671127032130284|-0.3470389074244765|1.770308573060349|||0.0|1.0|0.0|0.0|0.0|0.0|1.0|0.0|0.0|0.0|1.0|0.0|0.0|0.0|1.0|0
2.952519052226374|-0.462391138044792|2.1230328620265535|-0.2862500998653251||||-0.3491874255375365|-0.3221291872886256||-0.34009901331583386|-0.3490641403512942|1.770308573060349|-1.3699025946062247||0.0|1.0|0.0|0.0|0.0|1.0|0.0|0.0|0.0|1.0|0.0|0.0|0.0|1.0|0.0|0
1.5389105246408592|-0.462391138044792|||||-0.35120574371331625|-0.3481557327303164|-0.3359327932375655||-0.3540005387986434||0.40136619337291946|-0.38391105097427547||0.0|1.0|0.0|0.0|0.0|0.0|1.0|0.0|0.0|0.0|1.0|0.0|0.0|0.0|1.0|0
||-0.41626433092685966|-0.2733248352940747||-0.37402489273826367|-0.335293088127548||0.6665540888041951||||0.7436017882947767||-1.0490043108088363|0.0|1.0|0.0|0.0|0.0|0.0|1.0|0.0|0.0|0.0|1.0|0.0|0.0|0.0|1.0|0
|-0.462391138044792|||-0.3577809776099237|-0.3897567770316348|||||0.75259597234715|||0.7257588744372911|2.821302512920339|0.0|1.0|0.0|1.0|0.0|0.0|0.0|0.0|0.0|0.0|1.0|0.0|0.0|1.0|0.0|0
|-0.462391138044792|-0.3936036479797549|||-0.38419306185471086|-0.34682976342723|||||-0.35230451303420246|-0.24203672508017238|0.44748251543315215||1.0|0.0|0.0|0.0|1.0|0.0|0.0|0.0|0.0|0.0|1.0|0.0|0.0|0.0|1.0|0
|-0.462391138044792||-0.29529778506520044|-0.35276093182499973|-0.3840971357309708||||1.3727791752707283||-0.346633860839113|1.0858373832166341||-1.0490043108088363|0.0|1.0|0.0|0.0|0.0|0.0|1.0|0.0|0.0|1.0|0.0|0.0|0.0|0.0|1.0|1
|||-0.2905585213890753|-0.3421573657282726|1.3683388484268384|-0.32972365867252906||-0.3569323130831829|-0.36614274281418235|-0.3751378740753444|-0.3510893732781119||-0.3891330270938593|-1.0490043108088363|0.0|1.0|0.0|0.0|0.0|1.0|0.0|1.0|0.0|0.0|0.0|0.0|0.0|0.0|1.0|0
|-0.462391138044792|-0.4095575817138152|-0.28495757340820005||-0.3853825457890877|3.3130810212994737|||-0.32949731641265917||-0.35878525840001907|-0.22834730128329808||-1.0490043108088363|1.0|0.0|1.0|0.0|0.0|0.0|0.0|1.0|0.0|0.0|0.0|1.0|0.0|0.0|0.0|0
|||-1.4383220153161145|-0.35171082020672484|-0.3699768103164328|-1.4706610641721145||-0.33210935124886765|||-0.3822779603511042|||-0.2749429460630012|1.0|0.0|0.0|1.0|0.0|0.0|0.0|0.0|0.0|1.0|0.0|0.0|0.0|0.0|1.0|1
-0.32351871045305686||-0.40083880773685737|-0.2733248352940747|-0.3632236292900071|-0.3984860542919811|-0.34205596675149946|-0.3701881057911727|-1.2922246530979304|-0.3368264016929638||-0.35594993230247435||1.1551977000609626|-0.2749429460630012|0.0|1.0|0.0|0.0|0.0|0.0|1.0|0.0|0.0|0.0|1.0|0.0|0.0|0.0|1.0|0
2.554941653842948|-0.462391138044792||-1.30906936960361|-0.36632273918784286||-0.3595598878958446||||-0.3585174382457393||-0.2146578774864238|-1.4076932112611078||0.0|1.0|0.0|0.0|0.0|0.0|1.0|1.0|0.0|0.0|0.0|0.0|0.0|1.0|0.0|1
-0.3173341731448702|2.114003928511974|-0.4131345146274389|-0.28366504695107503|0.9143780229731463|-1.4734725673726807|||-0.33357990585990527|-0.33991233233730256|-0.3516324555933698|||||1.0|0.0|0.0|0.0|0.0|0.0|1.0|0.0|0.0|0.0|1.0|0.0|0.0|0.0|1.0|0
-0.3279362371017616||||-0.35460503027660456||1.483125628936122|-0.9355786906546235|||1.9717202891361274||||-1.0490043108088363|1.0|0.0|0.0|1.0|0.0|0.0|0.0|0.0|0.0|0.0|1.0|0.0|0.0|0.0|1.0|0
|1.6984563371318504|-0.40809429097642363||-0.37099701651309097|-0.3866871410719526|||2.8591510138613043|-0.34531271096489546|-0.3637798453685694|||-0.3884459249728614|-0.2749429460630012|1.0|0.0|0.0|0.0|0.0|0.0|1.0|0.0|0.0|1.0|0.0|0.0|0.0|0.0|1.0|0
-1.6748401122918353|-0.462391138044792|1.8263100180554956|||-0.3922508562488766||2.7842470420445733|-0.3465403938318503|||||-0.3836362101258763||0.0|1.0|0.0|0.0|0.0|0.0|1.0|0.0|0.0|1.0|0.0|1.0|0.0|0.0|0.0|0
-0.3283779897666321|||-0.2944361007604504|-0.362813829634095|-0.37713289914744186|-1.5303335226187456|-0.34849963033272313|-0.3385405767478055|||||-1.12254583104699|2.047241148174504|0.0|1.0|0.0|0.0|0.0|0.0|1.0|0.0|0.0|0.0|1.0|0.0|0.0|1.0|0.0|0
-0.3199846891340931|-0.462391138044792|2.2480222791787456|||2.6633415189177585||-0.36429599353660447||-0.3541847615673695||-1.3321122030285968||||0.0|1.0|0.0|0.0|0.0|1.0|0.0|0.0|1.0|0.0|0.0|1.0|0.0|0.0|0.0|0
||-0.40805364401149613|-1.1690456700817302|||||2.0474048685685315|-0.3406838149983873||-0.36283572425365446|-0.1872790298926752|0.20699677308389625||0.0|1.0|0.0|0.0|0.0|0.0|1.0|0.0|0.0|1.0|0.0|1.0|0.0|0.0|0.0|0
-0.3067321091879789||||-0.36853821857761804|-0.38808766247855764|-0.3380778028550574||-0.33936408732998663|-0.3595851401949624|1.5485350496752055|||-0.3935304806682457||0.0|1.0|0.0|0.0|0.0|0.0|1.0|0.0|0.0|0.0|1.0|1.0|0.0|0.0|0.0|1
|-0.462391138044792||||-0.3753486732458766|-0.3543882748304699|||-0.3483986416092343|-1.0629344850292408|0.6526160652527309|1.770308573060349|-0.3869343003066661||0.0|1.0|0.0|0.0|1.0|0.0|0.0|0.0|0.0|1.0|0.0|0.0|0.0|1.0|0.0|0
||1.4716652490626905|||-0.385766250284048|-0.34006688480327846|-1.3557069282614818|-0.3452855205637648|1.700659306231725||-0.3709366559609252||1.3613283363603248|0.4991184186828339|1.0|0.0|0.0|0.0|0.0|0.0|1.0|0.0|0.0|0.0|1.0|0.0|0.0|0.0|1.0|0
-0.3495821176804148|||||||-0.3681476466835596||-0.3441554869732684|-1.398412939109661|3.0120124249953295|||0.4991184186828339|0.0|1.0|1.0|0.0|0.0|0.0|0.0|0.0|0.0|0.0|1.0|1.0|0.0|0.0|0.0|0
||-0.41797150345381645||||-0.35080792732367205|-0.359366794568775|-0.3409718937047211|-1.2695489389443644|1.4674062731982411||1.770308573060349|||0.0|1.0|0.0|0.0|0.0|0.0|1.0|0.0|0.0|0.0|1.0|0.0|0.0|1.0|0.0|0
|-0.462391138044792||-0.29228188999857535|-0.34617852485191064||0.7770015373176546|-0.3484308508122418|1.2768342523848124||||-0.26941557267392097|-0.40507379630101|-1.0490043108088363|1.0|0.0|0.0|0.0|0.0|1.0|0.0|0.0|0.0|1.0|0.0|0.0|0.0|1.0|0.0|0
-0.304965098528497|-0.462391138044792||-0.28064915188444994||-0.38528661966534766|1.4035623510072806|-0.3567760992973112|-0.341109145468418||0.532232674078639|||||0.0|1.0|0.0|1.0|0.0|0.0|0.0|0.0|0.0|1.0|0.0|1.0|0.0|0.0|0.0|0
|-0.462391138044792|-0.4032776256325099||-0.3658361020964472||-0.35200137649260466|0.8125674549127956|-0.33501124568131524|-1.2695489389443644|||-0.24203672508017238|-0.3880336637002627|-1.0490043108088363|1.0|0.0|0.0|1.0|0.0|0.0|0.0|0.0|0.0|0.0|1.0|1.0|0.0|0.0|0.0|0
-0.31070788317181314||1.9980434448743614||-0.35055825867447193||-0.3428515995307879|-1.7741156778563067||-1.2309748058901293|1.9563716016945396|-0.35513983913174724||-1.2324821704066498||1.0|0.0|0.0|1.0|0.0|0.0|0.0|1.0|0.0|0.0|0.0|0.0|0.0|0.0|1.0|1
||1.3050126928597676|-0.2862500998653251|-0.3654006899620405|1.1112568368034557|-0.34563631425829733|-0.3644794055912214||-0.3429982629816414|0.6517331691595728||-0.25572614887704664|||0.0|1.0|0.0|0.0|1.0|0.0|0.0|0.0|0.0|1.0|0.0|0.0|0.0|1.0|0.0|1
-0.30894087251233127|||-0.29271273215095034|-0.3505198399567301|-0.390025370178107||-0.361590665731005|-0.3369523777678849|-0.3464699349565225|-0.3550091668305192|1.5943493762229528|0.40136619337291946||-1.0490043108088363|0.0|1.0|1.0|0.0|0.0|0.0|0.0|0.0|0.0|0.0|1.0|1.0|0.0|0.0|0.0|0
1.0529825932833383||||0.37171363487071324|0.510759302190629||||-0.3510988309230307|-0.34913281221002557|-0.32557143840020913||-1.9092777595895558||0.0|1.0|0.0|0.0|0.0|1.0|0.0|1.0|0.0|0.0|0.0|0.0|0.0|1.0|0.0|0
0.9094129772004345|||0.7266598003683344|||-1.1126263134923282|-0.3319237658967199|-1.4196727193878587|-0.34145529765947197|-0.3544390727255459|0.3690834554982555||-1.12254583104699|0.4991184186828339|0.0|1.0|0.0|0.0|0.0|0.0|1.0|1.0|0.0|0.0|0.0|0.0|0.0|1.0|0.0|0
-1.9178040779705956|1.8646753736838997||2.3854020870121415|-0.3577041401744402|-0.37283540880388677|||-0.34434436561270076|||-0.35270955961956607|3.4814865476696357|-1.2874503400864798||0.0|1.0|0.0|1.0|0.0|0.0|0.0|0.0|0.0|0.0|1.0|0.0|0.0|0.0|1.0|0
|||-0.2797874675796999|-0.34616571861266343||-1.3214799180555368|3.0387312678255354|||-0.776791097725353|-0.32840676449775386|-0.26941557267392097|||0.0|1.0|0.0|0.0|1.0|0.0|0.0|0.0|0.0|0.0|1.0|0.0|0.0|1.0|0.0|0
||-0.39630667114743645|||||-0.34049827945006045|-0.3393444799351728|-0.350327348261946|-0.357421103428483|-0.33974806888793285|-0.24203672508017238||-1.0490043108088363|0.0|1.0|0.0|0.0|0.0|1.0|0.0|1.0|0.0|0.0|0.0|0.0|0.0|0.0|1.0|0
||||||-0.3559795403890467|0.28812361124256985|-0.32634477717360016||-0.3443527924067882|-0.3486590937659307|-0.25572614887704664|-0.3869343003066661||0.0|1.0|0.0|0.0|0.0|0.0|1.0|0.0|0.0|1.0|0.0|0.0|0.0|0.0|1.0|0
||-0.3926890912688852|-0.2815108361892||0.20091792251020876|-0.3376799864654132|-0.3702798118184812|0.6023398707888852||0.5903384193932214|-0.34460862791229535||-0.38322394885327754||0.0|1.0|0.0|0.0|0.0|0.0|1.0|0.0|0.0|1.0|0.0|0.0|0.0|0.0|1.0|0
|||-1.7399115219786248|||1.6223613653115945|-0.3595043536097377||-0.33219750572645557|-0.3558862346843242|-0.34622881425374946|1.0858373832166341||-0.2749429460630012|0.0|1.0|0.0|0.0|0.0|1.0|0.0|0.0|1.0|0.0|0.0|0.0|0.0|0.0|1.0|0
-0.2886202499282895|-0.462391138044792|2.0498683251569774|1.060562468458971|-0.3760938997334985||-1.4607156544310094|0.156869359657344||-0.3449269696343531|0.4927646206574129|||||1.0|0.0|0.0|1.0|0.0|0.0|0.0|1.0|0.0|0.0|0.0|0.0|0.0|0.0|1.0|0
-1.1005616479602198|2.861989592996196|||-0.3799101590291805|-0.3820635019076814|-0.3496144781547394|-0.353497608821034|||-0.3534742980863604||-0.1599001822989266|1.354457315150346|-0.2749429460630012|0.0|1.0|0.0|1.0|0.0|0.0|0.0|1.0|0.0|0.0|0.0|0.0|1.0|0.0|0.0|0
||3.082301234316548|-1.30906936960361||-1.3674742006399054|-0.3444428650893647||-0.3369915925575126|-0.3329689883875403|-0.3550530202232094|-0.34501367449765885|-0.2146578774864238|-1.4626613809409377||0.0|1.0|0.0|0.0|0.0|0.0|1.0|0.0|0.0|1.0|0.0|0.0|0.0|1.0|0.0|0
-0.33898005372352347|-0.462391138044792|-0.4134596903468592||||-0.35001229454438365|||-0.32332545512398153||-0.3401531154732964|-0.1872790298926752|||0.0|1.0|0.0|0.0|0.0|0.0|1.0|0.0|0.0|0.0|1.0|1.0|0.0|0.0|0.0|0
-0.3403053117181349|-0.462391138044792||0.7482019079870852|-0.34825313560996596|-1.673478535370723|-0.35080792732367205||0.5778306272715913|-0.34222678032055664|-0.35785963735538545|-0.3365076962050246|-0.25572614887704664|2.04155943614822|0.4991184186828339|0.0|1.0|0.0|0.0|0.0|1.0|0.0|0.0|0.0|0.0|1.0|0.0|0.0|0.0|1.0|1
-0.2952465399013466|||-0.2866809420177001|||-0.3428515995307879|-0.3405899854773689|1.3964393607492065|0.5627223811317948||-0.34420358132693174|-0.22834730128329808|-0.38281168758067885||0.0|1.0|0.0|0.0|0.0|0.0|1.0|0.0|0.0|1.0|0.0|1.0|0.0|0.0|0.0|0
0.8762815273351491|-0.462391138044792||-0.2957286272175754|-1.7275491337355717||3.4722075771571563|-0.360169222307724||1.4306403748520806|0.8819634807833905|-0.3385329291318423||-0.377589711461095||0.0|1.0|0.0|0.0|0.0|0.0|1.0|1.0|0.0|0.0|0.0|0.0|0.0|0.0|1.0|0
|-0.462391138044792|-0.4062245305897567||||-0.3464319470375858|||0.8230977792478805||-0.34258339498547763||1.7667185877490705||0.0|1.0|0.0|0.0|0.0|0.0|1.0|0.0|0.0|0.0|1.0|0.0|0.0|0.0|1.0|0
||||1.1685818720311592|1.5314132587849543|||-0.3381876436411565|-0.3634425535003859|-0.35628091521853644|||||1.0|0.0|1.0|0.0|0.0|0.0|0.0|0.0|0.0|0.0|1.0|0.0|0.0|0.0|1.0|0
|1.9477848919599245|-0.38886827656569617|-1.190587777700481|-0.35040458380350487||-0.35041011093402785|-0.372480756473884|0.42685368720506106||-1.2065543460898127|-0.34501367449765885||-0.3836362101258763||0.0|1.0|0.0|0.0|0.0|0.0|1.0|0.0|0.0|0.0|1.0|0.0|0.0|0.0|1.0|0
|-0.462391138044792|-1.4046156066225108|-0.27590988820832474||||2.5400797443358125|||||-0.24203672508017238|||0.0|1.0|0.0|1.0|0.0|0.0|0.0|0.0|0.0|0.0|1.0|0.0|0.0|0.0|1.0|0
-1.4650075964783604|-0.462391138044792|-0.3812266471593183|||-0.38966085090789476||||||||-0.39435500321344313|-1.0490043108088363|0.0|1.0|0.0|0.0|0.0|0.0|1.0|1.0|0.0|0.0|0.0|1.0|0.0|0.0|0.0|1
-0.31070788317181314|-0.462391138044792||-0.2888351527795752|-0.36899924319051913|-0.3601347900207018|-1.4408248349487989|-2.0062465594808327|-0.34089346412546573|-0.334897695040252|-0.358999825565332|-0.3356976030342975||||0.0|1.0|0.0|0.0|0.0|0.0|1.0|1.0|0.0|0.0|0.0|0.0|0.0|1.0|0.0|0
0.5339232120605321|||0.7374308541777098|1.2684705381597485||-0.3460341306479416||-0.3391091911974068||1.5616910674822808|||-0.4017757061202202|0.4991184186828339|0.0|1.0|0.0|0.0|0.0|0.0|1.0|0.0|0.0|1.0|0.0|0.0|0.0|0.0|1.0|0
-0.3009893245446627|||2.7085337012934025|||-0.3472275798168742||2.0317189527174633|||-0.34055816205865996||1.856041863478794||1.0|0.0|0.0|0.0|0.0|1.0|0.0|1.0|0.0|0.0|0.0|0.0|0.0|0.0|1.0|0
|-0.462391138044792|||||-0.348818845375451|-0.34389140246047334||-0.3564992095506236|||-0.22834730128329808||-1.0490043108088363|1.0|0.0|0.0|0.0|0.0|0.0|1.0|1.0|0.0|0.0|0.0|1.0|0.0|0.0|0.0|0
-0.3345625270748187|||-1.5568036072192435|||0.42891219637897354|||-1.3756278048435104|||-0.24203672508017238|0.20699677308389625|-0.2749429460630012|0.0|1.0|0.0|0.0|0.0|0.0|1.0|0.0|0.0|0.0|1.0|0.0|1.0|0.0|0.0|0
-0.3009893245446627|-0.462391138044792|||0.9406308134300191|-0.38753129096086525|2.0201777549558013|-0.35906874998002253|2.6513126288346522|-0.3402980736678449|-0.3658848082177014|0.8855178518367641||-0.3784142340062925||0.0|1.0|0.0|0.0|0.0|0.0|1.0|1.0|0.0|0.0|0.0|0.0|0.0|0.0|1.0|0
|-0.462391138044792||-0.282803362646325||0.5165148696150331|-0.3364865372964806|0.5592295544731893|3.0454212645927377|0.6784447802944996||-0.35149441986347546|-0.1872790298926752|||0.0|1.0|0.0|0.0|0.0|0.0|1.0|0.0|0.0|1.0|0.0|0.0|0.0|0.0|1.0|0
|-0.462391138044792|-0.4256334563426581||-0.38978376948881416|-0.3742167449857438|-0.3444428650893647|||-0.34917012427031896||||-0.38391105097427547|-1.0490043108088363|1.0|0.0|0.0|0.0|0.0|0.0|1.0|1.0|0.0|0.0|0.0|0.0|0.0|0.0|1.0|0
-0.321751699793575|-0.462391138044792|-0.4096185521612065|-0.2789257832749499||-1.555489403170439|-0.3317127406207501|-0.3496688821809059|-0.3429130257912908|-0.33991233233730256||||-0.389545288366458||0.0|1.0|0.0|0.0|0.0|0.0|1.0|0.0|0.0|1.0|0.0|0.0|0.0|0.0|1.0|0
-0.33632953773430063|-0.462391138044792||||||-0.3694773840795322||-0.3352834363707944||-1.0890842518104749||-0.399576979333027|0.4991184186828339|0.0|1.0|0.0|0.0|0.0|0.0|1.0|0.0|0.0|1.0|0.0|0.0|0.0|0.0|1.0|0
||1.9462185645917451|-0.2797874675796999|-0.37720804254800966|-0.38497965606937945||-0.3564780547085587|0.6797890803035338||||1.770308573060349|-0.3799258586724878||1.0|0.0|0.0|1.0|0.0|0.0|0.0|0.0|0.0|0.0|1.0|1.0|0.0|0.0|0.0|0
0.5118355788170085||2.2480222791787456|||0.5491297516866562|-0.33966906841363426||-0.34403064729567934|-0.3468556762870649|||-0.24203672508017238|||0.0|1.0|0.0|0.0|0.0|0.0|1.0|0.0|0.0|0.0|1.0|0.0|1.0|0.0|0.0|0
||-0.41173219433743863|0.8235992846527128||-0.37153081352102185|||-0.33838371758929486||-0.35645632878929745||-0.2146578774864238|-0.3786890748546916|-1.0490043108088363|0.0|1.0|0.0|0.0|0.0|0.0|1.0|0.0|0.0|0.0|1.0|0.0|0.0|1.0|0.0|0
|1.4491277823037763|||-0.3536445623330604|-0.3763079344832773|||-0.3298545008452766|-0.3510988309230307|2.0287296996334536|-0.35068432669274835|-0.25572614887704664|-0.3887207658212606|-1.0490043108088363|0.0|1.0|1.0|0.0|0.0|0.0|0.0|0.0|0.0|0.0|1.0|0.0|0.0|0.0|1.0|0
||-0.40744393953758296|-0.27935662542732487|-0.3703054795937392|||-0.347857688141564||-0.34608419362598014||2.971507766458976||0.34441719728347114|-1.0490043108088363|1.0|0.0|0.0|0.0|0.0|0.0|1.0|0.0|0.0|0.0|1.0|1.0|0.0|0.0|0.0|0
|||||||-0.3422636204757482||||2.505704193290909|2.797015357825921|||1.0|0.0|0.0|1.0|0.0|0.0|0.0|1.0|0.0|0.0|0.0|0.0|0.0|0.0|1.0|0
|||-0.27504820390357476|-0.3469212867282515||-1.3811523765021678||-0.33436420165245867|-0.34338400431218374|-0.3524218166617944|||||1.0|0.0|0.0|0.0|0.0|0.0|1.0|0.0|0.0|0.0|1.0|0.0|0.0|0.0|1.0|1
1.5830857911279064||-0.3839093468445361||1.0385985436715204|-0.37648060150600937|1.8411603796159082|-0.3478347616347368||-0.33798362568459084||-0.3304319974245716|-0.9675761863145098|||1.0|0.0|0.0|0.0|0.0|1.0|0.0|0.0|0.0|0.0|1.0|1.0|0.0|0.0|0.0|1
-0.33412077440994825|-0.462391138044792|||0.6659369815763981|3.0393719239788255||1.3628036187635244|0.7180235001905122||-0.35224640309103333||-0.25572614887704664|||0.0|1.0|0.0|1.0|0.0|0.0|0.0|0.0|0.0|0.0|1.0|1.0|0.0|0.0|0.0|0
-0.3367712903991711|-0.462391138044792|-0.4052490034314957|0.7374308541777098|-0.36794913157224424|-0.3729121497028789|0.8864010444698116|2.1766946111260603|-0.3553441141032622|||1.5740970469547757|||0.4991184186828339|0.0|1.0|0.0|0.0|0.0|0.0|1.0|0.0|0.0|1.0|0.0|1.0|0.0|0.0|0.0|0
|1.8646753736838997|1.4991019503887815|-0.2918510478462003|-0.3612514684459299|1.6877728404812653|-0.3380778028550574||0.5057734513307474|1.1606214434724362||-0.36607609693656273|-0.24203672508017238|-0.40287506951381674||0.0|1.0|0.0|1.0|0.0|0.0|0.0|0.0|0.0|0.0|1.0|0.0|1.0|0.0|0.0|0
-0.31247489383129506|-0.462391138044792|-0.4003307206752631|||-1.001036407952845|-0.33927125202399006|1.949722193537635||-0.34917012427031896||-1.5042570018080996||-0.3843233122468742|-1.0490043108088363|0.0|1.0|0.0|1.0|0.0|0.0|0.0|0.0|0.0|0.0|1.0|0.0|0.0|1.0|0.0|0
-0.320868194463834|-0.462391138044792|0.8924459988452148|-0.2737556774464497||-0.3812385372435168|-0.3452384978686531||||-0.36939307963292145|-1.3624906969308619|||-0.2749429460630012|0.0|1.0|0.0|0.0|0.0|0.0|1.0|1.0|0.0|0.0|0.0|0.0|0.0|1.0|0.0|0
-0.3098243778420722|-0.462391138044792||2.019186257493379|-0.3705487981394371|-0.3797420897131717|1.94061447702696||-0.31926650764580566|3.0893280961841825|-0.3372046893982773|||-1.3149344249263948||0.0|1.0|0.0|0.0|0.0|0.0|1.0|0.0|0.0|0.0|1.0|1.0|0.0|0.0|0.0|0
|1.0335801909236528|0.1028787051277087|-0.28194167834157496||-0.4028219150850321|-0.34165815036185526|||-0.33952659100676025|0.6319991424489598|||-0.38762140242766396|-0.2749429460630012|0.0|1.0|0.0|0.0|0.0|0.0|1.0|1.0|0.0|0.0|0.0|0.0|0.0|1.0|0.0|0
-0.32042644179896357||||0.32497086161823224|-0.38609239910476423|-0.35200137649260466|||3.0507539631299476|-0.3410199345623291||||-1.0490043108088363|0.0|1.0|1.0|0.0|0.0|0.0|0.0|0.0|0.0|0.0|1.0|1.0|0.0|0.0|0.0|0
||-0.39839998984120484|3.3332548222371736|-0.3606111564835672|||-0.3527410340957392|-0.3246193264299826||-1.7404694020936184|-0.35594993230247435|-0.2146578774864238|-0.3935304806682457||0.0|1.0|0.0|1.0|0.0|0.0|0.0|1.0|0.0|0.0|0.0|0.0|0.0|1.0|0.0|0
0.42348504584291374|||-0.2802183097320749|-0.36395358492710067|1.186079213320709|0.5482571132722356|-1.212989423262699|-0.34232480394687576||||-1.3098117812363672||1.2731797834286689|1.0|0.0|0.0|0.0|0.0|0.0|1.0|0.0|1.0|0.0|0.0|0.0|0.0|0.0|1.0|1
1.0971578597703857|2.5295515198920975|||-0.3535036937013406|-0.3887207748952421|||-0.3272859321246642||-0.3452737136532834||-0.2146578774864238|-0.38610977776146865||1.0|0.0|0.0|0.0|1.0|0.0|0.0|1.0|0.0|0.0|0.0|0.0|1.0|0.0|0.0|1
||||-0.3656440085077384|0.5366593556004474|-0.358366438726912|-0.3566385402563485||-0.34376974564272605||||||0.0|1.0|0.0|1.0|0.0|0.0|0.0|1.0|0.0|0.0|0.0|0.0|0.0|0.0|1.0|0
-0.32263520512331595||||-0.3873121653140939||-0.33847561924470165|-0.3631725947020759|-0.3300113600037873||||1.4280729781384915|||1.0|0.0|0.0|1.0|0.0|0.0|0.0|1.0|0.0|0.0|0.0|0.0|1.0|0.0|0.0|0
|2.363332483340048||-0.30176041735082565|-0.3604190628948583|-0.37465800515494807|-0.3428515995307879||-0.3466188234111056|||-0.3207108793758467|-0.1599001822989266|-0.36137410140554516||1.0|0.0|0.0|0.0|1.0|0.0|0.0|1.0|0.0|0.0|0.0|0.0|0.0|0.0|1.0|0
0.12530199705534414||||-0.35043019628199934|2.734326850485409|-0.3535926420511815||||||-0.9675761863145098|1.539974887819772||1.0|0.0|0.0|1.0|0.0|0.0|0.0|1.0|0.0|0.0|0.0|1.0|0.0|0.0|0.0|0
-0.3261692264422797||-0.4224833165607736||-0.3864157285667861||-0.35200137649260466|0.8160064309368626||||1.5335923884184222|-0.2009684536895495|-0.38982012921485715||1.0|0.0|1.0|0.0|0.0|0.0|0.0|0.0|0.0|0.0|1.0|0.0|0.0|0.0|1.0|0
-0.29480478723647613|-0.462391138044792||-1.5891167686473695|||||3.1846337677709666||3.1908446059251045|-0.3648609571804721|-0.24203672508017238|-0.4017757061202202||1.0|0.0|0.0|0.0|0.0|0.0|1.0|1.0|0.0|0.0|0.0|0.0|0.0|0.0|1.0|0
-0.3288197424315026|2.280222965064023|-0.9285380299086734||-0.38171583876304344|-1.9363161144185097|-0.3476253962065184||-0.34601099417187675|-1.5106372705333326|-0.3641306725100914|||0.7223233638323018||1.0|0.0|0.0|0.0|0.0|1.0|0.0|0.0|0.0|0.0|1.0|0.0|0.0|1.0|0.0|1
-1.895716444727072|||-0.2853884155605751|-1.5706727029566971|-0.3784566796550548|-1.6994054882175333|-0.3498522942355229|||1.210863925960273|||-0.37016900855431795|-1.0490043108088363|0.0|1.0|0.0|0.0|0.0|0.0|1.0|0.0|0.0|1.0|0.0|0.0|0.0|0.0|1.0|0
|-0.462391138044792|-0.40754555694990185|-0.28107999403682493|0.40565016887593913||1.2842174341140185|-1.1092469798700098||-0.350327348261946|-0.3393096522474093|1.6146017054911295|-0.2009684536895495||1.2731797834286689|1.0|0.0|0.0|0.0|1.0|0.0|0.0|1.0|0.0|0.0|0.0|0.0|0.0|0.0|1.0|0
-0.33853830105865296|-0.462391138044792||-0.28323420479870004|-0.3465499057900811|-0.39259619029434084|||-0.33389362417692664||-0.3519394293422016|-0.3429884415708412||-0.38171232418708223||0.0|1.0|0.0|0.0|0.0|1.0|0.0|0.0|0.0|1.0|0.0|0.0|0.0|0.0|1.0|0
|1.4491277823037763|-0.40730167516033655||||-1.560169751842061||||0.6901048877635424|-0.3595953515707462||||1.0|0.0|0.0|0.0|0.0|1.0|0.0|0.0|0.0|1.0|0.0|0.0|1.0|0.0|0.0|0
|-0.462391138044792|-0.4072813516778728|-0.2711706245321996|1.2281308845308951||-0.3476253962065184||1.066544943006431||-0.33821331743015304|-0.3575701186439285|-0.25572614887704664|2.5843701117365407|-0.2749429460630012|1.0|0.0|0.0|0.0|0.0|0.0|1.0|1.0|0.0|0.0|0.0|1.0|0.0|0.0|0.0|0
-0.31689242047999977|-0.462391138044792|-0.39903001779758174||||-0.3440450486997205||0.9528220530861875|-0.3468556762870649|0.9433582305497419||-0.22834730128329808|-0.3836362101258763||1.0|0.0|0.0|0.0|0.0|0.0|1.0|0.0|0.0|1.0|0.0|0.0|0.0|0.0|1.0|0
|-0.462391138044792||-0.28237252049395||-0.37486904262717624||0.8406524257760098|0.17244773949555076|||||-0.382124585459681||0.0|1.0|0.0|0.0|0.0|0.0|1.0|0.0|0.0|0.0|1.0|1.0|0.0|0.0|0.0|0
|-0.462391138044792||||||-1.3087075892658986|2.125834447823872|-0.3464699349565225||||-0.4054860575736087||1.0|0.0|0.0|0.0|0.0|0.0|1.0|0.0|0.0|1.0|0.0|1.0|0.0|0.0|0.0|0
-0.3279362371017616|-0.462391138044792|-0.4060822662125103|||-0.3902364076503352||||||2.8904984493862687||2.5843701117365407||0.0|1.0|0.0|1.0|0.0|0.0|0.0|0.0|0.0|0.0|1.0|0.0|0.0|0.0|1.0|0
-0.30894087251233127|-0.462391138044792|0.32389657692121915||-0.37011338600503035||-0.3428515995307879|-0.3457484495134695|0.6645933493228116||1.7020219240910839||-0.10514248711142943|||0.0|1.0|0.0|0.0|0.0|0.0|1.0|0.0|0.0|1.0|0.0|0.0|0.0|1.0|0.0|0
-0.3230769577881864|-0.462391138044792||-0.2720323088369496||-0.3791473477459833|-0.3464319470375858||1.813096500543202|2.5107161003706584|-0.35224640309103333||-0.25572614887704664|0.5952094714476951||0.0|1.0|0.0|0.0|0.0|0.0|1.0|0.0|0.0|0.0|1.0|0.0|0.0|0.0|1.0|0
|||-0.28107999403682493||-1.0557142984846841|||0.2724454530461096|-0.3487843829397766|||0.40136619337291946|-0.40026408145402487|-1.0490043108088363|0.0|1.0|0.0|0.0|0.0|0.0|1.0|0.0|0.0|1.0|0.0|0.0|1.0|0.0|0.0|0
-0.31556716248538835||-0.3902096264083051|1.8899336117808745||-0.38104668499603667|-0.33449745534825953|-0.35246591601381383|||-0.3673758235691699|-0.3385329291318423||-0.377589711461095||0.0|1.0|0.0|0.0|0.0|0.0|1.0|0.0|0.0|0.0|1.0|1.0|0.0|0.0|0.0|0
|-0.462391138044792|-0.39622537721758133||||0.9958005516219685||-0.3301290043726703|-0.34184103899001433|0.80850904802722|-0.34784900059520363|-0.25572614887704664|-0.38610977776146865|-1.0490043108088363|0.0|1.0|0.0|1.0|0.0|0.0|0.0|0.0|0.0|0.0|1.0|0.0|0.0|0.0|1.0|0
|-0.462391138044792||||-0.3833105415163023|-0.3607533370647772|1.6482386287610893|-0.33324658014807007||||-0.28310499647079523||-0.2749429460630012|0.0|1.0|0.0|0.0|0.0|0.0|1.0|1.0|0.0|0.0|0.0|0.0|0.0|0.0|1.0|0
|-0.462391138044792|1.0905999528669827|-0.2776332568178248|-0.3699981298518051|-0.37933919999346344||||0.3505646493335027||||||0.0|1.0|0.0|0.0|0.0|0.0|1.0|0.0|0.0|0.0|1.0|0.0|0.0|1.0|0.0|0
1.3622094586926696|||||-0.37513763577364845|||-0.3230899496345035|-0.33605491903187906||-0.3385329291318423|-0.1872790298926752||-1.0490043108088363|1.0|0.0|0.0|0.0|0.0|0.0|1.0|0.0|0.0|1.0|0.0|1.0|0.0|0.0|0.0|0
|-0.462391138044792||-0.28969683708432525|||1.8013787406514876|||0.591652980922471|0.608976111286578||1.770308573060349|||0.0|1.0|0.0|1.0|0.0|0.0|0.0|0.0|0.0|0.0|1.0|0.0|0.0|1.0|0.0|1
|-0.462391138044792|||-0.3742882199996356|-0.3735644473443113|-0.3380778028550574|||1.5077886409605505||3.4170590103588654|-0.25572614887704664|-0.3902323904874559|0.4991184186828339|0.0|1.0|0.0|0.0|0.0|1.0|0.0|0.0|0.0|1.0|0.0|0.0|0.0|0.0|1.0|1
-0.3036398405338856||-0.4134190433819317|-0.28409588910345007|||3.1141728264773705|-0.3413465602026637|2.204264027079212||-0.34439664579947843|1.9993959615864887|1.0858373832166341|||0.0|1.0|0.0|0.0|0.0|1.0|0.0|0.0|0.0|0.0|1.0|0.0|1.0|0.0|0.0|0
-0.1618372351104636|-0.462391138044792||-1.3306114772223607|-1.8917891520816177|-0.40157487547641124||-0.37332903722648725|-1.6064331549896378|-0.33605491903187906||-1.2207243920536242|-0.22834730128329808|-0.3947672644860418||0.0|1.0|0.0|0.0|0.0|0.0|1.0|1.0|0.0|0.0|0.0|0.0|0.0|0.0|1.0|0
3.1954830179051346|-0.462391138044792|0.3553979747400643|-0.2797874675796999||-0.38897018281696627|||0.5023421572383262||-0.3609293748437031|||-0.38391105097427547||1.0|0.0|0.0|0.0|0.0|0.0|1.0|0.0|0.0|0.0|1.0|1.0|0.0|0.0|0.0|0
-0.3195429364692226||-0.40140786524584293|1.1144177375058477||-0.3892963316376825||-1.2657203889650606||-0.35071308959248837||-1.2004720627854475||-0.39545436660703975||0.0|1.0|0.0|1.0|0.0|0.0|0.0|1.0|0.0|0.0|0.0|0.0|0.0|0.0|1.0|0
-0.29701355056082845|-0.462391138044792||-1.3306114772223607|-0.3640944535588205|2.3333556532519237||-0.33964999869745727||1.8935299715028997||-0.3421783484001141|-0.24203672508017238|||0.0|1.0|0.0|0.0|0.0|1.0|0.0|1.0|0.0|0.0|0.0|0.0|0.0|0.0|1.0|0
-0.32749448443689116|||-0.9859377553223491|-0.3567436722308961||-0.33927125202399006|-0.37507145174534795|-0.3435404624253335||-0.36163102912674705|0.5918590774482004||||0.0|1.0|0.0|0.0|0.0|1.0|0.0|0.0|0.0|0.0|1.0|0.0|0.0|0.0|1.0|1
1.7376992238325721|-0.462391138044792|3.12294819924409|||||||-0.34569845229543783|||1.0858373832166341|0.9696801273915365||0.0|1.0|0.0|0.0|0.0|0.0|1.0|0.0|0.0|0.0|1.0|1.0|0.0|0.0|0.0|0
-0.304965098528497|||-0.28495757340820005||1.4019129917358621|||-0.33089369277040986|-0.33952659100676025|-0.34891354524657425|0.8855178518367641||-0.3784142340062925||0.0|1.0|0.0|0.0|0.0|1.0|0.0|1.0|0.0|0.0|0.0|0.0|1.0|0.0|0.0|0
-0.3058486038582379|1.8646753736838997||0.7912861232245867||1.7357359023512995|||-0.32863884236681884||-0.3466331688266812|2.647470498168147|-0.2146578774864238|||0.0|1.0|0.0|0.0|0.0|0.0|1.0|1.0|0.0|0.0|0.0|0.0|0.0|1.0|0.0|0
-0.3195429364692226||||-0.35552707950240686||-0.33887343563434585|-0.3552400233398946|-0.33456027560059703|||-0.3194957396197561|-0.2146578774864238|||0.0|1.0|0.0|0.0|0.0|1.0|0.0|0.0|0.0|0.0|1.0|1.0|0.0|0.0|0.0|1
|1.6984563371318504||-0.2694472559226995|0.7792721989146054|0.9721639573803569|-0.3424537831411437|2.4403494396378678|-0.3229919126604343||-0.34097608116963884|-0.35270955961956607||-0.39064465176005464|-1.0490043108088363|1.0|0.0|0.0|0.0|0.0|1.0|0.0|0.0|0.0|0.0|1.0|0.0|1.0|0.0|0.0|0
|-0.462391138044792||-0.28711178417007516||-0.3938432299029617||-0.3654652453847873||-1.173113606308777|2.2041432703944577||-0.11883191090830372|-0.3791013361272903|-1.0490043108088363|1.0|0.0|0.0|0.0|0.0|0.0|1.0|1.0|0.0|0.0|0.0|1.0|0.0|0.0|0.0|0
|-0.462391138044792|-0.40535062084381457||3.0651859045496326|1.9918586527372815||-1.0089435125013873||-0.35302753757574246|-0.3446597661556199|||0.6055160032626632|-0.2749429460630012|0.0|1.0|0.0|1.0|0.0|0.0|0.0|1.0|0.0|0.0|0.0|0.0|0.0|1.0|0.0|0
|||-0.2909893635414503||-0.3781689012838346|-0.3607533370647772|-0.34955424964677034|||||-0.2146578774864238|-0.38281168758067885||0.0|1.0|0.0|0.0|0.0|1.0|0.0|0.0|0.0|0.0|1.0|0.0|0.0|0.0|1.0|0
|-0.462391138044792|-0.4064277654143944|0.9851650917933433|-1.2409120423398796||-0.35160356010296046||1.0337025566932572|-0.3372121430235061|2.445336930190838|-0.3676962832780169||1.6499112271794318|1.2731797834286689|0.0|1.0|0.0|0.0|0.0|1.0|0.0|0.0|0.0|0.0|1.0|0.0|0.0|0.0|1.0|1
-0.29745530322569896|1.532237300579801|-0.3998023101312051|-0.29917536443657555||||||||||-1.5004519975958208|-0.2749429460630012|1.0|0.0|0.0|0.0|0.0|0.0|1.0|0.0|0.0|0.0|1.0|0.0|1.0|0.0|0.0|0
0.94254442706572||-0.4030134203604809||3.3161881937958317|-0.38528661966534766|-0.3368843536861248|-1.3677433443457165|-1.2098735948798232|-0.3445412283038108|1.278836684630162||3.139250952747778|-0.389545288366458||0.0|1.0|0.0|0.0|0.0|1.0|0.0|0.0|0.0|0.0|1.0|0.0|0.0|1.0|0.0|1
-2.492082542302211||-0.41252481015352577|1.8683915041621237|0.27214512472330515|-1.3967316683806261|||-0.33781510313969365|-0.33258324705699793||-0.34055816205865996|||-0.2749429460630012|1.0|0.0|0.0|0.0|0.0|0.0|1.0|1.0|0.0|0.0|0.0|0.0|1.0|0.0|0.0|0
-0.3283779897666321|-0.462391138044792|-0.39742446268294385||-0.3595738511045395|-0.3699768103164328||-0.34123192766852806||-0.3487843829397766|-0.3675073837472407|1.1082934737867092|-0.1735896060958009|0.9490670637616003||0.0|1.0|0.0|1.0|0.0|0.0|0.0|0.0|0.0|0.0|1.0|1.0|0.0|0.0|0.0|0
|-0.462391138044792|3.0741718413310397||3.359729407236499|-0.3842698027537029|-0.3480232125961626|-1.3935356645262194||-0.34762715894814955|-0.34882583846119375||-0.1735896060958009|-0.39133175388105246||1.0|0.0|0.0|0.0|0.0|0.0|1.0|0.0|0.0|1.0|0.0|0.0|0.0|0.0|1.0|0
-0.3473733543560624|2.030894410235949|-0.39354267753236355|-0.2970211536747005|-1.5860401900534034|-0.3825431325263817|-0.35239919288224886|||-1.3852713381070692|-1.5168170993733388|2.282928571340964|-0.24203672508017238||-1.0490043108088363|0.0|1.0|0.0|1.0|0.0|0.0|0.0|1.0|0.0|0.0|0.0|0.0|0.0|1.0|0.0|0
2.2898900549206638||-0.38368578853743457||-0.3448594822094434|0.6114817321177005||||-0.35071308959248837|-0.3750501672899639||||-1.0490043108088363|0.0|1.0|0.0|0.0|0.0|1.0|0.0|0.0|0.0|1.0|0.0|0.0|1.0|0.0|0.0|1
-0.2952465399013466|||-0.26987809807507457|-0.38236895696465345|||-0.35789949813183974|2.4630816386218353|-0.34994160693140364|-0.36777050410338225||-0.2146578774864238|||0.0|1.0|0.0|0.0|0.0|1.0|0.0|1.0|0.0|0.0|0.0|0.0|1.0|0.0|0.0|0
-0.3182176784746112|||-0.2858192577129501|-0.38137007030336756||-0.35160356010296046||-0.3422463743676204|-0.33605491903187906||-0.3595953515707462||-0.39696599127323506|0.4991184186828339|0.0|1.0|0.0|0.0|0.0|1.0|0.0|1.0|0.0|0.0|0.0|1.0|0.0|0.0|0.0|0
||-1.5285888496515143|-0.2996062065889506|-0.35600091035455533|||-0.36475452367314676|-0.9829179999096819||-0.37202428319433656|-0.35230451303420246||||0.0|1.0|0.0|0.0|0.0|0.0|1.0|0.0|0.0|1.0|0.0|1.0|0.0|0.0|0.0|0
|-0.462391138044792|0.4168765091929718|0.6620334775120823|-0.3661306455991341|||-0.35186982683630885|-0.34479533569341897||-0.36290277751476435|-0.3381278825464787||-0.37731487061269586|-0.2749429460630012|0.0|1.0|0.0|1.0|0.0|0.0|0.0|1.0|0.0|0.0|0.0|1.0|0.0|0.0|0.0|0
0.544967028682294||-0.39648958248961036||1.805692274582098||||0.7346897857822721|||-0.3539246993756566||0.40969189877826917||0.0|1.0|0.0|0.0|0.0|1.0|0.0|1.0|0.0|0.0|0.0|1.0|0.0|0.0|0.0|0
|-0.462391138044792|-0.3846003452483043|-0.28237252049395|-0.3458327563922348|-0.3939199708019538|-0.3460341306479416||2.188578111228144||||-0.9675761863145098||-0.2749429460630012|0.0|1.0|0.0|1.0|0.0|0.0|0.0|1.0|0.0|0.0|0.0|0.0|0.0|0.0|1.0|0
|-0.462391138044792||1.5237177822621117|-0.3867871095049565|-0.39259619029434084|-0.3539904584408257||-1.5525128192515913|0.3505646493335027||-0.3571650720585649|-0.24203672508017238|-0.3947672644860418||0.0|1.0|0.0|0.0|0.0|0.0|1.0|1.0|0.0|0.0|0.0|1.0|0.0|0.0|0.0|1
|||||||||-1.568498470114685|-0.35878055860188074|-1.3219860383945083|-0.2146578774864238|||0.0|1.0|0.0|0.0|0.0|0.0|1.0|0.0|0.0|0.0|1.0|0.0|0.0|0.0|1.0|0
||-0.6663651061260265||0.5769336188079754|-0.3945338979938902||-0.36617596709642775|-1.1275225366617156||||-0.2009684536895495|-1.335547488556331|0.4991184186828339|0.0|1.0|1.0|0.0|0.0|0.0|0.0|1.0|0.0|0.0|0.0|1.0|0.0|0.0|0.0|0
|-0.462391138044792|-0.3907177134698994|||2.8705419461963055|-0.3436472323100763|2.949317891199792|-0.7098850271270284||-0.3829876313668993||-2.3365185660019394|-0.37690260934009717|-0.2749429460630012|0.0|1.0|0.0|0.0|0.0|0.0|1.0|0.0|0.0|1.0|0.0|1.0|0.0|0.0|0.0|0
-2.30433765973226||-0.42809259772077435||-0.3924218547737487|2.7957195696790524|1.4035623510072806||-1.1775213934369952|-0.3410695563289296||||3.477602869033777||0.0|1.0|0.0|0.0|0.0|1.0|0.0|1.0|0.0|0.0|0.0|0.0|0.0|0.0|1.0|0
-0.3473733543560624|-0.462391138044792|-0.39151032928598645|-1.276756208175484||3.077742373474853||-0.3601004427872427|-0.3404424940447475|0.9098895786199092|||||-1.0490043108088363|0.0|1.0|0.0|0.0|0.0|1.0|0.0|1.0|0.0|0.0|0.0|1.0|0.0|0.0|0.0|0
0.6885366447651978|1.3660182640277516|-0.022110712024483406|-1.686056252931748|0.48728994407719006|-0.39796805322378465|-0.35080792732367205|0.2543070136725772|-0.3262271328047171|-0.3472414176176072|0.9071791815802848|||-0.38102522206608436|-1.0490043108088363|0.0|1.0|0.0|1.0|0.0|0.0|0.0|0.0|0.0|0.0|1.0|0.0|1.0|0.0|0.0|0
-0.3403053117181349|-0.462391138044792|0.8304593773307132|-0.27160146668457463|-0.3755688439243611|||1.1369775265164543||-0.35457050289791187|-0.3570264228942707||-1.6520473761582246||0.4991184186828339|0.0|1.0|0.0|1.0|0.0|0.0|0.0|0.0|0.0|0.0|1.0|0.0|0.0|0.0|1.0|0
||||0.34321975254557074||1.9008328380625392|-0.3299750128164153||0.5723659143953536|-0.3558862346843242|-1.615644812783072||||0.0|1.0|0.0|0.0|0.0|0.0|1.0|0.0|1.0|0.0|0.0|0.0|0.0|0.0|1.0|0
|2.612661038168122|1.2237187630046833|0.5004676703714518|-0.3671423384996672|-0.38459595157441917|-0.3460341306479416|||-0.3487843829397766|-0.3505799741688038||-0.22834730128329808|-0.3961414687280376||1.0|0.0|0.0|0.0|0.0|0.0|1.0|0.0|0.0|0.0|1.0|0.0|0.0|0.0|1.0|0
||-0.40459865199265505|-0.28064915188444994|-0.36725759465289254|-0.381526315614737||-0.3529702991640103||-0.35688495088116595|-0.3503168538126623|||||0.0|1.0|0.0|1.0|0.0|0.0|0.0|0.0|0.0|1.0|0.0|0.0|0.0|0.0|1.0|0
-0.3173341731448702||-0.3942946463835231||||-0.3452384978686531||-0.3373053108745339|||||-1.4179997430760758||0.0|1.0|0.0|0.0|0.0|0.0|1.0|0.0|0.0|1.0|0.0|0.0|0.0|1.0|0.0|0
-0.30540685119336747|||-0.27849494112257484|-0.3589207329029295||||0.23813251212189832||0.8446880969966771||-0.24203672508017238|-0.40507379630101|-0.2749429460630012|0.0|1.0|0.0|1.0|0.0|0.0|0.0|1.0|0.0|0.0|0.0|0.0|1.0|0.0|0.0|0
-0.3310285057558549|-0.462391138044792|||-0.33516515909927136|-0.41080296858020576||-0.38270597851877675|-0.3296976416867659|-0.3441554869732684||3.3360496932861583||1.27887608184058||0.0|1.0|0.0|0.0|0.0|1.0|0.0|0.0|0.0|0.0|1.0|0.0|0.0|1.0|0.0|0
|-0.462391138044792|-0.19181179059697187|-0.2853884155605751|-0.39220414870654535||2.3583216861533773|-0.34088803006612145|-0.3351877122346397|-0.3487843829397766||||-0.35766374995215666||0.0|1.0|0.0|0.0|0.0|1.0|0.0|1.0|0.0|0.0|0.0|1.0|0.0|0.0|0.0|0
||-0.4029321264306258||3.3238719373441845|0.974082479855158|-0.3432494159204321|1.0234913177222416|1.5513377797785037|-0.3464699349565225||-0.33367237010747985|-0.2009684536895495|-0.3731922578867086||0.0|1.0|0.0|0.0|0.0|0.0|1.0|0.0|0.0|0.0|1.0|0.0|0.0|1.0|0.0|0
|||-0.2888351527795752|||0.5283662937900253||-0.354304922178129|0.6012965141860297|||-1.3098117812363672||-1.0490043108088363|0.0|1.0|0.0|0.0|0.0|0.0|1.0|0.0|0.0|0.0|1.0|0.0|1.0|0.0|0.0|0
-0.28773674459854853||0.6627906470046018|2.3854020870121415||3.236979738883366|1.6820338237582255|1.4636802488028247||-1.568498470114685||-0.3401531154732964||-0.3791013361272903||0.0|1.0|0.0|0.0|0.0|0.0|1.0|0.0|0.0|0.0|1.0|1.0|0.0|0.0|0.0|0
0.2909592463817717|-0.462391138044792|||-0.37926984706681777|-1.4624410631425728|-1.6297876200297972|-1.4508519315940036||||||-1.3424185097663097|0.4991184186828339|1.0|0.0|0.0|0.0|0.0|1.0|0.0|0.0|0.0|0.0|1.0|0.0|0.0|0.0|1.0|0
|||-0.2884043106272002|1.135285649988296|-1.2293405824542072||-0.36292040312697765|-0.3557754767891666|-0.34994160693140364|0.1638641754805305||2.4547797629040637|-0.3961414687280376||0.0|1.0|1.0|0.0|0.0|0.0|0.0|0.0|0.0|0.0|1.0|0.0|0.0|0.0|1.0|0
-0.2943630345716056||||-0.35705102197283023|-0.3932484879357733|-0.9037727089291195|-0.36486915620728233|2.40425945418033|-0.3387551083456755|-0.36834059820835546|-0.3636458174243815|||-1.0490043108088363|0.0|1.0|0.0|1.0|0.0|0.0|0.0|1.0|0.0|0.0|0.0|0.0|1.0|0.0|0.0|0
-0.29347952924186466|1.1997992274757021|-0.38945765755714556|-0.2772024146654498|2.1828360204137596||||-0.32603105885657874|0.3891387823877376|-1.7042903531241616|-0.33286227693675274||||0.0|1.0|0.0|1.0|0.0|0.0|0.0|0.0|0.0|0.0|1.0|0.0|0.0|0.0|1.0|1
-0.34914036501554435|||||0.6148391464486029|-0.335293088127548|-0.3534746823142068||-0.34608419362598014|-0.3585612916384295|-0.3762022615706511||-0.4120822379351883|1.2731797834286689|0.0|1.0|0.0|0.0|0.0|0.0|1.0|1.0|0.0|0.0|0.0|1.0|0.0|0.0|0.0|0
-0.32572747377740924||-0.41677241798845394|-0.29012767923670024|-0.38029434620659813||-0.3329061897896827||||||-0.1735896060958009|-0.3799258586724878||0.0|1.0|0.0|0.0|0.0|0.0|1.0|1.0|0.0|0.0|0.0|0.0|0.0|0.0|1.0|0
-0.3186594311394817|||-0.28323420479870004|-0.37454434478458065|1.9640400768526616|3.1937361044062116|-0.34714696642992343||-0.33798362568459084|-0.34347572455298314|-0.3421783484001141||||0.0|1.0|0.0|0.0|0.0|0.0|1.0|0.0|0.0|0.0|1.0|0.0|0.0|0.0|1.0|0
1.1634207595009567||-0.38086082447497044||-0.341824403507844|-0.37584748908932497|-0.35041011093402785|-0.3471928194435777|-0.3445012247712114||-1.239444390607501|1.3108167664684771||-0.39394274194084444||0.0|1.0|0.0|0.0|0.0|1.0|0.0|0.0|0.0|1.0|0.0|0.0|0.0|1.0|0.0|1
-1.4097885133695511||-1.1327890286695728|-0.28969683708432525||-0.3850372117436235|0.8267285860231806||-0.3518147830367719||||-0.1599001822989266|3.395150614514032||0.0|1.0|0.0|0.0|0.0|0.0|1.0|0.0|1.0|0.0|0.0|0.0|0.0|0.0|1.0|1
|||-0.30563799672220077|-0.3809474644082082||-0.3480232125961626|-0.34765134958011995|-0.3280310131275899||||-0.24203672508017238|||0.0|1.0|0.0|0.0|0.0|1.0|0.0|0.0|0.0|0.0|1.0|0.0|1.0|0.0|0.0|0
-0.30717386185284934||-0.3895389514870007||-0.35112173320135115|1.5486799610581665||||-0.3495558656008613||-0.3494691869366578|||2.047241148174504|0.0|1.0|1.0|0.0|0.0|0.0|0.0|0.0|0.0|1.0|0.0|0.0|0.0|0.0|1.0|0
|||-0.9536245938942229||3.089253508323661|||2.7356244265341436|-0.34222678032055664||-1.190345898151359||||0.0|1.0|0.0|0.0|0.0|1.0|0.0|1.0|0.0|0.0|0.0|0.0|0.0|0.0|1.0|1
|-0.462391138044792|-0.39209971027743584|||-0.38505639696837146|||0.1935256889204235||-0.37333988497504406||-0.25572614887704664|||0.0|1.0|0.0|0.0|0.0|0.0|1.0|0.0|0.0|1.0|0.0|1.0|0.0|0.0|0.0|0
-0.3411888170478758|-0.462391138044792||2.083812580349631|-0.34001872377398096||3.2732993823350527|-0.34538162540423567|||-0.35838587806766853|||0.5196282381379289||0.0|1.0|0.0|0.0|0.0|0.0|1.0|0.0|0.0|0.0|1.0|1.0|0.0|0.0|0.0|1
|-0.462391138044792|0.3569222359248471|-0.28452673125582506|-0.38572419164743427|0.5160352389963327|-0.32733676033466386|||-0.34376974564272605|1.7349119686087724|1.655106364027483|-0.2009684536895495|1.4506516120900483|0.4991184186828339|1.0|0.0|0.0|0.0|0.0|1.0|0.0|0.0|1.0|0.0|0.0|0.0|0.0|1.0|0.0|0
-0.33191201108559587|-0.462391138044792||-0.2944361007604504|0.40661063681948323|-0.37387141094027954|||-0.348716814656186||-0.3668495828568869|||-0.37800197273369374||0.0|1.0|0.0|0.0|0.0|1.0|0.0|1.0|0.0|0.0|0.0|0.0|0.0|0.0|1.0|0
||1.5397489153163235||-1.4618196693550292|-0.4005580585647665|-0.34563631425829733|-0.9797122162968174|-0.34361889200458884|-0.3534132789062848|||-0.9675761863145098|-0.3764903480674984||0.0|1.0|0.0|0.0|0.0|0.0|1.0|0.0|0.0|0.0|1.0|0.0|1.0|0.0|0.0|0
-0.30629035652310843||2.8038695245628844||||-0.35001229454438365|1.0842465608140928||-0.33605491903187906|-0.3515886022006796|2.0399006201228422|1.0858373832166341|||0.0|1.0|1.0|0.0|0.0|0.0|0.0|0.0|0.0|0.0|1.0|0.0|0.0|0.0|1.0|0
|1.1997992274757021|||-0.3603934504163638||-0.35120574371331625||0.7817475333354762|1.3920662417978458|0.7712336642405068|-0.35189946644883896|2.4547797629040637|-0.38982012921485715||0.0|1.0|0.0|0.0|0.0|0.0|1.0|0.0|0.0|0.0|1.0|0.0|0.0|1.0|0.0|0
|-0.462391138044792||-0.28754262632245015||-0.3753870436953726|1.483125628936122|0.8274696843504195||-0.334897695040252|2.1449411902626188|-0.3567600254732014|-0.2146578774864238||0.4991184186828339|0.0|1.0|1.0|0.0|0.0|0.0|0.0|0.0|0.0|0.0|1.0|0.0|0.0|0.0|1.0|1
|-0.462391138044792|2.240909060316426|0.7158887465589591||-0.39733494080710025||2.2684006384345152|-0.3175998790866297||-0.33553826047604773|0.3893357847664323|-0.2009684536895495|||1.0|0.0|0.0|0.0|0.0|1.0|0.0|0.0|0.0|0.0|1.0|1.0|0.0|0.0|0.0|0
3.1733953846616108|-0.462391138044792||-0.28452673125582506|-0.36778265046202996|-0.37809216038484256|-0.3432494159204321|0.7592633265397563||-0.3483986416092343|2.022151690729916|-0.3470389074244765|-0.26941557267392097|||0.0|1.0|0.0|1.0|0.0|0.0|0.0|0.0|0.0|0.0|1.0|1.0|0.0|0.0|0.0|0
-0.33721304306404154||-0.40789105615178595||-0.3707793104458877|||1.1146241823600185|-0.3429914553705461|0.8713154455656742|1.3665434700106638||-0.1872790298926752|-0.3984776159394304|-1.0490043108088363|1.0|0.0|0.0|0.0|0.0|0.0|1.0|0.0|0.0|1.0|0.0|0.0|0.0|0.0|1.0|0
0.7327119112522451|||-1.276756208175484|||-1.5402789323598507||-0.3441678990593762|||-0.3535196527902931|-0.2146578774864238|-0.39133175388105246||0.0|1.0|1.0|0.0|0.0|0.0|0.0|1.0|0.0|0.0|0.0|0.0|0.0|1.0|0.0|0
-0.31689242047999977|-0.462391138044792|1.0418235949539323|-0.28323420479870004|-0.37104824147008|-0.4047020671103374||||2.819309164804538|1.881820834121113||-0.2146578774864238|||0.0|1.0|0.0|1.0|0.0|0.0|0.0|1.0|0.0|0.0|0.0|0.0|0.0|0.0|1.0|0
||0.7278257908886693|||-0.37417837453624775||-0.34549625793837124|-0.3326387509088412|||||||0.0|1.0|0.0|1.0|0.0|0.0|0.0|1.0|0.0|0.0|0.0|0.0|0.0|0.0|1.0|0
|-0.462391138044792||2.9454968850996606|-0.35680770342713236|-0.3873010682638891|-0.34682976342723|-0.3588165584049243|-0.35391277428185225|-0.3429982629816414|-0.37206813658702675|-0.86630862986053|-0.22834730128329808|1.3201022091004524||0.0|1.0|0.0|0.0|0.0|0.0|1.0|1.0|0.0|0.0|0.0|0.0|0.0|1.0|0.0|0
||||2.2430253448758584|-0.37149244307152585|0.7073836691299183|0.9266268263776862|-0.32926627900086153|0.553078847868236|-0.347290969717035||1.4280729781384915|||0.0|1.0|0.0|0.0|0.0|0.0|1.0|1.0|0.0|0.0|0.0|0.0|1.0|0.0|0.0|0
|-0.462391138044792|-0.39382720628685636|-0.2974519958270755|-0.3557191730911157||||-1.0990918141816548||||-0.1872790298926752|||0.0|1.0|0.0|0.0|0.0|0.0|1.0|0.0|0.0|1.0|0.0|1.0|0.0|0.0|0.0|0
|-0.462391138044792||-0.2909893635414503|-0.33895580591645885||-0.3464319470375858|-0.3643647730570858||2.9736056970214775|-0.3679459176741432|1.6348540347593061|1.770308573060349||0.4991184186828339|1.0|0.0|0.0|0.0|0.0|0.0|1.0|1.0|0.0|0.0|0.0|1.0|0.0|0.0|0.0|0
-0.30187282987440367|2.1971134467879985|||-0.35460503027660456||0.5979841619777615||||-0.3630343376928351|-0.3280017179123903|-0.22834730128329808|-0.36797028176712476|0.4991184186828339|0.0|1.0|0.0|0.0|0.0|1.0|0.0|0.0|0.0|0.0|1.0|0.0|0.0|0.0|1.0|1
||-0.40083880773685737||-0.3632236292900071|-0.385785435508796||-0.35728048244750765|-0.3413248268113701||||-0.25572614887704664|-0.3869343003066661||0.0|1.0|0.0|0.0|0.0|0.0|1.0|0.0|0.0|0.0|1.0|1.0|0.0|0.0|0.0|0
|1.6984563371318504|-0.42262558093801994|-0.282803362646325|-0.38656940343775315||-0.34046470119292266|3.0593651239699375||-0.34762715894814955||2.5462088518272625||||1.0|0.0|0.0|0.0|0.0|1.0|0.0|0.0|0.0|0.0|1.0|0.0|0.0|0.0|1.0|0
1.5830857911279064|-0.462391138044792||||2.2144072598142395|0.42891219637897354|-0.3420572819143042||-0.3406838149983873|-1.080475842105341|-1.4840046725399227|-0.24203672508017238|||1.0|0.0|0.0|0.0|0.0|0.0|1.0|0.0|1.0|0.0|0.0|0.0|0.0|1.0|0.0|0
||-0.3912664474964212||-0.3529786378922031|-0.375885859538821|-0.3432494159204321|2.02537966606711||-0.3345119537097097|-0.3633851648343571||0.40136619337291946||1.2731797834286689|0.0|1.0|0.0|0.0|0.0|0.0|1.0|1.0|0.0|0.0|0.0|0.0|0.0|0.0|1.0|0
|-0.462391138044792|-0.3913680649087401|-0.27677157251307477||-0.37051399660937717|||||||-0.2146578774864238|3.2439881478944996||0.0|1.0|0.0|0.0|0.0|0.0|1.0|0.0|0.0|1.0|0.0|1.0|0.0|0.0|0.0|1
-0.3102661305069427||-0.3747434562533753|-0.29012767923670024|-2.089325392470527|1.4978391154759303|-0.35120574371331625|-1.3717554830404612|1.4209486042665003|-0.34184103899001433|-0.3601400137752785||-0.25572614887704664|-0.37250515576571075||1.0|0.0|0.0|0.0|0.0|0.0|1.0|1.0|0.0|0.0|0.0|0.0|0.0|0.0|1.0|0
0.6554051948999123|-0.462391138044792|-0.39669281731424805|||-0.38004905330913996||1.814455803257664|||-0.35343044469367013|-0.3348875098635704|-0.2009684536895495|-0.37429162128030524|1.2731797834286689|0.0|1.0|0.0|1.0|0.0|0.0|0.0|0.0|0.0|1.0|0.0|0.0|0.0|1.0|0.0|0
-0.31203314116642455|-0.462391138044792|-0.4072813516778728|-0.28064915188444994|1.2281308845308951||3.3130810212994737||-0.3505795171635003|-0.33644066036242143|-0.36873527874256773|1.979143632318312|1.0858373832166341|-0.38171232418708223||0.0|1.0|0.0|0.0|0.0|1.0|0.0|0.0|0.0|1.0|0.0|0.0|0.0|0.0|1.0|0
|2.030894410235949||-1.1475035624629795|-0.36272418595936423|||||||-0.3591903049853826||-0.3965537300006364||0.0|1.0|0.0|0.0|0.0|0.0|1.0|1.0|0.0|0.0|0.0|0.0|1.0|0.0|0.0|0
||-0.39978198664874126|||1.183201429608507|-0.35239919288224886|-2.028026740966591||||-0.3235462054733914||||0.0|1.0|0.0|0.0|0.0|0.0|1.0|0.0|0.0|0.0|1.0|0.0|1.0|0.0|0.0|0
|||-0.26384630794182434||||-0.3279804067224564|-0.3297956786608351|||0.3589572908641671|-0.25572614887704664|||0.0|1.0|0.0|0.0|0.0|0.0|1.0|0.0|0.0|0.0|1.0|1.0|0.0|0.0|0.0|1
-0.2850862286093257|1.6153468188558258|1.8303747145482498||||1.9605052965091703||-1.1172286543844527||-0.3665864625007454||-1.3098117812363672|1.4643936545100058||0.0|1.0|0.0|0.0|0.0|1.0|0.0|0.0|0.0|0.0|1.0|0.0|0.0|1.0|0.0|0
-1.5091828629654078|-0.462391138044792||-0.28194167834157496|-0.36700146986794735|0.32178483842269473|3.1937361044062116||2.9336591141538775|-0.3372121430235061||-0.3470389074244765||-0.3854226756404708||0.0|1.0|0.0|0.0|0.0|1.0|0.0|0.0|0.0|0.0|1.0|0.0|0.0|0.0|1.0|0
|-0.462391138044792|-0.4071390873006264||||||-1.9054459259006233|0.5145047148140012|2.677759911449168|-0.3486590937659307||||0.0|1.0|0.0|0.0|0.0|0.0|1.0|0.0|0.0|1.0|0.0|1.0|0.0|0.0|0.0|0
||0.7522139698451945||||-0.35001229454438365|||-1.144183006518101|-0.36005230698989804|0.601985242082289|1.770308573060349|-0.3887207658212606|-1.0490043108088363|0.0|1.0|0.0|0.0|0.0|1.0|0.0|0.0|0.0|1.0|0.0|1.0|0.0|0.0|0.0|1
||0.6861626518379386|-0.28495757340820005|-0.70369030591753|-0.3919630778776564|-0.337282170075769|||-0.3406838149983873|||1.4280729781384915|||1.0|0.0|0.0|0.0|0.0|0.0|1.0|0.0|0.0|1.0|0.0|0.0|0.0|0.0|1.0|0
-0.320868194463834|-0.462391138044792|-0.3926484443039576|-0.28711178417007516|-0.3544513554056375||-0.33330400617932693|||2.5878643664791285|-0.35378127183519215|-0.35635497888783785|-0.22834730128329808|-0.39394274194084444||0.0|1.0|0.0|0.0|0.0|1.0|0.0|0.0|1.0|0.0|0.0|1.0|0.0|0.0|0.0|0
-0.3102661305069427||-0.4032573021500462||3.289295091376596||-0.35239919288224886||-1.2569313424330273||-0.3609732282363933|-0.3604054447414732||2.3232713057573484||0.0|1.0|0.0|0.0|0.0|0.0|1.0|1.0|0.0|0.0|0.0|1.0|0.0|0.0|0.0|0
1.870225023293714|-0.462391138044792|-0.4194957646385993||-0.3832141687549723||2.756138075797584|-0.3449689482813476|-0.34467769132453596|-0.3464699349565225||-0.3356976030342975|-0.13252133470517802|||0.0|1.0|0.0|0.0|0.0|0.0|1.0|0.0|0.0|0.0|1.0|1.0|0.0|0.0|0.0|1
-0.30894087251233127||-0.42142649547265754|0.5435518856089532||-0.381545500839485||-0.3529702991640103|0.22293678114117613||||-0.25572614887704664|-0.3932556398198465||0.0|1.0|1.0|0.0|0.0|0.0|0.0|0.0|0.0|1.0|0.0|0.0|1.0|0.0|0.0|0
-0.31247489383129506|-0.462391138044792||-0.28366504695107503|||-1.2518620498678006|-0.3372197889737832|1.1768365388342534|0.6784447802944996||||||0.0|1.0|0.0|0.0|0.0|0.0|1.0|1.0|0.0|0.0|0.0|0.0|0.0|0.0|1.0|0
3.2617459176357055||-0.4121793109516416|-0.28754262632245015|0.28142964817756505|||-0.35519417032624034|-0.3421287299987374||-0.36022772056065905|-0.3381278825464787||||0.0|1.0|1.0|0.0|0.0|0.0|0.0|0.0|0.0|0.0|1.0|0.0|0.0|0.0|1.0|0
-1.3766570635042656||3.1453040299542385|-0.29228188999857535|-0.3643633845830129||0.8565648152464961|||-0.3410695563289296||0.581732912814112||0.46466006845809904||1.0|0.0|0.0|0.0|0.0|0.0|1.0|0.0|0.0|0.0|1.0|1.0|0.0|0.0|0.0|0
-0.3244022157827978||-0.3956156727436682||-0.357640108978204||-0.3321105570103943|-0.34613820012953045|1.281736101088271|-0.3468556762870649|-1.231770046886707|-0.35189946644883896|-0.2146578774864238|||0.0|1.0|0.0|0.0|1.0|0.0|0.0|0.0|0.0|1.0|0.0|0.0|0.0|0.0|1.0|0
-0.320868194463834|-0.462391138044792||2.64390737843715|-0.3579602649593854|2.6825267436657723|0.43885760612007874||-0.32514872608995615|-1.3852713381070692|-0.3431248974114611||-0.2009684536895495||0.4991184186828339|0.0|1.0|0.0|0.0|0.0|1.0|0.0|0.0|0.0|1.0|0.0|0.0|0.0|0.0|1.0|0
||-1.2069697396623371|-0.2879734684748252|2.8935822986364146||||||-0.3470278493608935|-0.3903788920583749|-0.28310499647079523|-0.42513717823414787|-0.2749429460630012|0.0|1.0|0.0|0.0|0.0|1.0|0.0|0.0|0.0|1.0|0.0|0.0|1.0|0.0|0.0|0
|||-0.29874452228420056|-0.3684485749028872|0.20331607560371046||-0.3701881057911727||1.5077886409605505||-0.35149441986347546||0.46466006845809904||0.0|1.0|0.0|0.0|0.0|1.0|0.0|1.0|0.0|0.0|0.0|0.0|0.0|1.0|0.0|0
0.5007917621952466||-0.40512706253671305|-0.2996062065889506||0.5606408865354644||-0.37566754092285287||-0.34145529765947197|-1.5573814876118206|-1.31185987376042||-0.39133175388105246|0.4991184186828339|0.0|1.0|0.0|0.0|0.0|0.0|1.0|1.0|0.0|0.0|0.0|1.0|0.0|0.0|0.0|0
||2.7937077833309987||-1.2681253007402966|||-0.36294332963380477|-0.3451678761948818|1.565649840541903|-0.36329745804897656|||||0.0|1.0|0.0|0.0|0.0|1.0|0.0|1.0|0.0|0.0|0.0|0.0|0.0|1.0|0.0|0
|||-0.30219125950320064|-0.35612897274702787|||-0.35650098121538587|||-0.347641796858557||-2.3365185660019394|-0.39105691303265333||0.0|1.0|0.0|0.0|1.0|0.0|0.0|0.0|0.0|1.0|0.0|0.0|0.0|1.0|0.0|0
|-0.462391138044792|||0.15560834757328423|-0.3763654901575213||-0.3477201291006013|-0.3445992617452806||1.2854146935336996||-0.22834730128329808|1.2651340394206225|0.4991184186828339|0.0|1.0|0.0|0.0|1.0|0.0|0.0|0.0|0.0|1.0|0.0|0.0|0.0|0.0|1.0|0
-0.3332372690802073||1.1851041463235183|-0.2918510478462003|-0.3679747440507388|-0.38567032416030794|-0.3563773567786909|-0.35716584991337214|2.0062293394594777|-1.3949148713706279||-0.33407741669284335|||-1.0490043108088363|0.0|1.0|0.0|0.0|0.0|1.0|0.0|0.0|0.0|0.0|1.0|0.0|0.0|0.0|1.0|1
2.7979056195217082||||-0.3585877706825008|-0.39175204040542827|-1.4209340154665886||-0.3498148287657607|-0.3549562442284542|-0.3679459176741432|||-0.40809704563340066||0.0|1.0|0.0|0.0|0.0|0.0|1.0|0.0|0.0|1.0|0.0|1.0|0.0|0.0|0.0|0
-0.33721304306404154|-0.462391138044792|-0.4260399259919335|-1.3521535848411115|-0.39021918162322083|2.1232774422611747|-0.33449745534825953|||-0.3329689883875403||-0.34339348815620474||-0.382124585459681|1.2731797834286689|0.0|1.0|0.0|0.0|0.0|0.0|1.0|1.0|0.0|0.0|0.0|1.0|0.0|0.0|0.0|0
0.9646320603092436|-0.462391138044792|-0.4031963317026548|-0.2668622030084495|-0.36575926466096365||-0.33966906841363426|-0.35177812080900045|-1.2098735948798232|-0.3464699349565225|||2.112544167982206|1.6911373544393042|-0.2749429460630012|1.0|0.0|0.0|0.0|0.0|0.0|1.0|0.0|0.0|1.0|0.0|1.0|0.0|0.0|0.0|0
|-0.462391138044792|-0.3695406447426499||-0.3296968949406934||-0.3432494159204321||2.2199499429302803|2.1635489028825443|-0.34404581865795647||-0.1735896060958009||0.4991184186828339|0.0|1.0|0.0|1.0|0.0|0.0|0.0|1.0|0.0|0.0|0.0|1.0|0.0|0.0|0.0|1
-0.3036398405338856||-0.4093746703716412|0.9528519303652172|||-0.3448406814790089|-0.33928317458822344|0.8905685745522611|-1.317766605262158||-0.3373177893757517||0.7910335759320892||0.0|1.0|0.0|1.0|0.0|0.0|0.0|0.0|0.0|0.0|1.0|1.0|0.0|0.0|0.0|0
-0.33279551641533683||||-1.1772010020847856|0.7150819457569741|0.7272744886121287|-0.3725266094875383|-0.3309525149548514|-0.3472414176176072|-1.5804045187742024|-0.3636458174243815|-0.1735896060958009|-0.40067634272662356||0.0|1.0|0.0|0.0|0.0|0.0|1.0|0.0|0.0|1.0|0.0|0.0|0.0|1.0|0.0|0
|-0.462391138044792|||-0.3618533616905509||-0.35239919288224886|-0.3472157459504048|-0.3370896295315818||||-0.2146578774864238|-1.4076932112611078|-1.0490043108088363|0.0|1.0|0.0|0.0|0.0|1.0|0.0|0.0|0.0|0.0|1.0|0.0|0.0|0.0|1.0|0
|-0.462391138044792|-0.40801299704656857|-0.3052071545698258|||-0.3535926420511815|-0.3446938301994223|-0.3460306015666905||||-0.24203672508017238|-0.39284337854724777|1.2731797834286689|0.0|1.0|0.0|1.0|0.0|0.0|0.0|0.0|0.0|0.0|1.0|0.0|0.0|0.0|1.0|0
-0.32042644179896357|-0.462391138044792||||-0.3946681945671263||2.538933418994457||-0.33258324705699793|-1.7240243798347743|1.9588913030501351|-0.1872790298926752|-0.382124585459681||0.0|1.0|0.0|0.0|0.0|0.0|1.0|1.0|0.0|0.0|0.0|0.0|0.0|1.0|0.0|0
-0.320868194463834|-0.462391138044792|-1.4218905667167163|-0.2931435743033253||2.5348005131060667|-0.3551839076097583||-0.3194037594095025|-0.35919939886442004||2.18166692500008|0.7436017882947767|-0.37800197273369374||0.0|1.0|0.0|0.0|0.0|1.0|0.0|0.0|0.0|0.0|1.0|1.0|0.0|0.0|0.0|0
|-0.462391138044792||1.997644149874628|||0.7869469470587598||0.5812619213640124|-0.32795435109048976|-0.3577280771773147|-0.3591903049853826|-0.2009684536895495|-1.1397233840719367|2.047241148174504|0.0|1.0|0.0|0.0|0.0|0.0|1.0|0.0|0.0|0.0|1.0|0.0|0.0|0.0|1.0|0
||-1.559074073347171|0.5543229394183286|||||-0.3406777827825136|-0.34376974564272605||-0.33691274279038813|-0.2009684536895495|-0.3762155072190993|-0.2749429460630012|1.0|0.0|0.0|0.0|0.0|1.0|0.0|0.0|1.0|0.0|0.0|0.0|0.0|1.0|0.0|1
-0.3425140750424872|2.612661038168122|-1.6561187021116779|-0.2815108361892|-0.3505326461959774|-0.3809891293217926|||-0.34095228630990726|0.5820094476589123||||0.25165841094875807|0.4991184186828339|0.0|1.0|0.0|0.0|0.0|0.0|1.0|1.0|0.0|0.0|0.0|0.0|0.0|0.0|1.0|0
-0.3394218063883939||3.057913055360023|-0.28107999403682493|3.3418006722903417|-1.383781641675717|-0.36115115345442145||-1.5206508026791092||-0.35036070720535256||3.139250952747778|||1.0|0.0|0.0|0.0|1.0|0.0|0.0|0.0|0.0|0.0|1.0|0.0|0.0|0.0|1.0|0
-0.2872949919336781||0.8650092975191239||-0.37483888828726747|-0.37089770110433745||-0.3421719144484398|1.0871327075609576|0.8713154455656742||3.174031059140744|2.112544167982206|2.8454689177157326||0.0|1.0|1.0|0.0|0.0|0.0|0.0|0.0|1.0|0.0|0.0|0.0|0.0|1.0|0.0|0
-0.32572747377740924|-0.462391138044792||0.9528519303652172|0.3057615027473497||-0.33847561924470165|-0.3389622034926439|-0.33983466480551866|-0.32834009242103207|-0.35790349074807576||1.770308573060349|||1.0|0.0|0.0|0.0|1.0|0.0|0.0|1.0|0.0|0.0|0.0|1.0|0.0|0.0|0.0|0
-2.0503298774317376|-0.462391138044792|-1.430528046763819||-0.36020135682765503|||||||1.9588913030501351||||0.0|1.0|0.0|0.0|0.0|1.0|0.0|0.0|0.0|0.0|1.0|1.0|0.0|0.0|0.0|0
0.8541938940916254|-0.462391138044792|||2.789851760733649|-0.38739699438762915|-0.35080792732367205|-0.35893119093905984|-0.32569773314474354|-1.2599054056808057||-0.33164713718066213|-0.22834730128329808|-1.771857335389981||0.0|1.0|0.0|0.0|0.0|0.0|1.0|0.0|1.0|0.0|0.0|1.0|0.0|0.0|0.0|1
-0.2886202499282895||1.5062151692511012|||-0.3863609922512364||-0.3578765716250127||-1.5492114035875675|-0.34338801776760264|-0.3385329291318423|2.4547797629040637|-0.377589711461095||0.0|1.0|0.0|1.0|0.0|0.0|0.0|0.0|0.0|1.0|0.0|0.0|0.0|1.0|0.0|0
-0.304965098528497||||-0.3760938997334985|||-0.3676432635333631|0.3915603765401579|-0.34145529765947197||-0.34379853474156824|-0.24203672508017238||-0.2749429460630012|1.0|0.0|0.0|0.0|1.0|0.0|0.0|1.0|0.0|0.0|0.0|1.0|0.0|0.0|0.0|0
-0.31424190449077694|2.280222965064023|-0.3951279091645377|-0.2996062065889506|||-0.3309171078414617||-0.354304922178129|||0.6829945591549961|-0.24203672508017238|-0.3858349369130695||1.0|0.0|0.0|0.0|0.0|0.0|1.0|0.0|0.0|1.0|0.0|0.0|0.0|0.0|1.0|0
-0.2846444759444552|-0.462391138044792|||-0.35578320428735194|-0.39549315923129086||-0.36713888038316655|-1.675059036838061||-0.3441335254433369||-0.26941557267392097|||0.0|1.0|0.0|0.0|0.0|1.0|0.0|0.0|0.0|1.0|0.0|0.0|0.0|1.0|0.0|0
-0.304965098528497||-0.40492382771207536|-0.2815108361892||-0.3812385372435168|-0.3368843536861248|1.7537005601658129||-0.3522560549146578||-0.9068132883968837|-0.25572614887704664||-1.0490043108088363|0.0|1.0|0.0|0.0|0.0|0.0|1.0|0.0|0.0|1.0|0.0|0.0|0.0|0.0|1.0|0
-0.31777592580974073|-0.462391138044792|-0.408419466695844||-0.3713555912120141|-0.38006823853388794||-1.500143921272298|1.0395847751374079|1.0063249112554964|-0.36781435749607244||2.4547797629040637||1.2731797834286689|0.0|1.0|0.0|0.0|0.0|0.0|1.0|0.0|0.0|0.0|1.0|0.0|0.0|0.0|1.0|0
||-0.392973620023378|0.8451413922714636||-0.3880109215795656|-0.3472275798168742|||-0.35071308959248837||||||0.0|1.0|0.0|0.0|0.0|1.0|0.0|0.0|0.0|0.0|1.0|0.0|0.0|1.0|0.0|1
|||-1.4598641229348652|-0.34697251168524046|||-1.1785996630220286||||||-0.39765309339423294||1.0|0.0|0.0|0.0|1.0|0.0|0.0|0.0|0.0|0.0|1.0|1.0|0.0|0.0|0.0|0
|-0.462391138044792|-0.41482136367193184|0.9528519303652172|-1.0161625435505532|-0.3817949087612092|-0.3432494159204321||2.604254881281448|-1.1152524067274245|2.603209143875741|-0.36405086400974507||0.17951268824398128||0.0|1.0|0.0|0.0|0.0|1.0|0.0|1.0|0.0|0.0|0.0|1.0|0.0|0.0|0.0|0
2.9966943187134216|-0.462391138044792|-0.3768570984296075|1.0174782532214695|-0.3375343133600135|-1.5108837556313073|-0.35001229454438365||-0.3367170890301189|0.9098895786199092|-0.3547898998670679|||-0.37429162128030524|-1.0490043108088363|0.0|1.0|0.0|0.0|0.0|1.0|0.0|0.0|0.0|0.0|1.0|1.0|0.0|0.0|0.0|1
|-0.462391138044792||-0.282803362646325|||-1.3712069667610627|-0.3623472404562998||-0.3464699349565225|0.7142242537431804|-0.33407741669284335||||0.0|1.0|1.0|0.0|0.0|0.0|0.0|0.0|0.0|1.0|0.0|1.0|0.0|0.0|0.0|0
-0.28596973393906666|-0.462391138044792|-0.4172398580851206|-0.28064915188444994||-0.3794351261172035|||-0.34006995354328473||-0.35816661110421727|-0.35189946644883896|2.4547797629040637|-0.38982012921485715||0.0|1.0|0.0|0.0|0.0|1.0|0.0|1.0|0.0|0.0|0.0|0.0|0.0|0.0|1.0|0
-0.33058675309098445||-0.42095905537599076||-0.38477652994313744|0.9668880205746528|-0.3492166617650952|1.0166133656741074|-0.34273655923796625|-0.3383693670151332|-0.3608416680583226|-0.3709366559609252|1.0858373832166341|||0.0|1.0|0.0|0.0|0.0|0.0|1.0|0.0|0.0|1.0|0.0|0.0|0.0|0.0|1.0|0
|2.363332483340048|-0.407972350081641|-0.28409588910345007|||-0.34563631425829733|0.4778404552369357|-0.33489360131243223|-0.3472414176176072|-0.35294805737407736|||||1.0|0.0|0.0|1.0|0.0|0.0|0.0|0.0|0.0|0.0|1.0|0.0|1.0|0.0|0.0|0
-0.3447228383668396|||-0.2733248352940747|||-1.2518620498678006||||-0.33593294101026||-0.2009684536895495|1.5812010150796445|0.4991184186828339|0.0|1.0|0.0|0.0|0.0|0.0|1.0|1.0|0.0|0.0|0.0|0.0|0.0|0.0|1.0|0
-1.6858839289135972|1.781565855407875||0.5758650470370793|||||-0.32773690220538243|-1.2888360054714818|-0.3457561009728762|-0.3490641403512942||-0.38734656157926484|2.821302512920339|0.0|1.0|0.0|0.0|0.0|0.0|1.0|0.0|0.0|1.0|0.0|0.0|0.0|0.0|1.0|0
|-0.462391138044792|||0.41749594017965|0.5227500676581375|-0.33370182256897113|0.5655343438506456|2.935619853635261||-0.36299048430014486||||-0.2749429460630012|1.0|0.0|0.0|0.0|0.0|1.0|0.0|1.0|0.0|0.0|0.0|0.0|0.0|1.0|0.0|0
1.0529825932833383|||-0.28323420479870004||0.7994969346482342||-0.37080712147550476|-0.3314819146148249|1.8935299715028997|0.7745226686922756|||-0.3972408321216342||0.0|1.0|0.0|0.0|0.0|0.0|1.0|1.0|0.0|0.0|0.0|0.0|0.0|0.0|1.0|0
-0.5041955503850806||-1.7856809028182186|-0.2884043106272002|-0.34498754460191594||-0.348818845375451||-0.32718789515059504|-0.3372121430235061||-1.6966541298557793||||1.0|0.0|0.0|1.0|0.0|0.0|0.0|0.0|0.0|1.0|0.0|0.0|0.0|0.0|1.0|0
-0.3138001518259065||||0.2971172912554525||-0.34126033397221106|-0.3695461636000135|-0.33673669642493276|-0.3387551083456755|0.6429624906215226||2.4547797629040637|-0.38281168758067885|-1.0490043108088363|0.0|1.0|0.0|0.0|0.0|0.0|1.0|1.0|0.0|0.0|0.0|0.0|0.0|0.0|1.0|0
||-0.4049035042296116|||-0.3902747780998312|-0.3436472323100763||-0.33759942179674146||-1.4137616265512487|0.40958811403460915||-0.3958666278796385||0.0|1.0|0.0|0.0|0.0|1.0|0.0|0.0|0.0|0.0|1.0|0.0|0.0|1.0|0.0|0
-0.3279362371017616|-0.462391138044792|||||-0.3444428650893647|-0.3569824378587552|0.6440055847682847|-1.3659842715799517|1.6603612010353457||1.770308573060349|-0.3887207658212606||0.0|1.0|0.0|0.0|0.0|0.0|1.0|0.0|0.0|0.0|1.0|1.0|0.0|0.0|0.0|0
-0.32396046311792737|-0.462391138044792|-1.4284956985174417|||-0.3831762449430662||-0.35464393416238965|||-0.3607101078802518|||-0.3843233122468742|-1.0490043108088363|1.0|0.0|0.0|1.0|0.0|0.0|0.0|0.0|0.0|0.0|1.0|1.0|0.0|0.0|0.0|0
|||-0.2948669429128254||-0.3727011122306507|-0.3496144781547394||-0.33101133713929287||-0.349045105424645|-0.3271916247416633||-0.3672831796461269|-1.0490043108088363|0.0|1.0|0.0|0.0|0.0|0.0|1.0|1.0|0.0|0.0|0.0|0.0|0.0|0.0|1.0|0
||-0.3959611719455523|-0.2797874675796999||-0.381487945165241||||-0.34569845229543783|-1.462000358510525|-0.33367237010747985|-0.22834730128329808|-0.3731922578867086||0.0|1.0|0.0|0.0|0.0|0.0|1.0|1.0|0.0|0.0|0.0|0.0|1.0|0.0|0.0|0
-0.33853830105865296|1.3660182640277516|-0.3863278412577248|-1.5352614996004927|-0.34768966108308674|2.9894903396339902||-0.3609945765535001|||0.385323808566298|0.4703451018391396||-0.3935304806682457|1.2731797834286689|0.0|1.0|0.0|0.0|0.0|0.0|1.0|0.0|0.0|0.0|1.0|0.0|0.0|1.0|0.0|0
||-1.6347790455247182|-1.1259614548442287||-0.3798380158369118|||-0.34463847653490826|1.6042239735961377|-0.3627712173366936||-0.1599001822989266||-1.0490043108088363|0.0|1.0|0.0|0.0|0.0|1.0|0.0|0.0|0.0|0.0|1.0|0.0|0.0|1.0|0.0|0
-0.321751699793575|-0.462391138044792||-0.28969683708432525||-0.3990807962591695|-1.6496784395120077|-0.37078419496867765|-0.347520763572542|-0.33412621237916734|0.3710714559419664|2.647470498168147|-0.2146578774864238|-0.3972408321216342||0.0|1.0|0.0|0.0|0.0|0.0|1.0|1.0|0.0|0.0|0.0|1.0|0.0|0.0|0.0|0
-0.30275633520414463|2.7788800747201714|-0.4236824020261361|-0.2763407303606998|-0.3876963524915116|||-0.3759197324979511|-0.8917436140253487|1.4306403748520806||3.2955450347498045||1.2651340394206225|-1.0490043108088363|0.0|1.0|0.0|1.0|0.0|0.0|0.0|0.0|0.0|0.0|1.0|0.0|0.0|0.0|1.0|0
-0.32572747377740924|||-0.28711178417007516|2.4460042369448507||-0.3675162156887287|-0.3546210076555625||-0.350327348261946|0.8699037977935714|-0.36607609693656273|||1.2731797834286689|1.0|0.0|0.0|0.0|0.0|0.0|1.0|0.0|0.0|1.0|0.0|0.0|0.0|0.0|1.0|1
|-0.462391138044792|-0.389864127206421|-0.29400525860807536||-0.3742167449857438||2.110207741327431|-0.3578146458498055|||-1.5548878249785416|-1.6520473761582246|-1.493580976385842|0.4991184186828339|0.0|1.0|0.0|1.0|0.0|0.0|0.0|0.0|0.0|0.0|1.0|1.0|0.0|0.0|0.0|0
1.9585755562678089||||-0.3562826476179949||1.6820338237582255||3.1454189781432964|3.2050504953468875|-1.283297783297752|-1.3523645322967734|||-0.2749429460630012|0.0|1.0|0.0|0.0|0.0|0.0|1.0|0.0|0.0|0.0|1.0|0.0|0.0|0.0|1.0|0
|2.7788800747201714||-0.26729304516082447||0.18940678766140068||||-0.33605491903187906|-0.357070276286961|-0.35311460620492957|-0.26941557267392097|-1.2771438082715116||1.0|0.0|0.0|1.0|0.0|0.0|0.0|0.0|0.0|1.0|0.0|0.0|0.0|0.0|1.0|0
|||||-0.40372362064818873|-0.34086251758256686|-0.37550705537506307||-1.4334890044248627||-0.35594993230247435|-0.24203672508017238||1.2731797834286689|0.0|1.0|0.0|1.0|0.0|0.0|0.0|0.0|0.0|1.0|0.0|0.0|0.0|0.0|1.0|0
-0.3182176784746112|2.114003928511974||-1.686056252931748|-0.362813829634095|||||-1.279192472207923||-0.34784900059520363||-0.38610977776146865||0.0|1.0|0.0|0.0|0.0|0.0|1.0|0.0|0.0|0.0|1.0|0.0|1.0|0.0|0.0|0
-0.32572747377740924|-0.462391138044792|||-0.3684357686636399|||||-0.34917012427031896|-0.3506676809541843||-0.1462107585020523|-0.3902323904874559|2.821302512920339|0.0|1.0|0.0|0.0|0.0|1.0|0.0|1.0|0.0|0.0|0.0|1.0|0.0|0.0|0.0|1
-0.33632953773430063||1.3466758319104983|-0.2655696765513244||-1.1996034840947865||0.39243921730593717|1.0410553297484455|||||-0.39064465176005464|-1.0490043108088363|1.0|0.0|0.0|0.0|0.0|1.0|0.0|1.0|0.0|0.0|0.0|0.0|0.0|1.0|0.0|0
|-0.462391138044792|-0.388441483433957|-0.2853884155605751|-0.34994355919060366|-0.4038387319966768|||||-0.36825289142297496||-0.25572614887704664||0.4991184186828339|0.0|1.0|0.0|0.0|0.0|1.0|0.0|0.0|0.0|0.0|1.0|1.0|0.0|0.0|0.0|0
||0.3294855345987562|-0.28495757340820005|-0.3698700674593325|-0.3983517577187449|-0.3464319470375858||-1.2927148379682765|-1.2116877393630119||-0.3502792801073848|-0.1872790298926752|3.2439881478944996|-1.0490043108088363|1.0|0.0|0.0|0.0|0.0|1.0|0.0|1.0|0.0|0.0|0.0|1.0|0.0|0.0|0.0|0
|-0.462391138044792||||-0.39200144832715245||2.8094661995543984|-0.35157949429900587|-0.9898864743011611|2.265538020160809|-1.2308505566877126||2.6530803238363285||0.0|1.0|0.0|1.0|0.0|0.0|0.0|0.0|0.0|1.0|0.0|0.0|0.0|0.0|1.0|0
-0.31247489383129506||-0.3839296703269998||2.478660147025351||-0.33887343563434585|-0.3362110226733902|||3.497818354756862|0.5716067481800235|-0.1599001822989266|||1.0|0.0|0.0|0.0|0.0|0.0|1.0|1.0|0.0|0.0|0.0|1.0|0.0|0.0|0.0|1
1.075070226526862||-0.38035273741337616|-0.29874452228420056||||-0.36603840805546517|-0.3338151945976713|3.2050504953468875|-0.35185172255682107|-0.3417733018147506|-0.22834730128329808||-0.2749429460630012|0.0|1.0|1.0|0.0|0.0|0.0|0.0|1.0|0.0|0.0|0.0|0.0|0.0|1.0|0.0|0
||-0.39480273344511735|-0.2944361007604504|0.746616288834105|-0.37795786381160645|-0.3496144781547394|-0.34934791108532637||-0.9416688079833674||-0.34055816205865996|-0.25572614887704664||-1.0490043108088363|0.0|1.0|0.0|0.0|0.0|1.0|0.0|1.0|0.0|0.0|0.0|1.0|0.0|0.0|0.0|0
-0.29347952924186466||-0.3976683444725091|||||-1.0295773686457896|||-0.38097037530314776||-0.22834730128329808|||0.0|1.0|0.0|0.0|0.0|0.0|1.0|0.0|0.0|0.0|1.0|0.0|0.0|1.0|0.0|0
1.2628151090968132||-0.39600181891047986||||-1.6596238492531128||-0.3308544779807822||-0.34886969185388406|1.1893027908594163||2.474433772376881|-0.2749429460630012|0.0|1.0|0.0|0.0|0.0|0.0|1.0|0.0|0.0|1.0|0.0|0.0|0.0|0.0|1.0|0
-1.5975333959395024||-1.3614282063869974|-0.2815108361892|-0.36315959809377085||-0.3376799864654132|-0.3512049581383226|-0.32652124372692465||2.1953725918564073|||-0.39105691303265333||1.0|0.0|0.0|0.0|0.0|0.0|1.0|0.0|0.0|0.0|1.0|0.0|1.0|0.0|0.0|0
-0.30761561451771985|-0.462391138044792|-1.7181053236261796|||-1.1439663323255467|-1.4408248349487989|-0.3663823056578718|||-0.36641104892998444|-1.3624906969308619|-0.6253405913926526|-0.389545288366458||0.0|1.0|0.0|0.0|0.0|1.0|0.0|0.0|0.0|0.0|1.0|1.0|0.0|0.0|0.0|0
|-0.462391138044792|-1.4223986537783104|-0.28495757340820005|-0.36054712528733085|-0.40074991081224665|0.6477112106832873|-0.372480756473884|0.28813136889717783|0.8134542459843218|||||-1.0490043108088363|0.0|1.0|0.0|0.0|1.0|0.0|0.0|0.0|0.0|1.0|0.0|0.0|0.0|1.0|0.0|0
-0.2850862286093257||||-0.35241516336532386|-0.38735862393813314||-0.35888533792540567|1.6503551235883709|-0.3345119537097097|-0.35553540754280216|-0.34055816205865996|0.40136619337291946|||1.0|0.0|0.0|0.0|0.0|0.0|1.0|0.0|0.0|0.0|1.0|0.0|0.0|1.0|0.0|0
-0.3160089151502588|2.280222965064023|-0.397058639998596|-0.28237252049395||-0.3873202534886371|-0.3380778028550574|-0.35883948491175144|-0.33781510313969365|-1.250261872417247||-1.959934410342078|2.4547797629040637||-1.0490043108088363|0.0|1.0|0.0|0.0|0.0|0.0|1.0|0.0|0.0|1.0|0.0|0.0|0.0|1.0|0.0|0
|||||||-0.35037960389254647|-0.3363053337390284|-1.3274101385257167|||-0.22834730128329808||-0.2749429460630012|1.0|0.0|1.0|0.0|0.0|0.0|0.0|0.0|0.0|0.0|1.0|0.0|0.0|0.0|1.0|0
|2.5295515198920975|-1.037776748151443|||-0.38106587022078464||||-0.3480129002786919|-0.3758395283583884|||-0.38102522206608436||0.0|1.0|0.0|0.0|0.0|0.0|1.0|0.0|0.0|1.0|0.0|0.0|0.0|1.0|0.0|0
|-0.462391138044792||-0.28323420479870004||-1.115668125822227|3.0743911875129495|0.3076111420456165||-0.3483986416092343|-0.3647446200077549||-0.2146578774864238|0.6707907047574613|-1.0490043108088363|0.0|1.0|1.0|0.0|0.0|0.0|0.0|1.0|0.0|0.0|0.0|0.0|0.0|0.0|1.0|0
-0.33412077440994825|||-0.2862500998653251|0.2782280883657513||||1.6934913921788082|-1.144183006518101||-0.34501367449765885|0.7436017882947767|||0.0|1.0|0.0|0.0|0.0|0.0|1.0|0.0|0.0|0.0|1.0|1.0|0.0|0.0|0.0|0
-0.3080573671825903|-0.462391138044792|-0.40179401141265464|-1.2982983157942347|-0.36424812842978754|0.6541688571820309|-0.3543882748304699|-0.35186982683630885|1.6278066195524605|0.3602081825970614|||-0.07776363951768084|||0.0|1.0|0.0|0.0|0.0|1.0|0.0|0.0|0.0|1.0|0.0|0.0|0.0|1.0|0.0|0
|-0.462391138044792|-1.6667885304051577|-1.4167799076973637|-0.35008442782232346|2.059006939355329|-0.33847561924470165||-0.3261094884358341|||1.9993959615864887||-0.9713833644274577|-0.2749429460630012|0.0|1.0|0.0|0.0|0.0|0.0|1.0|0.0|0.0|1.0|0.0|0.0|0.0|0.0|1.0|0
1.4947352581538118|-0.462391138044792||-0.2711706245321996|-0.35023810269329053|-0.401210356206199|||-0.3481874149962124|-0.3472414176176072|||-0.22834730128329808|||0.0|1.0|0.0|0.0|0.0|0.0|1.0|1.0|0.0|0.0|0.0|0.0|0.0|0.0|1.0|0
||-0.3936036479797549|||||-0.3496688821809059|0.7817475333354762|-0.33605491903187906||-0.35230451303420246||3.0653415964350526||0.0|1.0|1.0|0.0|0.0|0.0|0.0|0.0|0.0|0.0|1.0|0.0|0.0|0.0|1.0|0
2.5107663873559005|-0.462391138044792|||-1.4663018530915686||-1.4706610641721145|3.1350225964994127|-0.3430306701601738||1.3643508003761513|1.4120784128093613||2.8729530025556476||0.0|1.0|0.0|0.0|0.0|0.0|1.0|1.0|0.0|0.0|0.0|0.0|0.0|0.0|1.0|0
||-0.392526503409175||2.018275846086532||||-0.33724648869009244||-0.3553161405793509|3.13352640060439||0.3822078139383541||0.0|1.0|0.0|0.0|0.0|0.0|1.0|0.0|0.0|0.0|1.0|0.0|0.0|1.0|0.0|1
-0.3093826251772017|-0.462391138044792|||||0.7869469470587598|||-0.350327348261946||-1.716906459123956|||-0.2749429460630012|0.0|1.0|0.0|0.0|0.0|0.0|1.0|0.0|0.0|0.0|1.0|0.0|0.0|0.0|1.0|0
|-0.462391138044792|0.18772924441395294|0.7482019079870852|0.2673427850055845|-0.39317174703678126||2.690248364053407|-1.6333933228586615||||-0.2146578774864238|0.43717598361818394|-1.0490043108088363|0.0|1.0|0.0|0.0|0.0|0.0|1.0|0.0|0.0|1.0|0.0|0.0|0.0|1.0|0.0|0
-0.27713468064165714|2.6957705564441468|-0.38555554892410154|||-0.39468737979187435||-0.3663364526442176|-0.9809572604282984||-0.37206813658702675||-0.24203672508017238|-0.38281168758067885||1.0|0.0|0.0|0.0|0.0|1.0|0.0|1.0|0.0|0.0|0.0|0.0|1.0|0.0|0.0|0
|-0.462391138044792|0.3706405865878926|-0.2884043106272002|-0.3681028064432113|-0.3772096400464339|-0.33927125202399006||-0.33834450279966716||-0.3564124753966072||-0.26941557267392097||-0.2749429460630012|1.0|0.0|0.0|0.0|0.0|1.0|0.0|0.0|0.0|1.0|0.0|1.0|0.0|0.0|0.0|0
|||-0.29012767923670024|-0.3809474644082082|0.6954170903902602|-1.3115345083144316|-0.3501961918379296||0.7170189133487345||-0.3454187210830224|-0.1735896060958009|||0.0|1.0|1.0|0.0|0.0|0.0|0.0|0.0|0.0|0.0|1.0|0.0|0.0|1.0|0.0|0
1.0308949600398147||-0.4314459723272966|-0.2802183097320749||-1.320470400007272|-0.34165815036185526||||||-2.6787541609237966|||0.0|1.0|0.0|0.0|0.0|0.0|1.0|0.0|0.0|1.0|0.0|0.0|0.0|1.0|0.0|0
|-0.462391138044792|||-0.35415681190295056|-0.3824280211778936|0.9162372736931271|||-0.35148457225357305|-1.1583156141305366|||-1.363031573396246||0.0|1.0|0.0|1.0|0.0|0.0|0.0|1.0|0.0|0.0|0.0|0.0|0.0|0.0|1.0|0
|-0.462391138044792|-0.39963972227149486||||-0.3364865372964806||-0.3356582897101718|-0.3410695563289296|||2.4547797629040637|-0.3784142340062925||0.0|1.0|0.0|0.0|1.0|0.0|0.0|0.0|0.0|1.0|0.0|0.0|0.0|0.0|1.0|0
-0.3548831496588605|1.2829087457517268|||3.032529994469132||-0.358366438726912||-0.3270310359920844|-0.334897695040252|-0.3450544466898322|2.060152949391019||-0.3802006995208869|1.2731797834286689|1.0|0.0|0.0|0.0|0.0|0.0|1.0|0.0|0.0|0.0|1.0|0.0|0.0|1.0|0.0|0
|-0.462391138044792|0.9722156675155164||1.1077522356066976|-0.39827501681975286|2.0201777549558013|-0.3699817672297287|-0.3531480858841127|||2.9310031079226215|1.0858373832166341||-0.2749429460630012|0.0|1.0|0.0|0.0|0.0|1.0|0.0|0.0|0.0|1.0|0.0|0.0|0.0|1.0|0.0|0
|-0.462391138044792|-0.39915195869236436||1.6635430189375673|-0.38570869460980395||-0.3572117029270263||-0.33952659100676025||-0.33002695083920797|-0.24203672508017238|0.9559380849715791||0.0|1.0|0.0|0.0|0.0|0.0|1.0|0.0|0.0|0.0|1.0|0.0|0.0|0.0|1.0|0
-0.3001058192149218|-0.462391138044792||-0.2776332568178248|-0.37070247301040415|-0.3865720297234646|-0.35041011093402785|||0.6302271139767059|0.45548923687069953|-0.3490641403512942|-1.6520473761582246|1.4643936545100058||0.0|1.0|0.0|0.0|0.0|1.0|0.0|1.0|0.0|0.0|0.0|1.0|0.0|0.0|0.0|0
-0.3244022157827978|-0.462391138044792||||||||-1.3852713381070692||-0.36729123669265334||-0.40397443290741336||0.0|1.0|1.0|0.0|0.0|0.0|0.0|0.0|0.0|0.0|1.0|0.0|0.0|0.0|1.0|0
-0.3199846891340931|||-0.2815108361892|-0.3689095995157884||-0.3452384978686531|3.2771669388275178||-1.5202808037968913|2.118629154648468||-0.22834730128329808|||0.0|1.0|0.0|0.0|1.0|0.0|0.0|0.0|0.0|0.0|1.0|0.0|0.0|0.0|1.0|0
1.4616038082885263||-0.40638711844946684|-1.30906936960361|||1.7615971016870668|-0.3433182397897955|||-0.3590875323507125|||||0.0|1.0|0.0|0.0|1.0|0.0|0.0|0.0|0.0|0.0|1.0|0.0|0.0|1.0|0.0|0
|||1.7822230736871207||||1.6608482075160023|-0.3348543865228045||||||-0.2749429460630012|0.0|1.0|0.0|0.0|0.0|0.0|1.0|1.0|0.0|0.0|0.0|0.0|0.0|1.0|0.0|0
||-0.4013875417633792|-0.2884043106272002|-0.3638127162953809|1.2877609044851812|-0.3480232125961626||||-0.36299048430014486||0.7436017882947767||-0.2749429460630012|0.0|1.0|0.0|0.0|0.0|0.0|1.0|1.0|0.0|0.0|0.0|1.0|0.0|0.0|0.0|0
-0.33279551641533683|||||0.8887082297264977|||-0.33752099221748616||1.6428198439592454|3.2955450347498045||2.955405257075393||0.0|1.0|1.0|0.0|0.0|0.0|0.0|0.0|0.0|1.0|0.0|0.0|0.0|0.0|1.0|0
-0.34428108570196914|||1.588344105118364|-0.35789623376314905|3.1448906600929005|||-0.31781556042958187|||-0.35635497888783785||0.3547237290984392||0.0|1.0|0.0|1.0|0.0|0.0|0.0|1.0|0.0|0.0|0.0|1.0|0.0|0.0|0.0|0
|-0.462391138044792|-0.3936646184271462||||||||-0.359350652706854||-0.1599001822989266|||0.0|1.0|0.0|0.0|0.0|0.0|1.0|0.0|0.0|0.0|1.0|0.0|0.0|0.0|1.0|0
-0.30717386185284934|-0.462391138044792||-0.2815108361892||-1.0427642717797747|2.8754829926908463|-0.3705090768867523||-0.3387551083456755|1.2525246490160113|||||0.0|1.0|0.0|0.0|0.0|0.0|1.0|0.0|0.0|1.0|0.0|0.0|0.0|0.0|1.0|0
1.7156115905890486|-0.462391138044792|-0.409394993854105|-1.3521535848411115|-0.3723928965910418|-0.3930374504635452|-1.3015890985733265||||2.133977842090056||-0.24203672508017238|||0.0|1.0|0.0|0.0|0.0|0.0|1.0|0.0|0.0|0.0|1.0|1.0|0.0|0.0|0.0|0
|-0.462391138044792||-0.2815108361892|-0.36112340605345733|-0.3921165596756405|-1.4010431959843783|||-0.3383693670151332|-0.3482995977489108|-0.3332673235221163||-0.37277999661410993||0.0|1.0|0.0|0.0|0.0|0.0|1.0|1.0|0.0|0.0|0.0|0.0|0.0|0.0|1.0|0
||||-0.3679107128545025|3.210120424236147||3.2955081442892094||||-0.34825404718056713||-0.3865220390340674|-0.2749429460630012|0.0|1.0|0.0|0.0|0.0|0.0|1.0|0.0|0.0|1.0|0.0|0.0|0.0|0.0|1.0|0
||||-0.35447696788413197|-1.3492482371292924||3.366580315453261|-0.33997191656921555|-0.3387551083456755|-0.3580789043188367|-0.36405086400974507||||1.0|0.0|0.0|0.0|0.0|1.0|0.0|0.0|0.0|1.0|0.0|0.0|0.0|1.0|0.0|0
|-0.462391138044792|-0.42494245793888985||-0.3890538138517206|1.7923323153579396||-0.3506317954676447|||0.4368515449773429|-0.35594993230247435||-1.215304617381703|-0.2749429460630012|0.0|1.0|0.0|1.0|0.0|0.0|0.0|1.0|0.0|0.0|0.0|0.0|0.0|0.0|1.0|0
||0.657709776388659|-0.29529778506520044||-0.38609239910476423|-0.33927125202399006||0.574889518049516||-0.35799119753345626|-0.7549208188855576|-0.2146578774864238||-0.2749429460630012|1.0|0.0|0.0|1.0|0.0|0.0|0.0|1.0|0.0|0.0|0.0|1.0|0.0|0.0|0.0|0
||-0.4041312118959883||-0.36675815132224954|||-0.35209909190458|||-0.3448790331190712||-0.1872790298926752|-0.39696599127323506|1.2731797834286689|0.0|1.0|0.0|0.0|1.0|0.0|0.0|1.0|0.0|0.0|0.0|0.0|0.0|1.0|0.0|0
|||-0.28107999403682493|-0.9181948133090523|||||||||-0.3858349369130695|0.4991184186828339|0.0|1.0|0.0|0.0|0.0|0.0|1.0|0.0|1.0|0.0|0.0|0.0|0.0|1.0|0.0|0
-0.29922231388518084|-0.462391138044792||-0.29400525860807536|-0.35851093324701727||||0.5915558036412758|-1.1152524067274245|-1.3721009034955103|-1.3726168615649503|1.770308573060349|-1.3252409567413628||0.0|1.0|0.0|0.0|1.0|0.0|0.0|1.0|0.0|0.0|0.0|0.0|0.0|0.0|1.0|0
|-0.462391138044792|-0.39803416715685697|1.1790440603621|1.7230920314373033|-0.38198676100868934|-0.3436472323100763|||0.7652365796665281||-0.33974806888793285||-0.3786890748546916|1.2731797834286689|0.0|1.0|0.0|0.0|0.0|0.0|1.0|1.0|0.0|0.0|0.0|0.0|0.0|1.0|0.0|0
2.488678754112377||||0.37939737841906623||-0.3476253962065184|||2.9350315639672426|0.652829503976829|0.7640038762277033||-0.38281168758067885|2.047241148174504|1.0|0.0|0.0|0.0|0.0|1.0|0.0|0.0|0.0|0.0|1.0|0.0|0.0|0.0|1.0|0
-0.3138001518259065||-0.41447586447004775|||-0.40853911205994015|-0.3464319470375858|||0.3698517158606201||-0.3903788920583749|-0.28310499647079523|-0.42513717823414787||0.0|1.0|0.0|0.0|0.0|0.0|1.0|0.0|0.0|0.0|1.0|1.0|0.0|0.0|0.0|0
|-0.462391138044792||0.7589729617964606|-0.3542336493384341|-0.3846151367991672|||-0.33673669642493276|-0.34145529765947197|-1.4356883228963742||-0.25572614887704664|0.21386779429387498|0.4991184186828339|0.0|1.0|0.0|1.0|0.0|0.0|0.0|1.0|0.0|0.0|0.0|0.0|0.0|0.0|1.0|0
|1.3660182640277516|||||-0.3448406814790089||1.3327153276042425||-0.36193800287557887||-0.2146578774864238|||0.0|1.0|0.0|0.0|0.0|1.0|0.0|0.0|0.0|0.0|1.0|0.0|0.0|1.0|0.0|0
-0.3098243778420722|-0.462391138044792|0.831983638515496|-0.2879734684748252|||-0.3452384978686531|-0.3484079243054147||1.951391171084252|-1.1451595963234613|||||1.0|0.0|0.0|0.0|0.0|0.0|1.0|0.0|1.0|0.0|0.0|1.0|0.0|0.0|0.0|1
-0.33544603240455967||-0.3900673620310587|2.471570517487144||-1.3598001107407||3.407848027742066|-1.6956468013925874|-0.34608419362598014||-0.34420358132693174|-1.6520473761582246|||0.0|1.0|0.0|0.0|0.0|1.0|0.0|0.0|0.0|1.0|0.0|0.0|1.0|0.0|0.0|0
-0.3310285057558549|-0.462391138044792|-0.3949043508574362|||-0.38150713038998896|||3.1454189781432964||-0.36088552145101277|-0.3612155379122003||2.2408190512376036|-0.2749429460630012|1.0|0.0|0.0|1.0|0.0|0.0|0.0|0.0|0.0|1.0|0.0|0.0|0.0|1.0|0.0|0
-0.3045233458636265|-0.462391138044792|-0.40067621987714724|-0.27547904605594975||-0.3909654461907597||-0.3625535790177438|-0.34195226344541285|-0.33759788435404847|-0.36005230698989804||-0.24203672508017238|-0.39064465176005464||1.0|0.0|0.0|0.0|0.0|0.0|1.0|1.0|0.0|0.0|0.0|0.0|0.0|0.0|1.0|0
|-0.462391138044792|-0.3990503412800455|-0.2909893635414503||1.442201963706691||-0.35776193909087706|-0.32773690220538243||0.8688074629763152|-0.3429884415708412||-0.38171232418708223||0.0|1.0|0.0|0.0|1.0|0.0|0.0|0.0|0.0|1.0|0.0|0.0|0.0|0.0|1.0|0
|2.6957705564441468|||1.5252356350672125|-0.3921549301251365|0.6874928496477081|-0.3637686838795809||-0.35457050289791187||-1.139715074980917|-0.25572614887704664|-0.39765309339423294|-1.0490043108088363|0.0|1.0|0.0|1.0|0.0|0.0|0.0|1.0|0.0|0.0|0.0|0.0|0.0|0.0|1.0|0
-0.3151254098205179|||-0.2892659949319502||||0.4291216282293191|2.8905228455634404||1.2481393097469862||1.4280729781384915|-0.3847355735194729||0.0|1.0|0.0|0.0|1.0|0.0|0.0|1.0|0.0|0.0|0.0|0.0|1.0|0.0|0.0|1
|-0.462391138044792|||-0.3558088167658465|-1.351166759604094||||-0.33798362568459084|-0.3755764080022469|0.9766533335435598|-0.24203672508017238|2.0827855634080925|-0.2749429460630012|0.0|1.0|0.0|1.0|0.0|0.0|0.0|1.0|0.0|0.0|0.0|0.0|0.0|1.0|0.0|0
0.5007917621952466|-0.462391138044792|0.9584973168524709|-0.28194167834157496|-0.3728283087254484||0.10071367492250283|-0.34934791108532637|0.6351822571020589|0.9291766451470266|-0.35557926093549247|-0.33367237010747985||||0.0|1.0|0.0|0.0|1.0|0.0|0.0|0.0|0.0|1.0|0.0|1.0|0.0|0.0|0.0|0
||-0.39854225421845124|||-0.3896032952336507|1.2643266146318082|-0.3611550621012899|-0.33557986013091645|-1.5202808037968913||-2.0510698920488735|-0.2146578774864238|1.0967940197761432||0.0|1.0|0.0|0.0|0.0|1.0|0.0|0.0|0.0|1.0|0.0|0.0|1.0|0.0|0.0|0
-0.33544603240455967||-0.40738296909019167|-0.2858192577129501|-1.2152995638453694|-0.38515232309211156|||1.8934868192799261||-0.35062382756149413||-1.3098117812363672|-0.38102522206608436|0.4991184186828339|1.0|0.0|0.0|0.0|0.0|1.0|0.0|0.0|0.0|1.0|0.0|0.0|0.0|0.0|1.0|0
|-0.462391138044792|||-0.3714580411259922||0.5979841619777615|-0.3623930934699541||||||-0.3961414687280376|-0.2749429460630012|0.0|1.0|0.0|0.0|0.0|0.0|1.0|1.0|0.0|0.0|0.0|0.0|0.0|0.0|1.0|0
|||2.0622704727308805|0.8208924764681843||-1.391097786243273||-0.3346190977850385||||-0.9675761863145098||-0.2749429460630012|0.0|1.0|0.0|0.0|0.0|1.0|0.0|1.0|0.0|0.0|0.0|0.0|0.0|0.0|1.0|0
-0.32263520512331595||||-0.3458839813492238||-0.3464319470375858|-0.35391028594392193|-0.34765801533623886|-0.34338400431218374|-0.3657971014323209|-1.6764018005876025|-0.2146578774864238|||0.0|1.0|0.0|0.0|1.0|0.0|0.0|0.0|0.0|0.0|1.0|0.0|0.0|0.0|1.0|0
||-0.3977902853672917|-0.2866809420177001|||-0.3424537831411437||||-0.35259723023255535|||-0.3753909846739018|-1.0490043108088363|0.0|1.0|0.0|0.0|0.0|1.0|0.0|0.0|0.0|1.0|0.0|0.0|1.0|0.0|0.0|0
1.7156115905890486|||-0.28366504695107503|||-0.3448406814790089|||-0.36267107083930117|1.7897287094715861|1.9386389737819583|-0.24203672508017238|-1.493580976385842||0.0|1.0|0.0|0.0|0.0|0.0|1.0|0.0|0.0|1.0|0.0|1.0|0.0|0.0|0.0|1
1.6272610576149538|-0.462391138044792|1.6677868548380814|-0.27677157251307477|-0.357640108978204|||-0.33866415890389134|-0.3336583354391606|1.6042239735961377|1.8357747717963495|-0.357975165229292||||1.0|0.0|0.0|0.0|0.0|1.0|0.0|0.0|0.0|1.0|0.0|1.0|0.0|0.0|0.0|0
|-0.462391138044792|-0.37667418708743355||-0.3373422197713047|-1.0624291271464887|-0.34563631425829733|0.2531606883312215|1.5572199982226542|-0.34608419362598014|1.5507277193097182|-0.3612155379122003|3.139250952747778|-0.3984776159394304||0.0|1.0|0.0|0.0|1.0|0.0|0.0|1.0|0.0|0.0|0.0|0.0|0.0|1.0|0.0|0
-0.3230769577881864|2.612661038168122|||2.096393905494788||-0.35080792732367205||-0.33648180029235286|-0.35302753757574246||0.5716067481800235|-0.1735896060958009|-0.38982012921485715||0.0|1.0|1.0|0.0|0.0|0.0|0.0|1.0|0.0|0.0|0.0|0.0|1.0|0.0|0.0|0
-0.3195429364692226|||||-0.3909846314155077||1.258488012700157|||0.46864525467777485|-0.3413682552293871||-0.3802006995208869||0.0|1.0|0.0|0.0|0.0|0.0|1.0|0.0|1.0|0.0|0.0|0.0|1.0|0.0|0.0|0
||||-0.39030882529795163|-0.3852482492158516|||-0.32416835634926444|-0.342612521651099|-0.34216012277227564|||||0.0|1.0|0.0|1.0|0.0|0.0|0.0|0.0|1.0|0.0|0.0|0.0|0.0|0.0|1.0|0
|-0.462391138044792||-1.2552141005567332|-0.36744968824160135||||-0.34083464194102425|1.2956309091622584|||||2.821302512920339|1.0|0.0|0.0|0.0|0.0|1.0|0.0|1.0|0.0|0.0|0.0|1.0|0.0|0.0|0.0|1
|-0.462391138044792|-1.1744521677203035||-0.37117630386255257|||-0.36140725367638815||-0.32409693778506626||2.9917600957271526||||0.0|1.0|0.0|0.0|0.0|0.0|1.0|0.0|1.0|0.0|0.0|0.0|0.0|0.0|1.0|1
-0.33058675309098445|-0.462391138044792||||-0.37736312184441806|3.3130810212994737|0.7776045320014472||-0.35302753757574246|-0.35487760665244844|-1.5447616603444532||-0.38281168758067885||0.0|1.0|0.0|0.0|0.0|0.0|1.0|1.0|0.0|0.0|0.0|0.0|0.0|0.0|1.0|0
||||-0.36122585596743534||||1.6199636616269264||-0.3561493550404657|-0.35473479254638374||||1.0|0.0|0.0|0.0|0.0|0.0|1.0|1.0|0.0|0.0|0.0|0.0|0.0|0.0|1.0|0
-0.3310285057558549|||-0.311669786855451|2.107279208854955|-0.3872818830391411|0.19022236259244937|3.2886301922410746|-0.3462266755148289||-0.36434993947354266||-0.25572614887704664|3.0653415964350526||0.0|1.0|0.0|0.0|1.0|0.0|0.0|0.0|0.0|0.0|1.0|0.0|0.0|1.0|0.0|0
-1.089517831338458|-0.462391138044792||-0.27160146668457463|||-0.36234460262335405|-0.34136948670949074||-0.33605491903187906|-0.3707963881990095|-0.34379853474156824|||-1.0490043108088363|1.0|0.0|0.0|0.0|0.0|1.0|0.0|0.0|0.0|0.0|1.0|0.0|0.0|1.0|0.0|0
|0.9504706726476281|-0.3984203133236686|-0.28064915188444994|1.7026020486416953|-0.37740149229391406|-0.33449745534825953|-0.3487747484146485||-0.3445412283038108||||0.6330000881025781||0.0|1.0|0.0|0.0|0.0|1.0|0.0|0.0|0.0|1.0|0.0|0.0|0.0|0.0|1.0|0
3.1292201181745636|||2.3854020870121415|-0.3587670580319624|2.7132231032625937|-1.2419166401266954|2.791124994092707||||-0.34825404718056713|||-0.2749429460630012|1.0|0.0|1.0|0.0|0.0|0.0|0.0|0.0|0.0|0.0|1.0|1.0|0.0|0.0|0.0|0
||0.5362769686676269|||-0.37724801049592993|-1.2618074596089057|||-0.34917012427031896|0.6078797764693218|-0.3535196527902931||||0.0|1.0|0.0|0.0|0.0|0.0|1.0|0.0|0.0|0.0|1.0|1.0|0.0|0.0|0.0|0
-0.3080573671825903|||0.7158887465589591|-0.3676289755910629|0.7769542955693182||-1.6153496180785443||-0.3468556762870649||2.282928571340964||||0.0|1.0|0.0|0.0|0.0|0.0|1.0|0.0|0.0|0.0|1.0|0.0|0.0|1.0|0.0|0
-0.30761561451771985||0.3274531863523791|-1.244443046747358|||||-0.3323642473814475|-0.334897695040252||-0.36445591059510857|||-0.2749429460630012|1.0|0.0|0.0|0.0|0.0|1.0|0.0|1.0|0.0|0.0|0.0|0.0|0.0|0.0|1.0|0
-0.29215427124725324|-0.462391138044792|-0.4002087797804805||||-0.34006688480327846|-0.3574638945021246|-0.3336191206495329|||-0.35878525840001907|-0.26941557267392097|2.474433772376881||0.0|1.0|0.0|0.0|0.0|0.0|1.0|1.0|0.0|0.0|0.0|1.0|0.0|0.0|0.0|0
|-0.462391138044792|||||-0.348818845375451|-0.3429972686942159|0.21803493243771735|-0.3387551083456755|-0.3723751103358586||-1.9942829710800818|-0.39284337854724777|-0.2749429460630012|1.0|0.0|1.0|0.0|0.0|0.0|0.0|0.0|0.0|0.0|1.0|0.0|0.0|1.0|0.0|0
-0.32219345245844544|-0.462391138044792|0.41230372563862333|-0.2776332568178248|-0.36632273918784286|-0.3854784719128278|-0.33927125202399006|-1.3625848803096159|||-0.37009473391596553|0.7234992176913496|-0.2009684536895495||-0.2749429460630012|1.0|0.0|0.0|0.0|0.0|0.0|1.0|0.0|0.0|1.0|0.0|0.0|0.0|0.0|1.0|0
-0.29613004523108755||2.6920903710121435|||-0.38797255113006957||-0.3595043536097377||-1.4142019378977453||||0.33411066546850293|1.2731797834286689|0.0|1.0|0.0|1.0|0.0|0.0|0.0|0.0|0.0|0.0|1.0|0.0|0.0|1.0|0.0|0
||-0.4131141911449751|-0.2789257832749499|||-1.3811523765021678||-1.5628067015288547|||1.655106364027483|-0.2009684536895495|-0.38762140242766396|-1.0490043108088363|1.0|0.0|0.0|0.0|0.0|1.0|0.0|1.0|0.0|0.0|0.0|0.0|0.0|0.0|1.0|0
-0.3509073756750262|||-0.2884043106272002|-1.3939466013445774|2.734326850485409|-0.36314023540264245|-0.3635852718249639|0.8846863561081105|0.6012965141860297|2.1471338598971315||-0.22834730128329808|-0.37800197273369374||0.0|1.0|0.0|0.0|0.0|1.0|0.0|1.0|0.0|0.0|0.0|0.0|1.0|0.0|0.0|0
1.6272610576149538|-0.462391138044792|-0.4154513916283088|0.6189492622745808||-0.39716227378436814|-0.3436472323100763|-0.36883544188837303|1.1876206059818624||0.3919018174698356||-0.2146578774864238|-0.3843233122468742|0.4991184186828339|0.0|1.0|0.0|1.0|0.0|0.0|0.0|0.0|0.0|1.0|0.0|0.0|0.0|1.0|0.0|0
0.544967028682294|-0.462391138044792|-0.3950669387171464|||-0.4001743540698062|-0.3448406814790089|||-0.34222678032055664|||2.4547797629040637|-0.389545288366458||0.0|1.0|0.0|1.0|0.0|0.0|0.0|0.0|0.0|1.0|0.0|0.0|0.0|0.0|1.0|0
-1.1226492812037434|-0.462391138044792|-1.2887717565790158||-0.36627151423085386|||-0.3484767038258961||-0.342612521651099||-1.5447616603444532|-0.22834730128329808||0.4991184186828339|0.0|1.0|0.0|0.0|0.0|1.0|0.0|0.0|0.0|1.0|0.0|0.0|0.0|0.0|1.0|0
0.36826596273410456||-0.3942539994185955||0.7613434639684483||-0.33927125202399006|0.7724460679653466||-0.3549562442284542|1.0705330693514696|||||0.0|1.0|0.0|0.0|0.0|0.0|1.0|0.0|0.0|0.0|1.0|0.0|0.0|1.0|0.0|0
0.8762815273351491|-0.462391138044792|||-1.0331308105531665|-0.3768834912257177||||0.3698517158606201|-1.30741714927739|-0.3373177893757517||||0.0|1.0|0.0|1.0|0.0|0.0|0.0|0.0|0.0|1.0|0.0|0.0|0.0|1.0|0.0|0
||-0.3815111759138111|-0.2862500998653251||-0.38133446336725685||0.6767279019621469|0.49400901444244627||3.116293838351678|-0.35068432669274835||||0.0|1.0|0.0|0.0|0.0|0.0|1.0|0.0|0.0|0.0|1.0|0.0|1.0|0.0|0.0|0
-0.30054757187979225||-0.40126560086859653|3.462507467949678||3.0508830588276337|||-0.3151489547349003|-0.33605491903187906|1.1856482251633786|-1.3523645322967734||-0.38982012921485715||0.0|1.0|0.0|1.0|0.0|0.0|0.0|0.0|0.0|0.0|1.0|0.0|1.0|0.0|0.0|0
-0.30408159319875605|-0.462391138044792|||-1.4221203276885386|-0.371607554420014||-0.34288263616008025|||-0.35562311432818267||-0.2146578774864238|3.3264404024142444||0.0|1.0|0.0|0.0|0.0|0.0|1.0|1.0|0.0|0.0|0.0|1.0|0.0|0.0|0.0|0
0.23574016327296252|-0.462391138044792||-1.7075983605504987||-0.3799723124101479||||-0.3472414176176072|0.3228327239826903|-0.35635497888783785||0.3547237290984392||0.0|1.0|0.0|0.0|0.0|0.0|1.0|0.0|0.0|0.0|1.0|1.0|0.0|0.0|0.0|0
-0.2895037552580304||1.488940209156896|1.3513809213121057|-0.3614691745131332|-0.3722598520614464|||1.4307523016734178||-0.35996460020451754||1.770308573060349|-0.42032746338716276||0.0|1.0|0.0|0.0|0.0|1.0|0.0|0.0|0.0|1.0|0.0|0.0|0.0|0.0|1.0|0
-0.346048096361451||-0.39976166316627754|-0.27547904605594975|-0.3620710677577542|-0.37348770644531926|||-0.3157175691845015|-0.342612521651099|||-0.2146578774864238|-0.3694819064333201|-1.0490043108088363|1.0|0.0|0.0|1.0|0.0|0.0|0.0|0.0|0.0|1.0|0.0|0.0|0.0|1.0|0.0|0
||0.3421877111386131|1.4590914594058595|-0.36931939917170054|||-0.3529702991640103||-0.35302753757574246|-0.34952749274423783|||-0.38281168758067885||1.0|0.0|0.0|0.0|0.0|0.0|1.0|0.0|0.0|0.0|1.0|0.0|0.0|1.0|0.0|0
-0.31070788317181314|||-0.28711178417007516||-0.38361750511227044|-0.33966906841363426||-0.34687371954368545|-0.34338400431218374|0.38751647820081053|||2.8042427904558602||0.0|1.0|0.0|0.0|0.0|1.0|0.0|0.0|0.0|0.0|1.0|0.0|0.0|1.0|0.0|0
||-0.39079900739975443||-0.3524791945615602||-0.3472275798168742|-0.348270365264452||||-0.3458237676683859||-0.3843233122468742||1.0|0.0|0.0|0.0|0.0|0.0|1.0|0.0|0.0|1.0|0.0|1.0|0.0|0.0|0.0|1
-0.2952465399013466||-0.3879537198548265|-1.9445615443567565|-1.7355530332651061|-0.40092257783497876||||-0.3472414176176072||-0.3288118110831174|-0.22834730128329808|-0.3687948043123222||0.0|1.0|0.0|1.0|0.0|0.0|0.0|0.0|0.0|0.0|1.0|0.0|1.0|0.0|0.0|0
-0.3279362371017616|-0.462391138044792||||-0.38077809184956446|||-1.151541595308664|-0.34338400431218374||||||0.0|1.0|0.0|1.0|0.0|0.0|0.0|1.0|0.0|0.0|0.0|0.0|0.0|1.0|0.0|0
|-0.462391138044792|||-0.36200703656151795||-0.34006688480327846|-0.34689477485482517||-0.3510988309230307|-0.36777050410338225|1.8373773274410743|-0.24203672508017238|||0.0|1.0|0.0|0.0|0.0|1.0|0.0|0.0|0.0|0.0|1.0|0.0|0.0|0.0|1.0|0
-0.2815522072903619|-0.462391138044792|-0.40303374384294466|-0.30563799672220077||||-0.3584268077888634|-0.33595240063237936||-0.3540005387986434||||-0.2749429460630012|0.0|1.0|0.0|0.0|0.0|1.0|0.0|0.0|0.0|0.0|1.0|0.0|0.0|0.0|1.0|0
||||-0.37512062555070713|1.1774458621841029||-0.3631267416884217|-0.34955993263318086|-0.3526417962452001|-0.36772665071069194|1.3918260835411846||-0.3924311172746491||0.0|1.0|0.0|0.0|0.0|1.0|0.0|0.0|1.0|0.0|0.0|0.0|1.0|0.0|0.0|1
|-0.462391138044792|0.5250990533125528||-0.3614819807523805||-0.348818845375451|-0.3553088028603759|-0.33605043760644854|||||||0.0|1.0|0.0|0.0|0.0|1.0|0.0|0.0|0.0|1.0|0.0|0.0|0.0|0.0|1.0|0
|||||-0.39134915068571996||-0.36294332963380477|0.515086963867319||-0.36040313413142|-0.3591903049853826||-0.3965537300006364|-0.2749429460630012|1.0|0.0|1.0|0.0|0.0|0.0|0.0|0.0|0.0|0.0|1.0|0.0|0.0|0.0|1.0|1
|||0.7374308541777098|-0.3676673943088047|||1.5416303720150106|||-0.35128162845184785|-0.3474439540098401||-0.3858349369130695||0.0|1.0|0.0|1.0|0.0|0.0|0.0|0.0|0.0|0.0|1.0|0.0|0.0|1.0|0.0|0
-0.3138001518259065|-0.462391138044792|3.0050720009542182||-0.3658617145749417|-1.3693927231147067|0.31951268922681664||-1.3691836777422333|-0.3518703135841154|-0.35645632878929745||-0.22834730128329808|0.5677253866077802||0.0|1.0|0.0|0.0|0.0|0.0|1.0|1.0|0.0|0.0|0.0|0.0|0.0|0.0|1.0|0
-0.33367902174507774||-0.38602298902076826|-0.27160146668457463|0.9819309350024167|||-0.3641584344956418|||0.8435917621794209|-0.34784900059520363||||0.0|1.0|0.0|0.0|0.0|1.0|0.0|0.0|0.0|0.0|1.0|0.0|0.0|0.0|1.0|0
2.621204553573519||-1.0865531060644935|0.2527334327558183||-1.4547669732433675||1.6998232691220956|-0.3320897438540538|-0.34994160693140364||||||0.0|1.0|0.0|0.0|0.0|0.0|1.0|0.0|1.0|0.0|0.0|0.0|0.0|0.0|1.0|0
||-0.4030743908078722||0.5253885058377739|||0.6623988351952009|||-0.35180786916413087||-0.2146578774864238|||0.0|1.0|0.0|0.0|0.0|0.0|1.0|0.0|0.0|1.0|0.0|0.0|0.0|1.0|0.0|0
-0.28685323926880757|-0.462391138044792||-0.2858192577129501|0.7898373462935908|-0.37696023212470975||-0.3483162182781062|||-1.2295773772521945|-0.3494691869366578||-0.38762140242766396|0.4991184186828339|0.0|1.0|1.0|0.0|0.0|0.0|0.0|0.0|0.0|1.0|0.0|0.0|0.0|0.0|1.0|0
-0.31335839916103597|-0.462391138044792|||||-1.0628992647868023||||-0.3660163683957722|||-1.4454838279159907||0.0|1.0|0.0|0.0|0.0|0.0|1.0|0.0|0.0|1.0|0.0|0.0|0.0|0.0|1.0|0
|-0.462391138044792||-0.2694472559226995|-0.36750091319859035|-1.3871390560066195|||2.249361035151033|-0.3306545404042862|||1.0858373832166341|-0.3854226756404708||0.0|1.0|0.0|0.0|0.0|1.0|0.0|0.0|1.0|0.0|0.0|0.0|0.0|0.0|1.0|0
|||-0.2914202056938253|-0.35012284654006526|||-0.3679871611357698|-1.7941739603321087||1.0288723462957312|-0.35230451303420246|-0.22834730128329808|-0.3902323904874559||0.0|1.0|0.0|0.0|0.0|0.0|1.0|0.0|0.0|0.0|1.0|0.0|0.0|1.0|0.0|0
0.7768871777392925|-0.462391138044792|-0.42496278142135363||||-0.360355520675133|||-0.3522560549146578|0.9861152884227365|-1.342238367662685|-0.22834730128329808|-0.3902323904874559||1.0|0.0|0.0|0.0|0.0|0.0|1.0|0.0|0.0|0.0|1.0|1.0|0.0|0.0|0.0|0
2.002750822754856||2.4187395318744227|||-0.3959919750747393|2.1991951302956942|-1.0954910757737415|0.7954727097051608|-0.3329689883875403|-0.34913281221002557|1.8778819859774278|||-0.2749429460630012|0.0|1.0|0.0|1.0|0.0|0.0|0.0|1.0|0.0|0.0|0.0|0.0|0.0|0.0|1.0|0
-0.330145000426114|-0.462391138044792|-0.39134774142627626|0.42507029370582416|0.8391413673955228||-0.3547860912201141|-0.34428115307653423||-0.35919939886442004|-0.3682090380302847|-0.3470389074244765||||1.0|0.0|0.0|0.0|0.0|0.0|1.0|0.0|0.0|1.0|0.0|0.0|0.0|1.0|0.0|0
|-0.462391138044792||3.204002176524669|||||-1.3603603500760075|||||||0.0|1.0|0.0|0.0|0.0|0.0|1.0|0.0|0.0|0.0|1.0|0.0|0.0|1.0|0.0|0
-0.6256775332244607|||1.5237177822621117|-1.8482479386409505|0.5779075888086767|-0.3460341306479416|-0.3549649052579692|-0.3422463743676204|||||-0.38391105097427547|0.4991184186828339|0.0|1.0|1.0|0.0|0.0|0.0|0.0|0.0|0.0|0.0|1.0|1.0|0.0|0.0|0.0|1
|-0.462391138044792|1.7460322623236|-0.28711178417007516|-0.3559624916368135|-0.9885660118666362|0.7770015373176546||-0.3518147830367719|2.6264384995333634|-0.3699631737378948||||0.4991184186828339|0.0|1.0|0.0|0.0|0.0|0.0|1.0|0.0|0.0|0.0|1.0|0.0|0.0|0.0|1.0|0
||-0.41526848028613483|||1.7175099388406865|-0.3424537831411437|0.6916301313997709||-0.35765643354225063||||1.5262328453998146||0.0|1.0|0.0|0.0|0.0|1.0|0.0|0.0|0.0|1.0|0.0|1.0|0.0|0.0|0.0|0
||||-0.3415426662444043||-0.34563631425829733||-0.35954009659342295||-0.37776907763675943|-0.3600003981561097||||0.0|1.0|0.0|1.0|0.0|0.0|0.0|0.0|0.0|0.0|1.0|0.0|1.0|0.0|0.0|0
-0.3438393330370987|-0.462391138044792||3.376339037474675|0.3473817803009286|2.3228037796405165|||-1.1966386033804843|-0.3526417962452001|1.2525246490160113||0.7436017882947767|2.1927219027677523||0.0|1.0|0.0|0.0|0.0|0.0|1.0|0.0|0.0|0.0|1.0|1.0|0.0|0.0|0.0|0
||-0.3825476735194634||-0.3436300832417069|||2.0735253304040486|-0.34559923888078614|||1.2703121079321236|0.40136619337291946|-0.3947672644860418||0.0|1.0|0.0|0.0|1.0|0.0|0.0|0.0|1.0|0.0|0.0|0.0|0.0|1.0|0.0|1
0.6333175616563886|-0.462391138044792|-0.4148010401894681|-0.28237252049395|0.8253746602047236|-0.381583871288981||||-0.34145529765947197||-0.3539246993756566|1.770308573060349|-0.3917440151536512||0.0|1.0|0.0|0.0|0.0|0.0|1.0|1.0|0.0|0.0|0.0|1.0|0.0|0.0|0.0|0
||-0.39966004575395864|-0.27806409897019985|0.6166329604744661|-1.5732357360623517||-0.3489581604692654|-0.34518748358969564|-0.3406838149983873||-0.32921685766848097||||0.0|1.0|0.0|0.0|0.0|1.0|0.0|0.0|0.0|1.0|0.0|1.0|0.0|0.0|0.0|0
|||-0.29271273215095034|||-0.3448406814790089|2.2282792514870664||-0.34184103899001433|-1.180242310475662||2.4547797629040637|||0.0|1.0|0.0|0.0|0.0|1.0|0.0|0.0|0.0|0.0|1.0|0.0|0.0|0.0|1.0|0
||||3.524929893526089||||||-0.3634290182270473|-0.35635497888783785|-0.25572614887704664|-1.2049980855667348||1.0|0.0|0.0|1.0|0.0|0.0|0.0|0.0|0.0|0.0|1.0|0.0|0.0|1.0|0.0|0
-0.33058675309098445||||||-0.3368843536861248||-1.3510468375394358||3.519745051101987|-0.33164713718066213||-0.37126837194791457||0.0|1.0|0.0|0.0|0.0|0.0|1.0|0.0|1.0|0.0|0.0|0.0|0.0|0.0|1.0|1
||1.5651532683960374|-1.5460325534098682||-0.37379467004128747|||-0.3516187090886336|0.9195331118834679|0.26801598311987657|||||1.0|0.0|0.0|0.0|0.0|0.0|1.0|0.0|0.0|0.0|1.0|0.0|1.0|0.0|0.0|0
-1.4650075964783604|1.6984563371318504|1.124133698932205|-0.27935662542732487||-0.397123903334872||0.9466875198514108|||-0.35421980576209466|||-0.3661838162525303||0.0|1.0|0.0|0.0|0.0|0.0|1.0|1.0|0.0|0.0|0.0|0.0|0.0|0.0|1.0|0
|1.781565855407875|-1.7653574203544473|||-0.3811809815692727|-0.3464319470375858|-0.3526034750547765|-0.34285420360684926|3.3593470275638273|-0.3609732282363933|-0.34460862791229535||0.62269355628761||0.0|1.0|0.0|0.0|0.0|0.0|1.0|0.0|0.0|0.0|1.0|0.0|0.0|0.0|1.0|0
-0.3129166464961655|-0.462391138044792||-0.28495757340820005|-0.34914957235727384|||-0.3562258631334605|-0.34271695184315243||-0.3608416680583226|0.5614805835459352|1.4280729781384915|-0.3902323904874559|-0.2749429460630012|0.0|1.0|0.0|0.0|0.0|0.0|1.0|0.0|0.0|0.0|1.0|1.0|0.0|0.0|0.0|0
-0.32351871045305686||||-0.3611618247711991||0.7968923567998649|-0.3335286213746179|2.04642449882784||2.0440783870750416||1.0858373832166341|-0.4009511835750227|-1.0490043108088363|1.0|0.0|0.0|0.0|0.0|1.0|0.0|0.0|0.0|1.0|0.0|1.0|0.0|0.0|0.0|0
|-0.462391138044792|||0.7309286457562173|-0.3749074130766723|-0.35120574371331625||-0.3209723509946093|||-0.33934302230256935|1.770308573060349||-0.2749429460630012|0.0|1.0|0.0|0.0|0.0|1.0|0.0|0.0|0.0|0.0|1.0|0.0|0.0|0.0|1.0|0
2.819993252765232|-0.462391138044792|-0.38630751777526107|||||-0.3529244461503561|-0.33669748163530505|-1.240618339153688||||0.48527313208803524|-1.0490043108088363|1.0|0.0|0.0|1.0|0.0|0.0|0.0|1.0|0.0|0.0|0.0|0.0|0.0|0.0|1.0|0
-0.32396046311792737|-0.462391138044792|1.6179943228018423|-1.2659851543661085|||||1.6160421826641596|1.199195576526671|-0.8984842624407996|-0.36283572425365446||0.8391307244019404||1.0|0.0|0.0|0.0|0.0|1.0|0.0|1.0|0.0|0.0|0.0|0.0|0.0|0.0|1.0|0
-0.3001058192149218|-0.462391138044792|1.3344817424322357|-0.2772024146654498|3.3943062532040873||0.5880387522366564|-0.36519012730286193||-0.33566917770133675||-1.4232476847353923|-0.2146578774864238||-1.0490043108088363|0.0|1.0|1.0|0.0|0.0|0.0|0.0|1.0|0.0|0.0|0.0|1.0|0.0|0.0|0.0|0
-0.3358877850694301||2.1453886927367014|-0.2905585213890753|-0.37506940059371807|2.878216036095511|-1.5402789323598507|||-0.33952659100676025|1.5244156836955673|-0.3413682552293871|||-0.2749429460630012|1.0|0.0|0.0|0.0|0.0|1.0|0.0|0.0|0.0|0.0|1.0|0.0|0.0|0.0|1.0|0
||-0.4085617310730904|-0.29615946936995047|-0.371496459843734|||0.7862019720616149|-0.349069747762835|-1.2984795387350405||-0.34460862791229535|0.7436017882947767||-1.0490043108088363|0.0|1.0|0.0|0.0|1.0|0.0|0.0|0.0|0.0|0.0|1.0|0.0|1.0|0.0|0.0|0
-0.2850862286093257|||-0.2884043106272002|0.6143918686061965|||-0.3488893809487841|-0.3386386137218747|0.23484225017079788|1.5858104334619187|-0.36688619010728984||-0.40356217163481467|-0.2749429460630012|1.0|0.0|0.0|0.0|1.0|0.0|0.0|0.0|0.0|0.0|1.0|0.0|1.0|0.0|0.0|0
|-0.462391138044792|1.5336518705771922||-0.36050870656958905|1.8978510514720146|-0.34126033397221106||-1.0951703352188882|||2.060152949391019|2.4547797629040637|||0.0|1.0|0.0|0.0|0.0|0.0|1.0|0.0|0.0|1.0|0.0|0.0|0.0|0.0|1.0|0
-0.3350042797396892|-0.462391138044792|-0.3900063915836674|-1.2875272619848592|-0.35162117653199404|||-0.37484218667707675|-0.3430306701601738|-0.3352834363707944|-0.3611486418071543|||-0.3884459249728614|-1.0490043108088363|0.0|1.0|0.0|0.0|0.0|0.0|1.0|0.0|0.0|0.0|1.0|0.0|0.0|1.0|0.0|0
-0.2917125185823828||-0.41258578060091705|-0.28754262632245015|-0.37581216247005883||-0.3547860912201141|-0.3755758348955444|-1.3064400143379609|||-1.716906459123956|-0.22834730128329808|0.7910335759320892||0.0|1.0|0.0|0.0|0.0|0.0|1.0|1.0|0.0|0.0|0.0|0.0|0.0|0.0|1.0|0
|-0.462391138044792|-0.402383392404104|1.8899336117808745||-0.37053318183412515|-0.3535926420511815|-0.3418050903392059|||-1.3381145241605656||-0.2146578774864238||-1.0490043108088363|0.0|1.0|0.0|0.0|1.0|0.0|0.0|1.0|0.0|0.0|0.0|0.0|0.0|1.0|0.0|0
0.4676603123299611|2.945099111272221||||-0.38453839590017513|||-0.3443639730075146|||-0.3401531154732964|-0.22834730128329808|-0.3791013361272903||0.0|1.0|0.0|0.0|0.0|1.0|0.0|1.0|0.0|0.0|0.0|0.0|0.0|1.0|0.0|0
-0.32749448443689116|-0.462391138044792|-0.3737882525775781|-0.28495757340820005|1.3094505037509647|||||-0.34376974564272605|-0.34009901331583386|-0.36729123669265334||-0.40397443290741336|0.4991184186828339|0.0|1.0|0.0|0.0|0.0|1.0|0.0|1.0|0.0|0.0|0.0|0.0|0.0|1.0|0.0|1
-0.32396046311792737||||-1.6430279547036883|-0.38375180168550654|-0.34086251758256686|||-0.34376974564272605|-0.3545706329036167|0.8348870286663221|-0.2146578774864238|||1.0|0.0|0.0|0.0|1.0|0.0|0.0|1.0|0.0|0.0|0.0|1.0|0.0|0.0|0.0|0
2.3230215047859497|||||-0.3921549301251365||-0.3637686838795809|-0.3262271328047171||||-0.2009684536895495|-0.40067634272662356||1.0|0.0|0.0|0.0|1.0|0.0|0.0|0.0|0.0|0.0|1.0|0.0|0.0|0.0|1.0|0
||3.328215372128178|-0.27418651959882473|||-1.1126263134923282|||2.0092523706656045|-0.3557108211135632||||-0.2749429460630012|0.0|1.0|0.0|0.0|0.0|1.0|0.0|1.0|0.0|0.0|0.0|0.0|0.0|0.0|1.0|0
-0.2943630345716056|-0.462391138044792|-0.4079926735641048|||||-0.35615708361297915||||-0.3373177893757517|-0.24203672508017238|||0.0|1.0|0.0|1.0|0.0|0.0|0.0|0.0|0.0|0.0|1.0|0.0|0.0|0.0|1.0|0
|||-0.2862500998653251||1.0421900277106066|-0.33330400617932693||-0.34173658210246066|-0.34531271096489546|1.4301308894115279|2.18166692500008||||0.0|1.0|0.0|0.0|0.0|0.0|1.0|0.0|0.0|0.0|1.0|0.0|0.0|0.0|1.0|0
|-0.462391138044792|0.09983018275814304|-0.2815108361892||-0.002445459818735649|-0.35160356010296046|-0.3871078678295826|||-1.331536515257028|0.9361486750072062|-0.2146578774864238|||0.0|1.0|0.0|1.0|0.0|0.0|0.0|1.0|0.0|0.0|0.0|0.0|0.0|0.0|1.0|0
-0.3014310772095332||-0.4015501296230894||-0.36399200364484247||-0.36115115345442145|-0.36569451045305845|-0.3316387737733356|-0.34184103899001433|-1.5639594965153583|-0.3429884415708412|-0.22834730128329808||-0.2749429460630012|1.0|0.0|0.0|0.0|0.0|0.0|1.0|0.0|0.0|1.0|0.0|1.0|0.0|0.0|0.0|0
||-0.4073626456077279|-0.2970211536747005|-0.3702158359190085||-0.3579686223372678|-0.3715178431871453||-0.34994160693140364||-0.3494691869366578|-0.2009684536895495|1.4506516120900483||0.0|1.0|0.0|0.0|1.0|0.0|0.0|0.0|0.0|1.0|0.0|0.0|0.0|1.0|0.0|0
||-0.3951685561294652|-0.28409588910345007||-0.3981407202465168||-0.369844208188766|||-1.1330999133336424|||||0.0|1.0|0.0|0.0|0.0|0.0|1.0|1.0|0.0|0.0|0.0|0.0|0.0|1.0|0.0|0
|-0.462391138044792|-1.3121437614123523|-0.28366504695107503|-0.36527262756956796|1.6071948965396081|||-0.3423051965520619|0.6302271139767059|||-0.2009684536895495||-0.2749429460630012|1.0|0.0|0.0|0.0|0.0|0.0|1.0|1.0|0.0|0.0|0.0|1.0|0.0|0.0|0.0|0
||-0.40331827259743747|-1.2121298853192317|-0.3658873270534362|1.6666690932584503|2.5373390614932703||-0.3419130486557852|-0.3526417962452001|-0.36000845359720773||||-0.2749429460630012|0.0|1.0|0.0|0.0|0.0|1.0|0.0|0.0|0.0|0.0|1.0|1.0|0.0|0.0|0.0|0
-0.29745530322569896|-0.462391138044792||-0.27849494112257484|-0.3768110491313448||-0.3325083734000385|-1.7970421846834204||1.5463627740147854|||-0.22834730128329808||-1.0490043108088363|0.0|1.0|0.0|0.0|0.0|1.0|0.0|0.0|0.0|1.0|0.0|0.0|0.0|0.0|1.0|0
-0.3323537637504663|-0.462391138044792|-0.39825772546395843|-1.9122483829286305||-0.3902939633245792|0.4786392450844994|2.9837076514404623|-0.3253448000380945|||-0.3681013298633804|-0.25572614887704664|||0.0|1.0|0.0|0.0|0.0|0.0|1.0|0.0|0.0|0.0|1.0|1.0|0.0|0.0|0.0|0
|-0.462391138044792|-0.397322845270625||-0.35945859495131416|-0.3794159408924555|||-0.354540210915895|-1.1634700730452183|||-0.24203672508017238|-0.3884459249728614|0.4991184186828339|0.0|1.0|0.0|0.0|1.0|0.0|0.0|0.0|0.0|0.0|1.0|0.0|0.0|0.0|1.0|0
-0.30717386185284934|-0.462391138044792|||0.5100210187410679|||-0.37740995544171346|||-0.3487381316758133|-0.336102649619661||-0.3753909846739018|1.2731797834286689|0.0|1.0|0.0|0.0|0.0|1.0|0.0|0.0|1.0|0.0|0.0|0.0|0.0|0.0|1.0|1
-1.3324817970172183|||-0.2918510478462003|-0.3587286393142206|-0.3819675757839413|-0.3496144781547394||||||0.40136619337291946|||0.0|1.0|0.0|0.0|0.0|0.0|1.0|0.0|0.0|0.0|1.0|0.0|0.0|0.0|1.0|0
0.6001861117911031|-0.462391138044792||-1.4706351767442405||1.5390873486841596|||-0.3415209007595085||-0.3596137730629955||-1.6520473761582246|1.3201022091004524||1.0|0.0|1.0|0.0|0.0|0.0|0.0|0.0|0.0|1.0|0.0|0.0|0.0|1.0|0.0|1
|-0.462391138044792|-0.3937865593219288|0.8235992846527128|1.9504027780760802|||0.6549477204763889||-0.33335472971808267|0.28665367501323324|||||0.0|1.0|0.0|0.0|1.0|0.0|0.0|1.0|0.0|0.0|0.0|0.0|0.0|1.0|0.0|0
|-0.462391138044792|0.33863110170745336||||||-0.3336583354391606|-1.2888360054714818||-1.342238367662685|-0.24203672508017238|-0.3902323904874559||0.0|1.0|0.0|0.0|0.0|1.0|0.0|1.0|0.0|0.0|0.0|1.0|0.0|0.0|0.0|0
|-0.462391138044792|||-0.38691517189742897||-0.34006688480327846|1.636775375347533|0.9121367088474797|-0.3549562442284542|-0.3833823119011116|0.6121114067163772|0.7436017882947767||-0.2749429460630012|1.0|0.0|0.0|0.0|0.0|1.0|0.0|1.0|0.0|0.0|0.0|0.0|0.0|1.0|0.0|0
-0.3248439684476683|2.114003928511974|-0.39496532130482753|-0.2858192577129501|0.7424542610787471|1.739572947300902|-0.3480232125961626|||0.774880112930087||-0.3510893732781119||||0.0|1.0|0.0|0.0|0.0|1.0|0.0|1.0|0.0|0.0|0.0|0.0|1.0|0.0|0.0|0
|||-1.3306114772223607||0.35775713482522026|-0.3452384978686531||-0.32952117513344137|-0.3402980736678449|-0.3475540900731765|1.2500597786639467||-0.395042105334441|-1.0490043108088363|0.0|1.0|0.0|0.0|0.0|0.0|1.0|0.0|1.0|0.0|0.0|0.0|0.0|1.0|0.0|0
0.8210624442263399|1.8646753736838997|-1.4630456187058527|-0.2948669429128254|-0.35880547674970414|-0.3650653927809413|-0.3356909045171922|||-0.3310402817348285|-0.35185172255682107|2.019648290854666||-0.38102522206608436||0.0|1.0|0.0|0.0|0.0|0.0|1.0|0.0|0.0|1.0|0.0|0.0|1.0|0.0|0.0|0
-0.321751699793575|0.9504706726476281|-0.3931158844006244|-0.29529778506520044|-0.3549507987362804|1.706958065229279||0.6864716673636703|-1.3010479807641562||||-0.2146578774864238|||1.0|0.0|0.0|1.0|0.0|0.0|0.0|0.0|0.0|0.0|1.0|0.0|0.0|1.0|0.0|0
||-0.4175447103220772|2.083812580349631|-0.38112675175766975|-0.37166511009425796|0.9659643223986529||-0.333854409387299|0.5241482480775599||-0.3539246993756566||-1.259966255246565|1.2731797834286689|1.0|0.0|0.0|0.0|0.0|1.0|0.0|1.0|0.0|0.0|0.0|0.0|0.0|1.0|0.0|0
-0.3266109791071502|-0.462391138044792|-0.3891121583552615|-0.2797874675796999|-1.7044979030905125|-0.3947833059156144||2.5274701655808998|||1.19112989924966|-1.4333738493694808|1.0858373832166341|-0.3869343003066661||0.0|1.0|0.0|1.0|0.0|0.0|0.0|1.0|0.0|0.0|0.0|0.0|0.0|0.0|1.0|0
2.5991169203299953|-0.462391138044792|-0.4131548381099026||-0.3764268619539271||-0.35160356010296046|-0.3498522942355229||-0.33219750572645557|0.0728683856482597|0.7640038762277033|-0.13252133470517802|1.6911373544393042||0.0|1.0|0.0|0.0|0.0|1.0|0.0|0.0|0.0|1.0|0.0|0.0|0.0|0.0|1.0|0
-0.31556716248538835||-0.3920590633125083|-1.2013588315098565|||-0.34205596675149946||2.908169500895892|||||||1.0|0.0|0.0|0.0|0.0|0.0|1.0|1.0|0.0|0.0|0.0|1.0|0.0|0.0|0.0|0
||3.1514010746933696||-0.3642993533867766|-0.39234678237261666|||-0.3357759340790548|||-1.8687989286352822||||0.0|1.0|0.0|0.0|0.0|0.0|1.0|0.0|0.0|0.0|1.0|0.0|1.0|0.0|0.0|0
||-1.8801850962747535|1.7822230736871207|-0.34094077299978337||-0.3432494159204321|-0.35824339573424646|-0.33954055388331117|-0.3495558656008613|-0.35764037039193425|-0.3498742335220213|2.4547797629040637|-0.3880336637002627||0.0|1.0|0.0|0.0|0.0|0.0|1.0|0.0|0.0|1.0|0.0|0.0|0.0|0.0|1.0|0
-0.3182176784746112|-0.462391138044792|-1.355331161647866||-0.36342852911796325|-0.3869365489936768|1.880942018580329|-1.325902469386234||-0.33412621237916734||1.6956110225638366|-0.22834730128329808|-0.3869343003066661||0.0|1.0|0.0|0.0|0.0|0.0|1.0|1.0|0.0|0.0|0.0|1.0|0.0|0.0|0.0|1
|||-0.2853884155605751||-0.38588136163253606||-0.3573951149816433|-0.3284819832083081|2.5107161003706584|||-0.22834730128329808|||0.0|1.0|0.0|1.0|0.0|0.0|0.0|0.0|0.0|1.0|0.0|0.0|1.0|0.0|0.0|0
|-0.462391138044792|-0.38943733407468184|-0.2948669429128254|-0.3510192832873731||-0.3440450486997205||0.63861355119448|-0.33952659100676025|-0.35544770075742166|-0.3535196527902931||2.955405257075393|-1.0490043108088363|1.0|0.0|0.0|0.0|0.0|1.0|0.0|1.0|0.0|0.0|0.0|0.0|0.0|0.0|1.0|0
-0.3036398405338856|||||-0.3727778531296428||2.1835725631741947||-0.34338400431218374|||-0.25572614887704664|-0.39105691303265333|0.4991184186828339|1.0|0.0|0.0|1.0|0.0|0.0|0.0|0.0|0.0|0.0|1.0|0.0|0.0|0.0|1.0|0
|-0.462391138044792|2.3496396914976008|2.0407283651121295|-0.34302818999708595|||-0.38534252680389486||-0.33644066036242143||-1.4941308371740112|-0.2146578774864238||-1.0490043108088363|0.0|1.0|0.0|0.0|0.0|0.0|1.0|0.0|0.0|0.0|1.0|1.0|0.0|0.0|0.0|0
1.141333126257433|-0.462391138044792|-0.3971602574109148||-1.4890329277554462|-1.4375002709701552|0.568147932754446|-0.3544605221077727|1.0415455146187913|-0.34994160693140364|-0.03895776571188031|||||0.0|1.0|1.0|0.0|0.0|0.0|0.0|0.0|0.0|1.0|0.0|1.0|0.0|0.0|0.0|1
2.9304314189828506|-0.462391138044792||||||-0.34235532650305667|-0.33354069107027756|-1.3370536717892754|-0.3515886022006796||-0.24203672508017238||1.2731797834286689|0.0|1.0|0.0|0.0|0.0|0.0|1.0|0.0|0.0|1.0|0.0|1.0|0.0|0.0|0.0|0
-0.3297032477612435|-0.462391138044792||-1.362924638650487|-0.3734173957308222|-1.5550097725517387||||-0.3387551083456755||-0.3595953515707462||-0.39696599127323506||0.0|1.0|0.0|0.0|0.0|0.0|1.0|1.0|0.0|0.0|0.0|1.0|0.0|0.0|0.0|0
-0.30761561451771985|1.532237300579801|-0.3944978812081608|-0.2974519958270755||-0.3741591893114998|||-0.3333642245169531||-0.3514131886299186|||||1.0|0.0|0.0|0.0|0.0|0.0|1.0|0.0|0.0|0.0|1.0|0.0|0.0|0.0|1.0|0
||0.8645012104575296|-1.782995737216126|-0.346946899206746|||||||||0.7223233638323018||0.0|1.0|0.0|0.0|0.0|0.0|1.0|0.0|0.0|0.0|1.0|0.0|0.0|0.0|1.0|0
|-0.462391138044792|1.4279697617655827|-0.27160146668457463|3.5940835854612665|-0.4004045767667824|-0.3476253962065184|||-0.3391408496762179|-0.3539128320132629||-0.25572614887704664|||0.0|1.0|1.0|0.0|0.0|0.0|0.0|0.0|0.0|1.0|0.0|0.0|0.0|0.0|1.0|0
-0.2899455079229009|-0.462391138044792|||-0.3643889970615074|0.5165148696150331||-1.350548464225381|0.9155680029399005|||3.3360496932861583||||1.0|0.0|0.0|1.0|0.0|0.0|0.0|0.0|0.0|1.0|0.0|1.0|0.0|0.0|0.0|0
||0.6038525478596657|-0.2884043106272002||-1.2168701863679985||-0.36342478627717417|-0.3417561894972745|-0.3510988309230307||-0.3429884415708412|-0.1735896060958009|-0.38171232418708223|-0.2749429460630012|1.0|0.0|0.0|0.0|0.0|0.0|1.0|1.0|0.0|0.0|0.0|0.0|1.0|0.0|0.0|0
-0.3195429364692226|-0.462391138044792||-0.2797874675796999||1.7155914163658852|-0.3571729895579794||-0.32652124372692465|-0.34762715894814955|-0.34452820597754913|||-0.38322394885327754|1.2731797834286689|1.0|0.0|0.0|0.0|0.0|0.0|1.0|0.0|0.0|0.0|1.0|0.0|0.0|0.0|1.0|1
|-0.462391138044792||-0.28107999403682493|0.5724514350714363||-0.3348952717379038|-0.3615218862105237||0.5048611815504425|-0.35123777505915754|-0.3502792801073848||1.409425484830176|0.4991184186828339|0.0|1.0|0.0|0.0|0.0|1.0|0.0|0.0|0.0|1.0|0.0|1.0|0.0|0.0|0.0|0
|-0.462391138044792|-0.4073626456077279||-0.3702158359190085|||||-0.3406838149983873||||||0.0|1.0|0.0|1.0|0.0|0.0|0.0|0.0|0.0|1.0|0.0|0.0|0.0|0.0|1.0|0
-0.32749448443689116|||-0.2720323088369496|-0.36712953226041994|2.3909113274959646||1.0338082457944426|-0.3102274986366277|-0.33798362568459084|1.3095340595133376|-0.3373177893757517|1.770308573060349||1.2731797834286689|0.0|1.0|0.0|0.0|1.0|0.0|0.0|1.0|0.0|0.0|0.0|0.0|0.0|1.0|0.0|0
-0.34074706438300534||1.6718515513308356||-0.3575504653034731|-0.39426530484741806|-0.3492166617650952|2.5802011312832613|-0.3353249639983366||-0.3533865913009799|-0.3401531154732964||-0.3791013361272903||0.0|1.0|0.0|0.0|0.0|0.0|1.0|1.0|0.0|0.0|0.0|0.0|0.0|1.0|0.0|0
||2.9237780710991337|-0.28237252049395||-0.3883178851755338||0.4990474740520158|-0.36230473926217366||1.1867445599806348||-1.6520473761582246|-0.39215627642624995|1.2731797834286689|0.0|1.0|0.0|0.0|1.0|0.0|0.0|0.0|0.0|0.0|1.0|0.0|0.0|1.0|0.0|0
1.9364879230242853|-0.462391138044792|-0.39508726219961016||1.881249086140903|-0.39069685304428753|0.42891219637897354|1.273390242137781||-0.33644066036242143|-0.36584095482501117||2.797015357825921|1.409425484830176||0.0|1.0|0.0|1.0|0.0|0.0|0.0|1.0|0.0|0.0|0.0|1.0|0.0|0.0|0.0|0
-0.3080573671825903||-0.39299394350584177||-0.35482273634380784|2.149177495670993||0.9111514342693845|1.0582118002105512|2.703586765641833|-0.3674635303545504|||-0.38391105097427547|-1.0490043108088363|1.0|0.0|0.0|0.0|0.0|1.0|0.0|0.0|0.0|1.0|0.0|0.0|1.0|0.0|0.0|0
|-0.462391138044792||||-0.3939583412514498|-0.348818845375451||-0.33673669642493276|||-0.3571650720585649||||1.0|0.0|0.0|0.0|0.0|0.0|1.0|1.0|0.0|0.0|0.0|1.0|0.0|0.0|0.0|0
-0.34207232237761676|-0.462391138044792||-0.2905585213890753|0.666897449519942||-0.3376799864654132|-0.3486371893736858|0.3239148644324268||2.4277955731147376|-0.37417702864383345|||-1.0490043108088363|0.0|1.0|0.0|0.0|0.0|1.0|0.0|0.0|0.0|0.0|1.0|0.0|0.0|0.0|1.0|0
-1.76319064526593|-0.462391138044792|-0.40096074863164||||-0.33966906841363426|1.6459459780783778|||-0.3470278493608935||-0.22834730128329808|||0.0|1.0|0.0|0.0|0.0|0.0|1.0|0.0|0.0|1.0|0.0|0.0|0.0|0.0|1.0|0
|-0.462391138044792|-0.9712173430825927||-0.9742221100157932||-1.2816982790911162|-0.34661965677289985|-0.3274427912831749|-0.3464699349565225|0.8764818066971091|||||1.0|0.0|0.0|0.0|0.0|1.0|0.0|0.0|0.0|0.0|1.0|0.0|0.0|0.0|1.0|0
|-0.462391138044792|||||0.627820391201077|0.5317177462806528|2.413082781846556||-1.8007678170427137||-0.2009684536895495|-1.455790359730959|2.047241148174504|0.0|1.0|0.0|0.0|0.0|0.0|1.0|1.0|0.0|0.0|0.0|1.0|0.0|0.0|0.0|1
-0.29480478723647613|3.1113181478242704|-0.39571729015598706|-0.2948669429128254||0.41387391721316014|-0.3380778028550574|||-0.35148457225357305|||-0.24203672508017238|-0.3847355735194729||1.0|0.0|0.0|0.0|0.0|0.0|1.0|0.0|0.0|1.0|0.0|0.0|1.0|0.0|0.0|0
|-0.462391138044792|2.952230946548413|||1.8402953772279738|-0.34006688480327846|1.9038691798834075|-0.3177175234555127||2.638291858027942|||-1.2874503400864798|-0.2749429460630012|0.0|1.0|0.0|0.0|0.0|0.0|1.0|1.0|0.0|0.0|0.0|0.0|0.0|0.0|1.0|0
1.9144002897807615||-0.3960831128403349|-1.481406230553616|1.8274628813024316|-0.3976227191783205||-0.3693168985317424||1.6620851731774902||-0.34825404718056713|||2.821302512920339|0.0|1.0|0.0|1.0|0.0|0.0|0.0|1.0|0.0|0.0|0.0|0.0|0.0|1.0|0.0|0
-0.3023145825392742||1.1332792660409021||-0.36908888686524993|||-0.34778890862108264||-0.34762715894814955|-0.36702499642764796|-0.3535196527902931|||-0.2749429460630012|0.0|1.0|0.0|0.0|0.0|1.0|0.0|1.0|0.0|0.0|0.0|0.0|1.0|0.0|0.0|0
|-0.462391138044792||||-0.3615544966520548|0.3592943281912373|-0.3326803406220147|||-0.3679459176741432|1.1285458030548858|-0.25572614887704664||-0.2749429460630012|1.0|0.0|0.0|0.0|0.0|0.0|1.0|0.0|0.0|1.0|0.0|0.0|0.0|1.0|0.0|0
|-0.462391138044792||-0.29529778506520044|1.0526854068435008|1.535250303734557||||-0.326025644437778||||-0.4032873307864155|-0.2749429460630012|0.0|1.0|0.0|0.0|0.0|0.0|1.0|0.0|1.0|0.0|0.0|1.0|0.0|0.0|0.0|0
1.008807326796291|-0.462391138044792||-0.30046789089370063||-0.392749672092325|-0.3436472323100763|-0.3643647730570858|0.0038241440965689822||-0.38097037530314776|-0.3903788920583749||-0.42513717823414787||0.0|1.0|0.0|0.0|0.0|1.0|0.0|0.0|0.0|1.0|0.0|0.0|0.0|0.0|1.0|0
-0.3067321091879789|2.280222965064023|2.3140735971860016|-0.28754262632245015|||||-0.3447169061141636|||1.9993959615864887|||2.047241148174504|0.0|1.0|0.0|0.0|0.0|0.0|1.0|0.0|0.0|0.0|1.0|0.0|0.0|1.0|0.0|0
|-0.462391138044792|-0.4029321264306258||3.3238719373441845|||-0.3594814271029106|1.6150618129234677|||-0.3490641403512942||-0.38734656157926484|-0.2749429460630012|0.0|1.0|0.0|0.0|0.0|0.0|1.0|0.0|0.0|1.0|0.0|1.0|0.0|0.0|0.0|0
-0.32263520512331595|-0.462391138044792||-0.29357441645570037||0.5481704904492556||||||0.9665271689094714||2.0621724997781565|1.2731797834286689|0.0|1.0|0.0|0.0|0.0|1.0|0.0|0.0|0.0|0.0|1.0|1.0|0.0|0.0|0.0|0
2.5107663873559005|-0.462391138044792|||-0.3672960133706343||||-0.3555009732617729|-0.32834009242103207|-0.37369071211656607|2.525956522559086||2.2408190512376036||1.0|0.0|0.0|0.0|0.0|0.0|1.0|0.0|0.0|0.0|1.0|1.0|0.0|0.0|0.0|0
||-0.4079926735641048|-0.29271273215095034|-0.3708945665991129|-0.37446615290746793|-0.34165815036185526||0.06313651340842014|-0.3372121430235061||||-1.167207468911852||1.0|0.0|0.0|0.0|0.0|1.0|0.0|0.0|0.0|0.0|1.0|0.0|0.0|0.0|1.0|0
-0.3283779897666321||-0.3859416950909132|-1.244443046747358|-0.3472670551879274||0.4090213768967632|-0.3677120430538444|-0.3478540892843772|-0.3429982629816414||2.647470498168147|-0.1872790298926752|-0.3694819064333201||1.0|0.0|0.0|0.0|0.0|0.0|1.0|0.0|0.0|1.0|0.0|1.0|0.0|0.0|0.0|0
|1.6984563371318504|-0.3859213716084494|-0.28237252049395|-0.3472542489486801|||-0.348270365264452||-0.34569845229543783|3.3706435159551336|||-0.40507379630101|0.4991184186828339|0.0|1.0|0.0|0.0|0.0|0.0|1.0|1.0|0.0|0.0|0.0|0.0|1.0|0.0|0.0|0
-0.3151254098205179|||-0.27547904605594975||-0.3873202534886371|||-0.339560161278125||-0.35764037039193425|-0.3543297459610202||||0.0|1.0|0.0|0.0|0.0|1.0|0.0|0.0|0.0|0.0|1.0|0.0|1.0|0.0|0.0|0
|||2.902412669862159||||-0.3440518880082631|-1.701529019836738|||||0.27914249578867295||0.0|1.0|0.0|0.0|0.0|1.0|0.0|0.0|0.0|1.0|0.0|0.0|0.0|1.0|0.0|0
|-0.462391138044792||-1.5460325534098682|3.57871609836456|-1.5727561054436512|-0.35279700927189306||0.7484149621519566||-0.35101850809570634|-0.3681013298633804||-0.4046615350284113|0.4991184186828339|0.0|1.0|0.0|1.0|0.0|0.0|0.0|0.0|0.0|1.0|0.0|1.0|0.0|0.0|0.0|0
|-0.462391138044792|||-0.35952262614755043|||||2.0092523706656045|-0.3610170816290835|-0.3401531154732964||-0.3791013361272903|-1.0490043108088363|0.0|1.0|0.0|1.0|0.0|0.0|0.0|1.0|0.0|0.0|0.0|1.0|0.0|0.0|0.0|0
1.008807326796291||-0.40146883569323427|1.2221282755996015|||||-0.34285420360684926|-0.3472414176176072||2.0399006201228422||-0.3806129607934856|-1.0490043108088363|0.0|1.0|0.0|0.0|0.0|0.0|1.0|1.0|0.0|0.0|0.0|0.0|0.0|1.0|0.0|0
|-0.462391138044792|||-0.37860392262596043||-0.34086251758256686|2.6925410147361184|-1.3951634758705647|-1.645646736223155|-1.4203396354547864|||-0.40218796739281887|-0.2749429460630012|0.0|1.0|0.0|0.0|1.0|0.0|0.0|0.0|0.0|0.0|1.0|1.0|0.0|0.0|0.0|0
|1.781565855407875|0.4102713773922462|1.502175674643361|1.4138213536160935||-0.35001229454438365|||-0.3449269696343531|-1.369908233860998|2.100657607927373|-1.6520473761582246|||1.0|0.0|0.0|0.0|0.0|0.0|1.0|0.0|0.0|0.0|1.0|0.0|0.0|0.0|1.0|1
-0.28685323926880757|-0.462391138044792|-0.3879740433372903||-0.3494441158599607||||-0.3433836032668228|-0.33991233233730256|-0.3614994689486763|-0.3470389074244765||-0.3854226756404708||0.0|1.0|0.0|1.0|0.0|0.0|0.0|0.0|0.0|0.0|1.0|1.0|0.0|0.0|0.0|0
|||-0.28754262632245015||||-0.36257650552457094||||-0.3421783484001141|||2.047241148174504|0.0|1.0|0.0|0.0|1.0|0.0|0.0|0.0|0.0|0.0|1.0|0.0|0.0|0.0|1.0|1
-1.5312704962089314|-0.462391138044792|-0.4041312118959883|0.9420808765558418|-0.36675815132224954|-0.3832721710668062|1.6223613653115945|1.6505312794438012|||||-0.24203672508017238|||1.0|0.0|0.0|1.0|0.0|0.0|0.0|1.0|0.0|0.0|0.0|1.0|0.0|0.0|0.0|0
|-0.462391138044792|-0.41197607612700393|-0.2802183097320749|-1.0923596670717208|||0.3620615957600115|0.6327313327503296|-0.3391408496762179||||-0.3716806332205133|0.4991184186828339|0.0|1.0|0.0|0.0|0.0|0.0|1.0|1.0|0.0|0.0|0.0|1.0|0.0|0.0|0.0|0
||-0.39384752976932014||-0.3557447855696102|0.5385778780752487||-0.35656976073586716|-1.3358511065587135|||-0.3275966713270268|-0.1872790298926752||-1.0490043108088363|0.0|1.0|0.0|0.0|0.0|0.0|1.0|0.0|0.0|0.0|1.0|0.0|0.0|0.0|1.0|0
-1.7411030120224062|||||-0.3833489119657983||||-0.3526417962452001|-1.69880867903788||-0.9675761863145098||-0.2749429460630012|0.0|1.0|0.0|0.0|0.0|1.0|0.0|0.0|0.0|1.0|0.0|0.0|0.0|1.0|0.0|0
-0.32130994712870453|2.1971134467879985|-1.504200670694989||||||-0.3340700907302511|-0.3468556762870649|-1.5025647467490069|-1.2713552152240664||-0.39284337854724777||1.0|0.0|0.0|1.0|0.0|0.0|0.0|0.0|0.0|0.0|1.0|0.0|0.0|1.0|0.0|0
-0.3288197424315026|||-0.2797874675796999|-0.372303252916311||1.423453170489491|0.9512728212168334|-0.33469752736429387|-0.3483986416092343|-1.487216059307419|-0.3681013298633804|-0.2009684536895495|-0.4046615350284113||1.0|0.0|0.0|0.0|1.0|0.0|0.0|0.0|0.0|0.0|1.0|0.0|0.0|1.0|0.0|0
-0.35046562301015577|-0.462391138044792||-0.282803362646325|-0.33273197364229284||||0.31362098215516343|2.6650126325875982|2.3883275196935116|||-1.4729679127559057||0.0|1.0|0.0|0.0|0.0|0.0|1.0|0.0|0.0|1.0|0.0|0.0|0.0|0.0|1.0|1
|||0.32813080942144585||1.6753024443950566|-0.3440450486997205|-0.3530161521776646||||-0.3571650720585649|-0.2009684536895495|1.093358509171154|4.369425242412009|0.0|1.0|0.0|0.0|0.0|0.0|1.0|1.0|0.0|0.0|0.0|1.0|0.0|0.0|0.0|0
|-0.462391138044792|-0.39419302897120423|-0.29012767923670024|-0.35611616650778055|3.352091087371448|-0.3555817239994025|-1.354560602920126||-0.3391408496762179|-1.1758569712066371||-0.1735896060958009|||1.0|0.0|0.0|0.0|0.0|0.0|1.0|0.0|0.0|0.0|1.0|0.0|0.0|0.0|1.0|0
||-0.3848848740027971|-0.27590988820832474|||-0.3360887209068364|-1.4210474727187559|-0.33201131427479846||-0.3500537334565208|-0.3539246993756566|-0.24203672508017238|-0.3917440151536512|-0.2749429460630012|0.0|1.0|0.0|0.0|0.0|1.0|0.0|0.0|0.0|1.0|0.0|0.0|0.0|0.0|1.0|1
|-0.462391138044792||||||||-0.3410695563289296||-0.336102649619661|-0.22834730128329808|-0.3753909846739018|2.047241148174504|0.0|1.0|0.0|0.0|0.0|0.0|1.0|0.0|0.0|1.0|0.0|0.0|0.0|1.0|0.0|1
||||0.7565411242507277|-0.3873394387133851|||-0.351324598166426|0.4759305817597662||0.9766533335435598|||-1.0490043108088363|1.0|0.0|1.0|0.0|0.0|0.0|0.0|0.0|0.0|0.0|1.0|0.0|0.0|0.0|1.0|0
||||-0.3770287551985481|-0.40253413671381194|0.32945809896792183|-0.37429195051322606||-1.0863218069367484|-0.3479049172146985||-0.25572614887704664||-0.2749429460630012|1.0|0.0|0.0|1.0|0.0|0.0|0.0|0.0|0.0|0.0|1.0|0.0|1.0|0.0|0.0|0
0.1473896302988678|-0.462391138044792|-0.3990706647625093|-0.2905585213890753|-0.36134111212066067|0.3745442064797322||0.41479256146237303||-0.3541847615673695|||-0.22834730128329808|-1.8165189732548428||0.0|1.0|0.0|0.0|0.0|0.0|1.0|1.0|0.0|0.0|0.0|0.0|0.0|1.0|0.0|0
||-0.4210200258233821|-0.2879734684748252||-0.3922316710241286|-1.4706610641721145|||-1.3852713381070692|-0.34408967205064667|0.6424899006186424|-0.2009684536895495|-0.899237641722681||0.0|1.0|0.0|1.0|0.0|0.0|0.0|0.0|0.0|1.0|0.0|0.0|0.0|1.0|0.0|0
|||3.117833746049666|3.1637939467534966|0.42922209701157105||-1.2617082502703156|-1.3113418630414198||-1.3359218545260532||||-1.0490043108088363|0.0|1.0|0.0|0.0|0.0|0.0|1.0|0.0|0.0|0.0|1.0|0.0|0.0|0.0|1.0|0
|-0.462391138044792|2.283588373490345|-0.26643136085607444||-0.3628590919349197|-1.5900059810653766||-0.33712884432120943||-0.35518458040128015|-0.3320521837660257|-0.13252133470517802|0.9112764471067173||0.0|1.0|0.0|0.0|0.0|1.0|0.0|0.0|0.0|0.0|1.0|1.0|0.0|0.0|0.0|1
|-0.462391138044792||-0.28969683708432525|-0.36794913157224424|-0.4004621324410264|-0.35239919288224886|-0.37220563839195875||-1.279192472207923|||-1.3098117812363672|-1.4076932112611078||1.0|0.0|0.0|0.0|0.0|1.0|0.0|1.0|0.0|0.0|0.0|0.0|0.0|1.0|0.0|0
||1.7399352175844687|-0.2733248352940747|-0.3560905540292861|2.3563779229495405|0.7073836691299183|-0.339191468560915|-1.9098575897337358|||1.756368010368367|||-0.2749429460630012|1.0|0.0|0.0|0.0|0.0|1.0|0.0|1.0|0.0|0.0|0.0|0.0|0.0|1.0|0.0|0
|-0.462391138044792||-0.27590988820832474|2.7245399405726483|||||-0.3391408496762179|-0.3438704050871954||-0.22834730128329808||-1.0490043108088363|1.0|0.0|0.0|0.0|1.0|0.0|0.0|0.0|0.0|0.0|1.0|0.0|0.0|1.0|0.0|1
||-0.4171585641552656|||-0.3963948647944476|1.3438898925606495||-0.3391091911974068|||||-0.3972408321216342|0.4991184186828339|0.0|1.0|0.0|0.0|0.0|1.0|0.0|1.0|0.0|0.0|0.0|0.0|0.0|1.0|0.0|0
-1.5202266795871695|-0.462391138044792||-0.2970211536747005|-0.3803583774028344|2.2786777627200854|-0.3368843536861248|||||0.9462748396412946|-0.2146578774864238|||0.0|1.0|0.0|0.0|0.0|1.0|0.0|0.0|0.0|0.0|1.0|0.0|0.0|0.0|1.0|0
||||||-0.3484210289858068|||-0.34994160693140364||-0.3567600254732014||-0.39435500321344313||0.0|1.0|0.0|1.0|0.0|0.0|0.0|1.0|0.0|0.0|0.0|0.0|0.0|1.0|0.0|0
-0.33765479572891205|-0.462391138044792|-0.39384752976932014|1.1144177375058477|-0.3557447855696102||-1.4607156544310094|-0.3533600497800713||-0.33219750572645557|-2.0880075391638577||1.0858373832166341|||0.0|1.0|0.0|0.0|0.0|0.0|1.0|1.0|0.0|0.0|0.0|0.0|0.0|1.0|0.0|0
-0.30540685119336747|||-0.2815108361892|-0.3584597082900283|0.19372346322970366||-0.3705778564072336|-0.3406777827825136|1.7970946388673124||-0.3458237676683859||0.5952094714476951|-0.2749429460630012|0.0|1.0|0.0|1.0|0.0|0.0|0.0|1.0|0.0|0.0|0.0|0.0|0.0|0.0|1.0|0
-0.29745530322569896|-0.462391138044792|-0.41534977421598995||-0.3787704037361748|0.38701460256594106|1.9605052965091703|-0.3627140645655336|-1.1951680487694467|-0.34608419362598014||3.3360496932861583|-0.25572614887704664|||0.0|1.0|0.0|0.0|1.0|0.0|0.0|0.0|0.0|0.0|1.0|0.0|0.0|0.0|1.0|0
-0.33191201108559587|-0.462391138044792||||-1.4777892429409838|1.2842174341140185|-0.3528327401230476|-0.3384229323789225|||-0.3725568423023793|-0.09145306331455513|0.3925143457533222||0.0|1.0|0.0|1.0|0.0|0.0|0.0|0.0|0.0|1.0|0.0|0.0|0.0|1.0|0.0|0
-0.3252857211125388|-0.462391138044792||||0.2589532273729502|0.12060449440471317|-0.36791838161528845|3.193457095437193|||-0.35270955961956607||-1.2874503400864798|-0.2749429460630012|0.0|1.0|0.0|1.0|0.0|0.0|0.0|0.0|0.0|0.0|1.0|0.0|0.0|0.0|1.0|0
-0.3716697509239385|||0.8235992846527128|-0.3712147225802943||||||-0.3532111777302189|2.404442546950025|||-0.2749429460630012|0.0|1.0|0.0|0.0|0.0|0.0|1.0|0.0|0.0|1.0|0.0|1.0|0.0|0.0|0.0|0
||-0.4102079331526558||-0.37326372085985515|-0.38405876528147476|-0.35279700927189306||||-0.3561055016477755||-0.22834730128329808||-0.2749429460630012|0.0|1.0|0.0|0.0|0.0|0.0|1.0|0.0|0.0|0.0|1.0|1.0|0.0|0.0|0.0|0
0.5891422951693412|-0.462391138044792|-0.4206135561741067|-0.2711706245321996|-0.3844179552442143||-0.34563631425829733||-0.3395797686729388|-0.3518703135841154|-0.35768422378462444|-1.4840046725399227|0.40136619337291946|-0.38501041436787203||1.0|0.0|0.0|1.0|0.0|0.0|0.0|1.0|0.0|0.0|0.0|1.0|0.0|0.0|0.0|0
-0.29745530322569896||-0.39522952657685656||0.7354108294927566||||-0.3428149888172216||3.1469912132348536|-0.33367237010747985||-0.3731922578867086||0.0|1.0|0.0|1.0|0.0|0.0|0.0|0.0|0.0|1.0|0.0|0.0|0.0|1.0|0.0|0
-0.3248439684476683||||||||||-0.3688668389206385|0.7640038762277033|-0.2146578774864238|-0.38281168758067885||0.0|1.0|0.0|1.0|0.0|0.0|0.0|0.0|0.0|0.0|1.0|0.0|1.0|0.0|0.0|0
||3.135142288722353||0.5542025441440978|-1.166988602023163|-0.3476253962065184|||0.8520283790385568|||1.4280729781384915|||0.0|1.0|0.0|0.0|0.0|1.0|0.0|0.0|0.0|0.0|1.0|0.0|0.0|0.0|1.0|0
-0.35002387034528526|-0.462391138044792|2.0203992755845093||-0.35008442782232346|||-1.1029421904925534||-0.34184103899001433||0.27794797379145986|-0.2146578774864238|-0.40067634272662356|-0.2749429460630012|0.0|1.0|0.0|0.0|0.0|0.0|1.0|1.0|0.0|0.0|0.0|1.0|0.0|0.0|0.0|0
2.908343785739327||-0.40994372788062683||-0.3729819835964155|||-1.5093145240031436|-0.3260114514617649||-0.34400196526526616|-0.35068432669274835|-1.6520473761582246||-1.0490043108088363|0.0|1.0|0.0|0.0|0.0|1.0|0.0|0.0|0.0|1.0|0.0|0.0|0.0|0.0|1.0|0
-0.3266109791071502|||-0.2996062065889506|1.0712544537520208|||-0.35753267402260597|-0.33165838116814944|-0.32949731641265917||-0.3417733018147506||-0.3806129607934856||0.0|1.0|0.0|0.0|0.0|1.0|0.0|0.0|0.0|0.0|1.0|0.0|0.0|0.0|1.0|0
|-0.462391138044792||-0.2914202056938253||||||-0.3368264016929638|-0.36636719553729413|1.6348540347593061|-0.25572614887704664||-0.2749429460630012|0.0|1.0|0.0|1.0|0.0|0.0|0.0|0.0|0.0|0.0|1.0|1.0|0.0|0.0|0.0|0
2.908343785739327||-0.4121589874691779||0.966883603886892||-0.3484210289858068|-0.35519417032624034||-1.7613691353858598|-0.35544770075742166|-0.3332673235221163|-0.22834730128329808||-0.2749429460630012|0.0|1.0|0.0|0.0|1.0|0.0|0.0|0.0|0.0|0.0|1.0|0.0|0.0|0.0|1.0|1
-0.272275401328082|-0.462391138044792|-0.41167122389004734||-0.37483888828726747|2.131910793397781||-0.3697066491478033|3.104243449034243||1.3555801218381012|||||0.0|1.0|1.0|0.0|0.0|0.0|0.0|1.0|0.0|0.0|0.0|1.0|0.0|0.0|0.0|0
|-0.462391138044792||-0.2909893635414503|-0.3534780812228461|0.6460151366641251|-0.3440450486997205||-0.32791336875870697|||-0.3377228359611152||||0.0|1.0|0.0|0.0|0.0|0.0|1.0|0.0|0.0|0.0|1.0|1.0|0.0|0.0|0.0|0
||0.38689937255890966|-0.282803362646325|-0.3674112695238596|-0.37868690235203095|-0.34086251758256686|-0.350081559303794||0.5241482480775599|-1.7645887680732566|-0.35311460620492957|-0.22834730128329808|-0.39105691303265333||0.0|1.0|0.0|0.0|0.0|0.0|1.0|0.0|0.0|0.0|1.0|0.0|0.0|1.0|0.0|0
2.9966943187134216|-0.462391138044792||-0.27677157251307477|||-0.3480232125961626|-0.3668408357944141||-0.35379902023682713|-0.3600961603825883|||||1.0|0.0|0.0|1.0|0.0|0.0|0.0|1.0|0.0|0.0|0.0|1.0|0.0|0.0|0.0|0
|-0.462391138044792||1.0390203608402202|0.25325592183360396|0.4862981406369116||-0.35870192587078875|-0.32507029651070085||0.9356838868289479|-0.33245723035138924||||0.0|1.0|0.0|0.0|0.0|0.0|1.0|0.0|0.0|1.0|0.0|1.0|0.0|0.0|0.0|0
|-0.462391138044792|-0.41921123588410647|-0.29012767923670024||-0.3891620350644464|-0.34086251758256686||-0.3190704336976673|-0.3480129002786919|-0.33702927582751624||-0.1735896060958009|||0.0|1.0|1.0|0.0|0.0|0.0|0.0|1.0|0.0|0.0|0.0|0.0|0.0|1.0|0.0|0
2.223627155190093|-0.462391138044792|2.992877911475955|-0.26987809807507457|-0.36598977696741425||0.6775474399066028||-0.3378739253241352|-0.34145529765947197|-0.35593008807701443|-1.959934410342078||2.453820708746945|-1.0490043108088363|0.0|1.0|0.0|0.0|0.0|0.0|1.0|1.0|0.0|0.0|0.0|1.0|0.0|0.0|0.0|0
|-0.462391138044792|-0.4065293828267133||-0.36931939917170054||-0.34086251758256686|-0.3396729252042843|-0.33289364704142105|-1.2020442060994532|-0.35093080131032584||-0.2146578774864238|-0.4009511835750227|0.4991184186828339|1.0|0.0|0.0|0.0|1.0|0.0|0.0|0.0|0.0|0.0|1.0|0.0|0.0|0.0|1.0|0
|-0.462391138044792|1.8608599382439066||-0.3535036937013406|-0.3966442727161717||||-0.33991233233730256|-0.3551407270085899|-0.36445591059510857|-0.25572614887704664|||0.0|1.0|0.0|0.0|0.0|0.0|1.0|0.0|0.0|0.0|1.0|1.0|0.0|0.0|0.0|0
|-0.462391138044792||||-0.3838669130339946|2.1395226718490634|-0.35533172936720303|-1.7113327172436557|3.0121798300757128|||-0.25572614887704664||-0.2749429460630012|0.0|1.0|0.0|0.0|1.0|0.0|0.0|0.0|0.0|0.0|1.0|0.0|0.0|0.0|1.0|0
1.4284723584232408|1.8646753736838997|-0.4036028013519302||-0.3661946767953703|0.491094446823915|-0.3448406814790089||-0.3401875979121677|-1.3756278048435104|||||2.047241148174504|1.0|0.0|0.0|0.0|0.0|1.0|0.0|0.0|0.0|0.0|1.0|0.0|0.0|0.0|1.0|1
|-0.462391138044792|-0.40114365997381396|-0.2909893635414503|3.5159655260530105|-0.3957425671530151|-0.3559795403890467||||0.7569813116161751|||||0.0|1.0|0.0|0.0|0.0|1.0|0.0|0.0|0.0|1.0|0.0|0.0|0.0|1.0|0.0|0
-0.3403053117181349|-0.462391138044792|-0.38541328454685514|-0.3000370487413256|-0.34670358066104817|-0.3734685212205713|1.423453170489491|-0.34478553622673075|-0.3379523549033905|||0.9665271689094714|-0.2146578774864238|2.0621724997781565|0.4991184186828339|0.0|1.0|0.0|0.0|0.0|0.0|1.0|0.0|0.0|1.0|0.0|0.0|0.0|1.0|0.0|1
||0.44837790701181696|0.47892556275270104||-0.3909654461907597|-0.3547860912201141|-0.3625535790177438|-0.3385013619581779|-0.33219750572645557|-0.35658788896736815|-0.3458237676683859|-0.22834730128329808|||0.0|1.0|0.0|1.0|0.0|0.0|0.0|0.0|0.0|0.0|1.0|0.0|0.0|0.0|1.0|0
-0.31689242047999977|||-0.2931435743033253|-0.3679747440507388||-0.33847561924470165|1.1186363210547634|-0.3278937613638931||-0.34588766115094693||-1.3098117812363672|-0.39394274194084444||1.0|0.0|0.0|0.0|0.0|0.0|1.0|1.0|0.0|0.0|0.0|0.0|0.0|1.0|0.0|0
-0.32219345245844544||-0.3895186280045369|1.006707199412094|-0.3511089269621039|-0.3808548327485565|-1.2518620498678006||-0.3440502546904932|-0.3510988309230307|-0.36215726983903007|-0.3458237676683859|-1.3098117812363672||-0.2749429460630012|0.0|1.0|0.0|0.0|0.0|0.0|1.0|1.0|0.0|0.0|0.0|1.0|0.0|0.0|0.0|0
|-0.462391138044792||-0.2733248352940747|-0.38031995868509266|-0.3770753434731978||0.7850556467202592|1.290559428754497|-1.240618339153688|-0.3627712173366936|-0.3583802118146555||-0.3958666278796385||0.0|1.0|0.0|0.0|0.0|1.0|0.0|1.0|0.0|0.0|0.0|0.0|0.0|0.0|1.0|0
|-0.462391138044792||1.588344105118364|1.2716720979715623||1.3836715315250703|0.7443610971021324||||-0.34339348815620474|2.4547797629040637||2.047241148174504|1.0|0.0|0.0|1.0|0.0|0.0|0.0|1.0|0.0|0.0|0.0|0.0|0.0|0.0|1.0|0
-0.33721304306404154|-0.462391138044792|0.6043606349212599|||2.655667429018553|1.5030164484183324||-0.348716814656186|-0.3275686097599474||-0.3470389074244765||-0.3854226756404708||0.0|1.0|0.0|0.0|0.0|0.0|1.0|0.0|0.0|0.0|1.0|1.0|0.0|0.0|0.0|0
-1.8184097283747391|2.7788800747201714|-0.4020175697197561||-0.3644914469754854|-1.3214296612446728|||||||||0.4991184186828339|0.0|1.0|0.0|0.0|0.0|1.0|0.0|1.0|0.0|0.0|0.0|0.0|1.0|0.0|0.0|0
-0.2908290132526418||2.7307049876933087||0.4456696665236112||-0.34205596675149946|1.789236645747839||1.8549558384486649|-1.487216059307419|||||1.0|0.0|0.0|0.0|0.0|0.0|1.0|1.0|0.0|0.0|0.0|0.0|0.0|0.0|1.0|0
-0.3102661305069427||||-1.2431531342081492|-0.38108505544553267|-0.33012147506217326||-0.33714845171602326|1.6042239735961377||-1.4333738493694808|-0.2146578774864238|||1.0|0.0|0.0|1.0|0.0|0.0|0.0|0.0|0.0|0.0|1.0|0.0|1.0|0.0|0.0|0
-0.3266109791071502|||-0.2974519958270755|-1.544099756518643|-0.38833707040028187|2.119631852366853|3.1831682608363514|||-0.3557985278989437||-0.24203672508017238|||1.0|0.0|0.0|0.0|0.0|1.0|0.0|0.0|0.0|0.0|1.0|0.0|0.0|0.0|1.0|0
-0.29701355056082845|-0.462391138044792|||||||-0.34065817538769977|-0.33566917770133675|-0.3587367052091905|3.4170590103588654|-0.07776363951768084|-0.3902323904874559|-1.0490043108088363|1.0|0.0|0.0|0.0|0.0|1.0|0.0|0.0|1.0|0.0|0.0|0.0|0.0|1.0|0.0|0
||-0.3904941551627979|-1.3736956924598622||-0.3878766250063295||-0.35941264758242925|-0.3406777827825136||-0.35878055860188074|-0.34055816205865996||1.856041863478794|1.2731797834286689|0.0|1.0|0.0|0.0|0.0|0.0|1.0|0.0|0.0|0.0|1.0|0.0|0.0|1.0|0.0|0
||||3.198370792721085|0.13137148279865943|-1.2518620498678006|-0.3731226986650432||-0.3368264016929638|-0.358122757711527|0.905770181104941|-1.9942829710800818|-0.377589711461095||0.0|1.0|0.0|0.0|0.0|0.0|1.0|0.0|0.0|1.0|0.0|1.0|0.0|0.0|0.0|0
|-0.462391138044792||-0.28323420479870004||-0.38762721708460535||1.429290488562154|-1.4270254924430468|-1.2020442060994532||-0.3365076962050246|-0.24203672508017238|||0.0|1.0|0.0|1.0|0.0|0.0|0.0|0.0|0.0|0.0|1.0|0.0|0.0|0.0|1.0|0
|||||-0.3620724977202512||-0.3332076502790383|-0.3484815259184199|||-0.3733669354731064|1.770308573060349|-0.40960867029959597||1.0|0.0|1.0|0.0|0.0|0.0|0.0|1.0|0.0|0.0|0.0|0.0|0.0|0.0|1.0|0
2.002750822754856|-0.462391138044792|||-0.35656438488143455|2.4561410916392115||1.0670516806937576|-0.3349328161020599|-0.33952659100676025|0.6879122181290298|-0.3591903049853826|2.4547797629040637|-0.3965537300006364|1.2731797834286689|1.0|0.0|0.0|0.0|0.0|1.0|0.0|1.0|0.0|0.0|0.0|0.0|0.0|0.0|1.0|0
|2.030894410235949|2.6920903710121435|||0.37166642276753015|-0.3480232125961626|-1.2032456578611757|||2.2677306897953216|-0.346633860839113||-1.428306274891044||1.0|0.0|0.0|0.0|0.0|1.0|0.0|1.0|0.0|0.0|0.0|0.0|1.0|0.0|0.0|0
|2.114003928511974||-0.27289399314169965||||0.5913266640311484|-1.3152633420041868|-0.3429982629816414|3.375028855224159||2.4547797629040637|-0.37580324594650055|-0.2749429460630012|1.0|0.0|0.0|0.0|0.0|0.0|1.0|1.0|0.0|0.0|0.0|0.0|0.0|1.0|0.0|0
-1.1668245476907908|||-0.27289399314169965||||-0.34730745197771323|-0.35403041865073526|-0.3495558656008613||-0.34096320864402346|-0.22834730128329808||-1.0490043108088363|0.0|1.0|0.0|0.0|0.0|1.0|0.0|0.0|0.0|0.0|1.0|0.0|0.0|0.0|1.0|0
|1.3660182640277516|||1.251822427138317|-0.3739097813897756|||-0.32642320675285547||2.1997579311254327||-0.2146578774864238|1.0315193182813451||0.0|1.0|0.0|0.0|0.0|0.0|1.0|0.0|0.0|1.0|0.0|0.0|0.0|0.0|1.0|1
-0.3416305697127463|-0.462391138044792|||-0.35263286943252725|-0.3877423284330934||-0.35927508854146656|2.1395596241935566||||-1.3098117812363672||-1.0490043108088363|0.0|1.0|0.0|0.0|0.0|0.0|1.0|0.0|0.0|0.0|1.0|0.0|0.0|0.0|1.0|0
2.3340653214077114|2.280222965064023|0.45091834231978833|||-0.375943415213065||-0.3472845254708861|-0.34575609803929686|-0.33759788435404847|||-0.24203672508017238|0.8288241925869723|-0.2749429460630012|0.0|1.0|0.0|0.0|0.0|0.0|1.0|0.0|0.0|0.0|1.0|0.0|0.0|0.0|1.0|1
1.6935239573455247||-0.3990706647625093||-0.36134111212066067|-0.3732574837483431|-0.36115115345442145|-0.3445562711584596|||-1.0377187842323465|-0.35473479254638374||1.2101658697407924||0.0|1.0|0.0|0.0|0.0|1.0|0.0|0.0|0.0|1.0|0.0|0.0|0.0|1.0|0.0|0
|||-0.2763407303606998||||-0.3518239738226546|-0.3349720308916876|-0.36305681216984353|-0.3530357641594579|||||0.0|1.0|0.0|0.0|0.0|1.0|0.0|0.0|0.0|0.0|1.0|0.0|0.0|1.0|0.0|0
0.2909592463817717||2.832322400012164|-0.2879734684748252|1.3485095334550927|-0.3753678584706246||||-0.3449269696343531||||||0.0|1.0|0.0|0.0|0.0|0.0|1.0|1.0|0.0|0.0|0.0|1.0|0.0|0.0|0.0|0
-0.32219345245844544|-0.462391138044792||-0.29012767923670024|-0.3529530254137086|2.703630490888587|-0.3472275798168742||-0.34781487449474957|-0.34762715894814955|2.642677197296967|-0.34258339498547763|-0.24203672508017238|-0.38130006291448354||0.0|1.0|0.0|1.0|0.0|0.0|0.0|0.0|0.0|0.0|1.0|0.0|0.0|0.0|1.0|0
-0.3001058192149218||1.0255648089829155|3.548675898424681|-0.37139400992975585||1.602470545829384||-1.0059566888159381|-0.3464699349565225|0.8666147933418026||||-1.0490043108088363|0.0|1.0|0.0|0.0|0.0|1.0|0.0|0.0|0.0|0.0|1.0|0.0|0.0|1.0|0.0|0
-0.35134912833989673||||-0.37316127094587703||-0.35319482566153726||||-0.3610170816290835|||-0.38982012921485715||0.0|1.0|0.0|0.0|1.0|0.0|0.0|0.0|0.0|0.0|1.0|0.0|1.0|0.0|0.0|0
-0.3036398405338856|-0.462391138044792||-0.27806409897019985|-0.3299658259648858||-0.3452384978686531||3.366982539539633|-1.1827571395723357||-1.4435000140035692||3.4363767417739046|-1.0490043108088363|0.0|1.0|0.0|0.0|0.0|0.0|1.0|0.0|0.0|0.0|1.0|0.0|0.0|0.0|1.0|1
|||-1.158274616272355||-0.398390128168241||-1.0347358326818903|-0.3261290958306479|-0.358042174872793||||-0.37690260934009717|-1.0490043108088363|0.0|1.0|0.0|1.0|0.0|0.0|0.0|0.0|0.0|0.0|1.0|0.0|0.0|1.0|0.0|0
-0.3195429364692226||2.289685418229476|||-0.3923851528221127|-1.6596238492531128||-0.34144247118025317|1.353492108743611|-0.359526066277615|1.9993959615864887|-0.25572614887704664|-0.38130006291448354||0.0|1.0|1.0|0.0|0.0|0.0|0.0|1.0|0.0|0.0|0.0|0.0|0.0|0.0|1.0|1
|-0.462391138044792|-0.3812266471593183|-0.28495757340820005||0.8541748251800727|-0.34126033397221106|-0.34375384341951065||-1.5202808037968913|-0.3521586963056529|-1.716906459123956||2.007204330098326||1.0|0.0|0.0|1.0|0.0|0.0|0.0|0.0|0.0|1.0|0.0|0.0|0.0|1.0|0.0|1
||||-0.3797949028759552|-0.3823512802789016|-0.3380778028550574|||-0.333740471048625|0.7065499100223865|-0.35878525840001907|-0.2146578774864238|-0.3961414687280376|-1.0490043108088363|0.0|1.0|0.0|0.0|0.0|1.0|0.0|1.0|0.0|0.0|0.0|0.0|0.0|0.0|1.0|0
||-0.3993348700345383||-0.3616228493841003||1.6820338237582255|1.590922361693305|-1.1221305030879114|-0.3345119537097097|1.1012304442346454||||1.2731797834286689|0.0|1.0|0.0|0.0|0.0|1.0|0.0|1.0|0.0|0.0|0.0|0.0|0.0|0.0|1.0|0
|1.532237300579801|||-0.3783990227980044|-0.3775933445413942|-0.3460341306479416|-1.5631918150468607|-0.3254232296173499|1.1799085099995537||-0.3624306776682909||0.8528727668218978||0.0|1.0|1.0|0.0|0.0|0.0|0.0|0.0|0.0|0.0|1.0|0.0|0.0|0.0|1.0|0
||||1.3293001745842101||-1.391097786243273||-0.3361876893701453|-1.423845471161304||0.9260225103731178||1.9865912664683902||0.0|1.0|0.0|0.0|0.0|0.0|1.0|1.0|0.0|0.0|0.0|0.0|0.0|0.0|1.0|0
-1.3766570635042656|-0.462391138044792|-0.3945588516555521|1.9330178270183758|-0.3565003536851982|-0.38047112825359625||||||||-0.3917440151536512||0.0|1.0|0.0|0.0|0.0|0.0|1.0|1.0|0.0|0.0|0.0|0.0|0.0|0.0|1.0|0
|-0.462391138044792|-0.40880561286265565||||0.7173290788710236|-0.33595883109829194||-0.35071308959248837||-0.3502792801073848||0.492144153298014||0.0|1.0|0.0|1.0|0.0|0.0|0.0|0.0|0.0|0.0|1.0|1.0|0.0|0.0|0.0|0
|-0.462391138044792||-0.3052071545698258|-0.32723809700522044|-0.37569400729134084|-1.1722987719389593|-0.34703233389578786|-0.32403110458556755|-1.3659842715799517||-0.3365076962050246||-0.37580324594650055||0.0|1.0|0.0|0.0|0.0|0.0|1.0|0.0|1.0|0.0|0.0|0.0|0.0|0.0|1.0|1
|0.7842516360955787||1.8683915041621237||-0.395685011478771|||1.5356518639274357||0.5662190534135834|-0.34258339498547763|-0.1599001822989266|||0.0|1.0|0.0|1.0|0.0|0.0|0.0|0.0|0.0|1.0|0.0|0.0|0.0|0.0|1.0|0
-1.5754457626959788||-0.38327931888815914||||||0.49498938418313804|-0.34145529765947197||2.971507766458976|-0.9675761863145098|-0.39435500321344313||0.0|1.0|0.0|1.0|0.0|0.0|0.0|0.0|0.0|0.0|1.0|0.0|0.0|0.0|1.0|1
-1.88467262810531|-0.462391138044792|||-0.36542630244053503|||0.16546679971751163|-0.33401126854580965||||-0.22834730128329808|-0.3620612035265431|1.2731797834286689|1.0|0.0|0.0|0.0|0.0|0.0|1.0|1.0|0.0|0.0|0.0|0.0|0.0|0.0|1.0|0
|-0.462391138044792||-0.2642771500941994|-0.3427848714513881|-0.3875888466351093|-0.36194678623370985|||-0.333740471048625|-0.36733197017647967|||-0.37470388255290393||1.0|0.0|0.0|0.0|0.0|1.0|0.0|0.0|0.0|0.0|1.0|0.0|0.0|1.0|0.0|0
-0.3438393330370987|||-0.27806409897019985|-0.35981716965023736|-0.37561726639234877|2.398103325117798|2.039135570163378|2.5522952850247846||||-0.25572614887704664|-0.41070803369319253||1.0|0.0|0.0|1.0|0.0|0.0|0.0|0.0|0.0|1.0|0.0|0.0|1.0|0.0|0.0|0
||-1.4163016090391791|-0.28711178417007516||-1.0720217395204954|-0.3464319470375858|-0.3693168985317424||-0.34338400431218374|0.6703708610529294|-0.3583802118146555|-0.25572614887704664|-0.3958666278796385||0.0|1.0|0.0|0.0|0.0|0.0|1.0|1.0|0.0|0.0|0.0|0.0|0.0|1.0|0.0|0
-0.34074706438300534|1.6984563371318504||-0.28409588910345007|-0.38277875662056565|-0.3946681945671263|-0.33927125202399006|1.0716369820591802||||-0.3591903049853826||1.0040352334414302||0.0|1.0|0.0|0.0|0.0|0.0|1.0|1.0|0.0|0.0|0.0|0.0|0.0|0.0|1.0|0
|-0.462391138044792|||-0.37524868794317967||-0.3444428650893647|-0.36805594065625113|-0.3278545465742654|-0.34531271096489546||1.553844717686599||||1.0|0.0|0.0|0.0|0.0|1.0|0.0|0.0|0.0|1.0|0.0|0.0|0.0|0.0|1.0|0
-0.29568829256621704||-0.3866123700122176|-0.282803362646325|-0.34798420458577367|1.8220694137173608||-0.35003570629013975||-1.2213312726265706||-0.34825404718056713|-0.2009684536895495|1.5056197817698784||0.0|1.0|0.0|0.0|0.0|1.0|0.0|1.0|0.0|0.0|0.0|0.0|0.0|0.0|1.0|0
|-0.462391138044792|||-0.3612514684459299|-0.3943420457464101|-1.3314253277966421||-0.34965796960725004||2.458492947997913|||-0.3972408321216342|-0.2749429460630012|1.0|0.0|0.0|0.0|1.0|0.0|0.0|1.0|0.0|0.0|0.0|0.0|0.0|0.0|1.0|0
||-0.41413036526816366|-1.4167799076973637|0.2292442232450007|||1.5702885055489026|3.188555246733734|||-0.34339348815620474|||-1.0490043108088363|0.0|1.0|0.0|0.0|1.0|0.0|0.0|1.0|0.0|0.0|0.0|0.0|0.0|0.0|1.0|0
0.9204567938221963|||0.6512624237027069|-0.35543743582767606|||1.7101401971942969||1.0834731773639663|-0.3671565566057187|-0.34460862791229535||0.62269355628761||1.0|0.0|0.0|1.0|0.0|0.0|0.0|0.0|0.0|1.0|0.0|0.0|0.0|1.0|0.0|0
-0.3345625270748187|-0.462391138044792|-1.3492341169087347||-0.36368465390290833|-0.37895549549850316|-1.3712069667610627|-0.35035667738571935|||-1.263563756587139|2.5867135103636163|-0.24203672508017238|-0.3705812698269167||0.0|1.0|0.0|0.0|0.0|0.0|1.0|0.0|0.0|0.0|1.0|0.0|0.0|0.0|1.0|0
|||-0.28194167834157496|||||||-0.38561883492831434|||1.0383903394913239|-1.0490043108088363|1.0|0.0|0.0|1.0|0.0|0.0|0.0|1.0|0.0|0.0|0.0|0.0|0.0|1.0|0.0|0
-0.30187282987440367|-0.462391138044792|-0.3813689115365647|-0.2694472559226995||-0.3797420897131717|-0.34006688480327846|-0.35115910512466836|-0.35503039578624085|0.6109400474495885|-0.3732083247969733|-1.686527965221691|-0.22834730128329808|-0.377589711461095|0.4991184186828339|0.0|1.0|0.0|0.0|0.0|0.0|1.0|1.0|0.0|0.0|0.0|0.0|0.0|0.0|1.0|1
-0.2987805612203104|-0.462391138044792||-0.29271273215095034||-0.39140670635996405|||-0.3269329990180152||-1.6823636567790359||-0.22834730128329808|-1.2049980855667348||1.0|0.0|0.0|0.0|0.0|0.0|1.0|1.0|0.0|0.0|0.0|0.0|0.0|1.0|0.0|0
-0.3195429364692226||-0.409659199126134|-1.30906936960361|||-0.3579686223372678|||-0.33798362568459084||-0.36283572425365446|-0.24203672508017238||0.4991184186828339|1.0|0.0|0.0|0.0|0.0|1.0|0.0|0.0|0.0|0.0|1.0|0.0|0.0|0.0|1.0|0
1.9364879230242853||1.2826568621496195||-1.3241525974470374||0.5780933424955511||||1.3007633809752874|0.43996660793687437||||0.0|1.0|0.0|0.0|0.0|0.0|1.0|0.0|0.0|0.0|1.0|0.0|0.0|0.0|1.0|0
|||||-0.39597278984999124|||-0.3485795628924891|-0.33335472971808267||0.8551393579344989||-0.37951359739988905||0.0|1.0|0.0|1.0|0.0|0.0|0.0|0.0|0.0|1.0|0.0|0.0|0.0|0.0|1.0|0
||||-0.35556549822014866|-0.401210356206199|||-0.33489360131243223|-0.33991233233730256|-0.35294805737407736|||1.3956834424102185||0.0|1.0|0.0|0.0|1.0|0.0|0.0|0.0|0.0|0.0|1.0|1.0|0.0|0.0|0.0|0
-0.3394218063883939|-0.462391138044792||-1.3198404234129855|-0.36128988716367166|-0.36264805446269155|||-0.3518736052212134|||1.2905644372003007||||0.0|1.0|0.0|0.0|0.0|1.0|0.0|1.0|0.0|0.0|0.0|0.0|0.0|1.0|0.0|0
-0.28066870196062094||-0.4086023780380179|||-0.3860540286552682|1.9207236575447497|||-0.34569845229543783|||-0.1872790298926752|-0.40287506951381674||0.0|1.0|0.0|0.0|0.0|0.0|1.0|1.0|0.0|0.0|0.0|0.0|0.0|1.0|0.0|0
-0.2864114866039371|||0.8989966613183403|-0.9329219884433955|0.552966796636259|0.5880387522366564|-0.3559736715583622|-0.3439326103216102||-0.3620257096609593|||-0.38281168758067885||1.0|0.0|0.0|0.0|0.0|0.0|1.0|1.0|0.0|0.0|0.0|0.0|0.0|0.0|1.0|0
|-0.462391138044792|||-0.3632492417685017|||0.4210973508398293||-0.3352834363707944|-0.3631220444782156|||-0.38322394885327754|1.2731797834286689|0.0|1.0|0.0|0.0|0.0|0.0|1.0|0.0|0.0|0.0|1.0|0.0|0.0|1.0|0.0|0
|-0.462391138044792||3.2470863917621706|-1.743877088775822|||-0.3457255230066424||||-0.0055846359630154895||-0.07127958592024275|-1.0490043108088363|0.0|1.0|0.0|0.0|0.0|0.0|1.0|1.0|0.0|0.0|0.0|0.0|0.0|1.0|0.0|0
-0.4821079171415569|-0.462391138044792|-1.166322774734795|||-1.811612153556421|0.6079295717188666|2.4243008848588885|||-0.3580789043188367|0.5918590774482004|-0.2009684536895495|-1.3252409567413628||0.0|1.0|0.0|0.0|0.0|0.0|1.0|0.0|0.0|0.0|1.0|0.0|0.0|1.0|0.0|0
||-0.416406595304106|||-0.3854784719128278|-0.33887343563434585|-0.3569824378587552|-0.32740357649354723|-1.2599054056808057|-0.34540527383135416|-0.357975165229292|3.139250952747778|||0.0|1.0|0.0|1.0|0.0|0.0|0.0|0.0|0.0|1.0|0.0|0.0|0.0|0.0|1.0|0
|-0.462391138044792|2.7368020324324394|||-0.38653365927396854|-0.3651293173508635|-0.35803705717280243||1.4306403748520806|-1.494890403028213|-0.3373177893757517|-0.2146578774864238|||0.0|1.0|0.0|1.0|0.0|0.0|0.0|0.0|0.0|0.0|1.0|0.0|0.0|0.0|1.0|0
-0.31556716248538835|-0.462391138044792|-0.4143945705401927|-0.27504820390357476|0.8471452669250572|-0.40784844396901165|||-1.869662430365374|-0.34338400431218374|-0.33632762154447227|0.8247608640322337|-0.22834730128329808|-0.3806129607934856||0.0|1.0|0.0|0.0|0.0|0.0|1.0|1.0|0.0|0.0|0.0|1.0|0.0|0.0|0.0|0
-0.3067321091879789|-0.462391138044792||-0.28754262632245015|||-0.33887343563434585|-0.3556068474491284|-0.33612886718570384|-0.3472414176176072|-1.451037010337962|-1.5953924835148952||-1.5279360824357358|-1.0490043108088363|1.0|0.0|0.0|1.0|0.0|0.0|0.0|0.0|0.0|1.0|0.0|1.0|0.0|0.0|0.0|0
0.544967028682294|-0.462391138044792|0.29188709204077967||2.7232593166479226||-0.3436472323100763||-0.339913094384774||-0.35799119753345626|0.48047126647322796|-0.24203672508017238|||0.0|1.0|0.0|0.0|0.0|1.0|0.0|1.0|0.0|0.0|0.0|0.0|0.0|0.0|1.0|0
-1.8184097283747391|-0.462391138044792||-0.2720323088369496|3.444250586268382|1.917995537457429|-0.3547860912201141|-0.34808695320983507|-0.3434620328460782||3.081211124199477||-0.22834730128329808||0.4991184186828339|1.0|0.0|0.0|1.0|0.0|0.0|0.0|0.0|0.0|1.0|0.0|0.0|0.0|0.0|1.0|0
|-0.462391138044792|-0.38419387559902884|||-0.37937757044295944|-0.3591620715062004||||-0.36268351055131315|-0.34420358132693174|3.139250952747778|||0.0|1.0|0.0|0.0|0.0|0.0|1.0|0.0|0.0|1.0|0.0|1.0|0.0|0.0|0.0|1
|-0.462391138044792|1.0499529879394407|-0.2970211536747005|1.1909927907138556|||-0.3667262032602785|-1.4402604839423854|-0.34531271096489546|-0.35360585826443114||-0.24203672508017238|-1.4729679127559057||0.0|1.0|0.0|0.0|0.0|0.0|1.0|1.0|0.0|0.0|0.0|0.0|0.0|1.0|0.0|0
-0.3098243778420722||||-0.37117630386255257|-0.38624588090274836|-0.3241542292175102|-1.3430973495065692|-0.330521152268947||-0.34856271810505224|-0.33286227693675274||-0.37250515576571075||0.0|1.0|0.0|1.0|0.0|0.0|0.0|0.0|0.0|1.0|0.0|0.0|0.0|1.0|0.0|0
1.1192454930139093|-0.462391138044792||-0.28969683708432525||-0.39138752113521597|-1.0728446745279074|2.8713677679876053|-0.35640291342320934||-0.3746116333630614||||-0.2749429460630012|0.0|1.0|0.0|0.0|0.0|1.0|0.0|1.0|0.0|0.0|0.0|1.0|0.0|0.0|0.0|0
|-0.462391138044792|-0.40380603617656796|||0.319386685329193|-0.3480232125961626|-1.1505146921588143|-0.34089346412546573||-0.358999825565332|-0.3612155379122003|-0.2146578774864238||-1.0490043108088363|0.0|1.0|0.0|0.0|0.0|1.0|0.0|0.0|0.0|0.0|1.0|1.0|0.0|0.0|0.0|0
-0.3164506678151293||1.010322197135087||-0.37171416591093726|-0.38601565820577216||-0.35753267402260597|-0.3540892408351768||-0.37228740355047807|||2.474433772376881|0.4991184186828339|0.0|1.0|0.0|0.0|0.0|1.0|0.0|1.0|0.0|0.0|0.0|1.0|0.0|0.0|0.0|0
-0.29613004523108755||0.23802986351178634||1.0450016632951478|-0.37314237239985504||2.1652313577125035|-0.33601122281682083|-1.616716136432479|-0.3540882455840239|-0.34501367449765885||0.6123870244726419||1.0|0.0|0.0|0.0|0.0|1.0|0.0|0.0|0.0|1.0|0.0|0.0|0.0|0.0|1.0|0
-0.2952465399013466|0.45181356299147973|-0.3863278412577248||-0.34768966108308674|-0.3690175490790321|-0.35160356010296046|-0.3402460878749622|-0.3265016363321108|-0.3441554869732684||||-0.37951359739988905||0.0|1.0|0.0|1.0|0.0|0.0|0.0|0.0|0.0|0.0|1.0|0.0|0.0|0.0|1.0|0
-0.3310285057558549||-0.41841862006801933|-1.3413825310317362|-0.38206160722271937|-1.820245504693027|-0.3575708059476236|||-0.3383693670151332|-0.3648761801858257||-0.25572614887704664|||0.0|1.0|0.0|0.0|0.0|1.0|0.0|0.0|0.0|0.0|1.0|0.0|0.0|1.0|0.0|0
|-0.462391138044792|-0.39825772546395843|||0.7726376200010151||-0.34705526040261503|-1.6275111044145105||||-0.26941557267392097|||0.0|1.0|0.0|0.0|1.0|0.0|0.0|0.0|1.0|0.0|0.0|0.0|0.0|0.0|1.0|1
|-0.462391138044792||||-0.3821402428066734|||||0.7065499100223865|||-0.42513717823414787|-0.2749429460630012|0.0|1.0|0.0|1.0|0.0|0.0|0.0|0.0|0.0|0.0|1.0|0.0|0.0|0.0|1.0|0
|-0.462391138044792||-0.29357441645570037|||-0.348818845375451|||-0.33219750572645557|-0.35176401577144056|2.951255437190799||||0.0|1.0|0.0|0.0|1.0|0.0|0.0|0.0|0.0|0.0|1.0|0.0|0.0|0.0|1.0|0
|3.0282086295482458|||-0.3557191730911157|-0.3789938659479992|0.6477112106832873||-0.3357759340790548|-0.34376974564272605|0.6670818566011606|-0.35270955961956607|-0.22834730128329808|||1.0|0.0|0.0|0.0|0.0|0.0|1.0|0.0|0.0|0.0|1.0|0.0|0.0|1.0|0.0|1
|-0.462391138044792|-0.4079926735641048|-0.28237252049395|-0.3708945665991129|2.872460468671107|-0.3460341306479416|-0.36218675490851004||||0.1463078335483106||||0.0|1.0|0.0|0.0|0.0|0.0|1.0|0.0|0.0|1.0|0.0|0.0|0.0|1.0|0.0|0
-1.3214379803954566|-0.462391138044792||-0.29228188999857535||0.2522383987111453|||-0.33797196229820436|-0.3464699349565225|1.618700477979607|0.5716067481800235||-0.38982012921485715|-0.2749429460630012|0.0|1.0|0.0|0.0|1.0|0.0|0.0|0.0|0.0|0.0|1.0|1.0|0.0|0.0|0.0|0
|-0.462391138044792||-0.28107999403682493|-0.3595098199083032|||-0.3539790654644033|-0.3444620099815837||-0.3625958037659326||-0.2009684536895495|0.5574188547928121||1.0|0.0|0.0|0.0|0.0|0.0|1.0|0.0|0.0|1.0|0.0|1.0|0.0|0.0|0.0|0
||0.5215424438813928|-0.2944361007604504|1.6526577155774003|-1.4552466038620677|-0.3464319470375858|||||-0.3373177893757517|||0.4991184186828339|0.0|1.0|1.0|0.0|0.0|0.0|0.0|0.0|0.0|1.0|0.0|0.0|0.0|0.0|1.0|0
|-0.462391138044792||-0.2970211536747005|-0.36128988716367166|-0.3821977984809175|-1.510442703136535|-0.35363516786199667|-0.34642274946296725||-0.36456920643699386|-0.3498742335220213|-0.26941557267392097|||1.0|0.0|0.0|0.0|1.0|0.0|0.0|0.0|0.0|1.0|0.0|1.0|0.0|0.0|0.0|0
||-1.1622580782420409|||-0.38361750511227044||-0.35507953779210477|-1.2162459981943194||-0.36263965715862284|||-0.3806129607934856||0.0|1.0|0.0|0.0|0.0|0.0|1.0|0.0|0.0|0.0|1.0|0.0|1.0|0.0|0.0|0
|-0.462391138044792|-0.4104518149422211|-0.2944361007604504|-0.3735326518840475|-0.39190552220341235||||1.5849369070690202|-0.3622011232317203||-0.2146578774864238|||0.0|1.0|0.0|0.0|0.0|0.0|1.0|0.0|0.0|0.0|1.0|0.0|0.0|0.0|1.0|0
0.8762815273351491||-0.414983951531642||||-0.32972365867252906|-0.3734436697606228|-0.34924621431615954||||0.7436017882947767|2.1927219027677523||1.0|0.0|0.0|0.0|0.0|0.0|1.0|1.0|0.0|0.0|0.0|1.0|0.0|0.0|0.0|1
-0.32749448443689116|-0.462391138044792|0.810135894866942|1.588344105118364||-0.38302276314508205|-0.3452384978686531||-0.3267761398595045|-1.2599054056808057||-0.3470389074244765|2.4547797629040637|-0.3854226756404708|0.4991184186828339|1.0|0.0|0.0|0.0|0.0|1.0|0.0|1.0|0.0|0.0|0.0|0.0|0.0|0.0|1.0|0
-0.2943630345716056|-0.462391138044792|-0.39925357610468326|||-0.3811809815692727||-0.3526034750547765|||-0.3492643723880963||1.4280729781384915||2.047241148174504|1.0|0.0|0.0|0.0|0.0|0.0|1.0|0.0|0.0|0.0|1.0|1.0|0.0|0.0|0.0|0
||-0.38886827656569617||-1.7112211786953215||-1.4010431959843783|-0.356340495667596|-0.33761902919155534||||-0.2009684536895495|-1.9195842914045238||0.0|1.0|0.0|0.0|0.0|0.0|1.0|0.0|0.0|0.0|1.0|0.0|0.0|1.0|0.0|0
|||-0.28064915188444994||-0.3883754408497778|-0.3356909045171922||-0.33083487058596833|||0.6121114067163772||||0.0|1.0|0.0|0.0|0.0|0.0|1.0|0.0|1.0|0.0|0.0|0.0|1.0|0.0|0.0|0
|-0.462391138044792|-0.405492885221061|-0.28409588910345007|||-0.3559795403890467||-0.34287381100166314|-0.34222678032055664|-0.3609732282363933|-1.4232476847353923|-0.1735896060958009|-0.38734656157926484||0.0|1.0|0.0|0.0|0.0|1.0|0.0|1.0|0.0|0.0|0.0|1.0|0.0|0.0|0.0|0
0.6774928281434359|||-0.28194167834157496|-1.7262685098108461|-0.3953588626580548|-0.35160356010296046||-0.3594224522245399||-0.8644978831058551|-0.3612155379122003|-0.22834730128329808|0.24135187913378994||0.0|1.0|0.0|0.0|0.0|0.0|1.0|0.0|1.0|0.0|0.0|0.0|0.0|0.0|1.0|0
-0.26476560602528393|-0.462391138044792|-0.4018753053425097|||-1.1852145655337762||-0.36470867065949253|-0.31791359740365105|-0.3410695563289296||-0.35270955961956607||||0.0|1.0|1.0|0.0|0.0|0.0|0.0|0.0|0.0|0.0|1.0|0.0|0.0|0.0|1.0|0
-0.2908290132526418|-0.462391138044792|1.8070027097149133|-0.2733248352940747|-0.3546562552335935|-0.37709452869794585||||||-1.0384534286400329|||-1.0490043108088363|0.0|1.0|0.0|0.0|0.0|1.0|0.0|0.0|0.0|0.0|1.0|0.0|0.0|1.0|0.0|0
|-0.462391138044792|-0.40837881973091644|-0.2914202056938253||0.8546544557987734||-0.3437309169126835||||||-0.3987524567878295||0.0|1.0|0.0|0.0|0.0|0.0|1.0|0.0|0.0|0.0|1.0|1.0|0.0|0.0|0.0|0
-0.3230769577881864|-0.462391138044792|0.6409429033560479|0.8235992846527128|||1.662143004276015||||||-1.3098117812363672||-1.0490043108088363|0.0|1.0|0.0|0.0|1.0|0.0|0.0|0.0|0.0|0.0|1.0|0.0|0.0|1.0|0.0|0
-1.2330874474213618|||||2.755430597708224|||-0.3303446857156225|-0.3410695563289296||-0.35635497888783785||||0.0|1.0|0.0|0.0|0.0|1.0|0.0|1.0|0.0|0.0|0.0|1.0|0.0|0.0|0.0|0
2.709555086547614|1.6153468188558258||-0.28064915188444994|-0.38180548243777424|-0.3892387759634385|-0.3587642551165562||-0.34232480394687576|||-0.3381278825464787||||0.0|1.0|0.0|0.0|0.0|0.0|1.0|1.0|0.0|0.0|0.0|0.0|0.0|1.0|0.0|0
-1.498139046343646|-0.462391138044792|-0.38419387559902884|-0.27806409897019985|2.4645732838533707|0.4354572950546755|-0.3591620715062004|-0.36076531148522895|-0.3359327932375655|||-0.3486590937659307|-0.9675761863145098||-1.0490043108088363|0.0|1.0|0.0|0.0|0.0|0.0|1.0|0.0|0.0|1.0|0.0|0.0|0.0|0.0|1.0|0
|-0.462391138044792|-0.18368239761146346||-0.3345504596154031|||2.104476114620652|0.4523433004630467||0.43904421461185544|||-0.3965537300006364|-0.2749429460630012|0.0|1.0|0.0|0.0|0.0|1.0|0.0|0.0|1.0|0.0|0.0|1.0|0.0|0.0|0.0|0
-0.3261692264422797||-0.40474091636990145|0.9205387689370911|-0.3674112695238596||0.4686938353433942||1.980739726201492||-0.34886969185388406|||-0.38762140242766396|0.4991184186828339|1.0|0.0|0.0|0.0|0.0|0.0|1.0|0.0|0.0|0.0|1.0|1.0|0.0|0.0|0.0|0
-0.33853830105865296|-0.462391138044792||-0.282803362646325|3.5940835854612665|0.7006930271959639|-0.33966906841363426|||-0.3441554869732684|-1.3962202694751482|-0.35513983913174724|||-0.2749429460630012|0.0|1.0|1.0|0.0|0.0|0.0|0.0|0.0|0.0|0.0|1.0|0.0|0.0|1.0|0.0|0
-0.2895037552580304|||||-1.126219999433634||-0.3671159538763395|-0.35105009463903236|-0.3522560549146578|0.9608995876258423|-1.2511028859558895|-0.25572614887704664|0.3650302609134072||0.0|1.0|0.0|1.0|0.0|0.0|0.0|1.0|0.0|0.0|0.0|0.0|0.0|0.0|1.0|0
|-0.462391138044792||-0.2853884155605751||||-0.3766304542095916||||||-0.39916471806042825|-1.0490043108088363|0.0|1.0|0.0|0.0|0.0|0.0|1.0|0.0|0.0|0.0|1.0|0.0|0.0|0.0|1.0|0
-0.32263520512331595|2.6957705564441468||-2.0307299748317593||2.1453404507213905||-0.36956909010684064|0.9768411117331351|||||2.04155943614822|-0.2749429460630012|0.0|1.0|0.0|0.0|0.0|0.0|1.0|0.0|0.0|1.0|0.0|0.0|0.0|1.0|0.0|0
1.6714363241020012|-0.462391138044792||-1.6752851991223725|-0.3574608216287424|1.4844094581523208||-0.35689073183144676|-0.7525311108471197||-0.3812773490519795|0.48047126647322796||-0.3932556398198465|-1.0490043108088363|0.0|1.0|0.0|0.0|1.0|0.0|0.0|0.0|0.0|0.0|1.0|0.0|0.0|0.0|1.0|0
|-0.462391138044792|1.9929625742584185||-1.7044979030905125|-1.327664859287777|-0.337282170075769|3.2771669388275178|-0.3573244609794596||-0.9171219543341562||0.7436017882947767|2.8454689177157326||0.0|1.0|0.0|1.0|0.0|0.0|0.0|1.0|0.0|0.0|0.0|0.0|0.0|1.0|0.0|0
|-0.462391138044792||-0.28711178417007516|||-0.3472275798168742|1.3536330160326788|-0.3441482916645624|-0.34222678032055664|||-0.24203672508017238|||0.0|1.0|0.0|0.0|0.0|0.0|1.0|0.0|0.0|1.0|0.0|0.0|0.0|0.0|1.0|0
||||-0.3647475717604305||-0.3448406814790089||||1.3095340595133376|-0.3486590937659307||-0.3869343003066661||0.0|1.0|0.0|1.0|0.0|0.0|0.0|0.0|0.0|1.0|0.0|0.0|0.0|0.0|1.0|0
||1.9340244751134823|-0.2983136801318255|-0.37733610494048225|2.375563147697554|3.1141728264773705|-0.367230586410475|-0.3436973215838442||-1.26027475213537|-0.3502792801073848||-1.3424185097663097||0.0|1.0|0.0|1.0|0.0|0.0|0.0|0.0|0.0|0.0|1.0|0.0|0.0|0.0|1.0|0
|-0.462391138044792|-0.4186625018575846||-0.38231773200766445|2.45422256916441|-0.3452384978686531|-1.126441859990345||-0.33759788435404847|-0.34878198506850355||0.40136619337291946|||0.0|1.0|0.0|0.0|1.0|0.0|0.0|1.0|0.0|0.0|0.0|1.0|0.0|0.0|0.0|0
|||-0.2797874675796999||||0.7609828145517898||-0.34184103899001433|-1.6714003086064733||1.770308573060349|-0.37731487061269586||0.0|1.0|0.0|1.0|0.0|0.0|0.0|0.0|0.0|0.0|1.0|0.0|0.0|1.0|0.0|0
-0.33058675309098445|||-0.29357441645570037|-0.35059667739221373||-1.4308794252076937|-0.3559507450515351||2.3178454350994837|-1.2240957031659132|-0.3502792801073848||-0.3884459249728614|-1.0490043108088363|1.0|0.0|0.0|0.0|0.0|0.0|1.0|0.0|0.0|0.0|1.0|0.0|0.0|0.0|1.0|0
||-1.53519398145224||||-0.3591620715062004||-0.3255016591966052||-0.34347572455298314|-1.585266318880807|||-1.0490043108088363|0.0|1.0|0.0|0.0|1.0|0.0|0.0|0.0|0.0|0.0|1.0|0.0|1.0|0.0|0.0|0
-0.30849911984746076|-0.462391138044792|-0.39963972227149486|-0.28711178417007516|-0.3619430053652816|2.9875718171591887|-0.35120574371331625|-0.3610175030603272|0.7660616174844082|-0.3449269696343531||-1.6257709774171605||-0.3799258586724878||1.0|0.0|0.0|0.0|0.0|0.0|1.0|1.0|0.0|0.0|0.0|1.0|0.0|0.0|0.0|0
|||-0.2776332568178248|-0.3662971267093484|-0.37882119892526706|2.457775783564429|-0.35021911834475666||-0.33798362568459084|-0.37474319354113217|0.6526160652527309|-0.2146578774864238|||0.0|1.0|0.0|0.0|0.0|0.0|1.0|1.0|0.0|0.0|0.0|0.0|0.0|1.0|0.0|0
|-0.462391138044792|||||-0.35160356010296046|0.6669841365606236|||-0.358298171282288||-0.22834730128329808||-0.2749429460630012|0.0|1.0|0.0|0.0|1.0|0.0|0.0|0.0|0.0|1.0|0.0|1.0|0.0|0.0|0.0|0
2.952519052226374||-1.1653066006116062|-0.2892659949319502|-0.3715732972792175|||-1.4141695206706217|-0.3441090768749347|0.5434353146046773||-0.3421783484001141|||-0.2749429460630012|1.0|0.0|0.0|0.0|0.0|0.0|1.0|1.0|0.0|0.0|0.0|1.0|0.0|0.0|0.0|0
|||0.9851650917933433|||-0.3249498619967986|||0.6495141805038234|||-0.1599001822989266|||0.0|1.0|0.0|0.0|0.0|1.0|0.0|0.0|0.0|0.0|1.0|1.0|0.0|0.0|0.0|0
1.4505599916667644||||-0.3550404424110112||-0.3472275798168742|-0.3661301140827736|||-0.38649590278211937|||2.227077008817646|-0.2749429460630012|0.0|1.0|0.0|0.0|0.0|1.0|0.0|0.0|0.0|0.0|1.0|0.0|0.0|1.0|0.0|0
-0.3411888170478758|-0.462391138044792|1.017435415997407|-0.2957286272175754|||0.7471653080943391||||-1.4609040236932687||-1.6520473761582246||-0.2749429460630012|0.0|1.0|0.0|0.0|0.0|0.0|1.0|0.0|0.0|0.0|1.0|0.0|0.0|1.0|0.0|0
-0.28243571262010286|||-0.28323420479870004|-0.35205658866640077|1.2570645448883593||||-0.3526417962452001||0.8753916872026758||-0.3786890748546916||1.0|0.0|0.0|0.0|0.0|1.0|0.0|0.0|0.0|0.0|1.0|0.0|0.0|1.0|0.0|0
-0.31203314116642455|||-0.29400525860807536||||-0.3474220845118488|||||-0.1735896060958009|-0.39215627642624995|-1.0490043108088363|0.0|1.0|0.0|0.0|0.0|0.0|1.0|0.0|0.0|0.0|1.0|0.0|0.0|0.0|1.0|0
-0.9459482152555541|1.781565855407875|-0.43246214645048514|||-0.3839436539329867||-0.35542343539451143|1.8581935086150227|||0.9260225103731178||||0.0|1.0|0.0|0.0|0.0|0.0|1.0|0.0|0.0|0.0|1.0|0.0|0.0|1.0|0.0|0
|-0.462391138044792|-0.40638711844946684||1.2755139697457387||-0.35239919288224886|-0.3737646408562024||-1.1056088734638658|-0.3477295036439375|-0.3280017179123903|||2.047241148174504|1.0|0.0|0.0|1.0|0.0|0.0|0.0|0.0|0.0|0.0|1.0|0.0|0.0|1.0|0.0|1
3.1733953846616108|-0.462391138044792||2.1053546879683815|-0.3325782987713258|-0.3809699440970446|-0.348818845375451||-0.3461090311459459|||-0.36324077083901796|-3.0209897558456538|-0.40026408145402487||0.0|1.0|0.0|0.0|0.0|0.0|1.0|1.0|0.0|0.0|0.0|0.0|0.0|1.0|0.0|1
-0.2908290132526418|-0.462391138044792|-0.3950669387171464|-0.28064915188444994|||||-1.4074180976292117|1.4113533083249632|-0.35492146004513864|||||0.0|1.0|1.0|0.0|0.0|0.0|0.0|0.0|0.0|0.0|1.0|1.0|0.0|0.0|0.0|0
-0.3102661305069427|-0.462391138044792||||2.9376902328143535|-0.3555817239994025|-1.249098671515403|-0.3348347791279907|-0.3368264016929638|||-0.28310499647079523|||1.0|0.0|0.0|0.0|0.0|0.0|1.0|0.0|0.0|0.0|1.0|0.0|0.0|1.0|0.0|0
||2.5203569441932783|-0.2642771500941994|-0.339365605572371|-0.38006823853388794||-0.3514800762202479|-0.33507006786575677|-1.028460607355396|||-0.25572614887704664|-0.3972408321216342||0.0|1.0|0.0|0.0|0.0|0.0|1.0|0.0|0.0|1.0|0.0|0.0|0.0|0.0|1.0|0
-0.321751699793575||-0.3939085002167115|||0.6134002545925019|||1.3013434959021062||-0.36255195037324234||-0.26941557267392097|-1.521065061225757||1.0|0.0|0.0|1.0|0.0|0.0|0.0|1.0|0.0|0.0|0.0|0.0|0.0|0.0|1.0|0
1.4505599916667644|-0.462391138044792|-1.498611713017452||||-0.35200137649260466||-0.3436973215838442|||-0.3401531154732964|-0.2009684536895495|-0.3791013361272903|1.2731797834286689|0.0|1.0|0.0|0.0|0.0|0.0|1.0|0.0|1.0|0.0|0.0|0.0|0.0|0.0|1.0|0
-0.3115913885015541|-0.462391138044792|||-0.3470365428814768||2.179304310813484|1.593215012376017|-0.34444240258676995|-1.1924006728358945|-0.36255195037324234|-0.34055816205865996||-0.37951359739988905||1.0|0.0|0.0|0.0|0.0|0.0|1.0|0.0|0.0|0.0|1.0|1.0|0.0|0.0|0.0|0
-0.33412077440994825|-0.462391138044792||-0.28711178417007516||-0.3811426111197767|||-0.35648134300246465||0.6890085529462862|0.8652655225685874|-0.22834730128329808|||0.0|1.0|0.0|0.0|0.0|0.0|1.0|0.0|0.0|0.0|1.0|1.0|0.0|0.0|0.0|0
2.1352766222159985||-1.1089089367746416|-0.29788283797945053|1.0353969838597066||||-0.32975646387120744||||-0.2009684536895495|||0.0|1.0|0.0|0.0|0.0|1.0|0.0|1.0|0.0|0.0|0.0|0.0|0.0|1.0|0.0|0
-0.31247489383129506|-0.462391138044792|1.7673719189105597|-1.567574661028619||-0.38384772780924664||-0.3553088028603759||||-0.3571650720585649||-0.3947672644860418|-0.2749429460630012|0.0|1.0|1.0|0.0|0.0|0.0|0.0|0.0|0.0|0.0|1.0|0.0|0.0|0.0|1.0|0
|3.0282086295482458|-0.41701629977801913|-0.2948669429128254|1.8152969540175394||3.4722075771571563|-0.35219079793188846|-1.562316516658509||||-0.9675761863145098|-1.6206948687704488|-1.0490043108088363|0.0|1.0|0.0|0.0|0.0|0.0|1.0|0.0|0.0|0.0|1.0|0.0|1.0|0.0|0.0|0
||-0.39474176299772606||-0.3566924472739071|-0.38814521815280173|-0.35160356010296046|||0.880958978829233||-0.3365076962050246||||0.0|1.0|0.0|0.0|1.0|0.0|0.0|0.0|0.0|0.0|1.0|0.0|0.0|1.0|0.0|0
-0.30275633520414463|-0.462391138044792|||-1.2377104825280658|-0.3854784719128278||-0.3569824378587552||2.819309164804538|||||-1.0490043108088363|0.0|1.0|0.0|0.0|1.0|0.0|0.0|0.0|0.0|0.0|1.0|0.0|0.0|0.0|1.0|0
|-0.462391138044792||||-0.37765090021563824|-1.2518620498678006|||||-0.3498742335220213|0.7436017882947767|-0.3880336637002627||1.0|0.0|0.0|0.0|0.0|1.0|0.0|1.0|0.0|0.0|0.0|1.0|0.0|0.0|0.0|0
|||||||1.2642196394069354||1.623511040123255||0.5716067481800235||||0.0|1.0|0.0|0.0|0.0|0.0|1.0|1.0|0.0|0.0|0.0|1.0|0.0|0.0|0.0|0
||||-0.37997419022541673|0.29348663191937463||-0.36651986469883446|-0.32801140573277615||2.120821824282981||-0.1735896060958009||0.4991184186828339|1.0|0.0|1.0|0.0|0.0|0.0|0.0|0.0|0.0|0.0|1.0|1.0|0.0|0.0|0.0|0
-0.3098243778420722||-0.3878927494074352|-0.28366504695107503|||||-0.3329524692258625||1.8730501555830628|||||1.0|0.0|0.0|0.0|0.0|0.0|1.0|0.0|0.0|0.0|1.0|1.0|0.0|0.0|0.0|0
|-0.462391138044792|0.9564649686060938|-0.2772024146654498||-0.3854592866880798||-0.3569595113519281|2.774839216161814|-0.35842791620333536|-0.36461305982968417|2.0399006201228422|-0.24203672508017238|0.1314155397741301||0.0|1.0|0.0|0.0|1.0|0.0|0.0|0.0|0.0|0.0|1.0|0.0|0.0|0.0|1.0|0
-0.3195429364692226|-0.462391138044792|-0.41772762166425115|-0.29529778506520044||-1.6207191673136854||-0.34700940738896074|-0.3293643159749307|0.7170189133487345|-0.3473786765024155|-0.33286227693675274||2.2064639451877097||0.0|1.0|0.0|1.0|0.0|0.0|0.0|0.0|0.0|1.0|0.0|0.0|0.0|1.0|0.0|0
-0.33544603240455967||-0.3808405009925066||||||-1.6118251885634425|-0.34608419362598014|0.8457844318139334|-1.7067802944898678|-0.25572614887704664|1.9865912664683902|-0.2749429460630012|0.0|1.0|0.0|1.0|0.0|0.0|0.0|1.0|0.0|0.0|0.0|0.0|0.0|1.0|0.0|0
|-0.462391138044792|-1.3888649077130883||-0.3619942303222707||-0.35160356010296046|||-0.33258324705699793|-0.36049084091680056|-0.36972151620483457|-0.22834730128329808|1.4712646757199845||1.0|0.0|0.0|0.0|0.0|0.0|1.0|0.0|0.0|1.0|0.0|0.0|0.0|0.0|1.0|0
|-0.462391138044792|-0.3815924698436662||||-0.33927125202399006|1.2195129510940639|-0.3483050593650954|-0.3518703135841154|-0.36645490232267464|-0.3814678671803771||||0.0|1.0|0.0|0.0|0.0|0.0|1.0|0.0|0.0|1.0|0.0|1.0|0.0|0.0|0.0|0
|2.446442001616073|-0.39699766955120463||-0.3591128264916383|2.1933035125914246||||-0.34376974564272605|||-0.22834730128329808|2.6530803238363285||0.0|1.0|0.0|1.0|0.0|0.0|0.0|1.0|0.0|0.0|0.0|0.0|0.0|1.0|0.0|0
|-0.462391138044792|-0.40474091636990145|-0.28754262632245015|0.48056666847238116||-0.3380778028550574|0.7930799241097489|-0.34271695184315243|-0.3480129002786919|-0.3608416680583226|0.53110208964367|-0.22834730128329808|||0.0|1.0|0.0|0.0|1.0|0.0|0.0|0.0|0.0|0.0|1.0|0.0|0.0|0.0|1.0|0
-0.3115913885015541|-0.462391138044792|1.3598860955119496|-0.2737556774464497||||-0.37562168790919864||-0.34994160693140364||0.6728683945209076|-0.25572614887704664|0.5505478335828333|2.047241148174504|1.0|0.0|0.0|0.0|0.0|1.0|0.0|0.0|0.0|0.0|1.0|1.0|0.0|0.0|0.0|1
0.7879309943610543|||||-0.3841355061804668|-1.271752869350011|1.6069709164722852|1.7160398962147185|-1.5781420033782438|-0.35421980576209466||-0.2009684536895495|-1.5554201672756507||1.0|0.0|0.0|0.0|0.0|0.0|1.0|0.0|0.0|0.0|1.0|0.0|0.0|0.0|1.0|0
|-0.462391138044792||||-0.387166771690653||-0.35870192587078875|3.2022804231034185|3.1279022292384173|-0.36031542734603955|-1.4435000140035692|3.139250952747778||2.047241148174504|0.0|1.0|0.0|0.0|0.0|1.0|0.0|0.0|0.0|1.0|0.0|0.0|0.0|0.0|1.0|0
-1.8515411782400246|1.8646753736838997|-0.3967944347265669|-0.2858192577129501|-0.35889512042443494|||-0.34762842307329284|-0.34767762273105274||-0.3657971014323209|||0.770420512302153||0.0|1.0|0.0|0.0|0.0|1.0|0.0|0.0|0.0|1.0|0.0|0.0|1.0|0.0|0.0|1
-0.32263520512331595|-0.462391138044792||-0.27935662542732487|0.6342415394394418|1.2992720393339894|0.906291863952022|||||-0.3494691869366578||0.5127572169279502||0.0|1.0|0.0|0.0|1.0|0.0|0.0|0.0|0.0|0.0|1.0|0.0|0.0|1.0|0.0|0
0.7216680946304833||1.3903713192076061|-0.28711178417007516|||-0.35120574371331625|||-0.35302753757574246||-0.3385329291318423||0.7635494910921743|1.2731797834286689|1.0|0.0|0.0|0.0|0.0|0.0|1.0|0.0|0.0|1.0|0.0|0.0|0.0|0.0|1.0|0
1.3069903755838606||1.9594288281931962|-1.4490930691254897|||-0.35041011093402785|||-0.33759788435404847||-0.36688619010728984|||1.2731797834286689|0.0|1.0|0.0|0.0|0.0|1.0|0.0|0.0|0.0|0.0|1.0|0.0|0.0|0.0|1.0|0
-0.30849911984746076||-0.40919175902946725||1.1256809705528548|-1.3209500306259723|-0.36274241901299825||-0.33726609608490626|-0.32255397246289685||0.40958811403460915||-0.3958666278796385|-1.0490043108088363|0.0|1.0|0.0|1.0|0.0|0.0|0.0|0.0|0.0|1.0|0.0|1.0|0.0|0.0|0.0|0
-0.30894087251233127||-0.40833817276598894||-0.37126594753728337|-0.3739097813897756||||||1.1082934737867092||2.3232713057573484||0.0|1.0|0.0|1.0|0.0|0.0|0.0|0.0|0.0|1.0|0.0|0.0|0.0|0.0|1.0|0
-0.33632953773430063||-0.39931454655207455|||||-0.3725724625011925|||-1.6198725721954284|-0.3211159259612102|-0.2009684536895495|||0.0|1.0|0.0|0.0|1.0|0.0|0.0|1.0|0.0|0.0|0.0|1.0|0.0|0.0|0.0|0
3.2617459176357055|||-0.2888351527795752|-0.9524515032954596|-0.3937089333297257|-0.3452384978686531|-0.3653276863438246|-0.3183449600895554|0.5145047148140012|-0.33628376815178196|-1.737158788392133|-0.25572614887704664|||1.0|0.0|0.0|0.0|0.0|0.0|1.0|0.0|0.0|0.0|1.0|0.0|0.0|0.0|1.0|0
-0.29347952924186466|-0.462391138044792||-0.2866809420177001|1.8428303683991378|-0.36738680497545095|2.8754829926908463|-0.33859537938341006|-0.36946143836922346|-0.33566917770133675||-0.3474439540098401||||0.0|1.0|0.0|0.0|0.0|0.0|1.0|0.0|0.0|0.0|1.0|0.0|0.0|0.0|1.0|0
-1.553358129452455|0.7842516360955787||-0.29228188999857535||2.137666360822185|-0.3496144781547394|||1.8163817053944298||-0.34622881425374946|2.4547797629040637|||0.0|1.0|0.0|0.0|0.0|0.0|1.0|0.0|0.0|0.0|1.0|0.0|0.0|0.0|1.0|0
-0.3173341731448702||2.9156486781136253|-0.2733248352940747|-0.3668221825184858|-0.38469187769815927|||1.3111471933090237||-0.36237653680248133||-0.1872790298926752||-0.2749429460630012|0.0|1.0|1.0|0.0|0.0|0.0|0.0|0.0|0.0|0.0|1.0|0.0|0.0|0.0|1.0|1
1.075070226526862|-0.462391138044792|-0.40604161924758275|-0.2879734684748252|-0.3688071496018104||-1.3513161472788524|2.0998908132552296|-1.6667258940421807||-0.34448435258485893|-1.5751401542467185|-0.24203672508017238|||0.0|1.0|0.0|0.0|0.0|1.0|0.0|1.0|0.0|0.0|0.0|0.0|0.0|0.0|1.0|0
1.141333126257433||-0.3972415513407699||0.6813044686731042|-0.38237046550364956|-0.34126033397221106||-0.34844231112879226|||-1.585266318880807||-0.38130006291448354||0.0|1.0|1.0|0.0|0.0|0.0|0.0|0.0|0.0|1.0|0.0|0.0|0.0|0.0|1.0|0
|-0.462391138044792|-0.40616356014236543|2.169981010824634|-0.3689352119942829|||3.272581637462095||||-0.34055816205865996|1.0858373832166341||1.2731797834286689|0.0|1.0|0.0|1.0|0.0|0.0|0.0|0.0|0.0|0.0|1.0|0.0|0.0|0.0|1.0|0
-0.27713468064165714|||-0.28323420479870004|-0.35739679043250605|-0.3781497160590866|-1.6098968005475869|1.9107471319315417|3.1336545412549954|||-0.34460862791229535|-1.9942829710800818||1.2731797834286689|0.0|1.0|0.0|0.0|0.0|0.0|1.0|1.0|0.0|0.0|0.0|0.0|0.0|1.0|0.0|0
-0.31335839916103597|-0.462391138044792|2.755093166649834|-0.2948669429128254||-0.3923659675973647||0.3964513560006821||2.279271302045249||||-0.3802006995208869|-0.2749429460630012|0.0|1.0|0.0|0.0|0.0|0.0|1.0|0.0|0.0|0.0|1.0|0.0|0.0|1.0|0.0|0
|-0.462391138044792||-0.2578145178085742|||-0.33847561924470165|-0.3628516236064963||-0.3510988309230307||-0.3429884415708412||-1.5107585294107888|2.821302512920339|0.0|1.0|0.0|1.0|0.0|0.0|0.0|0.0|0.0|1.0|0.0|1.0|0.0|0.0|0.0|1
-0.29038726058777137|-0.462391138044792||-0.28366504695107503|-0.36157162442711127|-0.3763463049327733||||0.6398706472402647|0.7975456998546573||-0.2146578774864238|0.5402413017678652||0.0|1.0|0.0|1.0|0.0|0.0|0.0|1.0|0.0|0.0|0.0|0.0|0.0|1.0|0.0|1
-0.35576665498860144||2.2348120155772944||||1.821269560133698|-0.3507922810154345|-0.3224036908160193||-0.3403621336719754|||1.4300385484601121|0.4991184186828339|0.0|1.0|0.0|0.0|0.0|1.0|0.0|1.0|0.0|0.0|0.0|0.0|1.0|0.0|0.0|0
-0.28685323926880757|-0.462391138044792||-0.29228188999857535|0.5029775871550776|-0.3769026764504657|||0.7454738529298813|0.5337917813411186|-0.3511500682737771|-0.3502792801073848||3.2439881478944996||0.0|1.0|0.0|0.0|0.0|0.0|1.0|0.0|0.0|0.0|1.0|1.0|0.0|0.0|0.0|0
-1.5864895793177405|||-0.29659031152232546|||||-0.3330308988051179|-0.34608419362598014|||-0.1599001822989266|-0.377589711461095||0.0|1.0|1.0|0.0|0.0|0.0|0.0|0.0|0.0|0.0|1.0|0.0|0.0|0.0|1.0|0
||1.3446434836641212||-0.38364958088937895|-0.38077809184956446||-0.35219079793188846||-1.462419604215539|-0.36040313413142||-0.22834730128329808|||1.0|0.0|1.0|0.0|0.0|0.0|0.0|1.0|0.0|0.0|0.0|0.0|1.0|0.0|0.0|0
||||||2.4378849640822184|-0.35776193909087706||-0.34338400431218374|-0.35185172255682107|-0.3219260191319373|-0.24203672508017238||-1.0490043108088363|0.0|1.0|0.0|1.0|0.0|0.0|0.0|1.0|0.0|0.0|0.0|0.0|1.0|0.0|0.0|0
-1.6196210291830262||-0.40226145150932135||-1.35264647977218||-0.35001229454438365|0.6967885954358715|-0.3552264697343792|-0.3472414176176072|1.8971695215627007||-0.1462107585020523|-0.37951359739988905||0.0|1.0|0.0|1.0|0.0|0.0|0.0|0.0|0.0|0.0|1.0|0.0|1.0|0.0|0.0|0
||0.08712800621828612|-0.28452673125582506|||1.1847633367029669|0.9535654718995448|-0.3457168832496692||-0.3638236987612596||0.40136619337291946|-0.3917440151536512|0.4991184186828339|0.0|1.0|0.0|0.0|0.0|1.0|0.0|0.0|0.0|0.0|1.0|1.0|0.0|0.0|0.0|0
||-0.2593873697890107||-0.39509835877642496||-0.35120574371331625|1.3662425947875914||||-0.3389379757172058|-0.25572614887704664|||0.0|1.0|0.0|0.0|0.0|0.0|1.0|1.0|0.0|0.0|0.0|0.0|0.0|0.0|1.0|0
||0.8152167654828849|0.683575585130833|-0.34905992868254304||-0.34205596675149946|-1.0846009850308624|3.343453665763031|-1.4334890044248627|||3.139250952747778|||0.0|1.0|0.0|0.0|0.0|0.0|1.0|0.0|0.0|0.0|1.0|0.0|0.0|0.0|1.0|0
-1.2772627139084092|2.612661038168122|1.1576674449974274||-0.38564735421195073|-0.3831762449430662||-0.35464393416238965||-1.3659842715799517||-0.34258339498547763||1.7667185877490705|-0.2749429460630012|0.0|1.0|0.0|1.0|0.0|0.0|0.0|0.0|0.0|0.0|1.0|0.0|1.0|0.0|0.0|0
1.0529825932833383|-0.462391138044792|0.31475100981252213|||||-0.3635164923044826|1.7395687699913205|-0.33412621237916734|-0.3537374184425019|0.8551393579344989||||0.0|1.0|0.0|0.0|0.0|0.0|1.0|0.0|0.0|0.0|1.0|1.0|0.0|0.0|0.0|1
1.9585755562678089|-0.462391138044792|-0.3958189075683059|||2.0359846696577124|2.3583216861533773|-0.3457025964998153|0.7699830964471752|3.1279022292384173|||-0.24203672508017238||-0.2749429460630012|0.0|1.0|0.0|0.0|0.0|0.0|1.0|0.0|0.0|0.0|1.0|0.0|0.0|0.0|1.0|0
|2.280222965064023|-0.3865920465297539|-0.2914202056938253|||||-0.3370111999523264||-0.3550968736158997||-1.3098117812363672|||0.0|1.0|0.0|0.0|0.0|1.0|0.0|1.0|0.0|0.0|0.0|0.0|0.0|1.0|0.0|0
|1.6984563371318504|-0.3827915553090287|-1.5244904457911175|-1.8738604171354607|-0.3822745393799095||-1.4439739795458695|-0.3282270870757283||-0.346238488292469|-0.3320521837660257|-2.6787541609237966|-0.3716806332205133|-0.2749429460630012|0.0|1.0|0.0|1.0|0.0|0.0|0.0|0.0|1.0|0.0|0.0|0.0|1.0|0.0|0.0|1
-0.35223263366963764|||-1.3736956924598622||-0.38054786915258826|3.4722075771571563|-1.4881075051880632|-1.6569221966352632|0.9195331118834679|-0.3448790331190712|-0.34460862791229535|0.05913059845106209|||0.0|1.0|0.0|0.0|0.0|0.0|1.0|1.0|0.0|0.0|0.0|0.0|1.0|0.0|0.0|0
-0.3403053117181349||2.3953675270410857|-0.29400525860807536||-0.38064379527632836|-0.34165815036185526|-0.3520761653977529|||-0.3622011232317203||-0.2009684536895495|||1.0|0.0|0.0|0.0|0.0|0.0|1.0|0.0|0.0|1.0|0.0|0.0|0.0|0.0|1.0|0
-0.3045233458636265|-0.462391138044792||1.997644149874628|-0.3548099301045606|-0.3874161796123772|-0.337282170075769|0.5219739808791297|-0.3441678990593762||3.0110456958950755|-0.3429884415708412|0.7436017882947767|||1.0|0.0|0.0|0.0|0.0|0.0|1.0|1.0|0.0|0.0|0.0|1.0|0.0|0.0|0.0|0
-0.26123158470632013|2.7788800747201714|-0.394213352453668|-0.28237252049395||-0.3910997427639958|||-0.34083464194102425|-0.3372121430235061||-0.3494691869366578|||-0.2749429460630012|0.0|1.0|0.0|1.0|0.0|0.0|0.0|0.0|0.0|1.0|0.0|0.0|1.0|0.0|0.0|0
|||-0.2970211536747005||-0.38261987342537374||1.683774714343116|1.5513377797785037|0.39878231565129635||-0.3583802118146555||-0.3958666278796385||0.0|1.0|0.0|0.0|0.0|0.0|1.0|1.0|0.0|0.0|0.0|0.0|0.0|1.0|0.0|0
||||0.7555806563071835|-0.37749741841765416|-0.3535926420511815||-0.349069747762835||-0.3672004099984089|-0.3689114230341075||0.06614083827933206||0.0|1.0|0.0|0.0|0.0|0.0|1.0|0.0|0.0|1.0|0.0|0.0|0.0|1.0|0.0|1
|||-0.2802183097320749|-1.3792194262102342||-0.34682976342723|-0.34198850239382284|2.0346600619395385||||||-1.0490043108088363|0.0|1.0|0.0|0.0|0.0|1.0|0.0|0.0|0.0|1.0|0.0|0.0|1.0|0.0|0.0|0
||-0.39368494190960995|-0.31597820837920115|||-0.3368843536861248|-1.0989300517978084|-0.35150106471975057|||||-0.38501041436787203||1.0|0.0|0.0|0.0|0.0|0.0|1.0|0.0|0.0|1.0|0.0|0.0|0.0|1.0|0.0|0
|||-1.718369414359874|-0.36414567851580953|-0.39424611962267||-0.3658779225076753|1.218992437683999|-1.2695489389443644|0.40725050491142345||-0.25572614887704664|-0.4061731596946066|-1.0490043108088363|0.0|1.0|0.0|0.0|0.0|1.0|0.0|0.0|0.0|0.0|1.0|0.0|0.0|1.0|0.0|0
-0.2895037552580304||-0.40691552899352496|-0.27849494112257484|2.8974241704105914|-0.38146875994049295|-0.35200137649260466||1.8248609374315032|2.240697168991014|-0.35202713612758213|||-0.41029577242059384||0.0|1.0|0.0|0.0|0.0|1.0|0.0|1.0|0.0|0.0|0.0|1.0|0.0|0.0|0.0|0
||-0.3844377573885941||-1.8296788917324307|-0.39186715175391634||-1.2003798445077865||0.16733751732588673||||-0.3858349369130695|-1.0490043108088363|0.0|1.0|1.0|0.0|0.0|0.0|0.0|0.0|0.0|1.0|0.0|0.0|0.0|1.0|0.0|0
-0.3067321091879789|-0.462391138044792|-0.4024443628514953|-0.2815108361892||0.4560814116587901|-1.2220258206444852|0.49732798603998235|-1.4157512404250916|||||1.3750703787802823||0.0|1.0|0.0|1.0|0.0|0.0|0.0|1.0|0.0|0.0|0.0|0.0|0.0|0.0|1.0|0
-0.34428108570196914||||0.17737895429361775|0.9903899208909699|-0.35120574371331625|-0.3669325418217225||||-0.35149441986347546||-0.389545288366458|0.4991184186828339|0.0|1.0|0.0|0.0|0.0|1.0|0.0|0.0|1.0|0.0|0.0|0.0|0.0|1.0|0.0|0
||-0.3984406368061324|1.9545599346371265|0.6492888705549665|-0.3989464996859333||-0.37064663592771496||-0.33644066036242143|-1.19559099791725|0.7842562054958802|||2.821302512920339|0.0|1.0|0.0|0.0|0.0|0.0|1.0|0.0|0.0|0.0|1.0|1.0|0.0|0.0|0.0|1
|||||-0.39695123631213997|-0.3659249501301519||-1.0608573942946766||-1.08376484655711|-0.34460862791229535|-1.6520473761582246|||1.0|0.0|1.0|0.0|0.0|0.0|0.0|0.0|0.0|0.0|1.0|0.0|0.0|0.0|1.0|0
|-0.462391138044792|-0.3951482326470015||||||-0.3595793113830506|-0.3429982629816414||-0.35473479254638374|||-0.2749429460630012|0.0|1.0|1.0|0.0|0.0|0.0|0.0|1.0|0.0|0.0|0.0|0.0|0.0|1.0|0.0|0
-0.31689242047999977|||-0.28366504695107503|-0.9220366850832287||-0.3464319470375858|-1.4049989179397762||-0.3372121430235061||||-0.40438669418001205||0.0|1.0|1.0|0.0|0.0|0.0|0.0|0.0|0.0|0.0|1.0|1.0|0.0|0.0|0.0|0
-0.32705273177202066|1.6984563371318504||0.8559124460808389|-0.3560265228330498|0.5606408865354644|-0.35200137649260466||-0.3516383164834474|-0.32834009242103207|0.932394882377179|0.429840443302786||||1.0|0.0|1.0|0.0|0.0|0.0|0.0|0.0|0.0|0.0|1.0|0.0|0.0|0.0|1.0|0
-2.2049433101364033||-0.41098022548627916|-0.2772024146654498|-0.3740961264109267|||-0.3544834486145998|2.9218946772655765||1.263487997188574|-1.514383166442188||-0.38391105097427547|2.047241148174504|1.0|0.0|0.0|0.0|0.0|1.0|0.0|0.0|0.0|0.0|1.0|0.0|0.0|0.0|1.0|1
|||-0.27849494112257484|1.430469464637525|-0.38191002010969727|||||-0.38026872102010373|-0.34258339498547763||||0.0|1.0|0.0|0.0|0.0|1.0|0.0|0.0|0.0|0.0|1.0|0.0|0.0|1.0|0.0|0
|||-0.27590988820832474|-1.199611920767482||||-0.33634454852865603|-0.3429982629816414||0.39946194940052077||-1.150029915886905|-0.2749429460630012|0.0|1.0|0.0|0.0|0.0|0.0|1.0|0.0|0.0|1.0|0.0|1.0|0.0|0.0|0.0|0
||-0.4005339554999008|-0.2815108361892|-1.3987489410622982||3.3130810212994737|-0.35537758238085726|||-1.4017019435614297|||-0.38391105097427547||1.0|0.0|0.0|0.0|0.0|1.0|0.0|0.0|0.0|1.0|0.0|0.0|0.0|0.0|1.0|0
-1.7742344618876917|-0.462391138044792||-0.2763407303606998|-0.9649375865615332|||-0.34774305560742835||-0.34569845229543783||||||1.0|0.0|0.0|0.0|0.0|0.0|1.0|0.0|0.0|1.0|0.0|0.0|0.0|1.0|0.0|0
-0.3398635590532644||-1.0077996115173806|0.42507029370582416|2.039406140844503|-0.3938624151277097||-1.1499415294881365||-0.34184103899001433||1.756368010368367|2.4547797629040637|||0.0|1.0|0.0|0.0|0.0|1.0|0.0|0.0|0.0|1.0|0.0|0.0|0.0|0.0|1.0|0
-0.3429558277073577||-1.3050305425500326|-0.3052071545698258|-0.3655799773115021||-0.3436472323100763|-0.36076531148522895|-0.3227566239226683||-1.7876117992356384|-0.3571650720585649|-0.1599001822989266|-0.3947672644860418|1.2731797834286689|0.0|1.0|0.0|0.0|0.0|0.0|1.0|0.0|0.0|0.0|1.0|0.0|0.0|1.0|0.0|0
-2.2712062098669743||-0.4026679211585968|0.5112387241808272|-0.3651829838948372||-0.35041011093402785|0.2990137019854489|||-0.3762342088926006|||-0.3847355735194729|-1.0490043108088363|0.0|1.0|0.0|0.0|0.0|0.0|1.0|0.0|0.0|0.0|1.0|0.0|0.0|1.0|0.0|0
-0.29127076591751233|||-0.282803362646325||1.9093621863208228||-0.348270365264452|-0.31485484381269274|-0.3383693670151332||-0.36162058449756385|-1.9942829710800818|||0.0|1.0|0.0|0.0|1.0|0.0|0.0|0.0|0.0|0.0|1.0|0.0|0.0|0.0|1.0|0
0.36826596273410456|2.1971134467879985||2.1915231184433845|||-0.35080792732367205|-0.3703715178457896|-0.3520892865641656|||-0.3417733018147506|||0.4991184186828339|0.0|1.0|0.0|0.0|0.0|1.0|0.0|0.0|0.0|1.0|0.0|0.0|0.0|1.0|0.0|0
||||-2.0742780613550025|-1.811612153556421||2.4243008848588885|1.3366368065670093||-0.3618502960901983|-0.357975165229292|||-1.0490043108088363|0.0|1.0|0.0|0.0|0.0|0.0|1.0|0.0|0.0|0.0|1.0|0.0|0.0|0.0|1.0|0
|-0.462391138044792|0.7633918852002686|-0.28323420479870004|||-0.3325083734000385|1.233268855190332|-0.33603083021163466||-0.3540882455840239|||||0.0|1.0|0.0|1.0|0.0|0.0|0.0|1.0|0.0|0.0|0.0|1.0|0.0|0.0|0.0|0
-0.3031980878690151|-0.462391138044792|||-0.3692169492577225|-0.38405876528147476||-1.39869412856232|-0.33220738822293683||-0.3502291470272818|0.9158963457390293||||0.0|1.0|0.0|0.0|1.0|0.0|0.0|0.0|0.0|1.0|0.0|1.0|0.0|0.0|0.0|0
-0.29745530322569896|||||-0.38261987342537374|-0.35120574371331625||-1.5441796764557114|||-0.3595953515707462||-0.39696599127323506|-0.2749429460630012|0.0|1.0|1.0|0.0|0.0|0.0|0.0|1.0|0.0|0.0|0.0|0.0|0.0|0.0|1.0|0
|||1.997644149874628|2.3313883956819184||-0.35080792732367205|1.680335738319049|1.4033019489340488|||-0.36850637644874396|-0.2146578774864238|-0.40507379630101|-0.2749429460630012|0.0|1.0|0.0|0.0|0.0|0.0|1.0|0.0|0.0|0.0|1.0|0.0|0.0|0.0|1.0|0
-0.3129166464961655|-0.462391138044792|-0.39722122785830616|0.7912861232245867||0.6517707040885292|-0.35001229454438365|-0.3519615328636173|0.9954681368062789|||2.6879751567045003|||-1.0490043108088363|0.0|1.0|0.0|0.0|0.0|0.0|1.0|0.0|0.0|1.0|0.0|0.0|0.0|0.0|1.0|0
-0.3464898490263215|-0.462391138044792|1.1668130121061244||-0.3683717374674037|-0.38887425669322623|2.2389767692601152||-0.35205007177453795|||-0.3385329291318423|||-0.2749429460630012|0.0|1.0|0.0|0.0|0.0|0.0|1.0|1.0|0.0|0.0|0.0|1.0|0.0|0.0|0.0|0
1.472647624910288|-0.462391138044792|-0.3963879650772915|-0.29400525860807536|||0.7073836691299183|-0.362989182647459|||||-0.2146578774864238|-0.39105691303265333||0.0|1.0|0.0|0.0|0.0|1.0|0.0|1.0|0.0|0.0|0.0|1.0|0.0|0.0|0.0|0
|-0.462391138044792|0.6912435224538813|||0.6244317588226097|0.8267285860231806|-0.3530849316981459|-0.3258741996980681|||-1.4941308371740112|-0.2146578774864238|-0.3847355735194729|-0.2749429460630012|0.0|1.0|0.0|0.0|0.0|0.0|1.0|1.0|0.0|0.0|0.0|0.0|0.0|0.0|1.0|0
|2.7788800747201714|-0.41886573668222227|||-0.37153081352102185||-0.3428138566395989|-0.345265913168951|2.819309164804538|-1.2208066987141444|1.9588913030501351||1.7323634816991769||0.0|1.0|0.0|0.0|0.0|0.0|1.0|0.0|0.0|0.0|1.0|0.0|1.0|0.0|0.0|0
|||-0.29529778506520044|||||-0.3439130029267964|-0.350327348261946|-1.2547930780490888||1.0858373832166341|-0.3932556398198465|-1.0490043108088363|1.0|0.0|0.0|1.0|0.0|0.0|0.0|0.0|0.0|1.0|0.0|0.0|1.0|0.0|0.0|0
||-1.4193501314087449|-0.2905585213890753|-0.3606879939190507||-0.35080792732367205||-1.2922246530979304||-0.35956991967030527|-0.3510893732781119||-0.3891330270938593||0.0|1.0|0.0|0.0|0.0|0.0|1.0|0.0|0.0|0.0|1.0|0.0|0.0|1.0|0.0|0
|||-0.28237252049395||-0.38724351258964507|2.119631852366853|-0.3587707053912701|-0.32473697079886565|||-0.3332673235221163||-1.734066718735098||0.0|1.0|0.0|1.0|0.0|0.0|0.0|0.0|0.0|0.0|1.0|1.0|0.0|0.0|0.0|0
0.8652377107133872|2.5295515198920975|0.40671476796108624||-0.36656605773354073||-0.3432494159204321||-0.35669702434541684|-0.3468556762870649|||2.4547797629040637|||0.0|1.0|0.0|0.0|0.0|0.0|1.0|0.0|0.0|1.0|0.0|0.0|0.0|1.0|0.0|0
-0.3160089151502588||||||2.7959197147620047|1.134684875833743|0.8876274653301858||-0.37088409498439|0.3488311262300787|-0.09145306331455513|||0.0|1.0|1.0|0.0|0.0|0.0|0.0|0.0|0.0|1.0|0.0|0.0|0.0|1.0|0.0|0
-0.3288197424315026||-1.4935308424015092|-0.2892659949319502||-1.3621982638342016|0.7073836691299183||-0.3417954042869022|2.0092523706656045|||||-1.0490043108088363|0.0|1.0|0.0|1.0|0.0|0.0|0.0|1.0|0.0|0.0|0.0|0.0|0.0|0.0|1.0|0
||||-0.34931605346748823|-1.1343737199515398|-0.3460341306479416|0.3265255101779853||-0.3298830577432015||-0.3600003981561097||-0.3972408321216342||1.0|0.0|0.0|0.0|1.0|0.0|0.0|0.0|0.0|0.0|1.0|0.0|0.0|1.0|0.0|0
-0.2846444759444552||||||-0.3368843536861248||0.37293335146701456|-1.3274101385257167|-0.36614792857384293||-0.25572614887704664||1.2731797834286689|0.0|1.0|1.0|0.0|0.0|0.0|0.0|1.0|0.0|0.0|0.0|0.0|0.0|1.0|0.0|1
|2.1971134467879985||-0.29357441645570037||||-1.2009530071784644|-0.3378347105345075|-0.35379902023682713|1.6274711565176572|-0.3539246993756566|-0.26941557267392097|-0.3917440151536512||0.0|1.0|0.0|0.0|0.0|0.0|1.0|0.0|0.0|0.0|1.0|0.0|0.0|1.0|0.0|0
|||-0.2763407303606998|-0.3604702878518473|1.8988103127094154|0.41896678663786835|1.963478097633903|-0.3357171118946133|2.703586765641833|||-0.24203672508017238|-1.3252409567413628||1.0|0.0|0.0|0.0|0.0|0.0|1.0|1.0|0.0|0.0|0.0|1.0|0.0|0.0|0.0|0
-0.30629035652310843|-0.462391138044792|||-0.35680770342713236||||-0.33591318584275165|-0.34222678032055664|-1.4565186844242435|||||0.0|1.0|0.0|0.0|0.0|0.0|1.0|0.0|0.0|0.0|1.0|0.0|0.0|0.0|1.0|0
-0.3031980878690151|0.5349230812675044|||-0.37185503454265706|0.6743133431674452||-0.35104447259053273|-0.3397758426210772|-0.34338400431218374||-0.35513983913174724|1.4280729781384915||-1.0490043108088363|0.0|1.0|0.0|0.0|0.0|0.0|1.0|0.0|0.0|0.0|1.0|0.0|0.0|1.0|0.0|0
|1.6984563371318504|-0.39291264957598665||-0.35473309266907704|||-1.562618652376183||-0.3402980736678449|-0.34619463489977875|-0.36648114352192623||-0.4032873307864155||0.0|1.0|0.0|1.0|0.0|0.0|0.0|1.0|0.0|0.0|0.0|0.0|0.0|0.0|1.0|0
-0.04035525227108339|-0.462391138044792||2.2992336565371385||-0.3957425671530151||-0.3673910719582648|-0.3227762313174821|-0.3468556762870649|-0.34075681420618764|||-0.39064465176005464|-0.2749429460630012|0.0|1.0|0.0|0.0|0.0|0.0|1.0|0.0|0.0|0.0|1.0|0.0|0.0|1.0|0.0|0
-0.32219345245844544||-0.4085617310730904|||||-0.35209909190458|-0.34363849939940266|2.279271302045249|||-0.2146578774864238|-0.3836362101258763|-1.0490043108088363|0.0|1.0|1.0|0.0|0.0|0.0|0.0|0.0|0.0|0.0|1.0|0.0|0.0|1.0|0.0|0
1.284902742340337||-0.40602129576511903|-0.30477631241745073|-0.36878153712331585|-0.15496799656544402|-0.34046470119292266|||1.623511040123255|0.40944317454593604||||-1.0490043108088363|0.0|1.0|0.0|0.0|0.0|0.0|1.0|0.0|0.0|1.0|0.0|1.0|0.0|0.0|0.0|0
|-0.462391138044792|-0.4051880329841044|-1.0074798629410997||-0.38357913466277443|-0.34205596675149946||3.104243449034243|0.5627223811317948|-0.36132405537791534||-1.3098117812363672||0.4991184186828339|0.0|1.0|0.0|0.0|0.0|0.0|1.0|0.0|0.0|0.0|1.0|0.0|0.0|0.0|1.0|0
|-0.462391138044792||-0.2866809420177001||-0.3752527471221365|-1.1722987719389593||1.0234086744159934|-0.35302753757574246|||-0.25572614887704664||2.047241148174504|1.0|0.0|0.0|1.0|0.0|0.0|0.0|0.0|0.0|0.0|1.0|1.0|0.0|0.0|0.0|1
|0.7842516360955787|2.81403126579477||||-0.3428515995307879||-0.36189298397108316|||-0.35513983913174724|-0.2146578774864238||2.821302512920339|0.0|1.0|0.0|1.0|0.0|0.0|0.0|0.0|1.0|0.0|0.0|0.0|1.0|0.0|0.0|1
||1.4767461196786333|||-1.2192683394615||-0.3633330802498657|0.6302804083986001|-1.067034740409631|||-0.25572614887704664||-0.2749429460630012|0.0|1.0|0.0|0.0|0.0|1.0|0.0|0.0|0.0|0.0|1.0|0.0|0.0|1.0|0.0|0
|-0.462391138044792|0.5520276675770495||-0.3603294192201275|-0.3784183092055588|-1.560169751842061|0.7506658864795887|1.3317349578635507|-0.333740471048625|1.3248827469549254|-0.3458237676683859||-1.4454838279159907||0.0|1.0|0.0|0.0|0.0|1.0|0.0|0.0|0.0|0.0|1.0|1.0|0.0|0.0|0.0|0
|||-0.27849494112257484||0.8234784655832512||-0.37032566483213536|-0.35169713866788893|-0.33412621237916734|||-0.25572614887704664|0.8528727668218978|-0.2749429460630012|0.0|1.0|0.0|0.0|0.0|0.0|1.0|0.0|0.0|0.0|1.0|0.0|0.0|0.0|1.0|0
-0.3173341731448702|-0.462391138044792|-0.39277038519874025|||||1.6860673650258273|-0.32081549183609864||2.482612313977551|||-0.38102522206608436||0.0|1.0|0.0|0.0|0.0|0.0|1.0|1.0|0.0|0.0|0.0|0.0|0.0|0.0|1.0|0
|1.6984563371318504|0.7664404075698342|-0.2918510478462003|||-0.33966906841363426||2.221910682411664||-0.37018244070134604|-0.336102649619661|0.7436017882947767||0.4991184186828339|0.0|1.0|0.0|0.0|0.0|0.0|1.0|0.0|0.0|0.0|1.0|0.0|1.0|0.0|0.0|0
-0.28111045462549145|||-0.29529778506520044|-0.35227429473360405||-0.3551839076097583|-0.3502649713584109||-0.33566917770133675|1.6450125135937577||-0.22834730128329808|0.983422169811494||0.0|1.0|0.0|0.0|0.0|0.0|1.0|1.0|0.0|0.0|0.0|0.0|0.0|0.0|1.0|0
-1.4650075964783604|1.6153468188558258|1.7561940035554855|||2.0503735882187226||-0.34540455191106273|-0.3426973444483386|-0.3217824898018122|-0.3607978146656323||-0.22834730128329808|-0.382124585459681|-0.2749429460630012|0.0|1.0|0.0|0.0|0.0|0.0|1.0|0.0|0.0|0.0|1.0|0.0|0.0|0.0|1.0|0
-0.3080573671825903||||-1.5844394101474963|-0.38120016679402074|||0.8449813816100945|3.2050504953468875||-0.357975165229292|||0.4991184186828339|0.0|1.0|0.0|1.0|0.0|0.0|0.0|1.0|0.0|0.0|0.0|0.0|0.0|0.0|1.0|0
-0.32263520512331595|||-1.362924638650487||||-1.4726321130797615|-2.0922063615024022|0.3409211160699439|-0.3273376760429708|-0.33934302230256935||||1.0|0.0|0.0|0.0|0.0|0.0|1.0|0.0|0.0|0.0|1.0|1.0|0.0|0.0|0.0|0
-0.29215427124725324|2.7788800747201714|||1.5924683911153015|-0.3842122470794589|||-0.3263251697787863|||||-0.4061731596946066||0.0|1.0|0.0|0.0|0.0|0.0|1.0|0.0|0.0|1.0|0.0|0.0|0.0|0.0|1.0|0
-0.3261692264422797|-0.462391138044792|||-0.3511857643975874|-1.696021174449639|-0.3464319470375858||-0.3481482002065847||-0.3662794887519137|-0.35189946644883896||||0.0|1.0|0.0|0.0|0.0|0.0|1.0|0.0|1.0|0.0|0.0|1.0|0.0|0.0|0.0|1
-0.2930377765769942||-0.39833901939381355|-0.29012767923670024|-0.36054712528733085|-0.38609239910476423|-0.33847561924470165||||-0.36031542734603955|-0.35594993230247435|-1.3098117812363672|||0.0|1.0|0.0|1.0|0.0|0.0|0.0|1.0|0.0|0.0|0.0|1.0|0.0|0.0|0.0|0
-0.3199846891340931|1.6153468188558258|-0.41049246190714866|-0.28064915188444994||-1.4116002175603368|||-0.34261891486908325|0.7555930464029694|-0.3607101078802518|||-0.3891330270938593||1.0|0.0|0.0|0.0|0.0|1.0|0.0|1.0|0.0|0.0|0.0|0.0|0.0|1.0|0.0|0
-0.3548831496588605||-0.4018346583775822|||-0.3904282598978153|-0.3484210289858068|0.4457433456789765|-0.35754014232241177||-0.37575182157300785||-0.2146578774864238|||1.0|0.0|0.0|0.0|1.0|0.0|0.0|0.0|0.0|0.0|1.0|0.0|1.0|0.0|0.0|0
-0.29259602391212375||||-0.36107218109646827||-0.33927125202399006|-0.35562977395595546|-0.33769745877081064||-0.3557546745062534|-1.4232476847353923|-0.24203672508017238|||0.0|1.0|0.0|1.0|0.0|0.0|0.0|0.0|0.0|0.0|1.0|0.0|0.0|1.0|0.0|0
-0.29701355056082845|||-0.27418651959882473|-0.3646835405641943|-0.38143038949099695||||-0.34762715894814955||2.201919254268257|0.7436017882947767||-1.0490043108088363|0.0|1.0|0.0|0.0|0.0|1.0|0.0|0.0|0.0|0.0|1.0|0.0|0.0|1.0|0.0|0
|-0.462391138044792|||||||-1.1574238137528143|-0.33991233233730256||-0.3583802118146555||||1.0|0.0|0.0|0.0|0.0|0.0|1.0|1.0|0.0|0.0|0.0|0.0|0.0|0.0|1.0|0
||-0.4023630689216402|1.502175674643361||-0.377305566170174|-0.34126033397221106|-1.5700697670949948|||-0.3553599939720412|||-0.3958666278796385||0.0|1.0|0.0|0.0|0.0|0.0|1.0|0.0|0.0|0.0|1.0|1.0|0.0|0.0|0.0|0
||||-0.3668221825184858|-0.37565563684184483|1.3239990730784392|-0.34700940738896074|-0.34463847653490826|-0.3329689883875403|-0.3627712173366936|||-1.5932107839305336||0.0|1.0|0.0|0.0|0.0|0.0|1.0|0.0|0.0|1.0|0.0|0.0|0.0|0.0|1.0|0
-0.304965098528497|-0.462391138044792|-0.3912461240139574||-0.3529530254137086|-0.3911956688877358||||-0.34376974564272605|0.7065499100223865||1.0858373832166341|-0.38130006291448354||0.0|1.0|0.0|0.0|0.0|0.0|1.0|0.0|0.0|0.0|1.0|0.0|0.0|0.0|1.0|0
-0.3067321091879789|-0.462391138044792||||-0.3783223830818187|0.6974382593888132||||1.8598941377759874|-0.35189946644883896|-0.24203672508017238||0.4991184186828339|0.0|1.0|0.0|0.0|0.0|0.0|1.0|0.0|0.0|0.0|1.0|1.0|0.0|0.0|0.0|0
|-0.462391138044792||-0.2685855716179495||0.33329597327150307||-0.36491500922093656||-0.3480129002786919||||-0.38322394885327754|-0.2749429460630012|0.0|1.0|0.0|0.0|0.0|0.0|1.0|1.0|0.0|0.0|0.0|0.0|0.0|1.0|0.0|0
|||-0.29271273215095034|-0.3720215156528714|0.5903779848948856|-0.3436472323100763|-0.3544605221077727||-0.33335472971808267|1.6515905224972953|||1.7598475665390918|1.2731797834286689|0.0|1.0|0.0|0.0|0.0|1.0|0.0|0.0|0.0|1.0|0.0|1.0|0.0|0.0|0.0|0
||1.2531878125771514|-0.2892659949319502|-0.36651483277655167||-0.3571729895579794|-0.3492103520443637|||||-0.22834730128329808|-1.4179997430760758||0.0|1.0|1.0|0.0|0.0|0.0|0.0|0.0|0.0|0.0|1.0|0.0|0.0|0.0|1.0|0
|1.8646753736838997|-0.3869985161790293||-0.348406810480933||-0.3317127406207501|||0.5048611815504425||-0.3595953515707462||0.983422169811494||0.0|1.0|0.0|0.0|0.0|0.0|1.0|0.0|0.0|1.0|0.0|0.0|0.0|0.0|1.0|0
-0.3447228383668396|-0.462391138044792|-0.40142818872830677|-0.2931435743033253|-0.36386394125236987|-0.3826774290996178|1.662143004276015|0.6423381417214764|-0.33920722817147597|0.7652365796665281|-0.35728954325041223|-0.34622881425374946|-0.2146578774864238|-0.3847355735194729||0.0|1.0|0.0|0.0|0.0|0.0|1.0|0.0|0.0|0.0|1.0|0.0|0.0|0.0|1.0|0
|-0.462391138044792|0.26851508720744294|0.7051176927495837||||0.7002275714599385|-0.3445404395608391|-0.3368264016929638|0.44671855833264934||-0.2146578774864238|-0.36687091837352814|0.4991184186828339|1.0|0.0|0.0|0.0|0.0|0.0|1.0|0.0|0.0|0.0|1.0|0.0|0.0|0.0|1.0|0
|-0.462391138044792|||||-0.3432494159204321|1.5760201322556817|-0.33961898346256647|-0.34376974564272605||-1.666275635953514||-0.3784142340062925||0.0|1.0|0.0|0.0|0.0|1.0|0.0|0.0|0.0|1.0|0.0|1.0|0.0|0.0|0.0|0
-0.31070788317181314|-0.462391138044792|0.6592340375734419|||-0.37749741841765416|-0.35279700927189306|-0.34886645444195696|0.3900898219291203|1.989965304138487||-0.3705316093755616|3.139250952747778|||0.0|1.0|0.0|0.0|0.0|0.0|1.0|1.0|0.0|0.0|0.0|0.0|0.0|0.0|1.0|0
-1.3324817970172183|||-0.28969683708432525|-0.3632108230507599|-0.3826582438748698||-0.35411662450536596|1.6591784512545966||||-0.22834730128329808|-0.38281168758067885|-0.2749429460630012|0.0|1.0|0.0|0.0|0.0|1.0|0.0|1.0|0.0|0.0|0.0|0.0|0.0|0.0|1.0|0
-0.30761561451771985||1.3751287073597778|-0.28711178417007516||-0.39127240978672795||-0.3628516236064963||||0.551354418911847||0.43717598361818394||0.0|1.0|0.0|0.0|0.0|0.0|1.0|1.0|0.0|0.0|0.0|0.0|0.0|0.0|1.0|0
-1.1778683643125527|-0.462391138044792|-0.9783305619449125||-0.3795771968087519|-0.3966634579409198|-0.3452384978686531||0.5131262243859355|||-0.34420358132693174||-0.38281168758067885||1.0|0.0|0.0|0.0|0.0|0.0|1.0|1.0|0.0|0.0|0.0|0.0|0.0|1.0|0.0|0
||-0.40303374384294466|||-0.37747823319290613|0.42891219637897354|-0.3488435279351298|-0.35469707007440565|||-0.34420358132693174||-0.38281168758067885||1.0|0.0|0.0|0.0|1.0|0.0|0.0|0.0|0.0|1.0|0.0|1.0|0.0|0.0|0.0|0
-2.149724227027594||-0.40022910326294425|-0.26901641377032454||-0.3884138112992739||0.4967548233693045|2.1199522293797215||-0.371234922125912|-1.635897142051249|1.770308573060349||-1.0490043108088363|0.0|1.0|0.0|0.0|0.0|1.0|0.0|1.0|0.0|0.0|0.0|0.0|0.0|1.0|0.0|0
-1.7300591954006446|2.612661038168122||||||1.5943613377173727||-0.3487843829397766|-0.3506676809541843|1.4120784128093613||-0.39215627642624995|-0.2749429460630012|1.0|0.0|0.0|0.0|1.0|0.0|0.0|1.0|0.0|0.0|0.0|0.0|1.0|0.0|0.0|0
-0.28243571262010286|-0.462391138044792||2.988581100337162|-0.3842642803732472||0.6974382593888132||-0.3367563038197466|||||0.27227147457869416||0.0|1.0|1.0|0.0|0.0|0.0|0.0|1.0|0.0|0.0|0.0|1.0|0.0|0.0|0.0|0
-0.32042644179896357|-0.462391138044792||||0.6800689105918493||||0.6784447802944996||-1.463752343271746|-0.25572614887704664|-0.3858349369130695||0.0|1.0|0.0|0.0|0.0|0.0|1.0|1.0|0.0|0.0|0.0|0.0|0.0|1.0|0.0|0
|-0.462391138044792|-0.382669614414246|-0.2866809420177001|-0.3437709518734267|1.746287775962707|-0.3428515995307879|-0.3515717822475564|0.4984206782755592|0.774880112930087|-0.36106093502177383|-0.35473479254638374|-0.2146578774864238|2.8454689177157326||0.0|1.0|0.0|0.0|0.0|1.0|0.0|0.0|0.0|1.0|0.0|1.0|0.0|0.0|0.0|1
-0.35002387034528526||0.7969256312654909|-0.28969683708432525|-1.7253080418673021|-0.3882795147260378||1.396047053662839|||0.5124986473680259||1.770308573060349|-1.8440030580947577|-1.0490043108088363|0.0|1.0|0.0|0.0|0.0|0.0|1.0|0.0|0.0|0.0|1.0|1.0|0.0|0.0|0.0|1
-0.3394218063883939|-0.462391138044792|-1.0890935413724647|-0.2983136801318255||-0.4143330499338403|-1.1623533621978541||-0.3552264697343792|0.3891387823877376|-0.37342759176042456||-0.24203672508017238|-0.39215627642624995||0.0|1.0|0.0|0.0|0.0|0.0|1.0|0.0|0.0|1.0|0.0|0.0|0.0|1.0|0.0|0
|-0.462391138044792|-0.412057370056859||-0.37524868794317967|-0.39117648366298785|-1.50049729339543|-0.36275991757918785|-1.1358556794575956||-0.36584095482501117|||||0.0|1.0|0.0|0.0|0.0|1.0|0.0|0.0|0.0|0.0|1.0|1.0|0.0|0.0|0.0|0
-0.2886202499282895|||||1.6455653460356354|2.756138075797584||-0.34808937802214324|2.857883297858773|2.6163651616828165|1.756368010368367|-0.25572614887704664|||1.0|0.0|0.0|0.0|1.0|0.0|0.0|1.0|0.0|0.0|0.0|0.0|0.0|1.0|0.0|0
||-0.40541159129120585|-0.28194167834157496|||-0.33012147506217326|0.8469572151534661|0.42979479642713636|-0.3541847615673695|0.010377301064652048||-0.22834730128329808|-0.38762140242766396|-1.0490043108088363|1.0|0.0|0.0|0.0|0.0|1.0|0.0|0.0|0.0|0.0|1.0|0.0|0.0|1.0|0.0|0
-0.3358877850694301||0.3289774475371619|0.5220097779902025|||-0.35200137649260466|||-0.33798362568459084|-0.36325360465628637||-0.2146578774864238|-0.38171232418708223||0.0|1.0|0.0|0.0|0.0|0.0|1.0|0.0|0.0|0.0|1.0|1.0|0.0|0.0|0.0|0
-0.29568829256621704|||||||-0.35503368477845054||||-0.3575701186439285|-1.6520473761582246|||0.0|1.0|0.0|1.0|0.0|0.0|0.0|0.0|1.0|0.0|0.0|0.0|0.0|0.0|1.0|0
|-0.462391138044792|2.9766191255049383||||1.483125628936122|1.4785824782404484||-0.3445412283038108|-0.3635167250124279||0.7436017882947767|3.3264404024142444|0.4991184186828339|0.0|1.0|0.0|0.0|0.0|0.0|1.0|0.0|0.0|1.0|0.0|1.0|0.0|0.0|0.0|0
|2.363332483340048||3.2470863917621706|1.3619560846647105|||-0.36218675490851004|-0.32708985817652586|0.3505646493335027||-1.3624906969308619||||0.0|1.0|0.0|0.0|1.0|0.0|0.0|0.0|0.0|0.0|1.0|0.0|1.0|0.0|0.0|1
-0.29038726058777137|-0.462391138044792|-0.397322845270625|||-1.361239002596801|0.5184208840489201|0.5569369037904779||-1.5395678703240088|-1.4488443407034495|-2.061196056682962||1.1071005515911114|2.821302512920339|0.0|1.0|0.0|0.0|1.0|0.0|0.0|1.0|0.0|0.0|0.0|1.0|0.0|0.0|0.0|0
-1.8625849948617865|-0.462391138044792||-1.2982983157942347|-0.34683164305352066|-0.3794159408924555|||2.4375920253638497|-0.35071308959248837|-0.36803362445952376||-0.1462107585020523|-0.39133175388105246||1.0|0.0|0.0|0.0|0.0|1.0|0.0|0.0|0.0|1.0|0.0|0.0|0.0|0.0|1.0|0
-0.3093826251772017|2.446442001616073|-1.36650907700294|-0.2763407303606998|-0.36294189202656757|-0.38275416999860984|||-1.3280081486331796|1.6042239735961377|-0.358122757711527|-1.5042570018080996|1.0858373832166341|-0.3843233122468742||0.0|1.0|0.0|0.0|0.0|0.0|1.0|0.0|0.0|1.0|0.0|0.0|1.0|0.0|0.0|0
|||0.6620334775120823|-0.3598940070857209|2.0148809224348976||0.8429450764587212|2.188578111228144|||-0.3591903049853826|-0.9675761863145098|||0.0|1.0|0.0|0.0|0.0|0.0|1.0|1.0|0.0|0.0|0.0|0.0|0.0|0.0|1.0|0
|-0.462391138044792|-0.40925272947685865||0.3598678635670023|-1.5334263947102234|-0.3356909045171922||-0.3411483602580456|2.0671135702469567|-0.35926294592147356|||-0.3836362101258763||0.0|1.0|0.0|0.0|0.0|1.0|0.0|1.0|0.0|0.0|0.0|0.0|0.0|0.0|1.0|0
-0.2996640665500513|-0.462391138044792||-0.2931435743033253||-0.38712840124115694||1.454509646071979|-0.3325014991451443|||||-0.3917440151536512||0.0|1.0|0.0|0.0|0.0|0.0|1.0|0.0|0.0|0.0|1.0|1.0|0.0|0.0|0.0|0
|-0.462391138044792|0.1597844560262677||||0.6874928496477081|||1.4306403748520806|1.9673349498671024|-1.2814813798581546|-1.9942829710800818||-0.2749429460630012|0.0|1.0|0.0|1.0|0.0|0.0|0.0|1.0|0.0|0.0|0.0|1.0|0.0|0.0|0.0|0
0.7547995444957688|-0.462391138044792|1.5306033482076267|||1.366420325952037|||||||-0.1735896060958009|||0.0|1.0|0.0|0.0|0.0|0.0|1.0|0.0|1.0|0.0|0.0|0.0|0.0|1.0|0.0|0
-1.0011672983643634|-0.462391138044792|||-0.3498154967981311||-0.3436472323100763|-0.3505630159471633|3.168947851919899|-0.33605491903187906||-0.35878525840001907|-0.22834730128329808|-0.3961414687280376||0.0|1.0|0.0|0.0|0.0|0.0|1.0|0.0|0.0|1.0|0.0|0.0|0.0|0.0|1.0|0
3.2175706511486584|-0.462391138044792|||-0.3710866601878218|||-0.37046322387309805|-0.3414816859698808|-0.3402980736678449|-0.35956991967030527||2.4547797629040637|||0.0|1.0|0.0|1.0|0.0|0.0|0.0|1.0|0.0|0.0|0.0|1.0|0.0|0.0|0.0|0
|-0.462391138044792|||3.279050099978792|-0.3909654461907597|1.6422521847938047||0.8224328775741842|-0.34145529765947197|-0.3480364773927693|0.6121114067163772||||0.0|1.0|0.0|0.0|0.0|0.0|1.0|1.0|0.0|0.0|0.0|1.0|0.0|0.0|0.0|0
2.2015395219465694|-0.462391138044792|0.727317703827075|-0.2888351527795752|-0.352824963021236|0.4613573484644939|-0.3424537831411437|||||-0.35473479254638374||1.2101658697407924||1.0|0.0|0.0|0.0|1.0|0.0|0.0|0.0|0.0|0.0|1.0|1.0|0.0|0.0|0.0|0
-0.3230769577881864|||-0.28711178417007516||0.5918168767509866|-0.34086251758256686||-0.33683473339900194|||2.971507766458976|1.0858373832166341|0.34441719728347114|2.047241148174504|0.0|1.0|0.0|0.0|0.0|0.0|1.0|0.0|0.0|0.0|1.0|0.0|0.0|0.0|1.0|0
|2.280222965064023|-0.3998429570961326||-0.362160711432485|-0.3849988412941275|||1.0273301533787609||1.0179089981231686|1.8576296567092512||||0.0|1.0|0.0|0.0|0.0|0.0|1.0|1.0|0.0|0.0|0.0|0.0|0.0|0.0|1.0|1
-1.354569430260742|-0.462391138044792||-0.27677157251307477|||-0.3575708059476236|-0.3390768360267794||-0.3480129002786919|1.9410229142529518||-0.24203672508017238|-0.38501041436787203|-1.0490043108088363|0.0|1.0|0.0|0.0|0.0|1.0|0.0|1.0|0.0|0.0|0.0|0.0|0.0|0.0|1.0|0
|||0.37121502465894735||3.125705435344887|-0.3432494159204321|-0.3595960596370462|0.6979259205063312|-1.3852713381070692|1.7699946827609732||0.7436017882947767||0.4991184186828339|0.0|1.0|0.0|0.0|0.0|1.0|0.0|1.0|0.0|0.0|0.0|1.0|0.0|0.0|0.0|0
0.4455726790864374|-0.462391138044792|0.48851678487776484|-0.27935662542732487|-0.36305714817979284||-0.3480232125961626|-0.35684487881779253|-0.35446178133663964||||3.139250952747778|||1.0|0.0|0.0|0.0|0.0|1.0|0.0|0.0|0.0|1.0|0.0|1.0|0.0|0.0|0.0|0
-0.31335839916103597|-0.462391138044792|-0.3982170784990309|||||-0.3473762314981946||||||-0.3836362101258763||0.0|1.0|0.0|0.0|0.0|0.0|1.0|0.0|0.0|0.0|1.0|0.0|0.0|0.0|1.0|0
-0.33632953773430063||-0.39925357610468326|||-0.4008074664864907|-0.34165815036185526|-0.37254953599436536|0.8484126757025157|||2.1411622664637266|-0.22834730128329808|-0.3786890748546916|0.4991184186828339|0.0|1.0|0.0|0.0|0.0|0.0|1.0|0.0|0.0|1.0|0.0|0.0|0.0|1.0|0.0|0
||1.1891688428162726|1.9761020422558773|1.340185477944377||-0.3325083734000385|-0.36278284408601497|||-0.3918021632976397|||||0.0|1.0|0.0|0.0|0.0|0.0|1.0|0.0|0.0|0.0|1.0|0.0|0.0|0.0|1.0|0
-0.3473733543560624|||||-0.37738230706916603|-0.34205596675149946|0.7770313693307693|||-0.3574649568211732|-0.36162058449756385|1.0858373832166341|-1.0847552143921069|1.2731797834286689|0.0|1.0|0.0|0.0|1.0|0.0|0.0|0.0|0.0|0.0|1.0|0.0|0.0|0.0|1.0|0
|-0.462391138044792|-0.3928720026110591|||0.7208375131813782||||0.7073753800851758|0.41821385308398623|-0.34379853474156824|-0.1872790298926752|||0.0|1.0|0.0|1.0|0.0|0.0|0.0|1.0|0.0|0.0|0.0|0.0|0.0|1.0|0.0|0
||-0.3920590633125083|-0.29917536443657555|0.8202521645058216|-0.39775701575155653||-0.36945445757270506|-0.3544421739418258||-0.9894800522730703|||-0.3972408321216342||0.0|1.0|0.0|0.0|0.0|0.0|1.0|1.0|0.0|0.0|0.0|0.0|0.0|1.0|0.0|1
|-0.462391138044792|-0.4078504091868584||-0.37074089172814584|-0.39242352327160873|||||-0.3642183792954719|-0.34784900059520363|-0.22834730128329808|||0.0|1.0|1.0|0.0|0.0|0.0|0.0|0.0|0.0|0.0|1.0|1.0|0.0|0.0|0.0|0
1.7376992238325721||-0.3847222861430869||1.0168279369511868||1.821269560133698|0.64405762973351|-0.339677805647008||-0.357771930570005|-1.4131215201013039|-0.2146578774864238|||0.0|1.0|0.0|0.0|0.0|1.0|0.0|0.0|0.0|0.0|1.0|0.0|0.0|1.0|0.0|0
-0.34207232237761676|-0.462391138044792|-0.4061432366599016||-1.2485957858882326||-0.3687096648576614|-0.36367697785227243|||-0.3652270073273477||||-1.0490043108088363|0.0|1.0|0.0|1.0|0.0|0.0|0.0|0.0|0.0|1.0|0.0|1.0|0.0|0.0|0.0|0
|||-0.28064915188444994|-0.36656605773354073|0.8009358265043353|0.41896678663786835|-0.3459089350612593|1.8581935086150227|-0.3449269696343531||0.156433998182399||-0.40507379630101||1.0|0.0|0.0|0.0|0.0|0.0|1.0|1.0|0.0|0.0|0.0|1.0|0.0|0.0|0.0|0
-0.30275633520414463|-0.462391138044792|||1.9030196928612366||-1.4010431959843783||-0.3497560065813192|3.3207728945095925||-1.4840046725399227|-2.6787541609237966||-1.0490043108088363|0.0|1.0|0.0|0.0|0.0|1.0|0.0|1.0|0.0|0.0|0.0|1.0|0.0|0.0|0.0|0
-0.9680358484990778|3.2775371843763197|-0.41120378379338063||0.30768243863443795||-0.3492166617650952|-0.35505661128527766|-0.35026579884647896|-0.3383693670151332||||||0.0|1.0|0.0|0.0|0.0|0.0|1.0|0.0|0.0|0.0|1.0|0.0|0.0|0.0|1.0|1
2.908343785739327|-0.462391138044792|-0.40465962244004633||-1.2882951275547232||-0.3448406814790089||-0.3420895152091097|-0.35148457225357305|0.5081133080990008|-0.35513983913174724||-0.39284337854724777|-1.0490043108088363|1.0|0.0|0.0|0.0|0.0|0.0|1.0|0.0|0.0|1.0|0.0|1.0|0.0|0.0|0.0|0
-0.3248439684476683||-0.3895389514870007||-0.35112173320135115|-0.37287377925338283|-0.3368843536861248||-0.32483500777293484|||0.40958811403460915|||-0.2749429460630012|0.0|1.0|1.0|0.0|0.0|0.0|0.0|0.0|0.0|0.0|1.0|0.0|0.0|1.0|0.0|0
||-0.40394830055381437|-0.28495757340820005|||-1.50049729339543||-1.457416954404491|-1.0381041406189548|||2.4547797629040637|-0.3762155072190993||1.0|0.0|0.0|0.0|0.0|0.0|1.0|0.0|0.0|0.0|1.0|1.0|0.0|0.0|0.0|0
-0.3482568596858034|-0.462391138044792||-0.30822304963645086|-0.37624757460446556||-1.50049729339543|-0.3711510190779115||1.9706782376113696||-0.3567600254732014|-0.25572614887704664|||0.0|1.0|0.0|0.0|0.0|0.0|1.0|0.0|0.0|1.0|0.0|1.0|0.0|0.0|0.0|1
-0.3115913885015541||-0.4018753053425097|||-0.3849988412941275||-0.3564780547085587|2.5709223100979286|2.279271302045249||-0.34501367449765885|0.40136619337291946|||0.0|1.0|0.0|0.0|1.0|0.0|0.0|0.0|0.0|0.0|1.0|0.0|0.0|1.0|0.0|0
-0.32749448443689116||-0.42402790122802014|-0.2789257832749499|||-0.3555817239994025|-1.5843988338619408|-0.322913483081179||-0.34088837438425834|-0.34420358132693174||||0.0|1.0|0.0|0.0|1.0|0.0|0.0|1.0|0.0|0.0|0.0|0.0|1.0|0.0|0.0|0
-0.9238605820120304|-0.462391138044792|-0.39104288918931973||||-0.3452384978686531||-0.3402268127017954|-1.616716136432479|-0.358298171282288|-0.35149441986347546|-0.26941557267392097||-0.2749429460630012|1.0|0.0|0.0|0.0|0.0|1.0|0.0|0.0|0.0|0.0|1.0|0.0|0.0|1.0|0.0|1
||-0.40195659927236477|0.9420808765558418||-0.37024540346290497|||-0.3437757511630995||0.465356250226006||-0.1872790298926752|-0.3705812698269167||1.0|0.0|0.0|1.0|0.0|0.0|0.0|0.0|0.0|1.0|0.0|0.0|0.0|0.0|1.0|0
1.4395161750450025|-0.462391138044792|-1.6962575799776258|-0.2957286272175754|-0.34881661013684523||-0.3436472323100763||-0.34522669837932335|0.40842584891485506|2.905797553438473|-0.35149441986347546|-0.1872790298926752|3.13405180853484||0.0|1.0|0.0|0.0|0.0|1.0|0.0|0.0|0.0|0.0|1.0|0.0|0.0|1.0|0.0|1
|-0.462391138044792|0.7349390097509891||0.8535483865486847|-1.68307114774473|-0.3595598878958446|0.8836396260768481|-0.3298545008452766|-0.3557277268895389|||-0.2146578774864238|-0.3764903480674984||0.0|1.0|0.0|0.0|0.0|1.0|0.0|1.0|0.0|0.0|0.0|0.0|0.0|0.0|1.0|0
|-0.462391138044792|-0.41492298108425074|-0.2879734684748252|-0.3783221853625209|-0.3833489119657983||-1.417035334024011|-0.32687417683357367|-0.3522560549146578|||||-1.0490043108088363|0.0|1.0|0.0|0.0|0.0|1.0|0.0|1.0|0.0|0.0|0.0|0.0|0.0|0.0|1.0|1
-0.31247489383129506|-0.462391138044792|-0.4046799459225101||0.48216744837828807|-0.3940158969256939|-0.3432494159204321|0.3546104810411996|-0.33691316297825724|-0.3368264016929638|-1.431302983627349|-0.34379853474156824|||-1.0490043108088363|1.0|0.0|0.0|0.0|0.0|1.0|0.0|0.0|0.0|0.0|1.0|1.0|0.0|0.0|0.0|0
||-1.603277647705873|||-0.3824855768521377||-1.4388155155097688||-0.34569845229543783|-1.8248871830223516||-0.2009684536895495|||0.0|1.0|0.0|1.0|0.0|0.0|0.0|0.0|0.0|0.0|1.0|0.0|0.0|1.0|0.0|0
1.2296836592315277|-0.462391138044792|-0.4093543468891775|-1.362924638650487|||-0.3496144781547394|-0.37144906366666397|-0.846646605953528|-0.3534132789062848||-0.32962190425384447||0.9662446167865472|0.4991184186828339|0.0|1.0|0.0|0.0|0.0|0.0|1.0|1.0|0.0|0.0|0.0|0.0|0.0|1.0|0.0|0
-0.3009893245446627|-0.462391138044792|-0.3841125816691738|-0.30046789089370063||||-0.34668843629338114|-0.3387954728803854|||-0.35635497888783785|-0.9675761863145098|||0.0|1.0|0.0|0.0|0.0|1.0|0.0|1.0|0.0|0.0|0.0|1.0|0.0|0.0|0.0|1
0.8431500774698635|3.3606467026523443|||-0.35538621087068706|-0.378725272801527|||-0.3458933498029937|-0.3441554869732684||-0.3539246993756566|-1.3098117812363672|-0.3917440151536512|2.047241148174504|0.0|1.0|0.0|0.0|0.0|0.0|1.0|0.0|0.0|0.0|1.0|0.0|1.0|0.0|0.0|0
|0.7011421178195539||-1.7506825757880002|||-0.35041011093402785|||0.3312775828063852||2.647470498168147|-3.0209897558456538||-0.2749429460630012|0.0|1.0|0.0|1.0|0.0|0.0|0.0|1.0|0.0|0.0|0.0|0.0|0.0|0.0|1.0|0
||||-0.3600092632389461|2.2009776024906302||-0.3689959274361628|0.38028612452220273|1.2956309091622584|||0.7436017882947767|||1.0|0.0|0.0|0.0|0.0|1.0|0.0|1.0|0.0|0.0|0.0|1.0|0.0|0.0|0.0|0
2.1131889889724746|||||||3.2679963360966724|-0.3501873692672236||||-0.22834730128329808|-0.833962940227883||0.0|1.0|0.0|0.0|1.0|0.0|0.0|1.0|0.0|0.0|0.0|0.0|0.0|0.0|1.0|0
-0.3036398405338856|-0.462391138044792|||||0.23000400155687006||2.1199522293797215||-0.346063074721708|||-0.38610977776146865||0.0|1.0|0.0|0.0|0.0|1.0|0.0|1.0|0.0|0.0|0.0|1.0|0.0|0.0|0.0|0
-0.3199846891340931|-0.462391138044792||-0.27806409897019985||-0.38298439269558604|-0.348818845375451|-0.3544375956009456|-0.3448933726674881|-0.33759788435404847|1.2722586757266243||||-1.0490043108088363|0.0|1.0|1.0|0.0|0.0|0.0|0.0|0.0|0.0|1.0|0.0|0.0|0.0|0.0|1.0|0
||-0.4113866951355546|1.9761020422558773|||||-0.3197959073057792|-1.279192472207923|-0.33773093011056027|||-1.771857335389981||0.0|1.0|0.0|0.0|0.0|1.0|0.0|1.0|0.0|0.0|0.0|0.0|0.0|1.0|0.0|0
|||-1.4706351767442405||-0.3722214816119504|-0.3476253962065184|0.9082856209159953|-0.3561676246854433|-0.35148457225357305|-0.37434851300691985|1.4930877298820688|-0.1872790298926752||-1.0490043108088363|0.0|1.0|0.0|0.0|0.0|1.0|0.0|0.0|0.0|1.0|0.0|0.0|0.0|0.0|1.0|0
-0.2872949919336781|-0.462391138044792||-0.28323420479870004|||-0.33966906841363426||0.6322411478799836|-0.3429982629816414||-0.3401531154732964|-0.1599001822989266|||1.0|0.0|0.0|1.0|0.0|0.0|0.0|0.0|0.0|0.0|1.0|0.0|0.0|1.0|0.0|0
-0.3314702584207254||-0.41992255777033843|0.48969661656207636|-0.3836751933678735||-0.3424537831411437|-0.3446021241721138|-1.282911140561359||-0.3599207468118273|||-0.39105691303265333|-0.2749429460630012|0.0|1.0|1.0|0.0|0.0|0.0|0.0|0.0|0.0|1.0|0.0|0.0|0.0|0.0|1.0|0
-1.1999559975560763|-0.462391138044792||-0.3026221016555757|||-1.6496784395120077||0.4842053170355287|-0.3449269696343531|0.4719342591295437|-0.35635497888783785|0.7436017882947767|-0.39394274194084444||1.0|0.0|0.0|0.0|0.0|1.0|0.0|0.0|0.0|0.0|1.0|0.0|0.0|1.0|0.0|0
0.5118355788170085||-0.3943149698659869||-0.35624422890025315|||-0.34987522074234995|-1.5034943322170036||0.7361509500883059||-0.24203672508017238|-0.3924311172746491|0.4991184186828339|0.0|1.0|0.0|1.0|0.0|0.0|0.0|0.0|0.0|0.0|1.0|0.0|0.0|1.0|0.0|0
1.8039621235631431||-0.40081848425439365||-0.3632108230507599||-0.34682976342723||-0.3316975959577771||||-1.6520473761582246|||0.0|1.0|0.0|1.0|0.0|0.0|0.0|0.0|0.0|0.0|1.0|0.0|1.0|0.0|0.0|0
||-0.393949147181639|||||-0.33160279480114035|||1.1867445599806348|-1.1802197335172706|-0.2009684536895495||-0.2749429460630012|1.0|0.0|0.0|0.0|0.0|0.0|1.0|1.0|0.0|0.0|0.0|0.0|0.0|0.0|1.0|0
-0.33898005372352347|-0.462391138044792||0.6404913698933316|||||-0.3378347105345075|-0.3445412283038108|-1.4082799524649674|2.4449472054863786||-0.3731922578867086|0.4991184186828339|0.0|1.0|0.0|1.0|0.0|0.0|0.0|0.0|0.0|1.0|0.0|1.0|0.0|0.0|0.0|1
|-0.462391138044792|1.586492924982997|-0.28107999403682493|1.7653526209532446|1.2561052836509587|-0.3535926420511815|||||0.6424899006186424||-0.38734656157926484||1.0|0.0|0.0|0.0|0.0|0.0|1.0|0.0|0.0|0.0|1.0|1.0|0.0|0.0|0.0|0
||||0.8490662028121455||-0.3535926420511815|0.9466875198514108||-0.9705994077740436|-0.3521586963056529|-0.3608104913268368||||0.0|1.0|0.0|1.0|0.0|0.0|0.0|1.0|0.0|0.0|0.0|0.0|0.0|0.0|1.0|0
|-0.462391138044792||-0.29917536443657555||1.782739702983933||-1.5161924760512777|2.288575824778703||||-1.9942829710800818|||1.0|0.0|0.0|0.0|0.0|1.0|0.0|0.0|0.0|0.0|1.0|0.0|0.0|1.0|0.0|1
-0.3562084076534719|-0.462391138044792||-0.27418651959882473||-0.394188563948426||1.0957098142276498|-0.33344265409620844|-0.35148457225357305||||||1.0|0.0|0.0|0.0|0.0|0.0|1.0|0.0|0.0|1.0|0.0|1.0|0.0|0.0|0.0|0
||-0.42514569276352754|1.3513809213121057||-0.3731807428493511|0.7471653080943391|-0.34448749163797826|1.7052558290671092||-0.3544390727255459|-0.35473479254638374|2.4547797629040637||1.2731797834286689|0.0|1.0|0.0|0.0|1.0|0.0|0.0|0.0|0.0|0.0|1.0|0.0|0.0|1.0|0.0|0
1.6051734243714302|-0.462391138044792|-0.4090494946522209|||-0.3757707481903329|-1.6397330297709023|-0.34712403992309626||-0.3541847615673695||||-0.38501041436787203|0.4991184186828339|0.0|1.0|0.0|1.0|0.0|0.0|0.0|0.0|0.0|0.0|1.0|0.0|0.0|0.0|1.0|0
3.2617459176357055||||||-0.34006688480327846|||||-0.3474439540098401||||0.0|1.0|0.0|0.0|0.0|0.0|1.0|0.0|0.0|0.0|1.0|1.0|0.0|0.0|0.0|1
-1.895716444727072|-0.462391138044792||||0.468551807744999|-0.32853020950359646|||||-0.35068432669274835|-0.26941557267392097|||0.0|1.0|0.0|0.0|0.0|0.0|1.0|0.0|0.0|0.0|1.0|1.0|0.0|0.0|0.0|0
-0.32219345245844544|-0.462391138044792|||||||1.2944809077172639|-1.4817066707426565||2.404442546950025||||0.0|1.0|0.0|0.0|0.0|0.0|1.0|1.0|0.0|0.0|0.0|0.0|0.0|0.0|1.0|0
1.1523769428791948|-0.462391138044792||-0.27590988820832474||-0.39261537551908887|1.9008328380625392|||-0.3445412283038108|-0.34492288651176145|-0.34420358132693174|-0.24203672508017238|||0.0|1.0|0.0|1.0|0.0|0.0|0.0|0.0|0.0|0.0|1.0|1.0|0.0|0.0|0.0|0
-0.34074706438300534|-0.462391138044792||-0.28323420479870004|0.4527130981096014|-0.38762721708460535|1.8013787406514876||||-1.3052244796428776|||2.3232713057573484||0.0|1.0|0.0|0.0|1.0|0.0|0.0|0.0|0.0|0.0|1.0|1.0|0.0|0.0|0.0|1
-0.320868194463834|-0.462391138044792|-0.3968960521388858|||-1.2115942495622947||-0.3636311248386182|0.8425304572583651|1.5077886409605505||-0.3543297459610202||1.22390791216075||0.0|1.0|0.0|0.0|0.0|0.0|1.0|0.0|0.0|0.0|1.0|0.0|0.0|1.0|0.0|0
|||-0.27590988820832474|0.36627098319062984|-0.3749074130766723|1.3438898925606495|-0.3462299061568389|-0.3357171118946133||1.73271929897426||1.0858373832166341|-0.40136344484762143||0.0|1.0|0.0|0.0|0.0|0.0|1.0|1.0|0.0|0.0|0.0|0.0|0.0|0.0|1.0|0
-0.3164506678151293|-0.462391138044792||-0.27289399314169965||-0.38979514748113087|-0.3591620715062004|0.4617919004579561||-0.3352834363707944|||0.40136619337291946||0.4991184186828339|0.0|1.0|0.0|0.0|0.0|0.0|1.0|0.0|0.0|1.0|0.0|0.0|0.0|1.0|0.0|0
-0.31203314116642455|-0.462391138044792|-0.40010716236816163|||-0.3918863369786644|||-0.3561480172906295||0.704357240387874|-0.3648609571804721|-1.6520473761582246|0.742936427462238||0.0|1.0|0.0|0.0|0.0|0.0|1.0|0.0|0.0|0.0|1.0|0.0|0.0|0.0|1.0|0
-0.3058486038582379||||-0.3473823113411526||-0.3452384978686531|-0.011067302851263812|-0.34799134104807405|-0.3557277268895389||-0.34258339498547763|-0.25572614887704664|-0.38130006291448354||1.0|0.0|0.0|0.0|0.0|0.0|1.0|1.0|0.0|0.0|0.0|0.0|0.0|0.0|1.0|0
-0.3562084076534719||-0.4005339554999008|-0.28452673125582506|-0.3629034733088258||-0.3559795403890467||-0.33756020700711376|-0.3541847615673695||-0.35513983913174724|-0.2009684536895495|2.8042427904558602||1.0|0.0|0.0|0.0|0.0|0.0|1.0|1.0|0.0|0.0|0.0|0.0|0.0|1.0|0.0|0
-1.3435256136389802||2.8851634544179685|||-1.7415860832261711|-1.7391871271819541|0.9432485438273437||-0.3256399031072357|-0.3209789341028844|-0.3600003981561097||-0.3972408321216342||0.0|1.0|0.0|0.0|0.0|1.0|0.0|0.0|0.0|0.0|1.0|0.0|0.0|0.0|1.0|0
-0.30717386185284934|-0.462391138044792|-0.3954734083664218|-1.3844667462692377||-0.3831762449430662||||-1.4817066707426565|-0.37474319354113217|-0.3591903049853826|||0.4991184186828339|0.0|1.0|0.0|0.0|0.0|0.0|1.0|0.0|0.0|0.0|1.0|0.0|0.0|1.0|0.0|0
||2.0884829418381425|-0.28495757340820005||-0.390006184953359||1.308926327719807|||-0.3554915541501119|-0.36567105035119923|-0.24203672508017238|-0.40246280824121805||0.0|1.0|0.0|0.0|0.0|0.0|1.0|1.0|0.0|0.0|0.0|0.0|0.0|0.0|1.0|0
|2.114003928511974|-0.4000461919207703|1.9330178270183758|-1.4118753362907346|-1.3713112455895082||-0.35714292340654497||||-0.33164713718066213|||0.4991184186828339|0.0|1.0|0.0|0.0|0.0|0.0|1.0|0.0|0.0|0.0|1.0|0.0|0.0|0.0|1.0|0
|||-0.30305294380795067||-0.38116179634452474|||-0.34497180224674345|||-0.3543297459610202||||0.0|1.0|1.0|0.0|0.0|0.0|0.0|0.0|0.0|0.0|1.0|0.0|0.0|0.0|1.0|0
-0.3597424289724357||2.247006105055557||-0.37398087025770144|||2.3119610014060314|-0.34026602749142304|-0.33644066036242143|-0.3583420246749782|-0.3535196527902931|-0.26941557267392097||0.4991184186828339|0.0|1.0|0.0|0.0|0.0|0.0|1.0|0.0|1.0|0.0|0.0|1.0|0.0|0.0|0.0|1
|-0.462391138044792|||-0.35982997588948457|||-0.3512737376588039||||-1.3321122030285968|||-1.0490043108088363|0.0|1.0|0.0|0.0|0.0|0.0|1.0|1.0|0.0|0.0|0.0|1.0|0.0|0.0|0.0|0
-0.30849911984746076|-0.462391138044792|1.1332792660409021|-0.28064915188444994||-0.38822195905179374|-0.3448406814790089|-0.35975654518483596||-0.3429982629816414|-0.3534742980863604|||||0.0|1.0|0.0|0.0|0.0|0.0|1.0|0.0|0.0|0.0|1.0|0.0|0.0|0.0|1.0|0
||-0.40661067675656837||||-0.36314023540264245|0.5099375647948948||1.5849369070690202|-0.3521148429129626|-0.3498742335220213|-0.26941557267392097|-0.3880336637002627||0.0|1.0|0.0|0.0|1.0|0.0|0.0|0.0|0.0|1.0|0.0|0.0|0.0|0.0|1.0|1
1.075070226526862|-0.462391138044792|0.6353539456785109|-0.2776332568178248|-0.3567692847093906|-0.37922408864497537||1.8557235155464686|||-0.35277264380331635||-0.1599001822989266|-0.4017757061202202||0.0|1.0|0.0|0.0|0.0|1.0|0.0|0.0|0.0|0.0|1.0|0.0|0.0|0.0|1.0|0
-0.27536766998217527|-0.462391138044792|-0.41805279738367146|0.6620334775120823|-0.3816646138060545|||-1.0903326117376408||-0.33798362568459084|-1.4323993184446053|-0.34622881425374946||-1.4351772961010227||0.0|1.0|0.0|0.0|0.0|0.0|1.0|0.0|0.0|0.0|1.0|1.0|0.0|0.0|0.0|1
0.8983691605786727|-0.462391138044792|||3.3418006722903417||-0.3464319470375858|-0.3418050903392059|-1.3275179637628336||-0.358122757711527|-0.3494691869366578||||0.0|1.0|0.0|0.0|0.0|0.0|1.0|0.0|0.0|0.0|1.0|1.0|0.0|0.0|0.0|0
|-0.462391138044792|-0.4090494946522209|-0.28969683708432525|1.1333647141012078||0.6079295717188666|-1.1126859558940767||||-1.2004720627854475|-2.6787541609237966|2.5431439844766683||0.0|1.0|0.0|1.0|0.0|0.0|0.0|0.0|0.0|0.0|1.0|0.0|0.0|0.0|1.0|0
|1.9477848919599245|-0.4070171464058438|-0.27677157251307477|-0.369844454980838||-1.2618074596089057|-0.3479723206756995|0.3788155699111651||||1.0858373832166341|||0.0|1.0|0.0|0.0|0.0|0.0|1.0|1.0|0.0|0.0|0.0|0.0|1.0|0.0|0.0|0
|-0.462391138044792||0.8235992846527128|-0.3571150531690665||||-0.3442267212438177|-0.3495558656008613|-0.3623326834097911|2.6879751567045003|-0.25572614887704664|||0.0|1.0|0.0|0.0|0.0|1.0|0.0|1.0|0.0|0.0|0.0|1.0|0.0|0.0|0.0|0
|2.1971134467879985|-0.3875269267230873|||0.7812709711376212|0.5184208840489201|-0.37117394558473854|-0.3336191206495329|-0.34762715894814955||-0.34784900059520363|1.0858373832166341|3.477602869033777||0.0|1.0|0.0|0.0|0.0|1.0|0.0|0.0|0.0|0.0|1.0|0.0|0.0|1.0|0.0|0
||-0.3927297382338127|-0.2797874675796999||-0.39175204040542827|||-1.5887864996571863|-0.34184103899001433|||||-0.2749429460630012|0.0|1.0|0.0|0.0|0.0|0.0|1.0|0.0|0.0|0.0|1.0|0.0|0.0|0.0|1.0|0
||-2.0702096573110134|-0.2862500998653251|-0.33279600483852917||-1.3115345083144316|1.240146807238466||||1.22980744939577|1.0858373832166341|1.0590034031212603|-0.2749429460630012|0.0|1.0|0.0|0.0|0.0|0.0|1.0|1.0|0.0|0.0|0.0|0.0|0.0|0.0|1.0|1
|-0.462391138044792|-0.38819760164439177|2.34231787177464|-0.3496874344056586|-0.4120500081888267||||2.1056877033011916|-0.3590875323507125|1.8981343152456047|-0.25572614887704664||-1.0490043108088363|0.0|1.0|0.0|1.0|0.0|0.0|0.0|1.0|0.0|0.0|0.0|0.0|0.0|1.0|0.0|0
|-0.462391138044792|||-0.34798420458577367||||-1.290263913616547|-0.3549562442284542|3.274166052036581||-0.2009684536895495|-1.455790359730959||0.0|1.0|0.0|0.0|0.0|0.0|1.0|1.0|0.0|0.0|0.0|0.0|0.0|0.0|1.0|0
-0.31777592580974073|-0.462391138044792|-0.3895795984519282|||-0.3933252288347654||0.3723785238322127|-0.33077604840152686||-0.34878198506850355||||-1.0490043108088363|0.0|1.0|0.0|0.0|0.0|0.0|1.0|0.0|0.0|0.0|1.0|0.0|0.0|1.0|0.0|1
-0.669852799711508||-0.40526932691395945|-0.2948669429128254||-1.4629206937612733||||1.8549558384486649||-0.35270955961956607|-0.24203672508017238|||0.0|1.0|0.0|0.0|0.0|0.0|1.0|1.0|0.0|0.0|0.0|1.0|0.0|0.0|0.0|0
|-0.462391138044792|-0.40760652739729314||1.210202149584738|||||-0.3449269696343531|-0.3698754669525142|-1.3219860383945083|-0.26941557267392097|-0.39105691303265333|2.047241148174504|0.0|1.0|0.0|1.0|0.0|0.0|0.0|0.0|0.0|0.0|1.0|1.0|0.0|0.0|0.0|1
-0.2766929279767867|-0.462391138044792|0.3289774475371619|-0.2918510478462003|-0.36989567993782707|-0.37202962936447026|||-1.2598724516551025||-0.3608416680583226||||-0.2749429460630012|0.0|1.0|0.0|0.0|0.0|0.0|1.0|1.0|0.0|0.0|0.0|1.0|0.0|0.0|0.0|0
-0.01826761902755972|1.8646753736838997|||-0.35691015334111037||1.3239990730784392|||-0.33412621237916734|-0.348694278283123||1.0858373832166341|-0.38239942630808016|-0.2749429460630012|0.0|1.0|0.0|1.0|0.0|0.0|0.0|0.0|0.0|1.0|0.0|0.0|0.0|0.0|1.0|0
-0.33765479572891205||-0.4029930968780171|||-0.38492210039513536|||-0.34685411214887163||-0.3650077403638964||||0.4991184186828339|0.0|1.0|0.0|1.0|0.0|0.0|0.0|1.0|0.0|0.0|0.0|0.0|0.0|0.0|1.0|0
||-0.3859620185733769|-1.190587777700481|0.9835317149083236|-0.8561879611053421||||0.774880112930087||||-1.4076932112611078||1.0|0.0|0.0|0.0|1.0|0.0|0.0|0.0|0.0|0.0|1.0|1.0|0.0|0.0|0.0|0
-0.3115913885015541|-0.462391138044792|1.0072736747655213|0.6297203160839562|-0.34082551684655804|||0.3695127104788235|-0.33042311529487783||-0.34843115792698154||2.4547797629040637||-1.0490043108088363|0.0|1.0|0.0|0.0|0.0|0.0|1.0|1.0|0.0|0.0|0.0|0.0|0.0|0.0|1.0|1
||-0.43772592840860186|-0.3289034729504516|-0.4027436836070363|-0.3929415243398051|-0.3348952717379038||-0.345265913168951||-0.3633851648343571|-0.36283572425365446|-0.6253405913926526|-0.3998518201814261|2.047241148174504|0.0|1.0|0.0|0.0|0.0|0.0|1.0|0.0|0.0|0.0|1.0|0.0|0.0|1.0|0.0|1
|-0.462391138044792||-0.30951557609357594|-0.3736351017980255|-0.38753129096086525|-0.3440450486997205|1.4338757899275767||-0.3480129002786919|3.19522994519413|1.7766203396365439||||1.0|0.0|1.0|0.0|0.0|0.0|0.0|0.0|1.0|0.0|0.0|0.0|0.0|0.0|1.0|1
-1.5864895793177405|-0.462391138044792||||3.258083486106181|0.8764556347287065||-1.5049648868280412|||0.6526160652527309|-1.3098117812363672|-0.3869343003066661||0.0|1.0|0.0|0.0|0.0|1.0|0.0|1.0|0.0|0.0|0.0|1.0|0.0|0.0|0.0|0
2.2457147884336166|-0.462391138044792|-0.4068748820285974||-0.36969078010987094|-1.43030581168965||-0.35475856669652517||||0.8146346993981454|-0.2146578774864238|-1.5279360824357358||0.0|1.0|0.0|0.0|0.0|0.0|1.0|0.0|0.0|0.0|1.0|1.0|0.0|0.0|0.0|0
-0.32926149509637304|||-0.282803362646325||-0.39228922669837263|-0.3448406814790089|-0.3638833164137164||||-0.9574441115673257||0.09362492311924703||0.0|1.0|0.0|0.0|1.0|0.0|0.0|1.0|0.0|0.0|0.0|0.0|0.0|0.0|1.0|0
-0.33632953773430063|-0.462391138044792||2.34231787177464|-0.3405437795831185|-0.37926245909447137|-1.4408248349487989|-0.35065472197447184||-0.32834009242103207|||-0.1872790298926752||-1.0490043108088363|0.0|1.0|1.0|0.0|0.0|0.0|0.0|0.0|0.0|0.0|1.0|1.0|0.0|0.0|0.0|1
-0.3548831496588605|-0.462391138044792||-1.632200983884871|-0.0848287942939295||-0.36115115345442145|-0.3445562711584596|-0.34685411214887163||1.171395872539047||-0.2146578774864238|-0.38102522206608436|-0.2749429460630012|0.0|1.0|0.0|0.0|0.0|0.0|1.0|1.0|0.0|0.0|0.0|1.0|0.0|0.0|0.0|0
||-0.4193535002613528|0.8020571770339621|-0.38306049388400526|-0.38494128561988344|0.6974382593888132|||-0.33798362568459084|||-0.22834730128329808||-1.0490043108088363|0.0|1.0|0.0|0.0|0.0|1.0|0.0|0.0|0.0|0.0|1.0|0.0|0.0|0.0|1.0|0
-0.30629035652310843|-0.462391138044792|-0.41447586447004775|0.6512624237027069|-0.3778355482711252|-0.38200594623343737|-0.3376799864654132|||-0.3429982629816414|-0.3468962891828227|-1.5042570018080996|||-1.0490043108088363|0.0|1.0|0.0|0.0|0.0|0.0|1.0|0.0|0.0|1.0|0.0|0.0|0.0|0.0|1.0|0
-1.5202266795871695|-0.462391138044792||0.7805150694152113|-0.3705872168571788|-1.4916985308832937|-0.3555817239994025|-0.3522595774523698|-0.34597177938224905||2.8312467858650465|-0.3385329291318423||-1.61382384756047||0.0|1.0|1.0|0.0|0.0|0.0|0.0|0.0|0.0|0.0|1.0|0.0|0.0|0.0|1.0|0
0.743755727874007|||-0.2888351527795752||-1.5770727810119543|-0.33927125202399006|-0.3487976749214756|-0.34001113135884314|||0.9867794981776482|-0.09145306331455513||1.2731797834286689|1.0|0.0|0.0|0.0|0.0|1.0|0.0|0.0|0.0|0.0|1.0|0.0|1.0|0.0|0.0|0
|-0.462391138044792|-0.41006566877540945||-0.3731100459888881|-0.384384914102191|-0.34563631425829733|-0.3558590390242266||||1.8981343152456047|||-0.2749429460630012|1.0|0.0|0.0|0.0|0.0|0.0|1.0|0.0|0.0|0.0|1.0|0.0|0.0|0.0|1.0|0
||1.2867215586423737||-0.3657976833787054||-0.35239919288224886||1.5032996624846078|1.2184826430537885|-0.358473584853049|0.905770181104941||-0.377589711461095|1.2731797834286689|0.0|1.0|1.0|0.0|0.0|0.0|0.0|0.0|0.0|0.0|1.0|0.0|0.0|1.0|0.0|0
|-0.462391138044792|-0.391550976250914|-1.2875272619848592||3.3060465479762153||-0.35778486559770417|-0.33030547092599477|||-0.33002695083920797|0.40136619337291946|0.9559380849715791|-1.0490043108088363|0.0|1.0|0.0|0.0|1.0|0.0|0.0|1.0|0.0|0.0|0.0|0.0|0.0|1.0|0.0|0
||-0.3934613836025085|-1.30906936960361|-0.35532217967445073|-0.3812385372435168|-0.3480232125961626||-0.3236585640841047||0.971862935798405||-0.2009684536895495|||0.0|1.0|0.0|0.0|0.0|0.0|1.0|0.0|0.0|0.0|1.0|0.0|0.0|0.0|1.0|1
-0.3451645910317101|-0.462391138044792|2.0864505935917657||-0.3757097125560808|-0.39979064957484595|-0.34086251758256686||-0.3514226351404952||-0.3695684932036825|2.2626762420727875|||0.4991184186828339|0.0|1.0|0.0|1.0|0.0|0.0|0.0|0.0|0.0|1.0|0.0|0.0|0.0|0.0|1.0|0
2.4665911208688533|||-0.29615946936995047|||-0.3563773567786909|-0.35037960389254647|2.088580397677585|-0.34531271096489546|||||-0.2749429460630012|0.0|1.0|0.0|0.0|0.0|0.0|1.0|0.0|0.0|0.0|1.0|1.0|0.0|0.0|0.0|0
-0.33279551641533683|-0.462391138044792|-0.4107160202142501|-0.2763407303606998|-0.3738143891474871|-0.4107070424564657|-0.36194678623370985|||-0.33566917770133675||-0.3502792801073848||-0.3884459249728614||1.0|0.0|0.0|0.0|0.0|1.0|0.0|0.0|0.0|1.0|0.0|0.0|0.0|1.0|0.0|0
-0.30894087251233127||-0.416406595304106|-0.27935662542732487||-0.3779770490363545|-0.3368843536861248|1.919917734662387||1.623511040123255||0.3893357847664323||2.433207645117008||1.0|0.0|0.0|1.0|0.0|0.0|0.0|1.0|0.0|0.0|0.0|0.0|0.0|0.0|1.0|0
|-0.462391138044792|-0.38793339637236274|1.7606809660683698||||-0.3468030688275167|||||2.4547797629040637|2.1171406694579864||0.0|1.0|0.0|1.0|0.0|0.0|0.0|0.0|0.0|0.0|1.0|0.0|0.0|0.0|1.0|1
-0.28906200259315995|-0.462391138044792|-0.40022910326294425||-0.36257051108839716|-0.3805862396020843|0.5582025230133408|-0.35200738587727154|-0.34263852226389707||-1.2865867877495207|-0.34339348815620474|||-0.2749429460630012|0.0|1.0|1.0|0.0|0.0|0.0|0.0|1.0|0.0|0.0|0.0|0.0|0.0|1.0|0.0|0
-0.32130994712870453|-0.462391138044792|||-0.383252587472714|-0.3891620350644464|||-0.33389362417692664|||||||0.0|1.0|0.0|1.0|0.0|0.0|0.0|0.0|0.0|0.0|1.0|0.0|0.0|0.0|1.0|0
0.6774928281434359|-0.462391138044792||||||0.5534979277664108|-0.3445796543504668||||2.4547797629040637|-1.2221756385916818|-0.2749429460630012|1.0|0.0|0.0|1.0|0.0|0.0|0.0|0.0|1.0|0.0|0.0|0.0|0.0|0.0|1.0|0
|-0.462391138044792|0.5073160061567531||-0.36225035510721576||||-0.3586381564319865||||-0.2009684536895495|||0.0|1.0|0.0|0.0|0.0|1.0|0.0|0.0|0.0|0.0|1.0|0.0|0.0|0.0|1.0|0
|-0.462391138044792|-0.3922216511722184|-0.29659031152232546|-0.3540031370319835|||-0.3653276863438246|-0.3485795628924891|-0.327182868429405||||-0.3980653546668317||0.0|1.0|0.0|1.0|0.0|0.0|0.0|0.0|0.0|1.0|0.0|1.0|0.0|0.0|0.0|0
|||-0.27504820390357476|-0.36365904142441385|1.1333198452636715|-0.3313149242311059||-0.3261683106202756|-0.3310402817348285||-0.3636458174243815|-0.25572614887704664|||0.0|1.0|0.0|0.0|1.0|0.0|0.0|0.0|0.0|1.0|0.0|0.0|0.0|1.0|0.0|0
|-0.462391138044792|1.283673036272808||-0.3658617145749417||1.8610511990981187|-0.34625283266366597|0.5881245095488548||1.5485350496752055|-0.3543297459610202||||0.0|1.0|0.0|1.0|0.0|0.0|0.0|1.0|0.0|0.0|0.0|0.0|0.0|0.0|1.0|0
1.406384725179717||||||-0.3559795403890467|-0.3675286309992275|||-0.3519394293422016|1.2703121079321236||||0.0|1.0|0.0|0.0|0.0|0.0|1.0|0.0|0.0|0.0|1.0|0.0|0.0|0.0|1.0|0
|-0.462391138044792|-0.4149636280491783|-0.28366504695107503||3.2926168906526057|-1.4806064739132196||-0.3370700221367679||-0.3551407270085899||-0.22834730128329808|-0.4098835111479951|2.047241148174504|0.0|1.0|0.0|0.0|0.0|1.0|0.0|1.0|0.0|0.0|0.0|0.0|0.0|1.0|0.0|1
-1.431876146613075||-0.4035011839396114|||-0.38022172033187207||-1.496131782577553|0.5621447114205232|0.5337917813411186||-1.2511028859558895|-0.1872790298926752|-0.3935304806682457|-1.0490043108088363|0.0|1.0|1.0|0.0|0.0|0.0|0.0|0.0|0.0|0.0|1.0|0.0|0.0|1.0|0.0|0
-0.32351871045305686|||-1.5352614996004927|-0.3560905540292861|-0.3874545500618732||3.272581637462095|-0.31263920819872937|-1.5106372705333326||-1.5346354957103647|||-1.0490043108088363|1.0|0.0|0.0|0.0|0.0|1.0|0.0|0.0|0.0|0.0|1.0|0.0|0.0|0.0|1.0|0
|||||-0.3771520843721899||0.7827629960375478|-0.3220899724989979||-0.34005515992314356||||2.047241148174504|0.0|1.0|0.0|0.0|0.0|0.0|1.0|0.0|0.0|1.0|0.0|0.0|0.0|0.0|1.0|1
|||-0.2711706245321996|-0.3686534747308433||-1.3314253277966421|-0.38181184475251934|-0.32671731767506296||-0.3447036195483102|0.9665271689094714|||-0.2749429460630012|1.0|0.0|0.0|1.0|0.0|0.0|0.0|1.0|0.0|0.0|0.0|0.0|1.0|0.0|0.0|0
||||-0.37165013471470093|-0.37131977604879374|1.602470545829384|-1.722531037495301|||-0.35821046449690747||-0.22834730128329808||-0.2749429460630012|0.0|1.0|0.0|1.0|0.0|0.0|0.0|0.0|0.0|0.0|1.0|0.0|0.0|1.0|0.0|0
-0.3447228383668396|||-0.27935662542732487|-0.3586774143572316|1.7894545316457375|-0.34086251758256686||1.602317006294475|2.0671135702469567|||||1.2731797834286689|0.0|1.0|0.0|0.0|0.0|1.0|0.0|0.0|0.0|1.0|0.0|1.0|0.0|0.0|0.0|0
|-0.462391138044792||-0.2776332568178248||0.16686414858248463|-0.3376799864654132|-0.37167832873493506|||0.6769488699564671||||-0.2749429460630012|0.0|1.0|0.0|0.0|0.0|0.0|1.0|0.0|0.0|0.0|1.0|0.0|0.0|1.0|0.0|0
-0.34074706438300534|-0.462391138044792|-0.4060822662125103||||-0.34563631425829733||-0.3403444570706784||||-0.26941557267392097|-0.3843233122468742||0.0|1.0|0.0|0.0|0.0|0.0|1.0|0.0|0.0|0.0|1.0|0.0|0.0|0.0|1.0|0
||||-0.3513394392685545||-0.3428515995307879|-0.3393061010950506|||-0.3617625893048178|-0.3535196527902931||||0.0|1.0|0.0|0.0|0.0|0.0|1.0|0.0|0.0|1.0|0.0|0.0|1.0|0.0|0.0|0
1.2296836592315277||-0.409659199126134|-0.2802183097320749|-0.37267463385448135|-0.3736603734680514|-0.3535926420511815||-0.3514814573249367|0.7555930464029694|-0.36965619998906296|-1.2207243920536242||-0.3947672644860418|0.4991184186828339|0.0|1.0|0.0|1.0|0.0|0.0|0.0|0.0|0.0|0.0|1.0|0.0|0.0|1.0|0.0|0
-0.29833880855543987||-0.4271780410099047|1.997644149874628||-0.39248107894585277|2.915264631655267||-0.334207342493948|-0.33798362568459084||||-1.363031573396246|1.2731797834286689|0.0|1.0|0.0|0.0|0.0|1.0|0.0|1.0|0.0|0.0|0.0|0.0|0.0|1.0|0.0|0
-0.31070788317181314||-0.42120293716555596||-0.3850454609673298|-1.4816262878905866|2.0798502134024326|-0.35267225457525786|0.7773358695023633||1.930059566080389|0.5108497603754932|0.7436017882947767|||0.0|1.0|0.0|0.0|0.0|0.0|1.0|0.0|0.0|1.0|0.0|0.0|0.0|1.0|0.0|0
|2.446442001616073||||-1.1578756202678564|||-0.34556002409115855|||-0.36162058449756385||0.8940988940817705||0.0|1.0|0.0|1.0|0.0|0.0|0.0|0.0|0.0|1.0|0.0|0.0|1.0|0.0|0.0|0
||2.1230328620265535|-0.28754262632245015|-0.3753127191394159|-0.39587686372625114|2.7959197147620047|-0.3675286309992275|-0.3186586784065768|-0.3429982629816414||-0.3595953515707462|-0.24203672508017238|-0.39696599127323506||0.0|1.0|0.0|1.0|0.0|0.0|0.0|0.0|0.0|1.0|0.0|0.0|0.0|0.0|1.0|0
-0.31689242047999977|-0.462391138044792||-1.6968273067411233||-0.3936321924307336|-0.35001229454438365|-1.155673156194915||||-0.3502792801073848|-0.2009684536895495|-1.3424185097663097||0.0|1.0|0.0|1.0|0.0|0.0|0.0|0.0|0.0|0.0|1.0|0.0|0.0|1.0|0.0|0
-0.31910118380435215|-0.462391138044792|-0.3982780489464222||-0.3604830940910946|-0.3799723124101479||-1.5024365719550095||-0.33798362568459084||||0.9937287016264622||0.0|1.0|0.0|0.0|1.0|0.0|0.0|0.0|0.0|0.0|1.0|0.0|0.0|0.0|1.0|0
0.0811267305682968||-0.4142116591980187|-0.28366504695107503|||-0.34165815036185526|-0.3707612684618505||1.3727791752707283|-0.9269889676894627|-0.35270955961956607|-0.2009684536895495|-0.39064465176005464||0.0|1.0|0.0|0.0|1.0|0.0|0.0|0.0|0.0|0.0|1.0|0.0|0.0|1.0|0.0|0
-0.32263520512331595||-0.4057774139755537|||-0.3859005468572841||-0.3573951149816433||-0.3402980736678449|-0.3516324555933698||||1.2731797834286689|0.0|1.0|0.0|0.0|0.0|0.0|1.0|0.0|0.0|1.0|0.0|0.0|1.0|0.0|0.0|0
-0.3160089151502588|-0.462391138044792|-0.38291349620381127||2.533086663826185|-0.38373261646075857|-0.35239919288224886|||-0.3410695563289296|-1.4532296799724747||-0.07776363951768084|||0.0|1.0|0.0|0.0|0.0|1.0|0.0|1.0|0.0|0.0|0.0|1.0|0.0|0.0|0.0|1
|||-0.282803362646325||0.6704762982178425|-0.337282170075769||0.4376377543526704|-0.34569845229543783|-0.3635167250124279|-0.3535196527902931|-3.0209897558456538|-1.270272787061533|-1.0490043108088363|1.0|0.0|0.0|1.0|0.0|0.0|0.0|0.0|0.0|1.0|0.0|1.0|0.0|0.0|0.0|0
||||-0.3532347626771482|2.152055279383195|||-0.34993247313464376||2.4321809123837625|2.2424239128046106|-0.22834730128329808|0.7807270441171211||0.0|1.0|0.0|0.0|1.0|0.0|0.0|0.0|0.0|0.0|1.0|1.0|0.0|0.0|0.0|0
||0.5266233144973356|-0.2815108361892|-0.3614179495561442||-0.3535926420511815||||0.5475813615202266||-0.22834730128329808|-0.3799258586724878||0.0|1.0|0.0|0.0|0.0|0.0|1.0|0.0|0.0|1.0|0.0|0.0|0.0|0.0|1.0|0
2.7316427197911373|1.781565855407875|-0.3993348700345383||||-0.3460341306479416|-0.36429599353660447||-0.34376974564272605||-0.34379853474156824|-0.2146578774864238|-0.38239942630808016||0.0|1.0|0.0|1.0|0.0|0.0|0.0|0.0|1.0|0.0|0.0|0.0|0.0|0.0|1.0|0
|||-0.3289034729504516||-0.3867063262967007||1.4762898275577365|-0.3449325874571158||-0.3630343376928351||-0.22834730128329808|-0.3984776159394304|-0.2749429460630012|0.0|1.0|0.0|0.0|0.0|0.0|1.0|1.0|0.0|0.0|0.0|0.0|0.0|1.0|0.0|0
|1.1166897091996775||0.6081782084652054||-0.3798572010616598|-0.3480232125961626|-0.3512737376588039|||-0.3482995977489108|-0.3458237676683859|-0.22834730128329808|||0.0|1.0|0.0|0.0|0.0|0.0|1.0|0.0|0.0|0.0|1.0|0.0|0.0|1.0|0.0|0
||1.265381902055414||0.5093807067787051|||-0.35294737265718323|-0.33569750449979946|-0.34608419362598014||||0.6604841729424932||0.0|1.0|0.0|0.0|0.0|0.0|1.0|1.0|0.0|0.0|0.0|1.0|0.0|0.0|0.0|0
-0.3098243778420722|||-0.29012767923670024|||0.3592943281912373|-0.35716584991337214|-0.34356006982014736|-0.3383693670151332||-0.3903788920583749|-0.28310499647079523|||0.0|1.0|0.0|0.0|0.0|1.0|0.0|1.0|0.0|0.0|0.0|0.0|0.0|1.0|0.0|0
-0.31114963583668365||1.2674142503017911|||-0.37600097088730905|-1.1921895914211695|-0.34735330499136746|-1.138306603809325|||-0.3421783484001141||-1.5279360824357358||0.0|1.0|1.0|0.0|0.0|0.0|0.0|0.0|0.0|0.0|1.0|1.0|0.0|0.0|0.0|0
-0.3297032477612435|-0.462391138044792|-0.3943556168309144|-0.2918510478462003|-0.3562826476179949|-0.38428898797845096||||||-0.9675702762014141|-0.22834730128329808|||1.0|0.0|0.0|1.0|0.0|0.0|0.0|0.0|0.0|1.0|0.0|0.0|0.0|1.0|0.0|0
|-0.462391138044792|-0.4020785401671474|||-0.4047020671103374|-0.358366438726912|||-0.3464699349565225||-0.3474439540098401|-0.26941557267392097||-1.0490043108088363|0.0|1.0|0.0|0.0|0.0|0.0|1.0|1.0|0.0|0.0|0.0|0.0|0.0|0.0|1.0|0
-0.32219345245844544|2.7788800747201714|-0.420938731893527|||-0.38050949870309225|||-0.3459521719874352||2.8312467858650465|-0.35189946644883896||3.106567723694925|1.2731797834286689|0.0|1.0|0.0|0.0|1.0|0.0|0.0|0.0|0.0|0.0|1.0|0.0|0.0|0.0|1.0|0
-1.7411030120224062|||-0.2944361007604504|||-0.3492166617650952|-0.37848750126258784|-0.332305425197006|-0.33026879907374385|-0.35036070720535256|-0.35473479254638374|||2.047241148174504|1.0|0.0|0.0|0.0|0.0|1.0|0.0|0.0|0.0|1.0|0.0|1.0|0.0|0.0|0.0|1
-0.32263520512331595|-0.462391138044792||||-0.3717994066674941|-0.3496144781547394|2.232864552852489||-0.33991233233730256||-1.291607544492243|-3.0209897558456538|2.8729530025556476||0.0|1.0|0.0|0.0|0.0|1.0|0.0|0.0|0.0|1.0|0.0|0.0|0.0|0.0|1.0|0
2.8641685192522797||-0.8558815801006918||-0.8506419012797818|||0.8521156791895668||0.5627223811317948||1.9993959615864887||||0.0|1.0|0.0|0.0|0.0|0.0|1.0|0.0|0.0|0.0|1.0|0.0|0.0|0.0|1.0|1
-0.2581393160522268|-0.462391138044792|-0.404070241448597|-0.28409588910345007|||-0.34086251758256686|||-0.3526417962452001|-0.3730329112262123||-0.24203672508017238|-0.38130006291448354|-0.2749429460630012|0.0|1.0|0.0|0.0|0.0|0.0|1.0|0.0|0.0|0.0|1.0|0.0|0.0|0.0|1.0|0
||||-0.3628778608303313|-0.3789363102737552||-0.35033375087889224|-0.3293447085801169|-0.33991233233730256||1.3108167664684771|-0.25572614887704664|-0.39394274194084444||0.0|1.0|0.0|1.0|0.0|0.0|0.0|0.0|0.0|1.0|0.0|0.0|1.0|0.0|0.0|0
-0.30187282987440367||1.2094923252800436|-0.28969683708432525|-0.36744968824160135|-0.38286928134709797|-0.3492166617650952||-0.32697221380764285|-0.3522560549146578|-1.6812673219617797|-0.34096320864402346|-0.2146578774864238|-0.3799258586724878|-0.2749429460630012|1.0|0.0|1.0|0.0|0.0|0.0|0.0|1.0|0.0|0.0|0.0|0.0|0.0|1.0|0.0|0
-1.498139046343646|-0.462391138044792|1.2552201608235285|0.5758650470370793|1.4106197938042797||-1.2916436888322214|-0.3581746162137651||-0.33798362568459084|0.4324662057083178|1.1690504615912396|-0.2009684536895495||-0.2749429460630012|0.0|1.0|0.0|0.0|0.0|0.0|1.0|1.0|0.0|0.0|0.0|0.0|0.0|0.0|1.0|0
|1.532237300579801|-0.41010631574033696|||-0.37882119892526706||-0.35021911834475666||-1.5492114035875675|1.682287897380471|-1.342238367662685||-1.2977568719014478||0.0|1.0|0.0|0.0|0.0|1.0|0.0|1.0|0.0|0.0|0.0|0.0|0.0|0.0|1.0|0
||-0.4040499179661332||-0.36666850764751874|-0.3821977984809175|-0.3492166617650952|-0.35363516786199667|-1.5706496594543888|||-1.3827430261990388||0.48527313208803524||0.0|1.0|1.0|0.0|0.0|0.0|0.0|1.0|0.0|0.0|0.0|0.0|0.0|1.0|0.0|0
||3.1412393334614843||||-0.3444428650893647|-0.36156773922417795|-1.5284937606046434|-0.3306545404042862|-0.3500537334565208|||-0.3891330270938593|-0.2749429460630012|0.0|1.0|0.0|0.0|0.0|1.0|0.0|0.0|0.0|0.0|1.0|0.0|0.0|0.0|1.0|0
|-0.462391138044792||-0.2905585213890753|-0.37176539086792626|-0.38432735842794696|3.392644299228315||||||0.40136619337291946|2.955405257075393|-1.0490043108088363|0.0|1.0|0.0|0.0|0.0|1.0|0.0|0.0|0.0|0.0|1.0|0.0|0.0|1.0|0.0|0
|-0.462391138044792||0.974394037983968|||-0.35001229454438365|1.0504299632441|-0.3402072053069815|1.6620851731774902||-0.3595953515707462||-0.39696599127323506||0.0|1.0|0.0|0.0|1.0|0.0|0.0|0.0|0.0|1.0|0.0|1.0|0.0|0.0|0.0|0
-0.29833880855543987|-0.462391138044792|||1.4080585459548287|-0.3869941046679209|||||-0.36667416928612595||2.112544167982206||-0.2749429460630012|0.0|1.0|1.0|0.0|0.0|0.0|0.0|1.0|0.0|0.0|0.0|1.0|0.0|0.0|0.0|0
-0.34781510702093293|2.612661038168122|-0.38996574461873984||-0.35158275781425236|||0.49732798603998235|||-1.0859575161916226|-0.36729123669265334|-0.1872790298926752||0.4991184186828339|0.0|1.0|0.0|0.0|0.0|1.0|0.0|0.0|0.0|1.0|0.0|0.0|0.0|0.0|1.0|0
|-0.462391138044792|0.09932209569654876|-1.3521535848411115||-0.3963564943449515|-0.34682976342723||-0.34263852226389707|||-0.3636458174243815||||1.0|0.0|0.0|0.0|0.0|0.0|1.0|1.0|0.0|0.0|0.0|0.0|0.0|1.0|0.0|0
|-0.462391138044792|1.0804382116350972|0.4035281860870734|-0.3702158359190085||||-0.3359720080271932|-0.3449269696343531||-0.31787555327830197|-0.24203672508017238|-0.3587631133457533||0.0|1.0|0.0|0.0|0.0|0.0|1.0|0.0|1.0|0.0|0.0|0.0|0.0|0.0|1.0|1
||-0.3839296703269998|||-1.4619614325238726||-0.3534746823142068|-0.3367170890301189|-0.3429982629816414|||-0.1872790298926752|||0.0|1.0|0.0|1.0|0.0|0.0|0.0|0.0|0.0|0.0|1.0|0.0|0.0|0.0|1.0|0
||||3.086956511269966|||-0.35248884252064094||-0.3402980736678449|0.8940231637732095|-0.3676962832780169|-0.26941557267392097||-0.2749429460630012|1.0|0.0|0.0|0.0|1.0|0.0|0.0|0.0|0.0|0.0|1.0|0.0|0.0|0.0|1.0|0
-0.3045233458636265||-0.9249814204775135||-0.9245979329326797|1.1064605306164523|2.219085949777905||0.37097261198563125|-1.6552902694867138||-0.34825404718056713|-0.24203672508017238|-0.3865220390340674||0.0|1.0|0.0|0.0|0.0|1.0|0.0|0.0|1.0|0.0|0.0|0.0|1.0|0.0|0.0|0
0.5007917621952466||-0.40913078858207597|-0.2957286272175754|-0.37211115932760214|||1.506094286432985||-0.3410695563289296||||-0.38171232418708223|-1.0490043108088363|0.0|1.0|0.0|0.0|0.0|0.0|1.0|0.0|0.0|1.0|0.0|0.0|0.0|0.0|1.0|0
-0.33632953773430063|-0.462391138044792|-0.4133987198994679||0.24877373809706477|1.8000064052571452||||-0.3387551083456755|1.7963067183751236|-0.3717467491316523|-0.25572614887704664|0.0008661367845340278|0.4991184186828339|1.0|0.0|0.0|0.0|0.0|0.0|1.0|1.0|0.0|0.0|0.0|1.0|0.0|0.0|0.0|0
||||-0.38099868936519715|||||-0.34762715894814955|-1.6527626167131166|1.5943493762229528||-0.3887207658212606|0.4991184186828339|0.0|1.0|0.0|0.0|0.0|1.0|0.0|0.0|0.0|0.0|1.0|0.0|1.0|0.0|0.0|0
||-0.3867343109070002|-0.28237252049395|-0.3481250732174935|-0.3906776678195395|1.602470545829384||||-0.36702499642764796|||||0.0|1.0|0.0|0.0|0.0|0.0|1.0|0.0|0.0|0.0|1.0|0.0|0.0|0.0|1.0|0
|-0.462391138044792|-0.39695702258627713|-0.27849494112257484|0.6889882122214572||2.000286935473591|1.014893877662074|||-0.3769797165683349||1.4280729781384915|||0.0|1.0|0.0|1.0|0.0|0.0|0.0|0.0|0.0|1.0|0.0|1.0|0.0|0.0|0.0|0
0.12530199705534414|||-1.7291404681692495||-0.38584299118304005|2.955046270619688|-0.357349261967989||||||0.2241743261088431|-0.2749429460630012|1.0|0.0|0.0|0.0|1.0|0.0|0.0|0.0|0.0|0.0|1.0|0.0|1.0|0.0|0.0|0
-0.3394218063883939||-1.4437383103652701||-0.3596378823007757|-0.37105118290232153||-0.34233239999622955||0.9870378447283791|-0.35334273790828963|-0.3595953515707462||0.983422169811494|-0.2749429460630012|1.0|0.0|0.0|0.0|0.0|0.0|1.0|0.0|0.0|0.0|1.0|0.0|1.0|0.0|0.0|0
2.4445034876253295|||-0.282803362646325||0.8129265919718438|-0.33847561924470165|-1.0238457419390112|-0.3290309902630955|-0.33991233233730256|-0.3470278493608935||||-0.2749429460630012|0.0|1.0|0.0|0.0|0.0|0.0|1.0|1.0|0.0|0.0|0.0|1.0|0.0|0.0|0.0|0
|-0.462391138044792|-0.40429379975569846|1.2867545984558535|1.3882088751215833|0.9951862270779732||-1.1161249319181439||-0.3449269696343531||-1.5245093310762765||-1.4626613809409377||0.0|1.0|0.0|0.0|0.0|0.0|1.0|0.0|0.0|1.0|0.0|0.0|0.0|0.0|1.0|0
0.5118355788170085||-0.39283135564613153|-0.282803362646325|-0.3546562552335935|-0.3866871410719526|-0.3480232125961626|-0.35819754272059223|1.2003654126108556|2.4721419673164235||||-0.3799258586724878||0.0|1.0|0.0|0.0|1.0|0.0|0.0|0.0|0.0|0.0|1.0|0.0|0.0|0.0|1.0|0
-0.879685315524983||-0.4148010401894681|||-0.3767683798772296|-0.3480232125961626|||-0.3391408496762179|1.3665434700106638||-0.2009684536895495|0.797904597142068||0.0|1.0|0.0|0.0|0.0|0.0|1.0|0.0|0.0|1.0|0.0|0.0|0.0|0.0|1.0|0
|||-0.2797874675796999|-0.3782325416877901|-0.37335340987208315|||-0.9834081847800278||0.21319924225706285|-0.3454187210830224||-0.38391105097427547||0.0|1.0|0.0|0.0|0.0|0.0|1.0|0.0|0.0|1.0|0.0|0.0|0.0|1.0|0.0|1
-1.2772627139084092||-0.39171356411062414|-1.5891167686473695|-0.35345246874435154|||-0.34992107375600423|-0.35183439043158576|-0.35071308959248837|-0.370007027130585|||||0.0|1.0|0.0|0.0|0.0|1.0|0.0|1.0|0.0|0.0|0.0|0.0|0.0|1.0|0.0|0
|||-0.27806409897019985|||-0.3448406814790089|-0.3528556666298747|-1.4113395765919787|-1.6938644025409486|||-0.2009684536895495|||0.0|1.0|0.0|0.0|0.0|1.0|0.0|0.0|1.0|0.0|0.0|0.0|1.0|0.0|0.0|0
0.3020030630035335|-0.462391138044792|-1.4701588375681724|0.7374308541777098||1.8383768547531723||0.7529585371623||-0.3391408496762179|1.8226187539892742|-0.32921685766848097|-0.2009684536895495||0.4991184186828339|0.0|1.0|0.0|0.0|0.0|1.0|0.0|1.0|0.0|0.0|0.0|0.0|0.0|0.0|1.0|0
-0.3067321091879789|-0.462391138044792|-0.40994372788062683||||||0.5479293501804928|-0.33991233233730256|-0.3590875323507125|-0.3555448857171108||-0.3932556398198465||0.0|1.0|0.0|0.0|0.0|0.0|1.0|1.0|0.0|0.0|0.0|1.0|0.0|0.0|0.0|0
|-0.462391138044792||-0.28711178417007516|||||||-0.983998378186789||-0.1462107585020523|0.0386567534394171||1.0|0.0|1.0|0.0|0.0|0.0|0.0|0.0|0.0|0.0|1.0|0.0|0.0|0.0|1.0|0
-0.2846444759444552||0.9590054039140651|1.8683915041621237||3.1564017949417087|-0.33966906841363426|-0.3592980150482937||||-0.35473479254638374|-0.25572614887704664||-0.2749429460630012|0.0|1.0|0.0|0.0|0.0|0.0|1.0|1.0|0.0|0.0|0.0|0.0|1.0|0.0|0.0|0
-0.31556716248538835|-0.462391138044792|0.5566004511313979|||-0.3834448380895384||||1.025611977782614|||-0.24203672508017238|-1.194691553751767|-0.2749429460630012|0.0|1.0|0.0|0.0|0.0|1.0|0.0|0.0|0.0|0.0|1.0|0.0|0.0|0.0|1.0|1
||-0.3962050537351176|-0.29357441645570037|0.7091580390358837|||-0.3588624114185785||0.553078847868236|-0.3688668389206385|||||0.0|1.0|0.0|1.0|0.0|0.0|0.0|0.0|1.0|0.0|0.0|0.0|0.0|0.0|1.0|0
|-0.462391138044792|||||-0.3539904584408257|2.454105343734136|-0.32399188979593996|-0.35071308959248837||3.2145357176770974|-1.6520473761582246|2.8729530025556476|1.2731797834286689|1.0|0.0|0.0|1.0|0.0|0.0|0.0|1.0|0.0|0.0|0.0|0.0|0.0|0.0|1.0|0
|0.20248500816340564|-0.3925061799267112|-0.28409588910345007|-0.3542976805346704|-0.39065848259479147|-1.3214799180555368|-0.3622326079221642|-0.30401195448064194||3.328982792899395|||-0.3891330270938593||0.0|1.0|0.0|0.0|0.0|1.0|0.0|1.0|0.0|0.0|0.0|0.0|0.0|1.0|0.0|0
|1.8646753736838997|2.179938612925113|0.7912861232245867|0.9995395139673924|||-0.365006715248245|-0.3491285699472765|-0.35302753757574246|-0.3672881167837895|1.6956110225638366||-0.3869343003066661||0.0|1.0|0.0|0.0|0.0|1.0|0.0|0.0|0.0|1.0|0.0|0.0|0.0|1.0|0.0|0
|||-0.28366504695107503|-0.36479879671741955|||-1.2301843033830342||||0.45009277257096286|-0.25572614887704664|||0.0|1.0|0.0|0.0|0.0|0.0|1.0|1.0|0.0|0.0|0.0|0.0|0.0|0.0|1.0|0
-0.31203314116642455|||||-0.39242352327160873|-0.3309171078414617|-0.3640208754546791||-1.2116877393630119|-0.36005230698989804|-1.1802197335172706|1.770308573060349|||0.0|1.0|0.0|0.0|0.0|1.0|0.0|0.0|0.0|0.0|1.0|1.0|0.0|0.0|0.0|0
||-0.3926890912688852|0.7589729617964606||2.312251906029109|0.6079295717188666||-0.34520709098450947||||-0.2009684536895495|-0.37800197273369374|2.047241148174504|0.0|1.0|0.0|0.0|0.0|1.0|0.0|1.0|0.0|0.0|0.0|1.0|0.0|0.0|0.0|0
||0.14301758299365658|-0.2858192577129501|-0.3778611607496197||-1.4109886057254835||||-0.37145418908936334|||-0.3847355735194729||1.0|0.0|0.0|0.0|0.0|1.0|0.0|0.0|0.0|0.0|1.0|0.0|0.0|0.0|1.0|0
||-0.39307523743569683|2.6223652708183995|||||||-0.35996460020451754|-1.3523645322967734|0.40136619337291946|-0.38982012921485715||0.0|1.0|0.0|1.0|0.0|0.0|0.0|0.0|0.0|0.0|1.0|0.0|0.0|1.0|0.0|0
||-0.4082772023185976||||-0.34086251758256686|-1.1327466493678013|-0.32854080539274966|-0.3541847615673695|-0.3465454620413007|||||1.0|0.0|0.0|0.0|1.0|0.0|0.0|0.0|0.0|1.0|0.0|0.0|0.0|0.0|1.0|0
-0.31424190449077694|||||-0.4011144300824589||-0.3728475805831179|||-0.3527287904106261|-0.3575701186439285|0.7436017882947767|-0.395042105334441|0.4991184186828339|0.0|1.0|0.0|0.0|0.0|0.0|1.0|0.0|0.0|1.0|0.0|0.0|0.0|0.0|1.0|0
-0.30187282987440367||-0.4023630689216402|||1.5851318880793925|||-0.334089698125065|-0.3487843829397766|0.708742579656899|||-0.37277999661410993||1.0|0.0|1.0|0.0|0.0|0.0|0.0|0.0|0.0|0.0|1.0|0.0|0.0|1.0|0.0|1
||-0.4154717151107726|-1.3521535848411115|||-0.3675162156887287|-2.0136976741996446||-0.3406838149983873||-0.3636458174243815||2.0209463725182837|-0.2749429460630012|0.0|1.0|0.0|0.0|0.0|0.0|1.0|0.0|0.0|1.0|0.0|1.0|0.0|0.0|0.0|0
-0.3138001518259065||0.391472156113258|-0.2772024146654498||-1.5535708806956376|||1.1013480688009882|||||||1.0|0.0|0.0|0.0|0.0|0.0|1.0|1.0|0.0|0.0|0.0|0.0|1.0|0.0|0.0|0
-0.30849911984746076|||||-0.40034702109253834|-0.35001229454438365|0.19412493325140373|||-0.34610692811439825|-0.36648114352192623|-0.22834730128329808|||0.0|1.0|0.0|0.0|0.0|1.0|0.0|1.0|0.0|0.0|0.0|1.0|0.0|0.0|0.0|0
||-0.40986243395077177||-0.37289233992168475||-0.3535926420511815||-1.5466306008074409|-0.3383693670151332||-0.3555448857171108||-0.3932556398198465||0.0|1.0|1.0|0.0|0.0|0.0|0.0|0.0|0.0|0.0|1.0|0.0|0.0|0.0|1.0|0
-1.4097885133695511|-0.462391138044792|0.5632055829321235||-0.35985558836797904|-0.3870324751174169||3.3138493497508996|-0.33648180029235286||1.6954439151875462|||-0.36535929370733283||0.0|1.0|0.0|0.0|0.0|0.0|1.0|1.0|0.0|0.0|0.0|0.0|0.0|0.0|1.0|0
||0.5687945406096606|||0.32802003646579914|1.3438898925606495|0.36779322246678997||-0.35302753757574246|-0.3604469875241103|0.551354418911847|-0.24203672508017238|-0.39064465176005464|1.2731797834286689|0.0|1.0|0.0|0.0|0.0|0.0|1.0|0.0|0.0|1.0|0.0|0.0|0.0|1.0|0.0|0
|||-0.29529778506520044|-0.3941378908328808|0.8441025821873659|-0.3444428650893647|||-0.34762715894814955|-0.359701479848376|-0.3498742335220213||||1.0|0.0|0.0|0.0|0.0|0.0|1.0|0.0|0.0|1.0|0.0|0.0|0.0|1.0|0.0|0
-0.34428108570196914|-0.462391138044792|||-0.3593049200803471|-0.38375180168550654|-0.3428515995307879|-0.35521709683306746|-0.3615792656540618||1.2612953275540615||-0.22834730128329808|-0.395042105334441||0.0|1.0|0.0|0.0|0.0|1.0|0.0|1.0|0.0|0.0|0.0|0.0|0.0|0.0|1.0|0
-0.32219345245844544|-0.462391138044792|||-0.36860224977385425|-0.38215942803142144|-0.3595598878958446|-0.3536122413551695||-0.3526417962452001||0.37920962013234394|-0.2009684536895495|||0.0|1.0|0.0|1.0|0.0|0.0|0.0|0.0|0.0|1.0|0.0|0.0|0.0|0.0|1.0|0
|-0.462391138044792|0.4941057425553019|3.3332548222371736|-0.362813829634095|||-0.34934791108532637||||1.432330742077538|1.4280729781384915|||0.0|1.0|0.0|1.0|0.0|0.0|0.0|0.0|0.0|0.0|1.0|0.0|0.0|1.0|0.0|0
-0.32396046311792737|-0.462391138044792|2.253103149794688||2.4799407709500767|||0.19699074660479296||-0.34994160693140364|||-0.25572614887704664|||1.0|0.0|0.0|0.0|0.0|0.0|1.0|0.0|0.0|1.0|0.0|0.0|0.0|0.0|1.0|0
-2.514170175545735|-0.462391138044792|||-0.38898978265548434|-0.3813152781425088|-0.35160356010296046||||-0.36005230698989804|-0.36972151620483457||-0.4061731596946066||0.0|1.0|0.0|0.0|0.0|1.0|0.0|0.0|0.0|0.0|1.0|0.0|0.0|0.0|1.0|0
1.1192454930139093|2.446442001616073|1.4025654086858688||-0.3633132729647379|-0.3821402428066734||0.6560940458177448|-0.33561907492054416|-0.34145529765947197|||-0.22834730128329808||-1.0490043108088363|0.0|1.0|0.0|1.0|0.0|0.0|0.0|0.0|1.0|0.0|0.0|0.0|1.0|0.0|0.0|1
2.952519052226374||1.9502832610844993||-0.37715681759102065||-0.3360887209068364|0.6119605201755508|||||-0.1872790298926752|-0.40960867029959597||0.0|1.0|0.0|0.0|0.0|0.0|1.0|0.0|0.0|1.0|0.0|0.0|1.0|0.0|0.0|0
||-0.3932784722603345|-0.2948669429128254||-1.2072775739939916||-0.3638145368932351|-0.34395221771642404|0.736305979875852|||-0.26941557267392097|||0.0|1.0|0.0|0.0|0.0|0.0|1.0|0.0|0.0|1.0|0.0|0.0|0.0|0.0|1.0|0
||-0.39559534926120443|-0.2879734684748252||-0.3972198294586121||-1.064540291557138|||-0.3735152985458051|||-0.4032873307864155||1.0|0.0|0.0|1.0|0.0|0.0|0.0|1.0|0.0|0.0|0.0|0.0|0.0|1.0|0.0|0
1.2959465589620986||2.6229905306353216|1.8037651813058715||-0.36571769042237373|-0.3535926420511815|-0.33689881787820364|-0.3469129343333131|||-0.3575701186439285|||-1.0490043108088363|1.0|0.0|0.0|0.0|0.0|0.0|1.0|0.0|0.0|1.0|0.0|0.0|0.0|0.0|1.0|0
|||0.3819860784683227|-0.3432458960642893|-0.37298889060187096|-0.33847561924470165|-0.34428115307653423|0.43175553590851984|1.2377697095809062||-0.3417733018147506|-0.1872790298926752|0.6879682577824081|-0.2749429460630012|0.0|1.0|0.0|0.0|0.0|0.0|1.0|0.0|1.0|0.0|0.0|0.0|0.0|0.0|1.0|1
|-0.462391138044792|-0.38364514157250706|-0.2772024146654498||||-1.282342106414718|||-0.35562311432818267|-0.3486590937659307|-0.22834730128329808|||0.0|1.0|0.0|0.0|0.0|0.0|1.0|0.0|0.0|0.0|1.0|0.0|0.0|1.0|0.0|0
-0.2987805612203104|-0.462391138044792|-0.4148010401894681|-0.2905585213890753|-1.016802855512916||||-0.32908981244753704||-0.347115556146274||-0.2009684536895495|-0.364672191586335|-1.0490043108088363|1.0|0.0|0.0|0.0|0.0|1.0|0.0|0.0|0.0|0.0|1.0|1.0|0.0|0.0|0.0|0
-1.1336930978255053||-0.4164472422690336||-0.37994857774692226|0.36495159410572536|-0.3452384978686531|-0.7963001616799078|2.9434628115607953|-0.33991233233730256|-0.3629466309074546|-1.990312904244343||-0.36645865710092945|1.2731797834286689|0.0|1.0|0.0|0.0|0.0|0.0|1.0|0.0|0.0|0.0|1.0|1.0|0.0|0.0|0.0|0
-1.6969277455353589||-0.39833901939381355|1.006707199412094||-1.3713112455895082|3.4722075771571563|1.5301671186014543|-0.33512889005019825|||-0.36648114352192623||-0.4032873307864155||0.0|1.0|0.0|0.0|1.0|0.0|0.0|0.0|0.0|0.0|1.0|0.0|0.0|0.0|1.0|0
||-0.40346053697468387||-1.320310725672861||-0.34006688480327846||0.5763600726605537||3.4451942835285605|-0.35068432669274835|||-0.2749429460630012|1.0|0.0|0.0|1.0|0.0|0.0|0.0|1.0|0.0|0.0|0.0|0.0|0.0|1.0|0.0|0
||-0.3862668708103335|-0.2763407303606998||0.5404964005500501||||1.700659306231725||||-0.3891330270938593||0.0|1.0|0.0|0.0|0.0|0.0|1.0|0.0|0.0|0.0|1.0|0.0|0.0|0.0|1.0|0
-0.3314702584207254||-0.4022208045443938|-0.2892659949319502|-0.36470915304268875||-0.3448406814790089||||-0.336108354581021|-0.3543297459610202||||1.0|0.0|0.0|1.0|0.0|0.0|0.0|0.0|0.0|0.0|1.0|0.0|1.0|0.0|0.0|0
-0.3261692264422797|-0.462391138044792|-0.42004449866512106|-0.28495757340820005|-0.383803255760346|-0.38641854792548047|||0.630770593268946|||1.8373773274410743|3.139250952747778|||1.0|0.0|0.0|0.0|0.0|1.0|0.0|1.0|0.0|0.0|0.0|1.0|0.0|0.0|0.0|0
1.0640264099051002|||-0.2948669429128254|0.7104386629606095|-0.3980831645722727|||1.485653007152156|-0.3372121430235061||||-0.37016900855431795|0.4991184186828339|0.0|1.0|0.0|0.0|0.0|0.0|1.0|0.0|0.0|1.0|0.0|0.0|0.0|1.0|0.0|0
|-0.462391138044792||-0.2888351527795752||-0.39438041619590614|||||-0.3639114055466401||-0.22834730128329808|-0.3902323904874559||0.0|1.0|1.0|0.0|0.0|0.0|0.0|0.0|0.0|0.0|1.0|0.0|0.0|0.0|1.0|0
-0.31335839916103597||-0.3901486559609138|-1.30906936960361|||-0.3448406814790089||-0.3226389795537853|||||-1.3527250415812777||0.0|1.0|0.0|0.0|0.0|0.0|1.0|0.0|0.0|0.0|1.0|1.0|0.0|0.0|0.0|0
|-0.462391138044792|-1.115005981513773|||1.3309276601682118|-0.35120574371331625|-1.2869274077801407||-0.334897695040252||-1.6966541298557793|0.40136619337291946|||1.0|0.0|0.0|1.0|0.0|0.0|0.0|0.0|0.0|0.0|1.0|1.0|0.0|0.0|0.0|1
|-0.462391138044792||0.6081782084652054||-1.2216664925550018||||-0.32872583375157444|||-0.24203672508017238|-0.36797028176712476||0.0|1.0|0.0|0.0|0.0|0.0|1.0|1.0|0.0|0.0|0.0|0.0|0.0|1.0|0.0|0
||1.190185016939461|-1.4490930691254897|0.4690410531498516|-0.3969128658626439|1.0057459613630737|-0.3685832503132747||-0.3449269696343531|||-0.25572614887704664|||1.0|0.0|0.0|0.0|0.0|0.0|1.0|0.0|0.0|0.0|1.0|1.0|0.0|0.0|0.0|0
|3.194427666100295|-0.3908599778471458|-0.2884043106272002||||0.6962154327651936|||2.0111883425573533|-0.3454187210830224|0.40136619337291946||-1.0490043108088363|0.0|1.0|0.0|0.0|0.0|0.0|1.0|0.0|0.0|0.0|1.0|0.0|0.0|1.0|0.0|0
-0.27713468064165714||||-0.3532347626771482|-0.38979514748113087||-0.3613614006627339|-1.3883008876857224|-0.33605491903187906|1.6362418350557075|0.24756947988919464|||0.4991184186828339|0.0|1.0|0.0|0.0|0.0|0.0|1.0|0.0|0.0|0.0|1.0|0.0|0.0|1.0|0.0|0
||-0.4229304331749765|-0.2772024146654498|||0.8068377665409702||-0.3344034164420863|||-0.34258339498547763|1.0858373832166341|||1.0|0.0|0.0|1.0|0.0|0.0|0.0|0.0|0.0|0.0|1.0|0.0|0.0|0.0|1.0|0
|-0.462391138044792|-1.434084656194979|-0.282803362646325|-0.36004768195668796||0.42891219637897354||-1.4147708706843998||||-0.25572614887704664|||1.0|0.0|0.0|0.0|0.0|0.0|1.0|1.0|0.0|0.0|0.0|0.0|0.0|1.0|0.0|0
-1.3435256136389802|-0.462391138044792|||1.7429417022705485|||-0.3633330802498657|-0.33346226149102226|-0.34145529765947197|-0.35150089541529905|||||0.0|1.0|1.0|0.0|0.0|0.0|0.0|0.0|0.0|1.0|0.0|1.0|0.0|0.0|0.0|0
2.4665911208688533|-0.462391138044792|-1.5534851156696339|-0.2746173617511997|-0.3549379924970332|-0.3653723563769095||-0.3365549202757969|-0.3477364449154942||-0.3658848082177014||3.139250952747778|-0.3891330270938593|-0.2749429460630012|1.0|0.0|0.0|0.0|0.0|0.0|1.0|0.0|0.0|0.0|1.0|0.0|0.0|1.0|0.0|0
-0.304965098528497|||-0.29012767923670024|-0.3693450116501951|-0.3945147127691422||-0.3661530405896007|-1.131934200494829||-0.3660163683957722|-0.3385329291318423||||0.0|1.0|0.0|0.0|0.0|0.0|1.0|1.0|0.0|0.0|0.0|0.0|1.0|0.0|0.0|1
|-0.462391138044792|||-0.3557191730911157|3.162157362366113|-0.34126033397221106|||-0.3402980736678449||||-0.40699768223980404||1.0|0.0|0.0|1.0|0.0|0.0|0.0|0.0|0.0|0.0|1.0|0.0|0.0|0.0|1.0|0
|||-0.27030894022744956|-0.3542208430991869|2.089703298952151||||1.565649840541903|3.379414194493184||-0.22834730128329808||-1.0490043108088363|0.0|1.0|0.0|0.0|0.0|0.0|1.0|0.0|0.0|0.0|1.0|0.0|1.0|0.0|0.0|0
-0.3248439684476683||-0.41417101223309116||0.2279635993202752|-0.3781689012838346||-1.5482895856092367||||0.7943823701299685||-0.38171232418708223||1.0|0.0|0.0|0.0|0.0|1.0|0.0|0.0|0.0|1.0|0.0|0.0|1.0|0.0|0.0|0
-0.3102661305069427||-0.39915195869236436|-0.2853884155605751||||-1.1149786065767882|-0.3441678990593762|-0.33566917770133675|1.307341389878825|||-0.3858349369130695|-0.2749429460630012|0.0|1.0|0.0|0.0|0.0|1.0|0.0|1.0|0.0|0.0|0.0|1.0|0.0|0.0|0.0|0
0.19156489678591518|-0.462391138044792|-0.406285501037148|-0.28495757340820005|-0.36906327438675546|||1.0561615899508785|-0.33681512600418806|-0.34569845229543783||-0.3454187210830224||-0.38391105097427547||0.0|1.0|1.0|0.0|0.0|0.0|0.0|0.0|0.0|1.0|0.0|1.0|0.0|0.0|0.0|0
|||-0.28409588910345007|-0.3730460147926518|-0.38471106292290724|-0.3428515995307879||0.7528266259850694|-0.34917012427031896||-0.34379853474156824|||1.2731797834286689|0.0|1.0|0.0|0.0|0.0|0.0|1.0|1.0|0.0|0.0|0.0|0.0|0.0|1.0|0.0|0
||-0.4030743908078722|-0.2918510478462003|-0.36561839602924384|0.9074138238558109|-0.35160356010296046|||-0.3372121430235061|||-0.2009684536895495|0.705145810807355||0.0|1.0|1.0|0.0|0.0|0.0|0.0|0.0|0.0|0.0|1.0|0.0|0.0|0.0|1.0|0
|||||-0.40286028553452813|-1.6297876200297972||-0.3416581525232053|-0.3510988309230307|1.4345162286805528|-0.3389379757172058|0.40136619337291946|-0.37800197273369374|-1.0490043108088363|1.0|0.0|0.0|0.0|1.0|0.0|0.0|0.0|0.0|0.0|1.0|0.0|0.0|1.0|0.0|0
-0.3323537637504663||1.6962397302873609|||-0.37891712504900715||-0.3503108243720651||3.2436246284011228|-0.3630343376928351|-0.36648114352192623||0.6673551941524719||0.0|1.0|0.0|0.0|1.0|0.0|0.0|0.0|0.0|0.0|1.0|0.0|0.0|1.0|0.0|0
-0.33544603240455967||0.7638999722618629||||-0.3492166617650952||0.7822377182058221||-0.34965905292230853|-1.6257709774171605|0.7436017882947767|-0.3799258586724878||0.0|1.0|0.0|0.0|0.0|0.0|1.0|0.0|0.0|0.0|1.0|0.0|1.0|0.0|0.0|0
-0.33191201108559587|||0.9313098227464665|||2.0400685744380116|-0.35276396060256626|-0.323031127450062|-0.3256399031072357|-0.3410199345623291||1.770308573060349|-0.3935304806682457|0.4991184186828339|0.0|1.0|0.0|0.0|1.0|0.0|0.0|1.0|0.0|0.0|0.0|0.0|0.0|0.0|1.0|0
-0.2886202499282895|-0.462391138044792||2.256149441299637|-0.3541952306206923|||||-0.33412621237916734|0.532232674078639|-0.35473479254638374|-0.2146578774864238|||0.0|1.0|0.0|0.0|0.0|0.0|1.0|0.0|0.0|0.0|1.0|0.0|0.0|0.0|1.0|0
-0.30054757187979225|-0.462391138044792||-0.2970211536747005||-0.39134915068571996|-0.3543882748304699|-0.36294332963380477|-1.5951589029716826|0.6784447802944996||||-0.3854226756404708|0.4991184186828339|0.0|1.0|0.0|0.0|0.0|0.0|1.0|1.0|0.0|0.0|0.0|1.0|0.0|0.0|0.0|0
-0.3093826251772017||-1.4432302233036758|||-0.39131078023622395|-0.34165815036185526|-0.36289747662015054|-0.33101133713929287|2.4142807677350713|||-0.2009684536895495||-0.2749429460630012|0.0|1.0|0.0|0.0|0.0|0.0|1.0|0.0|0.0|0.0|1.0|0.0|0.0|0.0|1.0|0
-0.3195429364692226|||-0.2970211536747005|-0.3695627177173984|-0.3708785158795894||-0.34214898794161264|-0.3285800201823773||-1.6407029337232975|-0.3636458174243815|-0.2146578774864238|||0.0|1.0|1.0|0.0|0.0|0.0|0.0|0.0|0.0|1.0|0.0|0.0|0.0|0.0|1.0|0
1.207596025988004|2.861989592996196|-1.6439246126334153|-0.28366504695107503|-0.3510577020051148|1.2637793735501641|-1.3115345083144316|-1.25253764753947|0.6528289124345105|||1.4728354006138917|-0.24203672508017238|-0.39105691303265333|1.2731797834286689|0.0|1.0|0.0|0.0|0.0|1.0|0.0|0.0|0.0|0.0|1.0|0.0|0.0|1.0|0.0|0
||-0.3837467589848259|-0.29357441645570037|-0.3449235134056797|-0.3888934419179742|||-0.3366386594508636|-0.3387551083456755|-0.35470219308168743|-0.3555448857171108|0.40136619337291946|-0.3932556398198465||0.0|1.0|0.0|0.0|0.0|0.0|1.0|0.0|0.0|1.0|0.0|1.0|0.0|0.0|0.0|0
-0.3297032477612435||||||-0.3543882748304699||-0.3445012247712114|0.6302271139767059|-0.36263965715862284|-0.36324077083901796|-0.2009684536895495|-1.0469645977372237|-0.2749429460630012|1.0|0.0|0.0|0.0|0.0|1.0|0.0|0.0|0.0|0.0|1.0|0.0|0.0|0.0|1.0|0
-0.3509073756750262||||-0.3593945637550779|0.640259569239721|0.6377658009421822||||||-0.26941557267392097|-0.40960867029959597||0.0|1.0|0.0|0.0|0.0|0.0|1.0|1.0|0.0|0.0|0.0|0.0|0.0|1.0|0.0|0
||-1.625125391354427|-0.2797874675796999|-0.3518644950776919||-0.3432494159204321|-1.4084378939638436||0.591652980922471|||-0.25572614887704664|||1.0|0.0|0.0|0.0|0.0|1.0|0.0|0.0|0.0|0.0|1.0|0.0|0.0|1.0|0.0|0
-0.3380965483937825|||-0.2862500998653251|-0.3628778608303313|0.34432747750161075|1.7417062822048566|-0.3644564790843942|-0.31689401287333163|-0.33566917770133675|-0.3348366061930037||-0.24203672508017238|||0.0|1.0|0.0|0.0|0.0|1.0|0.0|0.0|0.0|0.0|1.0|1.0|0.0|0.0|0.0|0
-0.2837609706147143|-0.462391138044792|0.27054743545382004|-1.362924638650487|1.114795667192688|2.32760008582752||-0.3677120430538444|0.7258664581160462||-0.3519394293422016|-0.3498742335220213|-1.9942829710800818|-0.3880336637002627||0.0|1.0|0.0|0.0|0.0|0.0|1.0|1.0|0.0|0.0|0.0|0.0|0.0|0.0|1.0|0
|-0.462391138044792|-1.52452415315876|||-0.37358363256905935|-0.34682976342723||-0.332187780828123||-0.3502291470272818|||||0.0|1.0|0.0|1.0|0.0|0.0|0.0|0.0|0.0|0.0|1.0|1.0|0.0|0.0|0.0|1
|||2.6869915936746516||-0.3851715083168596||-0.3566614667631756|||-0.3580350509261465||-0.25572614887704664|0.7257588744372911|-0.2749429460630012|0.0|1.0|0.0|0.0|0.0|1.0|0.0|1.0|0.0|0.0|0.0|0.0|0.0|1.0|0.0|0
-0.3146836571556474|-0.462391138044792||-0.29529778506520044|-0.37232886539480553||-0.33927125202399006|-0.3561800101198062||||-0.34460862791229535|-0.2146578774864238|1.670524290809368||0.0|1.0|0.0|1.0|0.0|0.0|0.0|1.0|0.0|0.0|0.0|0.0|0.0|0.0|1.0|0
-0.3014310772095332|||-0.28969683708432525|-0.364171290994304|||1.832797008719355||-0.3387551083456755||1.4120784128093613|-0.24203672508017238|-0.39215627642624995||0.0|1.0|1.0|0.0|0.0|0.0|0.0|0.0|0.0|0.0|1.0|0.0|0.0|1.0|0.0|0
-0.3129166464961655|2.446442001616073|-0.4032166551851186|-0.27030894022744956|0.5215466340635974|2.908912395692333|1.6223613653115945|-0.3618199307992762|0.6739068618593832|-1.3949148713706279||-0.35189946644883896||-0.38982012921485715|0.4991184186828339|1.0|0.0|0.0|1.0|0.0|0.0|0.0|1.0|0.0|0.0|0.0|0.0|0.0|0.0|1.0|0
-0.3151254098205179|-0.462391138044792||-0.2931435743033253||0.7481764584472976||-0.34804110019618084|||-0.3526410836252456|-0.3510893732781119|-0.9675761863145098|-0.3891330270938593|1.2731797834286689|0.0|1.0|0.0|1.0|0.0|0.0|0.0|0.0|0.0|0.0|1.0|0.0|0.0|1.0|0.0|0
|-0.462391138044792|||||-0.3472275798168742||-0.32642320675285547|-0.3402980736678449|-0.3444404991921687|-0.3676962832780169|2.4547797629040637|-0.40438669418001205||1.0|0.0|0.0|0.0|1.0|0.0|0.0|1.0|0.0|0.0|0.0|1.0|0.0|0.0|0.0|0
|-0.462391138044792|-0.4143336000928014||0.2238015715649173|1.4642649721669065|-0.3424537831411437|-0.3573034089543348|-0.3363837633182837|0.5627223811317948|-0.3544390727255459|-1.5447616603444532||||0.0|1.0|0.0|0.0|0.0|0.0|1.0|1.0|0.0|0.0|0.0|1.0|0.0|0.0|0.0|0
|||2.1053546879683815|-0.372956371117921||0.6576566204243925||||||-0.24203672508017238|||0.0|1.0|0.0|0.0|0.0|0.0|1.0|0.0|0.0|0.0|1.0|0.0|1.0|0.0|0.0|0
-0.34207232237761676|-0.462391138044792|-0.9061821991985253|-0.28237252049395|-0.3826763067065876|-0.3830419483698301|2.000286935473591|||-1.0863218069367484|||-0.2009684536895495||-0.2749429460630012|0.0|1.0|0.0|0.0|0.0|1.0|0.0|0.0|0.0|0.0|1.0|0.0|0.0|0.0|1.0|0
|||-0.28064915188444994|-0.34964901568791684|-0.3980447941227767|-1.4408248349487989|-0.36972957565463044||0.8038107127207631|-0.35417595236940436|-0.336102649619661||||0.0|1.0|0.0|0.0|0.0|0.0|1.0|0.0|0.0|1.0|0.0|0.0|0.0|1.0|0.0|0
-0.3447228383668396||-0.41392713044352597|-0.2884043106272002|||0.7770015373176546|1.8981375531766291|||-0.3526849370179359|||||0.0|1.0|0.0|0.0|0.0|0.0|1.0|0.0|0.0|0.0|1.0|1.0|0.0|0.0|0.0|0
-0.29745530322569896||-0.3923435920670011|-0.2862500998653251|0.8125684209574686|-0.3915026324837041|-0.3356909045171922|||||-0.3721517957170158|-0.22834730128329808|0.4131274093832585|-1.0490043108088363|1.0|0.0|0.0|0.0|0.0|0.0|1.0|1.0|0.0|0.0|0.0|0.0|0.0|1.0|0.0|1
|-0.462391138044792|-0.4062651775546843||1.2825574013317291||-0.3460341306479416||0.7361603403933097|-0.34917012427031896|-0.35150089541529905|-0.3474439540098401|||1.2731797834286689|0.0|1.0|0.0|0.0|0.0|0.0|1.0|1.0|0.0|0.0|0.0|0.0|0.0|0.0|1.0|0
1.4284723584232408|-0.462391138044792|0.8904136505988377||-0.3458327563922348|-0.3821786132561694||||||-1.2004720627854475|-0.2009684536895495|-0.39545436660703975|-0.2749429460630012|0.0|1.0|0.0|0.0|0.0|1.0|0.0|1.0|0.0|0.0|0.0|1.0|0.0|0.0|0.0|1
-0.2996640665500513|-0.462391138044792|||||-1.5203881128776404|||1.4499274413791983|0.43027353607380525|1.553844717686599||-0.389545288366458|2.047241148174504|0.0|1.0|0.0|0.0|0.0|1.0|0.0|0.0|0.0|0.0|1.0|1.0|0.0|0.0|0.0|1
0.7768871777392925|||3.290170606999672|-0.37011338600503035|0.39612758432124756|1.2842174341140185|||0.697731846821617|||||-1.0490043108088363|0.0|1.0|0.0|0.0|0.0|1.0|0.0|0.0|0.0|0.0|1.0|0.0|0.0|0.0|1.0|1
-0.3045233458636265||||-0.3500203966260872|1.7453285147253061|0.4090213768967632|||-0.34531271096489546|-0.3466331688266812|||-0.3736045191593073|0.4991184186828339|1.0|0.0|0.0|0.0|0.0|0.0|1.0|0.0|0.0|0.0|1.0|0.0|0.0|0.0|1.0|1
||||-0.34626816852664144||-0.3368843536861248|-1.2370622554311683|||-0.33838873100091404|||-0.3854226756404708|-0.2749429460630012|1.0|0.0|0.0|0.0|1.0|0.0|0.0|0.0|0.0|0.0|1.0|0.0|0.0|1.0|0.0|1
-0.31689242047999977|-0.462391138044792|-0.392526503409175|1.8683915041621237||-0.38791499545582553||-0.35945850059608353|0.7871395669092809||-0.3494397859588573|-0.3417733018147506|2.4547797629040637||0.4991184186828339|1.0|0.0|0.0|1.0|0.0|0.0|0.0|0.0|0.0|0.0|1.0|0.0|0.0|0.0|1.0|0
|-0.462391138044792|||-0.3876323212952753||-0.3432494159204321|-0.3584726608025176|-0.33491320870724606||-0.35294805737407736||-0.2146578774864238|||0.0|1.0|0.0|0.0|0.0|1.0|0.0|0.0|0.0|0.0|1.0|1.0|0.0|0.0|0.0|0
-0.30849911984746076|1.2829087457517268|-0.40591967835280013|0.9851650917933433|-1.2546787495306788||||-0.3469129343333131|2.742160898696068|-1.179145975658406||-1.3098117812363672|||0.0|1.0|0.0|0.0|0.0|0.0|1.0|0.0|0.0|0.0|1.0|0.0|0.0|0.0|1.0|1
-0.31070788317181314|-0.462391138044792|-0.425287957140774|-0.28107999403682493|0.2631807572502266|-0.40585318059521824|3.1141728264773705|-0.3776621470168118|-0.3393248725403589||||-1.3098117812363672|-0.37429162128030524|2.821302512920339|0.0|1.0|0.0|0.0|0.0|0.0|1.0|1.0|0.0|0.0|0.0|1.0|0.0|0.0|0.0|1
|-0.462391138044792|-0.3878927494074352||-1.737153813171013||-1.391097786243273|0.59361931471386||||-0.3470389074244765||||0.0|1.0|1.0|0.0|0.0|0.0|0.0|0.0|0.0|0.0|1.0|0.0|0.0|1.0|0.0|0
|-0.462391138044792||-0.2858192577129501||-0.3976227191783205|-1.4209340154665886|-0.3693168985317424||-0.3464699349565225||||||0.0|1.0|0.0|0.0|0.0|1.0|0.0|0.0|0.0|0.0|1.0|0.0|0.0|1.0|0.0|0
|||-0.2892659949319502|2.1104807686667684|-0.39140670635996405||-0.362989182647459|-0.3250899039055147|-0.3487843829397766|-1.7284097191037995||-0.22834730128329808|-0.39696599127323506|1.2731797834286689|0.0|1.0|0.0|0.0|0.0|0.0|1.0|1.0|0.0|0.0|0.0|0.0|0.0|0.0|1.0|0
-0.3248439684476683||-0.39151032928598645|-0.28366504695107503||1.6052763740648068|-0.33887343563434585|-0.3544375956009456|||-1.670303973789217||1.770308573060349||-1.0490043108088363|1.0|0.0|0.0|0.0|0.0|1.0|0.0|0.0|0.0|0.0|1.0|0.0|0.0|0.0|1.0|0
|-0.462391138044792|||||-0.35239919288224886|||1.6427981066503727|-0.34987831988575985|-0.3389379757172058|-0.2009684536895495|1.9316230967885604||0.0|1.0|0.0|0.0|1.0|0.0|0.0|0.0|0.0|0.0|1.0|1.0|0.0|0.0|0.0|0
-0.2987805612203104|-0.462391138044792||-0.2866809420177001|-0.3673472383276233||||-0.35026579884647896||-0.36842830499373597|0.43996660793687437|-0.25572614887704664|-0.3947672644860418|-0.2749429460630012|0.0|1.0|1.0|0.0|0.0|0.0|0.0|0.0|0.0|0.0|1.0|1.0|0.0|0.0|0.0|0
-1.5423143128306933|||-0.2892659949319502|-0.3549764112147749||-0.3575708059476236||-0.3576185719016671|0.4952176482868837||-0.3458237676683859|1.0858373832166341|1.6155561211295382|0.4991184186828339|1.0|0.0|0.0|0.0|0.0|1.0|0.0|0.0|0.0|1.0|0.0|0.0|1.0|0.0|0.0|0
0.2578277965164862|-0.462391138044792|-0.40984211046830793|-0.28107999403682493|2.5836713088528427|||-0.3633330802498657|-1.2716368885434037|-0.35457050289791187|-0.36040313413142|2.505704193290909|-0.22834730128329808||-0.2749429460630012|0.0|1.0|0.0|0.0|0.0|0.0|1.0|0.0|0.0|0.0|1.0|1.0|0.0|0.0|0.0|0
-0.29038726058777137||||-0.8800962515484684|-0.37018784778866093||-0.3414382662299721|-0.3445796543504668||0.4456222235153931||-0.1462107585020523|-0.38610977776146865|-0.2749429460630012|0.0|1.0|0.0|0.0|0.0|0.0|1.0|1.0|0.0|0.0|0.0|1.0|0.0|0.0|0.0|0
-0.31556716248538835||0.9396980955734829|-0.2944361007604504|-1.878342600872|1.2263681852915376|2.2588675887423255|0.44230436965490944|2.939541332598028|||0.6526160652527309|-0.2146578774864238|||0.0|1.0|0.0|0.0|0.0|1.0|0.0|0.0|0.0|1.0|0.0|0.0|0.0|0.0|1.0|0
|-0.462391138044792||-0.2884043106272002||-0.38724351258964507||-0.3587707053912701|||-0.35154474880798936||||-0.2749429460630012|1.0|0.0|1.0|0.0|0.0|0.0|0.0|1.0|0.0|0.0|0.0|0.0|0.0|0.0|1.0|0
|-0.462391138044792||0.8128282308433374|-0.391384549394721|||-0.35276396060256626|-0.3560107655269326|||-0.34420358132693174||-0.38281168758067885|0.4991184186828339|0.0|1.0|1.0|0.0|0.0|0.0|0.0|0.0|0.0|0.0|1.0|0.0|0.0|1.0|0.0|0
||-0.4041108884135245||0.4975349354749941|2.2019368637280308||-0.34233239999622955|||-1.4323993184446053|0.4905974311073164||-0.39284337854724777||0.0|1.0|0.0|0.0|0.0|0.0|1.0|1.0|0.0|0.0|0.0|0.0|0.0|0.0|1.0|1
2.952519052226374|-0.462391138044792|0.3117024874429565|0.8559124460808389|-1.2056948844099282||0.5780933424955511|-0.3583121752547278|0.2837197050640649|-0.3561134682200812|0.9367802216462042|1.2703121079321236|-0.24203672508017238|1.0967940197761432||0.0|1.0|1.0|0.0|0.0|0.0|0.0|1.0|0.0|0.0|0.0|1.0|0.0|0.0|0.0|0
|-0.462391138044792|||||||||-0.35123777505915754||2.112544167982206|0.62269355628761|-1.0490043108088363|0.0|1.0|0.0|1.0|0.0|0.0|0.0|1.0|0.0|0.0|0.0|1.0|0.0|0.0|0.0|0
||||||-0.35279700927189306|||-0.3449269696343531|-0.35277264380331635|-0.3365076962050246||-0.37580324594650055||1.0|0.0|0.0|0.0|0.0|1.0|0.0|1.0|0.0|0.0|0.0|0.0|0.0|0.0|1.0|0
0.9867196935527673||1.6403501535119904|-0.2892659949319502|-0.35821638974433045|0.24600320066804088|-0.33847561924470165|-0.368445691272312||-0.342612521651099||||0.3719012821233859||0.0|1.0|0.0|0.0|0.0|0.0|1.0|1.0|0.0|0.0|0.0|0.0|1.0|0.0|0.0|0
-0.3138001518259065|-0.462391138044792|0.46870138947558804|-0.26729304516082447|-0.3639023599701117|1.9458141133420488|2.059959393920222|-0.34751379053915726|-0.327070250781712|-0.34184103899001433||-0.35149441986347546|0.40136619337291946|-0.389545288366458|-1.0490043108088363|0.0|1.0|0.0|0.0|0.0|0.0|1.0|1.0|0.0|0.0|0.0|1.0|0.0|0.0|0.0|0
-0.33765479572891205|||||-0.37613526746054515|||1.0405651448780993|-0.3487843829397766|-0.3392657988547191|-0.3356976030342975|-0.2146578774864238|-0.3749787234013031||0.0|1.0|0.0|1.0|0.0|0.0|0.0|0.0|0.0|1.0|0.0|0.0|0.0|1.0|0.0|0
-0.32572747377740924|||-0.2858192577129501||||-1.5471432602678812||1.5849369070690202|||-0.22834730128329808|||0.0|1.0|0.0|0.0|0.0|1.0|0.0|0.0|0.0|1.0|0.0|0.0|1.0|0.0|0.0|0
-0.3009893245446627|-0.462391138044792||-1.30906936960361||-0.38958411000890275|1.6820338237582255|0.4669503644940567||-0.3368264016929638|-1.467482032596806||-1.3098117812363672|-0.4032873307864155||0.0|1.0|0.0|0.0|0.0|0.0|1.0|0.0|0.0|0.0|1.0|0.0|0.0|0.0|1.0|0
-0.3297032477612435|-0.462391138044792|-0.4075658804323656||-0.37043354198621176||0.5084754743078149|0.9054198075626061|-0.34832466675990925|-1.356340738316393||3.2145357176770974|-0.22834730128329808|0.399385366963301|-1.0490043108088363|0.0|1.0|0.0|0.0|0.0|0.0|1.0|1.0|0.0|0.0|0.0|0.0|0.0|0.0|1.0|0
-0.3252857211125388|-0.462391138044792|-0.4075252334674381|0.8128282308433374|||-1.0330630355634869||-0.3380896066670873||||||0.4991184186828339|0.0|1.0|0.0|0.0|0.0|1.0|0.0|0.0|0.0|0.0|1.0|0.0|0.0|1.0|0.0|0
-0.34428108570196914|||1.1575019527433492|-0.3611362122927046|-0.39877383266320127|1.8610511990981187|-0.3704861503799252||||-0.3381278825464787|-0.26941557267392097|-0.37731487061269586||1.0|0.0|0.0|1.0|0.0|0.0|0.0|0.0|0.0|0.0|1.0|0.0|0.0|0.0|1.0|0
-0.2895037552580304||||-0.3551685048034838|0.6575262715129333|-0.3492166617650952|-0.944749293385469|0.6273392991765249||-0.3558862346843242||-0.22834730128329808||-0.2749429460630012|0.0|1.0|0.0|0.0|0.0|0.0|1.0|0.0|0.0|0.0|1.0|0.0|1.0|0.0|0.0|0
-0.3001058192149218|-0.462391138044792|-0.41791053300642506|-0.2879734684748252|-0.3815109389350874|0.5155556083776324|-0.3539904584408257|-0.35750974751577885||||-0.3903788920583749||-0.42513717823414787||0.0|1.0|0.0|0.0|0.0|0.0|1.0|0.0|0.0|0.0|1.0|1.0|0.0|0.0|0.0|0
||||-0.3747236321340422|-0.4009993187339708|0.5482571132722356||0.5944969128633512||-0.35720183646503173|1.7968726689047207|1.4280729781384915|-0.38501041436787203|-1.0490043108088363|0.0|1.0|0.0|0.0|0.0|1.0|0.0|1.0|0.0|0.0|0.0|0.0|0.0|1.0|0.0|0
1.406384725179717|2.6957705564441468||-0.29917536443657555||-0.38567032416030794|-0.3595598878958446|3.453701041396293|||-0.3550091668305192|||||0.0|1.0|0.0|0.0|0.0|1.0|0.0|1.0|0.0|0.0|0.0|0.0|0.0|0.0|1.0|0
||-0.4202680569722225|-0.2802183097320749|-0.38404657430604383||0.5184208840489201|-0.3514800762202479|-0.3232075940033865||-0.3411953481330901|2.768984473777208|||-1.0490043108088363|1.0|0.0|0.0|0.0|0.0|1.0|0.0|1.0|0.0|0.0|0.0|1.0|0.0|0.0|0.0|0
-0.31424190449077694||-0.4090291711697571||-0.37200870941362413||-0.3492166617650952|||||-0.34420358132693174||-1.4832744445708739||0.0|1.0|0.0|0.0|0.0|1.0|0.0|0.0|0.0|1.0|0.0|0.0|0.0|1.0|0.0|0
-0.3283779897666321|2.114003928511974||-0.28409588910345007|-0.3604190628948583|-0.38979514748113087|1.2842174341140185||||||||-1.0490043108088363|0.0|1.0|0.0|0.0|0.0|0.0|1.0|0.0|0.0|0.0|1.0|0.0|0.0|1.0|0.0|0
-0.31114963583668365|-0.462391138044792|-0.40366377179932156|-0.2858192577129501|-0.3662587079916066|0.31746816285439167|||-0.3228546608967375||0.991596962509018|||-0.3609618401329464||0.0|1.0|0.0|1.0|0.0|0.0|0.0|0.0|0.0|1.0|0.0|0.0|0.0|1.0|0.0|0
-2.3374691095975453|-0.462391138044792|-0.3900673620310587||2.150180110333259|-0.3920590040013965|-0.3492166617650952|-1.1957945431423638|||-0.35860514503111973|||-0.40246280824121805||1.0|0.0|0.0|0.0|0.0|0.0|1.0|0.0|0.0|1.0|0.0|0.0|0.0|0.0|1.0|0
-0.33544603240455967||2.6961550675048973||-0.3691785305399808||-0.35279700927189306|0.5626685304972564||||-0.3494691869366578|-0.1599001822989266|||0.0|1.0|0.0|0.0|0.0|1.0|0.0|0.0|0.0|0.0|1.0|0.0|0.0|0.0|1.0|0
-0.3045233458636265||-0.4086227015204817|-1.395237800078613|||1.423453170489491|-0.3625535790177438|0.7082198027835946|-0.3526417962452001|-0.3526410836252456|||-0.382124585459681||1.0|0.0|0.0|0.0|0.0|0.0|1.0|0.0|0.0|0.0|1.0|0.0|0.0|0.0|1.0|0
2.3340653214077114|2.861989592996196||-0.2944361007604504|-0.35562952941638487|1.9717141667518672||2.0368429194806668|||1.438901567949578||-0.22834730128329808|0.7532429592772061||0.0|1.0|0.0|0.0|0.0|0.0|1.0|0.0|1.0|0.0|0.0|0.0|0.0|0.0|1.0|0
-0.346048096361451||-0.4048222102997565|3.3332548222371736|-0.36750091319859035||-0.3539904584408257||-0.3405797458084444||1.487140299908854|-0.35594993230247435|-0.25572614887704664|||1.0|0.0|0.0|0.0|1.0|0.0|0.0|1.0|0.0|0.0|0.0|0.0|0.0|0.0|1.0|0
|||0.6404913698933316|||1.880942018580329|1.6023856151068625|-0.3442659360334454|-0.34376974564272605||-0.34825404718056713|-0.2009684536895495|-0.3865220390340674||1.0|0.0|0.0|0.0|0.0|0.0|1.0|0.0|0.0|0.0|1.0|1.0|0.0|0.0|0.0|0
|||-0.27590988820832474|-0.36374868509914465|-1.3665149394025047||-0.357349261967989|-0.3414228637854393|-0.33759788435404847|||-0.1462107585020523|-0.38734656157926484||1.0|0.0|1.0|0.0|0.0|0.0|0.0|0.0|0.0|1.0|0.0|1.0|0.0|0.0|0.0|0
||-0.4076674978446844|-0.28711178417007516|-1.2076158202970164||1.5825797263471737|||1.1606214434724362|-0.36439379286623286|-0.35473479254638374|-0.2146578774864238|||0.0|1.0|0.0|0.0|0.0|0.0|1.0|1.0|0.0|0.0|0.0|1.0|0.0|0.0|0.0|0
|||-1.513719391981742|||-0.3575708059476236||-0.9152724878019508|||-0.3235462054733914|-0.22834730128329808|||0.0|1.0|0.0|1.0|0.0|0.0|0.0|0.0|0.0|1.0|0.0|0.0|0.0|0.0|1.0|0
-0.30761561451771985||-0.38807566074960914|-0.2685855716179495|-0.349559372013186|-0.3617271636747869|-1.271752869350011||1.2572268575709773|2.819309164804538|-0.3634290182270473||||-1.0490043108088363|0.0|1.0|0.0|1.0|0.0|0.0|0.0|0.0|0.0|0.0|1.0|0.0|0.0|0.0|1.0|0
-0.32042644179896357||-0.40209886364961117|-0.28754262632245015|-0.36458109065021616|||-0.34453334465163243||-1.1152524067274245|1.0244870070267063|||-0.40438669418001205||0.0|1.0|0.0|0.0|0.0|0.0|1.0|1.0|0.0|0.0|0.0|0.0|0.0|0.0|1.0|0
1.5389105246408592|-0.462391138044792|-1.2023969561079886||-1.2220228394501784|-1.0005567773341448|-0.348818845375451||-0.32485461516774866||-0.3428617770553196|||-0.3917440151536512||0.0|1.0|0.0|0.0|1.0|0.0|0.0|0.0|0.0|1.0|0.0|0.0|0.0|0.0|1.0|0
0.5007917621952466|||-0.2974519958270755|||0.7372198983532339|-0.3380451432195593|1.697412871141575||1.6932512455530337|0.9462748396412946|-0.25572614887704664||-1.0490043108088363|0.0|1.0|0.0|0.0|0.0|1.0|0.0|1.0|0.0|0.0|0.0|0.0|1.0|0.0|0.0|0
|-0.462391138044792|0.3929964172980408|||-0.3959919750747393||-0.3676661900401902|-0.3283447314446113|-1.173113606308777|-0.3463700484705397|-0.33934302230256935|-0.2146578774864238|-0.3784142340062925|-0.2749429460630012|0.0|1.0|0.0|0.0|0.0|0.0|1.0|1.0|0.0|0.0|0.0|0.0|0.0|1.0|0.0|0
-1.2993503471519328||-0.3895795984519282|-0.2888351527795752|-0.35117295815834015|||-1.358572741614871||1.1220473104182014||||||0.0|1.0|0.0|1.0|0.0|0.0|0.0|0.0|0.0|1.0|0.0|0.0|0.0|0.0|1.0|1
|-0.462391138044792|-0.8558815801006918|-0.2957286272175754||-0.39148344725895606||-0.36308088867476745||||-0.3612155379122003|-1.6520473761582246|-0.3984776159394304|-0.2749429460630012|0.0|1.0|0.0|0.0|0.0|0.0|1.0|1.0|0.0|0.0|0.0|0.0|0.0|1.0|0.0|0
-0.30408159319875605|-0.462391138044792|-0.39382720628685636|||-0.3940734525999379||-1.1442099027813581|-0.3335210836754638||-0.35154474880798936|-0.3389379757172058||1.9316230967885604||0.0|1.0|0.0|1.0|0.0|0.0|0.0|0.0|0.0|0.0|1.0|0.0|0.0|0.0|1.0|0
||||3.5159655260530105|1.48345019691492|||-1.442221223423769|-0.35534198555899654|-0.35351815147905064|||-0.3791013361272903|-0.2749429460630012|0.0|1.0|0.0|1.0|0.0|0.0|0.0|0.0|0.0|1.0|0.0|0.0|0.0|0.0|1.0|0
|-0.462391138044792|||-0.3714580411259922|0.40667945793265503||-0.36193456333341173|-0.33114858890298976|-0.34569845229543783|-0.34917666560271576||-0.2009684536895495|||1.0|0.0|0.0|1.0|0.0|0.0|0.0|1.0|0.0|0.0|0.0|1.0|0.0|0.0|0.0|0
-0.32749448443689116||1.5763311837511116|||||||-0.3541847615673695||-0.34460862791229535||||1.0|0.0|0.0|0.0|0.0|0.0|1.0|0.0|0.0|1.0|0.0|0.0|0.0|1.0|0.0|0
-0.320868194463834|1.9477848919599245|-0.4000055449558428||-0.36233999878194656|-0.3814112042662489|-0.34165815036185526||2.604254881281448||0.353530098865866||-0.2146578774864238|||0.0|1.0|0.0|0.0|0.0|1.0|0.0|1.0|0.0|0.0|0.0|0.0|1.0|0.0|0.0|0
||||-0.3727898900077067||||-1.298106871542081|-0.333740471048625|3.309248766188782|||0.6536131517325144||0.0|1.0|0.0|0.0|0.0|0.0|1.0|0.0|0.0|0.0|1.0|0.0|0.0|0.0|1.0|0
-0.31424190449077694||-0.3820599099403329|-0.2776332568178248|-0.3431178336718167|0.9126897606615146|-1.4109886057254835|||-1.250261872417247||0.7133730530572613||-0.3847355735194729|-0.2749429460630012|0.0|1.0|0.0|0.0|0.0|0.0|1.0|0.0|1.0|0.0|0.0|0.0|0.0|1.0|0.0|1
-0.31556716248538835|||-0.2892659949319502|-0.37546639401038295|-0.39647160569343964|0.6874928496477081|-0.3681476466835596|-1.202520821824635||||-0.9675761863145098||1.2731797834286689|0.0|1.0|0.0|0.0|0.0|0.0|1.0|1.0|0.0|0.0|0.0|0.0|0.0|1.0|0.0|0
-0.32396046311792737|-0.462391138044792||-0.28495757340820005||||-0.36294332963380477|-0.34295224058091844|-0.3572706922117083||-0.3555448857171108|2.4547797629040637|||0.0|1.0|0.0|1.0|0.0|0.0|0.0|1.0|0.0|0.0|0.0|0.0|0.0|0.0|1.0|0
-1.0563863814731724|||-1.2552141005567332||-0.38553602758707184|-0.35120574371331625|-0.35702829087240945|-0.3445404395608391||-0.36263965715862284||-0.2146578774864238|||0.0|1.0|0.0|0.0|1.0|0.0|0.0|0.0|0.0|0.0|1.0|0.0|1.0|0.0|0.0|0
3.0629572184439926|-0.462391138044792|-1.2659078388072733||1.3715607641001517|1.532372520022355|-0.3460341306479416|-0.355927818544708|-0.34685411214887163|-0.3402980736678449|-1.180242310475662|-0.32921685766848097||2.3782394754371783|0.4991184186828339|0.0|1.0|1.0|0.0|0.0|0.0|0.0|0.0|0.0|1.0|0.0|0.0|0.0|0.0|1.0|0
-0.3244022157827978|1.9477848919599245|0.3945206784828238||||1.8411603796159082|-0.3693627515453966|-0.3624812058154982|-0.34569845229543783|-0.3807072549470063||-0.25572614887704664|-0.3924311172746491|0.4991184186828339|0.0|1.0|0.0|1.0|0.0|0.0|0.0|0.0|0.0|1.0|0.0|0.0|1.0|0.0|0.0|0
|-0.462391138044792|0.5250990533125528||-0.3614819807523805|-0.3842506175289549||-0.3557214799832639|-0.33456027560059703||-0.35259723023255535|||0.8185176607720042|-0.2749429460630012|0.0|1.0|0.0|0.0|0.0|0.0|1.0|1.0|0.0|0.0|0.0|0.0|0.0|1.0|0.0|0
2.1794518887030456|1.6984563371318504|-0.40618388362482916|-0.2815108361892|1.2863992731059055|||||-0.34376974564272605|0.8940231637732095|0.5209759250095816|||-1.0490043108088363|1.0|0.0|0.0|0.0|0.0|0.0|1.0|0.0|0.0|0.0|1.0|0.0|0.0|0.0|1.0|0
-1.4539637798565985|||||-2.1065849840571307|-1.4010431959843783|-0.3272696850108159||1.4113533083249632|2.822476107326996||-0.24203672508017238|-1.4729679127559057|-1.0490043108088363|0.0|1.0|0.0|0.0|0.0|0.0|1.0|0.0|1.0|0.0|0.0|0.0|0.0|0.0|1.0|1
-0.30717386185284934||2.144372518613513||-1.785817522310582|0.4407332318603792||-0.36053604641695786||||-0.35513983913174724|1.0858373832166341|||0.0|1.0|0.0|0.0|0.0|1.0|0.0|0.0|0.0|0.0|1.0|0.0|0.0|0.0|1.0|0
2.02483845599838||-0.4149636280491783|||||-0.355125390805759|-0.34855995549767527||-0.36671802267881615|-0.34460862791229535|-1.6520473761582246||0.4991184186828339|0.0|1.0|0.0|0.0|1.0|0.0|0.0|1.0|0.0|0.0|0.0|0.0|0.0|0.0|1.0|0
-0.31424190449077694|-0.462391138044792||-1.1151904010348535||-0.37227903728619444|||||-0.3738222722946368||-0.2146578774864238||1.2731797834286689|0.0|1.0|0.0|0.0|0.0|1.0|0.0|1.0|0.0|0.0|0.0|0.0|0.0|0.0|1.0|0
|-0.462391138044792||0.7697440156058359|-1.1490272757408246|-0.38311868926882214|||-0.34050131622918905||-0.35860514503111973||1.0858373832166341|||0.0|1.0|0.0|0.0|0.0|1.0|0.0|0.0|0.0|0.0|1.0|0.0|0.0|0.0|1.0|0
||-0.39740413920048007|2.1053546879683815|0.6771424409177461||||||2.8158980984234585|-0.3494691869366578|0.7436017882947767|-0.38762140242766396|-1.0490043108088363|0.0|1.0|0.0|0.0|0.0|0.0|1.0|1.0|0.0|0.0|0.0|0.0|0.0|0.0|1.0|0
0.10321436381182048||-0.41075666717917764|-0.2884043106272002|-0.37385280786522884||-0.3464319470375858|-0.3557902595037453|2.655234107797419|-0.3522560549146578|2.6558332151040425|-0.3381278825464787||||0.0|1.0|0.0|0.0|0.0|0.0|1.0|0.0|0.0|0.0|1.0|0.0|1.0|0.0|0.0|0
||-0.3930955609181606|-0.2862500998653251|0.7923985941430418|-0.38319543016781416|||-0.33044272268969166||-1.5935605365812777|||-1.7065826338951828||0.0|1.0|0.0|0.0|0.0|0.0|1.0|1.0|0.0|0.0|0.0|0.0|0.0|0.0|1.0|0
-0.33544603240455967|||-0.28754262632245015|3.289295091376596||-1.50049729339543|||-0.350327348261946|-0.34005515992314356||-0.22834730128329808||-1.0490043108088363|0.0|1.0|0.0|0.0|0.0|0.0|1.0|0.0|0.0|1.0|0.0|0.0|0.0|0.0|1.0|0
|-0.462391138044792||||-0.3671757675032228||-0.338389040821966|||-0.3358452342248795|-0.33934302230256935||||1.0|0.0|0.0|0.0|0.0|1.0|0.0|0.0|0.0|0.0|1.0|0.0|0.0|0.0|1.0|0
-1.2772627139084092|||-0.2905585213890753|-0.38206160722271937|-0.39134915068571996||1.240146807238466|||-0.3567633025381292||-0.25572614887704664|-0.3836362101258763||0.0|1.0|0.0|1.0|0.0|0.0|0.0|0.0|0.0|1.0|0.0|0.0|0.0|0.0|1.0|0
|-0.462391138044792||||-0.37431267110948385|||-1.701529019836738|-0.3410695563289296||-0.36202563108292735|0.40136619337291946|0.2241743261088431||0.0|1.0|0.0|1.0|0.0|0.0|0.0|0.0|0.0|0.0|1.0|0.0|0.0|0.0|1.0|0
-0.3186594311394817|-0.462391138044792|0.5510114934538609||-1.4618196693550292|1.8095990176311518||-0.350287897865238||-0.3468556762870649|||2.4547797629040637|0.9902931910214728|1.2731797834286689|1.0|0.0|0.0|1.0|0.0|0.0|0.0|0.0|0.0|0.0|1.0|1.0|0.0|0.0|0.0|0
-0.2793434439660095|-0.462391138044792|-0.38968121586424703||-0.3512754080723182|||-0.3396729252042843|-0.34038367186030605|3.2436246284011228|-0.358473584853049|-0.3344824632782069|-0.22834730128329808|-0.3738793600077065|-0.2749429460630012|0.0|1.0|0.0|0.0|0.0|1.0|0.0|1.0|0.0|0.0|0.0|0.0|0.0|1.0|0.0|1
-0.3279362371017616|-0.462391138044792||1.7175967508308683|-0.36853821857761804|-0.3826774290996178||-1.4336570514736684|-0.3230507348448758|||||-0.39696599127323506||0.0|1.0|1.0|0.0|0.0|0.0|0.0|1.0|0.0|0.0|0.0|1.0|0.0|0.0|0.0|0
-0.3310285057558549|-0.462391138044792|-0.4011843069387415|-0.27504820390357476|-0.3635950102281776|-0.3903323337740752|-0.35239919288224886||-1.7152541962064225|1.4885015744334331|||-0.22834730128329808|1.594943057499602||1.0|0.0|0.0|1.0|0.0|0.0|0.0|0.0|0.0|0.0|1.0|1.0|0.0|0.0|0.0|0
|-0.462391138044792|-0.40760652739729314||-0.37048476694320076|-0.39251944939534883|-0.34165815036185526|||-0.342612521651099||-0.3458237676683859||-0.3843233122468742||0.0|1.0|0.0|1.0|0.0|0.0|0.0|0.0|0.0|0.0|1.0|0.0|0.0|0.0|1.0|0
-0.32926149509637304|2.7788800747201714||-0.28452673125582506|-0.36286505459108404||||-0.3442267212438177|-0.3402980736678449|-1.247118734328295||-0.2009684536895495|||0.0|1.0|0.0|0.0|0.0|1.0|0.0|0.0|0.0|1.0|0.0|0.0|1.0|0.0|0.0|0
-0.29480478723647613|-0.462391138044792||1.5668019974996132||||1.244732108603889||||0.8450131933004106|-0.2009684536895495|||0.0|1.0|0.0|1.0|0.0|0.0|0.0|0.0|0.0|1.0|0.0|1.0|0.0|0.0|0.0|1
|||-0.28495757340820005|-0.353977524553489||-0.3472275798168742|-0.35824339573424646|-0.3460502089615044|-0.34376974564272605|2.822476107326996||-0.25572614887704664|-0.389545288366458|-1.0490043108088363|0.0|1.0|0.0|0.0|0.0|1.0|0.0|0.0|0.0|1.0|0.0|0.0|0.0|1.0|0.0|0
-0.2996640665500513||||-0.3984920121769476|0.2522383987111453|-1.4706610641721145|||-0.33952659100676025||2.809489132313561||-0.3958666278796385|-1.0490043108088363|0.0|1.0|0.0|0.0|1.0|0.0|0.0|1.0|0.0|0.0|0.0|0.0|0.0|0.0|1.0|0
-0.30894087251233127||||0.6031864092648483|-1.615922861126682|||-0.35193242740565495||-0.37009473391596553||-0.1735896060958009|0.46466006845809904|-0.2749429460630012|0.0|1.0|0.0|0.0|0.0|0.0|1.0|0.0|0.0|1.0|0.0|0.0|0.0|1.0|0.0|0
-0.3031980878690151|-0.462391138044792|||0.5567637919935488|||-0.3564780547085587|||||1.4280729781384915|-0.38322394885327754||0.0|1.0|0.0|0.0|0.0|1.0|0.0|0.0|0.0|1.0|0.0|1.0|0.0|0.0|0.0|0
|-0.462391138044792||-0.27935662542732487||-0.3912340393372319||0.42510948953457417|-0.34473651350897744|-0.3352834363707944|-0.3628589241220741||-0.25572614887704664||0.4991184186828339|0.0|1.0|0.0|1.0|0.0|0.0|0.0|1.0|0.0|0.0|0.0|1.0|0.0|0.0|0.0|0
||1.8456173263960782|-0.27677157251307477||||||1.9706782376113696||1.5943493762229528|1.770308573060349|-0.3887207658212606|-1.0490043108088363|0.0|1.0|0.0|0.0|0.0|1.0|0.0|0.0|0.0|1.0|0.0|0.0|0.0|1.0|0.0|0
-0.29480478723647613|||-0.27935662542732487|||2.8754829926908463|-0.3570053643655823|-0.3556578324202836|-0.350327348261946|||-0.22834730128329808|1.16893974248092||0.0|1.0|0.0|0.0|0.0|1.0|0.0|1.0|0.0|0.0|0.0|0.0|0.0|0.0|1.0|0
-0.6808966163332699|||||-0.39132996546097193||1.2412931325798218|-0.35203046437972413||-0.37018244070134604|-0.3389379757172058|-0.1872790298926752|-0.37800197273369374||1.0|0.0|1.0|0.0|0.0|0.0|0.0|1.0|0.0|0.0|0.0|0.0|0.0|0.0|1.0|0
-0.30275633520414463|||0.46815450894332566|2.0112324145005416|-0.9780141382552288|-0.35080792732367205|-0.959078360152415|-0.3406777827825136|-1.4817066707426565|-0.35878055860188074|||-1.8921002065646089|-0.2749429460630012|0.0|1.0|0.0|0.0|0.0|0.0|1.0|0.0|0.0|0.0|1.0|0.0|0.0|1.0|0.0|0
|-0.462391138044792|-0.4128296623904823||-0.376068287255004||||||-0.35733339664310243|-0.357975165229292|-1.3098117812363672|-0.39545436660703975||0.0|1.0|0.0|0.0|1.0|0.0|0.0|0.0|0.0|0.0|1.0|1.0|0.0|0.0|0.0|0
-0.32351871045305686|-0.462391138044792|-0.3916119466983053|||||-0.3563634221744232|-0.3525010418552561|||-0.33691274279038813||-0.3762155072190993||0.0|1.0|0.0|0.0|0.0|0.0|1.0|1.0|0.0|0.0|0.0|0.0|0.0|1.0|0.0|0
||-0.39972101620135|-1.0290219705598505|0.6150321805685592|2.2892296363314926|-0.3356909045171922||-0.33132505545631424|||-0.3498742335220213||-1.3527250415812777||0.0|1.0|0.0|0.0|0.0|0.0|1.0|0.0|0.0|1.0|0.0|1.0|0.0|0.0|0.0|0
-0.31114963583668365||-0.4030743908078722|0.888225607508965|||-0.335293088127548|-0.35801413066597526|0.5435176863473798|||||1.6499112271794318||0.0|1.0|0.0|0.0|0.0|1.0|0.0|0.0|0.0|0.0|1.0|1.0|0.0|0.0|0.0|0
1.5609981578843828|-0.462391138044792|||-0.3581523585480942||-0.3547860912201141|0.3890002412818701|-0.32201154291974254||-0.3399674531377631|-0.35189946644883896|-0.24203672508017238|-0.38982012921485715||1.0|0.0|0.0|0.0|0.0|1.0|0.0|1.0|0.0|0.0|0.0|0.0|0.0|1.0|0.0|0
-0.3288197424315026|-0.462391138044792|-0.40400927100120565||-0.366630088929777|-0.37830319785707067|-1.3513161472788524|0.7535316998329779||-0.33605491903187906|0.6396734861697537|||||0.0|1.0|0.0|0.0|0.0|1.0|0.0|0.0|0.0|0.0|1.0|0.0|0.0|1.0|0.0|0
-0.3314702584207254|-0.462391138044792|0.3447281464465845||2.949929751324337|-0.38540173101383574|2.0201777549558013|-0.35689073183144676||-0.34376974564272605||-0.35189946644883896|-0.24203672508017238|3.106567723694925||0.0|1.0|0.0|0.0|0.0|1.0|0.0|0.0|0.0|0.0|1.0|1.0|0.0|0.0|0.0|1
-1.078474014716696||-0.4055945026333798|-0.28409588910345007|1.3184148712240433|-0.36174634889953494|||||-0.35492146004513864|0.5108497603754932|-2.3365185660019394|0.399385366963301||0.0|1.0|0.0|0.0|0.0|0.0|1.0|1.0|0.0|0.0|0.0|0.0|1.0|0.0|0.0|0
1.273858925718575|-0.462391138044792|-0.3919574459001894||-0.3537213997685439||-0.33887343563434585|||0.5337917813411186|-0.3486504248904328||-0.25572614887704664|2.955405257075393||0.0|1.0|0.0|0.0|0.0|0.0|1.0|0.0|0.0|0.0|1.0|0.0|0.0|0.0|1.0|0
|-0.462391138044792|-1.2476167045898794|-0.2948669429128254||-0.3891236646149504||-0.36067360545792054|-0.34512866140525417||-0.36325360465628637|0.5918590774482004|1.0858373832166341|-0.3891330270938593||0.0|1.0|1.0|0.0|0.0|0.0|0.0|0.0|0.0|0.0|1.0|1.0|0.0|0.0|0.0|1
|-0.462391138044792|||||-0.35080792732367205||-0.34385418074235485|-0.3441554869732684|-0.36198185626826906|-1.5751401542467185|-0.26941557267392097|-0.38171232418708223|0.4991184186828339|0.0|1.0|0.0|0.0|1.0|0.0|0.0|0.0|0.0|1.0|0.0|0.0|0.0|1.0|0.0|0
0.39035359597762825|-0.462391138044792|-0.39244520947931993|-0.2862500998653251||-0.3898335179306269|0.45874842560228907|-0.36140725367638815||0.6880883135580583||-0.3458237676683859|-0.24203672508017238|-0.3843233122468742|1.2731797834286689|0.0|1.0|0.0|1.0|0.0|0.0|0.0|0.0|0.0|0.0|1.0|1.0|0.0|0.0|0.0|0
0.23574016327296252||-0.394213352453668|-0.2957286272175754|||3.3528626602638942||-0.3409915010995349||3.3311754625339076|-1.4131215201013039|-0.24203672508017238||-0.2749429460630012|0.0|1.0|0.0|0.0|0.0|0.0|1.0|0.0|0.0|0.0|1.0|0.0|0.0|0.0|1.0|0
-0.31689242047999977|-0.462391138044792|0.11913749109872555|||-0.3903707042235713|-0.34563631425829733|||-0.33412621237916734|3.45396496206661||-0.24203672508017238|0.9696801273915365||1.0|0.0|1.0|0.0|0.0|0.0|0.0|0.0|0.0|1.0|0.0|0.0|0.0|1.0|0.0|0
|-0.462391138044792||-1.4490930691254897||2.924260575490744|-0.3492166617650952|-0.36165944525148636||1.1413343769453188|-0.33496816637107446|-0.3608104913268368|-0.24203672508017238|-0.3980653546668317||1.0|0.0|0.0|0.0|0.0|1.0|0.0|1.0|0.0|0.0|0.0|0.0|0.0|0.0|1.0|0
-1.7300591954006446||-0.40016813281555297|-0.2970211536747005|-0.36250647989216084|-0.38996781450386303||-1.2485255088447254|2.7238599896458418||1.1648178636355093|-1.4536261786376576|-0.2009684536895495|-0.38610977776146865||1.0|0.0|0.0|0.0|1.0|0.0|0.0|1.0|0.0|0.0|0.0|0.0|0.0|0.0|1.0|0
|2.5295515198920975|-0.380190149553666||1.1381670538189284|-0.3686530298088198|||-0.32671731767506296|||-0.34460862791229535|-1.3098117812363672|||0.0|1.0|0.0|0.0|0.0|1.0|0.0|0.0|0.0|0.0|1.0|0.0|1.0|0.0|0.0|0
||||2.77384396167458|0.6042872728371954||-0.3538873594370949|||-0.3665426091080552|||-0.3884459249728614||0.0|1.0|0.0|0.0|0.0|0.0|1.0|1.0|0.0|0.0|0.0|0.0|0.0|0.0|1.0|1
-0.31203314116642455|-0.462391138044792|-0.39246553296178366|1.6960546432121175|0.8093668611456548|0.5913372461322862|-1.3612615570199575|-0.3750485252385208||-0.3522560549146578|-0.35395668540595315|2.3436855591454946||||1.0|0.0|0.0|0.0|0.0|1.0|0.0|0.0|0.0|0.0|1.0|0.0|0.0|0.0|1.0|0
|-0.462391138044792|-0.40226145150932135|-0.2948669429128254|-0.3647475717604305|-0.37813053083433856||-0.34950839663311617|-0.3250114743262593|-0.33991233233730256|-0.34299333723339037||||-1.0490043108088363|1.0|0.0|0.0|0.0|1.0|0.0|0.0|0.0|0.0|0.0|1.0|0.0|0.0|1.0|0.0|0
-0.3031980878690151|-0.462391138044792|-0.42382466640338246||-0.38785002736247864|||-0.3579912041591482||-0.32872583375157444|1.2963780417062623||-1.6520473761582246|3.4363767417739046|-1.0490043108088363|1.0|0.0|0.0|0.0|0.0|0.0|1.0|1.0|0.0|0.0|0.0|0.0|0.0|0.0|1.0|0
-0.32042644179896357||2.3364294278961495|||-0.3822169837056655||-0.3536580943688237|0.6484172486013976||||-0.25572614887704664||-0.2749429460630012|0.0|1.0|0.0|0.0|0.0|0.0|1.0|1.0|0.0|0.0|0.0|0.0|0.0|0.0|1.0|0
2.4665911208688533|-0.462391138044792|||-0.35369578729004936|-0.9425214724714035|-0.35200137649260466|||-0.3314260230653709||-0.32030583279048314||-0.3609618401329464||0.0|1.0|0.0|0.0|0.0|1.0|0.0|0.0|0.0|1.0|0.0|0.0|0.0|0.0|1.0|1
|||-0.27289399314169965|-0.34109444787075044||||||-0.36128020198522504||-0.2009684536895495|-0.3984776159394304||0.0|1.0|0.0|0.0|0.0|1.0|0.0|0.0|0.0|0.0|1.0|0.0|1.0|0.0|0.0|0
-0.3195429364692226|-0.462391138044792|-0.41102087245120666|-0.29529778506520044|0.3124847783521586|||||0.6109400474495885|1.1406984976558712||-0.25572614887704664|-1.455790359730959||1.0|0.0|0.0|0.0|1.0|0.0|0.0|0.0|0.0|1.0|0.0|0.0|0.0|0.0|1.0|1
|0.5349230812675044|0.4737822600915308|-1.2659851543661085||-0.396970421536888||2.305083049357897|-0.34552080930153084|-1.4817066707426565||-0.3470389074244765|-0.9675761863145098|||1.0|0.0|0.0|0.0|0.0|0.0|1.0|0.0|0.0|0.0|1.0|0.0|0.0|0.0|1.0|0
|-0.462391138044792||-0.28495757340820005|-1.0946007589399906|-0.37603934133680506|-1.4408248349487989||-0.3373053108745339|-0.3534132789062848|||-0.24203672508017238|-0.4065854209672053||0.0|1.0|0.0|0.0|0.0|0.0|1.0|0.0|0.0|1.0|0.0|0.0|0.0|0.0|1.0|0
||-0.41620336047946827|-0.2720323088369496||||||-0.33605491903187906||-0.3470389074244765||-0.3854226756404708||0.0|1.0|0.0|0.0|0.0|0.0|1.0|0.0|0.0|0.0|1.0|0.0|0.0|1.0|0.0|0
2.643292186817043|-0.462391138044792|||-0.37176539086792626|-0.3932484879357733|-0.34165815036185526|1.1438554785645885|-1.2481080147668016|-0.3534132789062848|-0.36132405537791534|-0.36607609693656273||-0.9816898962424258|0.4991184186828339|0.0|1.0|0.0|0.0|0.0|0.0|1.0|0.0|0.0|1.0|0.0|0.0|0.0|1.0|0.0|0
-0.3115913885015541|-0.462391138044792||-1.190587777700481|||0.5482571132722356|-0.36867495634058317||||-0.36445591059510857|-1.3098117812363672||0.4991184186828339|0.0|1.0|0.0|0.0|0.0|1.0|0.0|1.0|0.0|0.0|0.0|0.0|0.0|1.0|0.0|0
|2.5295515198920975|-0.39669281731424805|-0.2888351527795752|||||2.1964210691536787|||2.3841902176818484||-0.37429162128030524|-1.0490043108088363|0.0|1.0|0.0|0.0|0.0|0.0|1.0|1.0|0.0|0.0|0.0|0.0|1.0|0.0|0.0|0
||-0.387465956275696||-0.348906253811576|1.3290091376934106|-0.36274241901299825|||-1.462419604215539||1.0981673091526207|||1.2731797834286689|0.0|1.0|0.0|0.0|0.0|1.0|0.0|1.0|0.0|0.0|0.0|1.0|0.0|0.0|0.0|0
||||2.233420665440417|1.1083790530912534|1.0455276003274945|-0.3645481851117027|-0.3368543407938157|-0.3406838149983873||-0.3543297459610202|-0.26941557267392097||-0.2749429460630012|0.0|1.0|0.0|0.0|0.0|1.0|0.0|0.0|0.0|0.0|1.0|0.0|1.0|0.0|0.0|0
1.815005940184905||-0.4118541352322213|-0.2944361007604504||-0.38091238842280056||-0.35232835697285114||-0.34569845229543783|||-0.2146578774864238|||0.0|1.0|0.0|0.0|0.0|1.0|0.0|0.0|1.0|0.0|0.0|0.0|0.0|1.0|0.0|1
-0.27625117531191623|||-0.28409588910345007|||2.000286935473591||-1.409378837110595|-0.350327348261946|-0.3548337532597582|||0.584902939632727||0.0|1.0|0.0|0.0|0.0|0.0|1.0|1.0|0.0|0.0|0.0|1.0|0.0|0.0|0.0|0
0.7327119112522451||1.3822419262220977||1.547006241787546|-0.3778427524631184||-0.3492103520443637|0.4342064602602492||||-0.6253405913926526|-0.3858349369130695||0.0|1.0|0.0|0.0|0.0|0.0|1.0|1.0|0.0|0.0|0.0|0.0|1.0|0.0|0.0|0
||-0.39760737402511775|-0.27504820390357476|-0.3597659446932483|-0.39988657569858604|-0.3428515995307879|||-0.34338400431218374|1.8840135037556256||2.4547797629040637|-0.37951359739988905|1.2731797834286689|0.0|1.0|0.0|1.0|0.0|0.0|0.0|0.0|0.0|0.0|1.0|0.0|1.0|0.0|0.0|0
0.6112299284128649|-0.462391138044792||-1.2121298853192317|1.210202149584738|-0.36433635424051675|0.2797310502623959|-0.33550030096174965|-0.3318740625111016|-1.144183006518101|-1.5573814876118206|-0.36445591059510857|-0.22834730128329808|||0.0|1.0|0.0|1.0|0.0|0.0|0.0|0.0|0.0|0.0|1.0|0.0|0.0|0.0|1.0|0
|-0.462391138044792|-0.39848128377105996|-1.244443046747358|||||||-0.3707963881990095|||-0.38734656157926484|-1.0490043108088363|0.0|1.0|0.0|0.0|0.0|0.0|1.0|1.0|0.0|0.0|0.0|0.0|0.0|1.0|0.0|0
-0.3173341731448702||-0.4028305090183069||-0.36536227124429876|-0.390025370178107|-0.35200137649260466|1.3077800023784516|-0.34085424933583813|0.8713154455656742||2.768984473777208||-0.3961414687280376|-0.2749429460630012|0.0|1.0|1.0|0.0|0.0|0.0|0.0|0.0|0.0|1.0|0.0|0.0|0.0|0.0|1.0|0
-0.17288105173222543|||-0.27590988820832474||0.8743193111654873|1.085309239291915|||-0.33219750572645557|-0.35492146004513864|1.2500597786639467|-0.1462107585020523|-0.395042105334441|-0.2749429460630012|0.0|1.0|0.0|0.0|0.0|0.0|1.0|0.0|0.0|0.0|1.0|0.0|1.0|0.0|0.0|0
-0.3358877850694301|||-0.2914202056938253|-0.37624757460446556||-1.1424625427156438|-0.35980239819849025|0.9288029944392395||||-0.24203672508017238|-0.37800197273369374||1.0|0.0|0.0|0.0|0.0|0.0|1.0|0.0|0.0|0.0|1.0|0.0|0.0|0.0|1.0|0
1.4947352581538118|-0.462391138044792|-0.4112647542407719|1.9330178270183758|1.0142666891017358||-0.36274241901299825||-0.31814888614141706|-0.35379902023682713|||-2.3365185660019394|||1.0|0.0|0.0|0.0|0.0|0.0|1.0|0.0|0.0|0.0|1.0|0.0|0.0|1.0|0.0|0
|-0.462391138044792||||-1.2322183661664092|-0.36234460262335405|-0.3628057705928421||-0.34184103899001433|-1.2504077387800638|-1.7776634469284867|-0.24203672508017238|0.8460017456119191||1.0|0.0|0.0|0.0|0.0|0.0|1.0|0.0|0.0|0.0|1.0|1.0|0.0|0.0|0.0|0
|-0.462391138044792|||-0.36470915304268875|-0.3696890319452126|-0.3380778028550574|-0.3409338830797756|||-0.36246424358786183|0.6728683945209076|2.4547797629040637|3.477602869033777||0.0|1.0|0.0|0.0|0.0|0.0|1.0|0.0|0.0|0.0|1.0|0.0|0.0|0.0|1.0|0
-1.1999559975560763|-0.462391138044792|||-1.7144227385071353|-0.37908979207173926|-0.3484210289858068||||-0.3529042039813871|-0.3502792801073848|-0.26941557267392097|-0.3884459249728614||0.0|1.0|0.0|0.0|0.0|1.0|0.0|0.0|1.0|0.0|0.0|1.0|0.0|0.0|0.0|1
|||-0.2879734684748252|-0.37189345326039885|||-1.4726321130797615|-0.33350147628064997|-0.3549562442284542|-0.35154474880798936|-0.3490641403512942||-0.38734656157926484|-1.0490043108088363|1.0|0.0|0.0|0.0|0.0|0.0|1.0|1.0|0.0|0.0|0.0|0.0|0.0|1.0|0.0|0
-0.32396046311792737|-0.462391138044792||0.7051176927495837|-0.37339178325232764|-1.2255035375046046|-0.3555817239994025|-0.36308088867476745|-0.3463639272785258||||3.139250952747778||0.4991184186828339|0.0|1.0|0.0|0.0|0.0|0.0|1.0|0.0|0.0|0.0|1.0|0.0|0.0|0.0|1.0|0
-0.30629035652310843|-0.462391138044792|1.219654066511929||-0.36723198217439795||-0.8938272991880144||0.44646108201889617|1.1027602438910837|-0.3631658978709058|-0.3539246993756566||||0.0|1.0|0.0|0.0|0.0|0.0|1.0|1.0|0.0|0.0|0.0|0.0|0.0|0.0|1.0|0
|||0.9205387689370911|||0.7073836691299183|||||-0.3543297459610202|-0.1735896060958009|-0.39215627642624995||0.0|1.0|0.0|0.0|0.0|0.0|1.0|0.0|0.0|0.0|1.0|1.0|0.0|0.0|0.0|0
-1.2662188972866473|-0.462391138044792|2.9136163298672484|-0.2974519958270755|-0.3309391001476772||2.000286935473591||-0.3256585183551159|0.6012965141860297||-0.3474439540098401||0.5574188547928121||0.0|1.0|0.0|0.0|0.0|0.0|1.0|1.0|0.0|0.0|0.0|0.0|0.0|0.0|1.0|1
-0.31335839916103597||||-0.3603934504163638||-1.6894600784764282|0.5122302154776063|-0.34306988494980145||-0.3611924951998446||-0.26941557267392097|1.9316230967885604|0.4991184186828339|0.0|1.0|0.0|0.0|0.0|1.0|0.0|1.0|0.0|0.0|0.0|0.0|0.0|1.0|0.0|0
|-0.462391138044792|-0.4109192550388878|||-0.37124303514980167|0.6676020301654977|0.9329316157551425||||-0.36162058449756385|-0.22834730128329808|-0.3987524567878295||0.0|1.0|0.0|0.0|1.0|0.0|0.0|0.0|0.0|0.0|1.0|1.0|0.0|0.0|0.0|0
-1.420832329991313||-0.40724070471294527|-1.30906936960361||-0.3929798947893011|-1.1325171329745385|-0.3645940381253569|||||-0.24203672508017238|||1.0|0.0|0.0|0.0|0.0|0.0|1.0|0.0|0.0|0.0|1.0|0.0|0.0|0.0|1.0|0
-0.3398635590532644|||-0.2888351527795752|0.6672176055011237|-0.37724801049592993||-0.3486142628668587|-0.3337171576236021|-0.3368264016929638||-0.3381278825464787|-0.22834730128329808||0.4991184186828339|0.0|1.0|0.0|1.0|0.0|0.0|0.0|0.0|0.0|0.0|1.0|0.0|0.0|1.0|0.0|0
|||-0.282803362646325|-0.38103710808293895||-0.3484210289858068||-0.3487364220509998|0.5723659143953536|2.5505850726474404|2.4651995347545554|2.4547797629040637||0.4991184186828339|0.0|1.0|0.0|0.0|1.0|0.0|0.0|0.0|0.0|0.0|1.0|0.0|0.0|1.0|0.0|0
1.1634207595009567||1.0215001124901613|||-0.3963564943449515||-0.36803301414942396||0.41806938217841383|0.5607373793273019|-0.346633860839113|1.4280729781384915|||1.0|0.0|0.0|0.0|0.0|0.0|1.0|0.0|0.0|0.0|1.0|1.0|0.0|0.0|0.0|0
|||-0.30477631241745073||-0.382926837021342|1.423453170489491|-0.35439174258729134|||-1.7207353753830055|0.8551393579344989|-0.24203672508017238|||0.0|1.0|1.0|0.0|0.0|0.0|0.0|0.0|0.0|0.0|1.0|0.0|1.0|0.0|0.0|0
-0.320868194463834|-0.462391138044792||||-0.39376648900396966|||-0.343716928978658|-1.4527760709519801|||1.4280729781384915|||0.0|1.0|0.0|0.0|0.0|1.0|0.0|1.0|0.0|0.0|0.0|1.0|0.0|0.0|0.0|0
-1.4429199632348366|-0.462391138044792|||1.1826687352031398||-0.34563631425829733|-0.3593438680619479||-0.33991233233730256||-0.34784900059520363||-0.38610977776146865||0.0|1.0|0.0|1.0|0.0|0.0|0.0|0.0|0.0|0.0|1.0|1.0|0.0|0.0|0.0|0
|2.7788800747201714|1.488940209156896|||-0.381526315614737|1.423453170489491|-0.3529702991640103||0.2444857834343566||-0.34420358132693174||-0.38281168758067885|-0.2749429460630012|0.0|1.0|1.0|0.0|0.0|0.0|0.0|1.0|0.0|0.0|0.0|0.0|1.0|0.0|0.0|0
||-1.564663031024708|2.751617916530904|-0.3544513554056375|-0.38315705971831815|-0.34086251758256686||-0.3345406682057832|0.6688012470309409||0.8652655225685874||-0.3791013361272903|-0.2749429460630012|1.0|0.0|0.0|0.0|0.0|1.0|0.0|1.0|0.0|0.0|0.0|0.0|1.0|0.0|0.0|0
-0.3186594311394817||-0.38305576058105767|-0.2772024146654498||-0.378725272801527||||-0.9705994077740436|-0.3609732282363933|1.0880411445185323|-0.22834730128329808|0.25165841094875807|0.4991184186828339|0.0|1.0|0.0|0.0|0.0|0.0|1.0|1.0|0.0|0.0|0.0|1.0|0.0|0.0|0.0|1
-1.2330874474213618||2.2886692441062877||-0.3443344264003059||-0.3424537831411437|||-0.3483986416092343||0.24756947988919464||||0.0|1.0|0.0|0.0|0.0|1.0|0.0|1.0|0.0|0.0|0.0|1.0|0.0|0.0|0.0|1
-0.30629035652310843||-0.3973431687530887|-0.27418651959882473|-0.35948420742980863|1.9649993380900623||2.0311112927738884||-0.3345119537097097||-0.33974806888793285||-0.3786890748546916||0.0|1.0|0.0|0.0|0.0|1.0|0.0|1.0|0.0|0.0|0.0|0.0|1.0|0.0|0.0|0
|-0.462391138044792|1.909636296156957||0.22604266343318696|-0.38171816786221713|-0.3424537831411437|-1.4583030463128155|-0.32805062052240375||-0.346063074721708|||0.6433066199175462||1.0|0.0|0.0|0.0|0.0|0.0|1.0|0.0|0.0|0.0|1.0|0.0|0.0|0.0|1.0|1
-0.3102661305069427|-0.462391138044792|||-0.3587414455534679|||-0.35753267402260597||-0.33605491903187906|-0.3387834115351263||-0.2146578774864238|-1.6584854854253317|0.4991184186828339|1.0|0.0|0.0|0.0|0.0|1.0|0.0|0.0|0.0|0.0|1.0|0.0|0.0|1.0|0.0|0
-0.29833880855543987|-0.462391138044792|-0.3939085002167115|2.1053546879683815|||-0.3543882748304699|1.5588252521353465|1.1297787912810493|||-0.3401531154732964|-0.2009684536895495|-0.3791013361272903||1.0|0.0|0.0|0.0|0.0|1.0|0.0|1.0|0.0|0.0|0.0|0.0|0.0|1.0|0.0|0
-0.3023145825392742|-0.462391138044792||-0.282803362646325|||2.0201777549558013|-0.3548502727238336|0.6322411478799836||-0.3557108211135632|0.7741300408617917||-0.38239942630808016|-0.2749429460630012|0.0|1.0|1.0|0.0|0.0|0.0|0.0|1.0|0.0|0.0|0.0|0.0|0.0|0.0|1.0|0
|-0.462391138044792|-0.3967334642791756|-0.29228188999857535|||-0.34046470119292266||||-0.3398797463523826||-1.6520473761582246|-0.40287506951381674||1.0|0.0|0.0|0.0|0.0|0.0|1.0|1.0|0.0|0.0|0.0|0.0|0.0|1.0|0.0|0
2.577029287086472|||-0.27160146668457463||-0.392826412991317|1.0057459613630737|2.7269307749767893|||-1.1944946630999937|-0.35635497888783785|||2.047241148174504|1.0|0.0|1.0|0.0|0.0|0.0|0.0|1.0|0.0|0.0|0.0|0.0|0.0|0.0|1.0|0
-0.3195429364692226|||0.9313098227464665|-0.355130086085742|||1.8465529128156233||-0.3495558656008613||-0.35230451303420246|||0.4991184186828339|0.0|1.0|0.0|0.0|0.0|0.0|1.0|0.0|0.0|1.0|0.0|0.0|0.0|1.0|0.0|0
0.39035359597762825||||||1.025636780845284|||-0.35302753757574246|-1.2756234395769581|-1.5042570018080996||1.6155561211295382|0.4991184186828339|1.0|0.0|0.0|0.0|0.0|0.0|1.0|1.0|0.0|0.0|0.0|0.0|0.0|1.0|0.0|1
-0.2987805612203104|||-0.28237252049395|-0.3765549243463997||||1.7434902489540876|||1.1690504615912396|-1.3098117812363672|||0.0|1.0|0.0|1.0|0.0|0.0|0.0|1.0|0.0|0.0|0.0|0.0|0.0|1.0|0.0|1
||-0.4019972462372923||-0.36446583449699094|-0.3839244687082387|-0.35319482566153726||-0.343128707134243|||1.8576296567092512|-0.25572614887704664|-0.38391105097427547|0.4991184186828339|1.0|0.0|0.0|0.0|0.0|1.0|0.0|0.0|0.0|1.0|0.0|0.0|1.0|0.0|0.0|0
-0.29701355056082845|-0.462391138044792|||||-0.35080792732367205|||1.353492108743611|0.19565788518096247|-0.34339348815620474||0.6501776411275251||1.0|0.0|0.0|0.0|1.0|0.0|0.0|0.0|0.0|0.0|1.0|0.0|0.0|0.0|1.0|1
||||-0.3513010205508127||-0.34126033397221106|3.323019952481745||-0.34184103899001433|-0.37088409498439||-0.25572614887704664|0.24135187913378994|1.2731797834286689|0.0|1.0|0.0|0.0|0.0|0.0|1.0|0.0|0.0|0.0|1.0|0.0|0.0|0.0|1.0|0
0.8321062608481017|-0.462391138044792|-0.3820802334227967|-1.5460325534098682|-1.8930697760063433|-0.40061561423901054|-0.3245520456071544|-0.37234319743292144|-0.32556048138104676||||-0.24203672508017238|-0.38171232418708223|-0.2749429460630012|0.0|1.0|0.0|1.0|0.0|0.0|0.0|0.0|0.0|0.0|1.0|1.0|0.0|0.0|0.0|0
||-0.411081842898598||1.0245116804995398||3.3528626602638942|-0.364387699563913|-0.33746217003304463|-0.3483986416092343|-0.35553540754280216|-0.3676962832780169|-0.1599001822989266|-0.40438669418001205|2.821302512920339|0.0|1.0|1.0|0.0|0.0|0.0|0.0|0.0|0.0|1.0|0.0|1.0|0.0|0.0|0.0|1
-1.3766570635042656|1.4491277823037763|-0.40370441876424906|||-0.3739481518392716||0.8641520952738014||-0.33991233233730256|-0.37338373836773436||-0.24203672508017238|1.6499112271794318||1.0|0.0|0.0|0.0|0.0|1.0|0.0|1.0|0.0|0.0|0.0|0.0|0.0|0.0|1.0|0
-0.3182176784746112|-0.462391138044792|-0.39754640357772647|-1.0613351319879767||||-1.6159227807492222||0.9098895786199092|-0.36062240109487126|-0.34784900059520363|-1.3098117812363672|3.477602869033777||0.0|1.0|1.0|0.0|0.0|0.0|0.0|0.0|0.0|1.0|0.0|0.0|0.0|1.0|0.0|0
-0.29613004523108755||0.4234816409936974|-0.2888351527795752|3.2880144674518705|-0.37926245909447137|2.4378849640822184|||-0.33798362568459084||||||0.0|1.0|0.0|0.0|0.0|0.0|1.0|1.0|0.0|0.0|0.0|0.0|0.0|1.0|0.0|0
1.1634207595009567|0.9504706726476281||||2.903156828267929|0.4885846548256046|-1.2405012314552355||1.527075707487668|-0.3675950905326212|||-0.38171232418708223||0.0|1.0|0.0|0.0|0.0|1.0|0.0|0.0|1.0|0.0|0.0|0.0|0.0|0.0|1.0|0
-0.31556716248538835|-0.462391138044792|-0.40226145150932135||0.5471591125581075|1.6263801212876217|-0.34126033397221106|-0.35402491847805756|2.85130805593577|||||-0.3869343003066661||0.0|1.0|0.0|0.0|0.0|1.0|0.0|1.0|0.0|0.0|0.0|1.0|0.0|0.0|0.0|0
-0.32705273177202066|-0.462391138044792|||-0.37450592606683886|1.279127553348575|1.2046541561851771|1.3341454852296322|-0.3331485431740009|-0.3487843829397766|-0.35119392166646735|2.647470498168147|-0.24203672508017238|-0.3972408321216342||0.0|1.0|0.0|0.0|0.0|0.0|1.0|0.0|0.0|0.0|1.0|1.0|0.0|0.0|0.0|1
|-0.462391138044792||-0.30046789089370063||||||-0.35071308959248837|1.910325539369776|0.7640038762277033||1.6911373544393042||0.0|1.0|0.0|1.0|0.0|0.0|0.0|1.0|0.0|0.0|0.0|1.0|0.0|0.0|0.0|0
0.5560108453040558||||0.6409648150442507||-0.3448406814790089|-0.3446709036925951||1.7199463727588424|1.8598941377759874|||||1.0|0.0|0.0|0.0|1.0|0.0|0.0|0.0|0.0|0.0|1.0|0.0|1.0|0.0|0.0|0
1.2296836592315277|1.6153468188558258|-0.4066716472039597|-0.2815108361892|||-0.3599577042854888|0.7873482974029705||||-0.3535196527902931||||0.0|1.0|0.0|0.0|0.0|0.0|1.0|0.0|0.0|0.0|1.0|0.0|0.0|1.0|0.0|0
0.4124412292211519||-0.41132572468816325|-0.28495757340820005|||0.9361280931753375|||-0.3464699349565225|1.886206173390138|2.505704193290909|1.770308573060349|2.227077008817646||1.0|0.0|0.0|0.0|0.0|1.0|0.0|1.0|0.0|0.0|0.0|0.0|0.0|0.0|1.0|0
2.0469260892419037|-0.462391138044792|-0.3831777014758403|0.5866361008464547||-0.3946681945671263|-0.33449745534825953|-0.36631352613739043|-0.3196194407524547|0.42771291544197254||-0.3510893732781119||||0.0|1.0|0.0|0.0|0.0|0.0|1.0|0.0|1.0|0.0|0.0|0.0|0.0|0.0|1.0|1
|-0.462391138044792||-0.26341546578944935|||||-0.34277577402759396|3.0121798300757128|-1.283297783297752|||-0.3687948043123222||0.0|1.0|0.0|0.0|0.0|1.0|0.0|0.0|0.0|0.0|1.0|1.0|0.0|0.0|0.0|0
|-0.462391138044792|-0.40305406732540844|-0.28711178417007516||||||0.880958978829233||-0.36567105035119923||||1.0|0.0|1.0|0.0|0.0|0.0|0.0|1.0|0.0|0.0|0.0|0.0|0.0|1.0|0.0|0
|-0.462391138044792|-0.39882678297294405||-1.444531246371235||0.7670561275765494|-1.373474971052495||-0.35302753757574246||0.43996660793687437|-0.24203672508017238|-0.3947672644860418||0.0|1.0|0.0|0.0|0.0|0.0|1.0|0.0|0.0|0.0|1.0|1.0|0.0|0.0|0.0|0
|-0.462391138044792|-0.4224223461133822|||-0.38904692371595834|||||0.5596410445100458|-0.34055816205865996|-0.26941557267392097|-0.37951359739988905|-0.2749429460630012|0.0|1.0|0.0|0.0|1.0|0.0|0.0|0.0|0.0|1.0|0.0|0.0|0.0|0.0|1.0|0
|-0.462391138044792|||1.2281308845308951|-0.3705523670588732|||||||-0.1872790298926752|||0.0|1.0|0.0|0.0|1.0|0.0|0.0|0.0|0.0|0.0|1.0|0.0|0.0|0.0|1.0|0
0.743755727874007||-0.41417101223309116|||-0.40220798789309564|0.7272744886121287|-0.37397097941764645|2.959148727411863|||||-0.3987524567878295||0.0|1.0|0.0|0.0|0.0|1.0|0.0|0.0|0.0|0.0|1.0|0.0|0.0|0.0|1.0|0
-0.31689242047999977|-0.462391138044792|0.8711063422582556|-0.2918510478462003||1.532372520022355|-0.3448406814790089|-1.3889503631607967|-0.32261937215897146|||||-0.37277999661410993||1.0|0.0|0.0|0.0|0.0|1.0|0.0|0.0|0.0|1.0|0.0|0.0|0.0|0.0|1.0|0
0.743755727874007||2.238876712070048|-0.28237252049395||1.6532394359348408|0.6377658009421822||-0.3395797686729388|-1.5974290699053615||-0.3458237676683859||||1.0|0.0|0.0|0.0|0.0|0.0|1.0|0.0|0.0|1.0|0.0|0.0|0.0|0.0|1.0|0
-0.31424190449077694|-0.462391138044792|1.623075193417785||0.7011541395063493|1.1026234856668495|-0.33927125202399006|||-0.3618995881782165|0.8819634807833905|-0.34096320864402346|-0.25572614887704664|-0.3799258586724878|-0.2749429460630012|1.0|0.0|0.0|0.0|0.0|0.0|1.0|1.0|0.0|0.0|0.0|1.0|0.0|0.0|0.0|0
|1.4491277823037763|0.31932379336687067|-0.28409588910345007||||0.7529585371623|1.6003562668130915|-0.35302753757574246||||-0.38982012921485715||0.0|1.0|0.0|0.0|0.0|0.0|1.0|0.0|0.0|0.0|1.0|0.0|0.0|0.0|1.0|0
|||||0.39468869246514654|-0.3448406814790089||0.43567701487128685|-0.3495558656008613||-0.336102649619661||||0.0|1.0|0.0|1.0|0.0|0.0|0.0|0.0|0.0|0.0|1.0|0.0|1.0|0.0|0.0|0
-0.2895037552580304|-0.462391138044792|-0.41587818476004795||0.7677465835920759|-0.3743702267837279|1.4433439899717013|-0.3457025964998153||||-0.33934302230256935||-0.3784142340062925||0.0|1.0|0.0|0.0|0.0|1.0|0.0|0.0|0.0|1.0|0.0|0.0|0.0|1.0|0.0|0
-0.3297032477612435|-0.462391138044792|-0.39041286123294283|-0.2879734684748252|0.8644336899088515|-0.3653531711521615|-1.4905518836543248|||-1.3852713381070692||-0.3381278825464787|||-1.0490043108088363|0.0|1.0|0.0|0.0|0.0|0.0|1.0|1.0|0.0|0.0|0.0|0.0|0.0|1.0|0.0|1
1.7818744903196195|3.1113181478242704|||0.9156586468978718|2.072436596678939|||||-0.3524656700544846||-0.2146578774864238||1.2731797834286689|1.0|0.0|0.0|0.0|0.0|1.0|0.0|1.0|0.0|0.0|0.0|0.0|0.0|0.0|1.0|0
-0.3031980878690151|-0.462391138044792||-0.29874452228420056||-0.37162673964476195|-0.3472275798168742||-0.3310701593237344|-0.350327348261946||-0.035963129865280705|-0.2009684536895495|0.880356851661813||0.0|1.0|0.0|0.0|0.0|0.0|1.0|0.0|0.0|1.0|0.0|0.0|0.0|1.0|0.0|0
-0.3199846891340931|||0.7589729617964606|-0.36841015618514544|-0.3662740619400662|-1.3811523765021678|||1.527075707487668|-0.3535620048717409|||0.8563082774268872||1.0|0.0|0.0|0.0|0.0|1.0|0.0|1.0|0.0|0.0|0.0|1.0|0.0|0.0|0.0|0
|-0.462391138044792|||||||||-0.36531471411272814|-0.3304319974245716|1.0858373832166341|||0.0|1.0|0.0|0.0|0.0|0.0|1.0|0.0|0.0|0.0|1.0|0.0|0.0|0.0|1.0|0
2.1794518887030456||-0.3795194746323615||-1.9615831559791579|-0.3840971357309708|0.34934891845013216||||-0.35860514503111973||1.770308573060349||-0.2749429460630012|0.0|1.0|0.0|1.0|0.0|0.0|0.0|0.0|0.0|1.0|0.0|0.0|0.0|0.0|1.0|1
-1.8404973616182627||||1.1397678337248351|1.5486799610581665|0.6178749814599719|||0.774880112930087|-0.3532550311229091|-0.35473479254638374|-0.2009684536895495|-0.3924311172746491|-1.0490043108088363|0.0|1.0|0.0|1.0|0.0|0.0|0.0|0.0|0.0|0.0|1.0|0.0|0.0|1.0|0.0|0
||||-0.3650805339808591|-0.37640386060701736|-0.36115115345442145|||-0.3441554869732684||1.553844717686599|-1.3098117812363672|0.02147920041447025||0.0|1.0|1.0|0.0|0.0|0.0|0.0|0.0|0.0|1.0|0.0|0.0|1.0|0.0|0.0|0
||||||-0.32813239311395226|-0.33699052390551204|-1.1966386033804843|-0.32834009242103207|-0.3633851648343571|-0.36688619010728984||0.6536131517325144|0.4991184186828339|0.0|1.0|0.0|0.0|0.0|0.0|1.0|1.0|0.0|0.0|0.0|1.0|0.0|0.0|0.0|1
-0.2930377765769942|2.114003928511974|-1.547896157992097|-0.27289399314169965||2.151096018145794||-0.3695003105863593|||1.949793592791002|3.4170590103588654||-0.3902323904874559||1.0|0.0|0.0|0.0|0.0|0.0|1.0|1.0|0.0|0.0|0.0|0.0|0.0|0.0|1.0|0
|-0.462391138044792|||0.9867332747201373||0.43885760612007874||0.9778214814738272|-1.134539473254542|2.3335107788306977|-0.37539216839992406|-0.2146578774864238|-0.08158611773521086||0.0|1.0|0.0|0.0|0.0|0.0|1.0|0.0|0.0|1.0|0.0|0.0|0.0|1.0|0.0|0
-0.32572747377740924|-0.462391138044792|-0.4292103892562818|2.34231787177464|-0.39362564126299066|-0.3830803188193261|1.5030164484183324|-0.354529301628254||-0.9127382081926912|0.7778116731440443|-0.34420358132693174|-1.9942829710800818|||0.0|1.0|0.0|0.0|0.0|0.0|1.0|0.0|0.0|0.0|1.0|0.0|0.0|0.0|1.0|0
-0.3451645910317101|-0.462391138044792|-1.762816985046476|||-0.3740440779630117|-0.3555817239994025|||0.8038107127207631|-0.37044556105748755||-0.25572614887704664|-0.40356217163481467||0.0|1.0|0.0|1.0|0.0|0.0|0.0|0.0|0.0|1.0|0.0|1.0|0.0|0.0|0.0|0
|||0.683575585130833||||-0.3451065073223103|1.9552501129435065|0.8906025120927917|-0.3493959325661671||0.7436017882947767|||0.0|1.0|0.0|0.0|0.0|0.0|1.0|1.0|0.0|0.0|0.0|0.0|1.0|0.0|0.0|0
-0.33058675309098445||||-0.3533884375481153|-0.39125322456197986||||-0.3372121430235061|||-0.6253405913926526|-0.38734656157926484|-1.0490043108088363|0.0|1.0|0.0|0.0|0.0|0.0|1.0|1.0|0.0|0.0|0.0|1.0|0.0|0.0|0.0|0
-0.33412077440994825|||-0.2655696765513244|||-0.35120574371331625|-0.3549419787511421|||-0.3473786765024155||1.770308573060349|-0.3749787234013031|-0.2749429460630012|0.0|1.0|0.0|0.0|0.0|0.0|1.0|0.0|0.0|0.0|1.0|0.0|0.0|0.0|1.0|1
|||||||-0.3572575559406806|-1.1373262340686332|-1.6552902694867138||||||0.0|1.0|0.0|0.0|0.0|0.0|1.0|1.0|0.0|0.0|0.0|0.0|0.0|0.0|1.0|0
||||-0.3644914469754854||-0.3325083734000385|-0.3451982133496188||-0.3229397137934392|||2.112544167982206|-0.37277999661410993|-0.2749429460630012|0.0|1.0|0.0|0.0|0.0|0.0|1.0|0.0|0.0|1.0|0.0|0.0|0.0|0.0|1.0|0
-0.3058486038582379|-0.462391138044792|-1.2374549633579937|-0.282803362646325||0.381259035141537|-0.34205596675149946|-0.3629662561406319|-0.3410111084943488|||||||0.0|1.0|0.0|0.0|0.0|0.0|1.0|1.0|0.0|0.0|0.0|0.0|0.0|0.0|1.0|0
-0.35046562301015577|||-0.2970211536747005||-0.39117648366298785|-0.348818845375451||||-0.34448435258485893|0.30832646769372507|-0.25572614887704664|-0.399576979333027||0.0|1.0|0.0|0.0|0.0|0.0|1.0|0.0|0.0|1.0|0.0|0.0|0.0|0.0|1.0|1
-0.26123158470632013|-0.462391138044792|||-0.36296750450506204||-0.36154896984406565|||||-0.35473479254638374||-0.3924311172746491||0.0|1.0|0.0|1.0|0.0|0.0|0.0|0.0|0.0|1.0|0.0|0.0|0.0|0.0|1.0|0
|-0.462391138044792|-0.40494415119453914|-0.2931435743033253|-0.3676289755910629|-0.3996947234511059|-0.3535926420511815|-0.37142613715983686||-0.3445412283038108|||||-1.0490043108088363|1.0|0.0|0.0|1.0|0.0|0.0|0.0|0.0|0.0|1.0|0.0|0.0|0.0|1.0|0.0|1
|-0.462391138044792||-0.2892659949319502||||||0.774880112930087||0.3690834554982555||2.364497433017221||0.0|1.0|0.0|1.0|0.0|0.0|0.0|0.0|0.0|1.0|0.0|0.0|0.0|0.0|1.0|0
0.23574016327296252||0.5301799239284956|||-1.6691618598024198|-0.3436472323100763|-0.3450606543086561|-0.3502854062412928|-0.33952659100676025|0.3020023624548211|0.5918590774482004|-0.25572614887704664||0.4991184186828339|1.0|0.0|0.0|0.0|0.0|0.0|1.0|0.0|1.0|0.0|0.0|0.0|0.0|0.0|1.0|1
-0.3252857211125388|0.7842516360955787|2.7998048280701306|||-0.39083114961752363|-0.33887343563434585|-0.36241601997678113||-0.35071308959248837|||-0.2146578774864238|||1.0|0.0|0.0|0.0|0.0|0.0|1.0|0.0|1.0|0.0|0.0|0.0|1.0|0.0|0.0|0
-1.6637962956700734|2.7788800747201714||-0.28323420479870004||0.7592079626774055||-0.3716324757212809|||0.7657519901542253|||0.42686945180321595||0.0|1.0|0.0|0.0|0.0|1.0|0.0|0.0|0.0|1.0|0.0|0.0|1.0|0.0|0.0|0
|-0.462391138044792|||1.5642946647713403|0.41387391721316014|3.3528626602638942|-0.3616365187446593|0.43224572077886575|-1.4817066707426565|2.8663295000172475|-0.3417733018147506|1.770308573060349|-0.3806129607934856||0.0|1.0|1.0|0.0|0.0|0.0|0.0|0.0|1.0|0.0|0.0|0.0|0.0|0.0|1.0|0
|-0.462391138044792||-1.4598641229348652||||-0.3518239738226546||-0.3406838149983873||-0.3413682552293871||-0.3802006995208869||0.0|1.0|1.0|0.0|0.0|0.0|0.0|0.0|0.0|0.0|1.0|0.0|0.0|0.0|1.0|0
-0.3314702584207254|||-0.2858192577129501||-0.3734301507710752|||0.6489074334717435|1.700659306231725|-0.3550091668305192|0.5108497603754932||-0.39215627642624995|-1.0490043108088363|0.0|1.0|0.0|0.0|0.0|1.0|0.0|0.0|0.0|0.0|1.0|0.0|1.0|0.0|0.0|0
-0.3314702584207254||-0.3960424658754074|||||-0.3503108243720651|2.1699510861550007||-0.3450544466898322|||0.42686945180321595||0.0|1.0|0.0|1.0|0.0|0.0|0.0|1.0|0.0|0.0|0.0|0.0|0.0|1.0|0.0|0
||1.9563803058236306||-0.35145469542177976||-0.34165815036185526|1.9118934572728974|||||2.4547797629040637|-0.3965537300006364||0.0|1.0|0.0|0.0|0.0|0.0|1.0|0.0|0.0|0.0|1.0|0.0|0.0|0.0|1.0|0
-0.29613004523108755|-0.462391138044792|-0.39925357610468326|||-0.3936513776554816||0.36378108377204504|-0.3415601155491362|1.2184826430537885||-0.3604054447414732|-0.24203672508017238|-0.39765309339423294|-1.0490043108088363|0.0|1.0|0.0|0.0|1.0|0.0|0.0|0.0|0.0|0.0|1.0|0.0|0.0|1.0|0.0|0
||-0.40380603617656796|-0.2853884155605751|-0.36641238286257366|-0.37114710902606163|1.2842174341140185||||-0.36263965715862284|-0.34379853474156824|0.40136619337291946||-0.2749429460630012|0.0|1.0|1.0|0.0|0.0|0.0|0.0|1.0|0.0|0.0|0.0|0.0|1.0|0.0|0.0|0
|||-0.2914202056938253||-0.37481148695293226|0.43885760612007874|2.080403282452183|-0.3310897667185482||-1.5771155143224336|1.1285458030548858|-0.22834730128329808|||0.0|1.0|0.0|0.0|0.0|0.0|1.0|0.0|0.0|0.0|1.0|0.0|0.0|1.0|0.0|1
||-0.4107769906616415|-0.27504820390357476|1.0405194795586086|-0.3811426111197767|-0.3599577042854888|1.7582858615312356||-1.356340738316393||-0.3389379757172058|0.40136619337291946|||1.0|0.0|0.0|0.0|0.0|0.0|1.0|0.0|0.0|0.0|1.0|0.0|0.0|0.0|1.0|1
1.0198511434180528|-0.462391138044792||-0.3013295751984506|-0.36305714817979284|-0.39674019883991174||2.3280095561850107|-0.3443835804023284|-0.34531271096489546||-0.34339348815620474||-0.382124585459681||1.0|0.0|0.0|1.0|0.0|0.0|0.0|0.0|0.0|1.0|0.0|1.0|0.0|0.0|0.0|0
-0.3098243778420722||-0.3986438716307701|0.59740715465583|1.6904361213568027||-0.35080792732367205|||-0.33605491903187906|-0.3511062148810868|-0.34784900059520363|1.770308573060349|-0.38610977776146865||1.0|0.0|0.0|0.0|0.0|0.0|1.0|1.0|0.0|0.0|0.0|0.0|0.0|1.0|0.0|0
0.9094129772004345|-0.462391138044792|||-0.37618354340822924|-0.3813152781425088|-0.34682976342723||-0.34279538142240773||3.1513765525038786||-0.25572614887704664|||1.0|0.0|0.0|0.0|0.0|1.0|0.0|0.0|0.0|0.0|1.0|0.0|0.0|0.0|1.0|1
|-0.462391138044792|-0.3985016072535237|-0.2853884155605751|-1.4531754578631322|-0.3755980811676008|-0.3543882748304699||2.2356358587813485||-0.3700508805232753||0.40136619337291946|1.354457315150346||1.0|0.0|1.0|0.0|0.0|0.0|0.0|0.0|0.0|0.0|1.0|0.0|0.0|0.0|1.0|0
|-0.462391138044792|||||-0.34126033397221106|-0.35278688710939343|-0.3284427684186805|-0.34145529765947197||-0.3535196527902931|-0.24203672508017238|-0.39133175388105246||0.0|1.0|0.0|0.0|0.0|1.0|0.0|0.0|0.0|0.0|1.0|1.0|0.0|0.0|0.0|0
||-0.41912994195425135|-0.27504820390357476|||-1.510442703136535|-0.35280981361622055|-0.33312893577918706|-0.3441554869732684|1.8642794770450126|-0.3389379757172058||-0.37800197273369374|0.4991184186828339|1.0|0.0|0.0|0.0|0.0|0.0|1.0|0.0|0.0|1.0|0.0|0.0|0.0|0.0|1.0|0
|-0.462391138044792||||0.5620797783915654|-0.35160356010296046||-0.35557940284102824|||-0.33974806888793285|-0.1462107585020523|-0.3786890748546916||1.0|0.0|0.0|0.0|0.0|1.0|0.0|0.0|0.0|0.0|1.0|0.0|0.0|1.0|0.0|0
||0.6881950000843157||||-0.3571729895579794||||-0.3524656700544846|1.9386389737819583||||0.0|1.0|0.0|1.0|0.0|0.0|0.0|0.0|1.0|0.0|0.0|0.0|1.0|0.0|0.0|0
|-0.462391138044792|-0.3879943668197541|-0.29400525860807536||-1.2293405824542072|-0.34006688480327846|-0.36292040312697765|-1.757900279926514||0.9926932973262742|0.27794797379145986|-0.6253405913926526|0.18638370945396002||1.0|0.0|0.0|1.0|0.0|0.0|0.0|0.0|0.0|0.0|1.0|1.0|0.0|0.0|0.0|0
2.775817986278185||0.780666845294474|-0.28452673125582506|||-0.3607533370647772|-0.3399480432862097|-0.3276976874157547|-0.34145529765947197|0.8699037977935714|-0.35189946644883896|-0.22834730128329808|-0.38982012921485715||1.0|0.0|0.0|0.0|0.0|0.0|1.0|1.0|0.0|0.0|0.0|0.0|1.0|0.0|0.0|0
||-0.4026882446410605|||-0.37933919999346344||1.8499918888396902|0.7405720042264226|-0.3402980736678449||-0.3458237676683859||||1.0|0.0|0.0|0.0|0.0|1.0|0.0|0.0|0.0|1.0|0.0|0.0|0.0|0.0|1.0|0
-0.29480478723647613|-0.462391138044792||-0.2931435743033253||-0.37648060150600937|||||0.6868158833117736|0.6222375713504656||||1.0|0.0|0.0|0.0|0.0|1.0|0.0|1.0|0.0|0.0|0.0|1.0|0.0|0.0|0.0|1
|2.7788800747201714|1.9523156093308764|-0.29357441645570037|0.8772399291561066|2.630726636846135|||-1.5368269034005233|-1.4720631374790978|-0.3497029063149988|-0.34460862791229535||||0.0|1.0|0.0|0.0|0.0|0.0|1.0|1.0|0.0|0.0|0.0|0.0|0.0|1.0|0.0|0
|-0.462391138044792|-0.40226145150932135|||-0.3738138552660355|-1.092735494010118|-1.6589099810500603|2.9650309458560136|-0.33605491903187906|0.4445258886981368|-0.34460862791229535||||0.0|1.0|0.0|0.0|0.0|0.0|1.0|0.0|0.0|0.0|1.0|1.0|0.0|0.0|0.0|0
||1.1607159673669933|||1.695446930380471||||-0.33258324705699793|-0.3531673243375287|-0.3417733018147506||-1.5382426142507037||1.0|0.0|0.0|0.0|1.0|0.0|0.0|1.0|0.0|0.0|0.0|1.0|0.0|0.0|0.0|0
||-0.3987048420781614|||-1.5703579523501496||-0.349072793003401||||-0.32921685766848097|-0.24203672508017238|-0.3690696451607214||0.0|1.0|0.0|0.0|0.0|0.0|1.0|1.0|0.0|0.0|0.0|0.0|0.0|0.0|1.0|0
-0.321751699793575|-0.462391138044792||0.48969661656207636||-0.3910805575392478|0.8068377665409702||0.31362098215516343|||2.849993790849915|-0.26941557267392097|||0.0|1.0|0.0|0.0|0.0|0.0|1.0|1.0|0.0|0.0|0.0|0.0|0.0|1.0|0.0|0
||||1.1711431198806102|||-1.0777230329827283|||-0.36373599197587914|-0.34622881425374946||-0.3847355735194729||0.0|1.0|0.0|0.0|0.0|0.0|1.0|0.0|0.0|0.0|1.0|0.0|0.0|1.0|0.0|0
-0.3380965483937825|-0.462391138044792|-0.4065090593442495||||-0.35279700927189306|||-1.2695489389443644||-0.3332673235221163|-0.22834730128329808|-1.734066718735098||0.0|1.0|0.0|0.0|0.0|1.0|0.0|0.0|0.0|0.0|1.0|1.0|0.0|0.0|0.0|1
||0.9422385308814544|1.9114757193996252|-0.37317407718512435|1.7107951101788816||||-0.3468556762870649|||-0.2009684536895495|-0.3958666278796385|0.4991184186828339|1.0|0.0|0.0|0.0|1.0|0.0|0.0|0.0|0.0|0.0|1.0|0.0|1.0|0.0|0.0|0
2.2015395219465694|-0.462391138044792||0.4142992398964488|||-0.3444428650893647|1.0349545711357984|1.0327221869525656|-0.3267971270988627|-0.3395727726035508|2.9310031079226215|3.139250952747778|-0.3947672644860418||0.0|1.0|0.0|0.0|1.0|0.0|0.0|1.0|0.0|0.0|0.0|0.0|0.0|1.0|0.0|0
2.8641685192522797|||1.6314283203558653|-0.3586518018787371||-0.3436472323100763||||2.9496509461287244|-0.35878525840001907||-0.3961414687280376|-0.2749429460630012|0.0|1.0|0.0|0.0|0.0|0.0|1.0|0.0|0.0|1.0|0.0|0.0|0.0|0.0|1.0|0
2.422415854381806||-0.4067935880987423|-0.2776332568178248|-0.3696139426743874|1.754921127099313|-1.2916436888322214|0.7105444995321397|-0.3396581982521941||-0.3577280771773147|||1.856041863478794|-0.2749429460630012|0.0|1.0|0.0|0.0|0.0|0.0|1.0|0.0|0.0|0.0|1.0|0.0|0.0|0.0|1.0|0
-0.30187282987440367|||-0.29012767923670024|-0.3532347626771482|0.27861808273966404||-0.3813991676296313|0.1822514369024683||-0.3738222722946368|-0.3713417025462887|-2.6787541609237966|-0.4076847843608019|-1.0490043108088363|1.0|0.0|0.0|0.0|0.0|0.0|1.0|0.0|0.0|0.0|1.0|0.0|0.0|0.0|1.0|0
|-0.462391138044792|-1.4112207384232365||-1.445491714314779|0.5625594090102658||-0.3555839209423013|-0.33681512600418806||-0.35487760665244844|-1.3219860383945083||1.27887608184058||0.0|1.0|0.0|0.0|0.0|0.0|1.0|1.0|0.0|0.0|0.0|0.0|0.0|0.0|1.0|0
0.4345288624646756|-0.462391138044792|0.26800700014584866||||-0.3460341306479416||||-0.3609293748437031|-1.4840046725399227||1.5812010150796445||0.0|1.0|0.0|0.0|0.0|0.0|1.0|0.0|0.0|1.0|0.0|0.0|0.0|0.0|1.0|0
|-0.462391138044792|||-0.3750950130722126|-0.3838669130339946||-0.35533172936720303|0.7577284746885282|-0.3441554869732684||-0.36567105035119923|1.770308573060349|-0.40246280824121805|-1.0490043108088363|0.0|1.0|1.0|0.0|0.0|0.0|0.0|0.0|0.0|0.0|1.0|1.0|0.0|0.0|0.0|0
0.7106242780087215|-0.462391138044792||3.4194232527121766|-1.320310725672861|-0.37383304049078353||||-0.334897695040252|0.983922618788224||-0.22834730128329808|-0.3980653546668317|-0.2749429460630012|0.0|1.0|0.0|1.0|0.0|0.0|0.0|0.0|0.0|0.0|1.0|0.0|0.0|0.0|1.0|0
|-0.462391138044792|2.4746291086497934|0.4573834551339503|-0.3403516859944097|||-0.35216787142506134|0.6204767109916826||0.608976111286578|-0.34379853474156824||-1.493580976385842||0.0|1.0|0.0|0.0|0.0|0.0|1.0|0.0|0.0|1.0|0.0|0.0|0.0|0.0|1.0|1
-0.2899455079229009||||3.180442057774928|-0.37314237239985504|-0.3436472323100763|-1.6761048611703957||||||||1.0|0.0|0.0|0.0|0.0|1.0|0.0|0.0|0.0|1.0|0.0|0.0|0.0|1.0|0.0|0
-0.32572747377740924||-0.4084601136607715|||-1.0748995232326977||-0.3692022659976068|1.7042754593264173|-0.33258324705699793|-0.3544390727255459|0.9260225103731178||-0.37690260934009717||0.0|1.0|0.0|0.0|0.0|0.0|1.0|1.0|0.0|0.0|0.0|1.0|0.0|0.0|0.0|0
||||||-0.3348952717379038|-0.35514831731258606|0.6199865261213368|-0.34569845229543783|-0.35619320843315594|-0.3490641403512942||3.35392448725416|-1.0490043108088363|0.0|1.0|0.0|1.0|0.0|0.0|0.0|0.0|0.0|1.0|0.0|0.0|0.0|1.0|0.0|0
|-0.462391138044792|0.6002959384285057|2.471570517487144|-1.5146454062499564||||-0.3359327932375655|||-0.3417733018147506||-0.3806129607934856||0.0|1.0|0.0|1.0|0.0|0.0|0.0|1.0|0.0|0.0|0.0|1.0|0.0|0.0|0.0|0
|||-0.2944361007604504|-0.36721917593515074|-0.39140670635996405|-0.35080792732367205||-0.806941631455512|3.0893280961841825|-0.379084679417467|-0.3652660037658356|-0.1462107585020523|-0.40218796739281887||0.0|1.0|0.0|0.0|1.0|0.0|0.0|0.0|0.0|0.0|1.0|0.0|0.0|0.0|1.0|0
||-0.39199809286511694|-1.513719391981742|-0.3537598184862857|-0.3767108242029856||-0.348064026703008|-0.3346583125746662|-0.3464699349565225|-0.3527287904106261||-0.22834730128329808||-1.0490043108088363|0.0|1.0|0.0|0.0|1.0|0.0|0.0|1.0|0.0|0.0|0.0|0.0|0.0|0.0|1.0|0
1.6935239573455247|-0.462391138044792||-0.28452673125582506||||-1.3683165070163943|||-0.3442650856214077|||-0.3935304806682457||0.0|1.0|0.0|0.0|0.0|1.0|0.0|0.0|0.0|0.0|1.0|0.0|0.0|0.0|1.0|0
||-0.3860636359856958|3.0316653155746636|-0.3474079238196472||-0.3448406814790089|-1.5070218733204321||-0.33412621237916734|0.5706043926826084|||||0.0|1.0|0.0|0.0|0.0|1.0|0.0|0.0|0.0|1.0|0.0|0.0|0.0|0.0|1.0|0
1.870225023293714|-0.462391138044792|1.3395626130481786|0.8020571770339621|-0.36467073432494695|-0.3732958541978391|||||-1.4323993184446053|-0.35594993230247435|-0.2146578774864238|||1.0|0.0|0.0|0.0|0.0|0.0|1.0|0.0|0.0|1.0|0.0|0.0|0.0|0.0|1.0|0
|||0.9420808765558418||-0.39273048686757694||-0.3643418465502587||||-1.3624906969308619||-1.3149344249263948|-1.0490043108088363|0.0|1.0|0.0|1.0|0.0|0.0|0.0|0.0|0.0|1.0|0.0|0.0|0.0|1.0|0.0|1
-1.0563863814731724|-0.462391138044792||-0.29271273215095034|1.9030196928612366|||||-0.3441554869732684|-1.467482032596806||-0.1599001822989266||1.2731797834286689|0.0|1.0|0.0|0.0|0.0|1.0|0.0|0.0|0.0|1.0|0.0|0.0|0.0|1.0|0.0|0
0.8210624442263399||||-0.35008442782232346|-0.3992150928324055|||||-1.311802488546415|0.7943823701299685|-0.2009684536895495|-0.38171232418708223|-1.0490043108088363|0.0|1.0|0.0|1.0|0.0|0.0|0.0|0.0|0.0|0.0|1.0|0.0|0.0|0.0|1.0|0
-0.31203314116642455||-0.39787157929714684||||0.8366739957642857|1.549654649404501||-0.3549562442284542|-0.3695246398109922||-0.26941557267392097||1.2731797834286689|0.0|1.0|1.0|0.0|0.0|0.0|0.0|1.0|0.0|0.0|0.0|0.0|0.0|0.0|1.0|0
-0.32396046311792737||-1.6129313018761644|1.8253072889246222|-0.3523895508868294|-0.38319543016781416|-0.35319482566153726|-0.3546668606692167|-0.3354033935775919|-0.34145529765947197|-1.4685783674140624|-0.3401531154732964|-0.25572614887704664|-0.3791013361272903||1.0|0.0|0.0|0.0|0.0|1.0|0.0|0.0|0.0|0.0|1.0|1.0|0.0|0.0|0.0|0
-0.30894087251233127||2.846548837736804|-0.28409588910345007||0.5179537614711341|-0.33927125202399006|-0.3573951149816433|-0.3202272699916836|-0.33952659100676025||-0.3344824632782069||||0.0|1.0|0.0|0.0|0.0|0.0|1.0|1.0|0.0|0.0|0.0|0.0|0.0|1.0|0.0|0
|-0.462391138044792|-0.398298372428886|1.8899336117808745|-0.36050870656958905||0.7670561275765494||-0.3334230467013946|||||-0.38102522206608436|-1.0490043108088363|1.0|0.0|0.0|0.0|0.0|0.0|1.0|0.0|0.0|0.0|1.0|0.0|0.0|0.0|1.0|0
||0.11964557816031984||0.7914381261994977|-0.3806246100515804||-0.35205323889092577|1.9777986169794168|1.4692145079063157||||||1.0|0.0|0.0|0.0|0.0|0.0|1.0|0.0|0.0|0.0|1.0|0.0|0.0|0.0|1.0|0
-0.2917125185823828|-0.462391138044792|-0.381429881983956||2.6124853471591667|-0.3778427524631184||-0.3492103520443637|0.5474391653101469|-0.34531271096489546|-0.3777252242440692||-0.24203672508017238||-0.2749429460630012|0.0|1.0|0.0|0.0|0.0|0.0|1.0|0.0|0.0|0.0|1.0|0.0|0.0|0.0|1.0|0
-0.32130994712870453|-0.462391138044792||3.2470863917621706|-0.3609185062255012|-0.39217411534988456|-0.35160356010296046|1.1988790949496615|2.9493450300049457||-0.3628589241220741|-1.0080749347377678|-0.24203672508017238||-1.0490043108088363|1.0|0.0|1.0|0.0|0.0|0.0|0.0|0.0|0.0|0.0|1.0|0.0|0.0|0.0|1.0|0
-0.3288197424315026||||-0.35954823862604496||-0.33847561924470165|-0.35338297628689835|1.833684265097729||||-0.22834730128329808||-1.0490043108088363|1.0|0.0|0.0|0.0|0.0|1.0|0.0|0.0|0.0|0.0|1.0|0.0|0.0|0.0|1.0|0
||-1.5006440612638292|||0.34240895502680935|||||-0.3605346943094908|-0.35189946644883896|1.770308573060349|-0.38982012921485715|-1.0490043108088363|1.0|0.0|0.0|0.0|0.0|0.0|1.0|0.0|0.0|0.0|1.0|0.0|1.0|0.0|0.0|0
-0.33721304306404154|-0.462391138044792|-0.40016813281555297|||||-0.353497608821034|-0.35036383582054814|-0.33759788435404847|0.995982301778043|1.4728354006138917|-0.24203672508017238|-0.3568392274069592||1.0|0.0|0.0|0.0|0.0|1.0|0.0|0.0|0.0|1.0|0.0|1.0|0.0|0.0|0.0|0
|-0.462391138044792|-0.403623124834394||-0.36620748303461753||-1.6098968005475869||-0.3406385679928859||||-0.22834730128329808|-0.3980653546668317||0.0|1.0|0.0|0.0|0.0|0.0|1.0|0.0|0.0|0.0|1.0|0.0|0.0|1.0|0.0|0
-0.3261692264422797||-0.40943564081903255||||||-0.3218546837612319|||-0.34258339498547763|-0.24203672508017238|||0.0|1.0|1.0|0.0|0.0|0.0|0.0|1.0|0.0|0.0|0.0|1.0|0.0|0.0|0.0|0
-0.30894087251233127||||-1.6071704848113741||-0.34682976342723|-1.2124162605920212||-0.3487843829397766|-0.34452820597754913|-0.3725568423023793|-0.22834730128329808|-0.4087841477543985|-1.0490043108088363|0.0|1.0|0.0|1.0|0.0|0.0|0.0|1.0|0.0|0.0|0.0|0.0|1.0|0.0|0.0|0
-0.3358877850694301|-0.462391138044792|0.7979418053886794|-0.29271273215095034|0.2590187294948687|-1.216390555749298|||||-1.6001385454848154|-1.291607544492243|0.40136619337291946||-0.2749429460630012|0.0|1.0|0.0|0.0|0.0|0.0|1.0|1.0|0.0|0.0|0.0|0.0|0.0|1.0|0.0|0
2.356152954651235|||1.8037651813058715||-0.37653815718025346|||-0.356677416950603||-0.3748747537192028||-0.1872790298926752|-0.36797028176712476||0.0|1.0|1.0|0.0|0.0|0.0|0.0|0.0|0.0|1.0|0.0|0.0|1.0|0.0|0.0|0
-1.76319064526593||||-0.3723544778733||-0.34205596675149946|-0.34870596889416716|-0.353108871094485||||||0.4991184186828339|0.0|1.0|0.0|0.0|0.0|0.0|1.0|1.0|0.0|0.0|0.0|0.0|0.0|1.0|0.0|0
||-1.7231861942421225||-1.7797345586681361|-0.3969128658626439|-0.33847561924470165|-0.3685832503132747|||-0.3415461752746121|||-0.38130006291448354|0.4991184186828339|1.0|0.0|0.0|1.0|0.0|0.0|0.0|1.0|0.0|0.0|0.0|0.0|0.0|0.0|1.0|0
-1.88467262810531|1.6984563371318504|1.4310182841351484||-1.4035512807800188|-1.578032042249355|-0.3496144781547394||||-0.359701479848376|||0.9662446167865472||1.0|0.0|0.0|0.0|1.0|0.0|0.0|0.0|0.0|1.0|0.0|0.0|0.0|0.0|1.0|0
-0.30761561451771985||||||-0.360355520675133|-0.34501480129500184|0.19009439482800236|-0.342612521651099|-0.3734714451531148||-0.25572614887704664|-0.3961414687280376||0.0|1.0|0.0|1.0|0.0|0.0|0.0|0.0|0.0|0.0|1.0|1.0|0.0|0.0|0.0|0
-0.31556716248538835|-0.462391138044792|1.6007193627076368|||2.502185631034444|0.8764556347287065||1.5768273930364893|-0.3329689883875403|-0.3570264228942707|1.1690504615912396||1.0040352334414302|1.2731797834286689|0.0|1.0|0.0|0.0|0.0|0.0|1.0|1.0|0.0|0.0|0.0|1.0|0.0|0.0|0.0|0
-0.3186594311394817||-0.40366377179932156||1.4215050971644465|-0.38979514748113087||||-0.3387551083456755||2.3234332298773177|-0.2009684536895495|||0.0|1.0|0.0|0.0|0.0|0.0|1.0|0.0|0.0|1.0|0.0|0.0|0.0|0.0|1.0|0
-0.31556716248538835|-0.462391138044792||2.557738947962147|-0.3686662809700905|0.5563242109671613|-0.34563631425829733||-0.35020697666203743|||||1.409425484830176||1.0|0.0|1.0|0.0|0.0|0.0|0.0|1.0|0.0|0.0|0.0|0.0|0.0|0.0|1.0|0
||-0.3940101176290303|-0.2685855716179495|||-1.0728446745279074|-0.35718877642019925|-0.34624628290964277|-0.3372121430235061|-0.36439379286623286||||-0.2749429460630012|0.0|1.0|0.0|0.0|0.0|0.0|1.0|0.0|0.0|1.0|0.0|0.0|0.0|1.0|0.0|0
||-1.9706245932385353|3.204002176524669|-0.3370604825078651||-0.33966906841363426|-0.36310381518159457|-0.7319433462925928|-0.3480129002786919|-0.3821105635130943|-0.34784900059520363|-0.2009684536895495|0.5505478335828333||0.0|1.0|1.0|0.0|0.0|0.0|0.0|0.0|0.0|0.0|1.0|1.0|0.0|0.0|0.0|0
||1.1099072612075658|3.548675898424681|||-0.3460341306479416|-0.34352457835123945||-0.33219750572645557|-0.3436949915164344|-0.34460862791229535|-0.2146578774864238|-0.38322394885327754||0.0|1.0|0.0|0.0|0.0|0.0|1.0|0.0|0.0|0.0|1.0|0.0|1.0|0.0|0.0|0
1.141333126257433|-0.462391138044792|-0.3980138436743932|||-1.4408576853010575|-0.3464319470375858|1.6711651355882036|-0.35089323548052165||||-0.13252133470517802|||0.0|1.0|0.0|0.0|0.0|0.0|1.0|0.0|0.0|0.0|1.0|0.0|0.0|0.0|1.0|0
1.1855083927444803|-0.462391138044792|0.6226517691386539|1.7606809660683698||||-1.7380064296036026|-1.2726172582840953||-0.3603592807387298||-0.24203672508017238|-0.39545436660703975||0.0|1.0|0.0|0.0|0.0|1.0|0.0|1.0|0.0|0.0|0.0|1.0|0.0|0.0|0.0|0
-0.2996640665500513||||-1.4374878147852446|1.7175099388406865|||-0.3277957243898239|2.1249747698283095|-0.34579995436556643|-0.33286227693675274||-0.37250515576571075|-1.0490043108088363|1.0|0.0|0.0|0.0|0.0|1.0|0.0|1.0|0.0|0.0|0.0|0.0|0.0|0.0|1.0|0
-0.29833880855543987||-0.4000461919207703|-0.2914202056938253||-0.38931551686243054||-0.3608799440193646|-0.33522692702426743||-0.3532988845155993||-0.24203672508017238|||0.0|1.0|0.0|1.0|0.0|0.0|0.0|0.0|0.0|0.0|1.0|0.0|0.0|1.0|0.0|0
||-0.4004933085349733||||-0.3368843536861248|0.8360671244105872|-0.34730508222958983|-0.34569845229543783|-0.3654462742907989|-1.3726168615649503|-0.24203672508017238|||0.0|1.0|0.0|1.0|0.0|0.0|0.0|0.0|0.0|1.0|0.0|0.0|1.0|0.0|0.0|0
|||-0.2858192577129501|-0.10788002493898857||-0.35319482566153726|-0.336577846782624|-0.34434436561270076|-0.34994160693140364|-0.36246424358786183||2.4547797629040637|||0.0|1.0|0.0|0.0|1.0|0.0|0.0|0.0|1.0|0.0|0.0|1.0|0.0|0.0|0.0|1
-0.3716697509239385|1.6984563371318504||||-0.38806847725380966|-0.34165815036185526|-0.3595960596370462|||-0.36128020198522504||-0.1599001822989266||-0.2749429460630012|0.0|1.0|0.0|0.0|0.0|0.0|1.0|0.0|0.0|1.0|0.0|0.0|0.0|0.0|1.0|0
-0.3297032477612435|-0.462391138044792||-0.2815108361892|||-0.35200137649260466|-0.7750931428648277||-0.34184103899001433|-0.34759794346586675|-0.33691274279038813||||0.0|1.0|0.0|1.0|0.0|0.0|0.0|1.0|0.0|0.0|0.0|0.0|0.0|1.0|0.0|0
-0.32219345245844544|1.3660182640277516||-0.28495757340820005|||0.6676020301654977|-0.3808718579726077||||0.3285787969619019|-0.24203672508017238|-0.3987524567878295||0.0|1.0|0.0|0.0|1.0|0.0|0.0|1.0|0.0|0.0|0.0|0.0|0.0|1.0|0.0|0
-0.33765479572891205||-0.3979528732270019|||||-0.3749568192112123|1.1650721019459525|1.4306403748520806|-0.36531471411272814|1.756368010368367|-1.3098117812363672|||0.0|1.0|0.0|0.0|0.0|1.0|0.0|1.0|0.0|0.0|0.0|0.0|0.0|1.0|0.0|0
1.7818744903196195|-0.462391138044792||-0.29357441645570037|||-0.3444428650893647|-0.3564780547085587|||-0.3507115343468746|-1.291607544492243||-0.39215627642624995||1.0|0.0|0.0|0.0|0.0|1.0|0.0|0.0|0.0|0.0|1.0|1.0|0.0|0.0|0.0|1
-0.31424190449077694|-0.462391138044792|2.9380045088237736|0.6728045313214577||-0.38981433270587884|-0.3444428650893647|-1.25253764753947||-0.36112810551713176|-0.3482995977489108|-0.324761345229482||||1.0|0.0|0.0|0.0|0.0|1.0|0.0|0.0|0.0|0.0|1.0|1.0|0.0|0.0|0.0|0
|1.8646753736838997|0.9432547050046425|||0.7491357196846984|||-1.3951634758705647|0.3312775828063852|-1.4203396354547864|||||0.0|1.0|0.0|0.0|1.0|0.0|0.0|0.0|0.0|0.0|1.0|0.0|1.0|0.0|0.0|1
|||||-0.3807397214000684||-0.35216787142506134||-0.33759788435404847||-1.7979157761966633|||0.4991184186828339|0.0|1.0|0.0|1.0|0.0|0.0|0.0|0.0|1.0|0.0|0.0|1.0|0.0|0.0|0.0|1
||1.3700478367438351|||0.41627207030666186|1.0057459613630737||-1.1686980657707697|-0.3372121430235061||-0.34379853474156824|-1.6520473761582246|||1.0|0.0|0.0|0.0|0.0|1.0|0.0|1.0|0.0|0.0|0.0|0.0|0.0|0.0|1.0|0
|2.7788800747201714|1.0245486348597268|||||-0.3546668606692167|-0.35269711580339447|-1.5106372705333326||-0.33974806888793285||0.7360654062522592|0.4991184186828339|1.0|0.0|0.0|0.0|0.0|0.0|1.0|1.0|0.0|0.0|0.0|0.0|1.0|0.0|0.0|0
-1.9951107943229285||-0.40760652739729314||-0.37048476694320076||-0.3376799864654132|||||1.3513214250048309||-0.3932556398198465||0.0|1.0|0.0|0.0|1.0|0.0|0.0|0.0|0.0|1.0|0.0|0.0|0.0|1.0|0.0|0
|-0.462391138044792|-0.3793772102551151|-0.27935662542732487|-0.34023642984118435||-0.3472275798168742||-1.4407506688127314||-0.3535620048717409||-0.26941557267392097|-0.3736045191593073||0.0|1.0|1.0|0.0|0.0|0.0|0.0|1.0|0.0|0.0|0.0|0.0|0.0|1.0|0.0|1
|||||||-0.35315371121862726||-0.34184103899001433|-1.4433626666171684|-0.35270955961956607|-3.0209897558456538|-0.39064465176005464|-0.2749429460630012|0.0|1.0|0.0|0.0|0.0|0.0|1.0|0.0|0.0|1.0|0.0|0.0|1.0|0.0|0.0|1
|-0.462391138044792|||-0.36664289516902426|3.221631559084955|2.417994144600008||2.445434983289384|||-0.34622881425374946||-0.3847355735194729|2.821302512920339|0.0|1.0|0.0|0.0|0.0|1.0|0.0|0.0|0.0|0.0|1.0|0.0|0.0|0.0|1.0|1
0.7547995444957688||-0.4084397901783078||-0.3713683974512614|-0.39140670635996405|-0.3448406814790089|1.2378541565557548|||0.7876786864993508|-0.33164713718066213||||0.0|1.0|0.0|0.0|0.0|0.0|1.0|0.0|0.0|0.0|1.0|0.0|1.0|0.0|0.0|0
1.5389105246408592|-0.462391138044792|3.068074796591908||0.5362738091979407|-0.37500333920041234|-0.358366438726912|||-0.3387551083456755|-0.3526410836252456|-0.36648114352192623|-0.2009684536895495|0.12110900795916199|-1.0490043108088363|1.0|0.0|0.0|1.0|0.0|0.0|0.0|0.0|0.0|1.0|0.0|0.0|0.0|1.0|0.0|0
-0.3252857211125388|-0.462391138044792|-0.39711961044598726||-1.4903135516801718|1.1793643846589041|-0.35041011093402785||-0.32473697079886565||-0.34273021687724886|0.16656016281648742||-0.4046615350284113||1.0|0.0|0.0|0.0|0.0|0.0|1.0|0.0|0.0|0.0|1.0|1.0|0.0|0.0|0.0|0
-0.3310285057558549|-0.462391138044792|0.6709200399901102||-0.3789881098033781|-0.3962605682212114|-0.3563773567786909|||-0.34917012427031896|0.5026316340127194|-0.34622881425374946|-0.2146578774864238|||0.0|1.0|0.0|0.0|0.0|0.0|1.0|0.0|0.0|0.0|1.0|0.0|0.0|0.0|1.0|0
|-0.462391138044792|0.4351676434103658|-1.4706351767442405||||-0.3368758913713765|0.9886055486214366||||||-0.2749429460630012|0.0|1.0|1.0|0.0|0.0|0.0|0.0|0.0|0.0|0.0|1.0|1.0|0.0|0.0|0.0|0
-1.5423143128306933||-0.3925468268916388|||-0.36869140025831587|1.821269560133698|-1.7890179072939305||-0.3372121430235061|-0.34715940953896424|||-0.3802006995208869|-0.2749429460630012|1.0|0.0|0.0|1.0|0.0|0.0|0.0|0.0|0.0|0.0|1.0|1.0|0.0|0.0|0.0|1
-0.30187282987440367|-0.462391138044792||-0.28495757340820005|-0.3492264097927574||-0.35080792732367205|-1.685275463901241|||-0.9478193292173319|||-0.3836362101258763|-1.0490043108088363|0.0|1.0|0.0|0.0|0.0|1.0|0.0|0.0|0.0|1.0|0.0|0.0|0.0|1.0|0.0|0
-0.3093826251772017|-0.462391138044792|-0.40427347627323473|-0.2815108361892||-0.37164592486951||2.2408888302419787|-0.33285443225179334|||-0.357975165229292|1.770308573060349|||0.0|1.0|0.0|0.0|0.0|0.0|1.0|0.0|0.0|0.0|1.0|1.0|0.0|0.0|0.0|0
0.33513451286881907|-0.462391138044792|-0.3947011160327985|-0.282803362646325||0.8795952479711912||0.927773151719042|-0.3381680362463427|1.700659306231725||||-0.39765309339423294||1.0|0.0|1.0|0.0|0.0|0.0|0.0|1.0|0.0|0.0|0.0|0.0|0.0|0.0|1.0|0
-1.6748401122918353|||1.8899336117808745|-0.37070247301040415|-0.3928455982160651|-0.3484210289858068|-0.3644564790843942|1.4258504529699592|||1.1690504615912396||-0.3965537300006364||0.0|1.0|1.0|0.0|0.0|0.0|0.0|0.0|1.0|0.0|0.0|0.0|1.0|0.0|0.0|1
-0.30187282987440367|-0.462391138044792|||2.369807113423683|1.995695697686884|-0.3547860912201141|0.833201311057198|-0.34310909973942916|-0.342612521651099|-0.3612363485925348|||-0.39545436660703975||0.0|1.0|0.0|0.0|0.0|1.0|0.0|0.0|0.0|1.0|0.0|1.0|0.0|0.0|0.0|1
-1.3987446967477895||-0.4031556847377273|0.888225607508965||-0.37141570217253383|1.483125628936122|||-0.3522560549146578||-0.35513983913174724||-0.39284337854724777|-0.2749429460630012|0.0|1.0|1.0|0.0|0.0|0.0|0.0|0.0|0.0|1.0|0.0|0.0|0.0|0.0|1.0|0
2.68746745330409||1.5448297859322664||||-0.9534997576346455||-0.3380699992722735||-0.3561493550404657|||-0.38281168758067885|-1.0490043108088363|0.0|1.0|0.0|0.0|0.0|0.0|1.0|0.0|0.0|0.0|1.0|0.0|0.0|0.0|1.0|0
|-0.462391138044792||-0.2931435743033253|0.40981219663129703||-0.3348952717379038||-0.34865799247174445||-0.3668057294641967|2.809489132313561|1.0858373832166341|||0.0|1.0|1.0|0.0|0.0|0.0|0.0|0.0|0.0|0.0|1.0|0.0|0.0|0.0|1.0|1
|||||||-0.3462069796500118|-0.33624651155458685|-1.5877855366418026||-0.3543297459610202||1.22390791216075||0.0|1.0|0.0|0.0|1.0|0.0|0.0|0.0|0.0|0.0|1.0|1.0|0.0|0.0|0.0|1
-0.2978970558905694||0.5332284462980612||-0.3611362122927046|2.4465484792652044|-0.33887343563434585|-0.3664969381920074||||-0.35068432669274835||0.48527313208803524|-1.0490043108088363|0.0|1.0|0.0|0.0|0.0|1.0|0.0|0.0|1.0|0.0|0.0|0.0|0.0|1.0|0.0|0
||-0.3956766431910595|||||1.7903829710891948|-0.3393248725403589|-0.35919939886442004||0.45009277257096286|-0.25572614887704664|-0.39435500321344313|1.2731797834286689|1.0|0.0|0.0|0.0|0.0|0.0|1.0|1.0|0.0|0.0|0.0|1.0|0.0|0.0|0.0|0
-0.3160089151502588|-0.462391138044792|-0.38915280532018903||||-0.3444428650893647|||-1.279192472207923||-0.3356976030342975||||0.0|1.0|1.0|0.0|0.0|0.0|0.0|0.0|0.0|1.0|0.0|0.0|0.0|0.0|1.0|1
||-0.40128592435106036||-0.3637102663814028|-0.3750800800994044|-0.3364865372964806|-1.626812871492101|1.8523112901708723||1.8489307896034246||||-1.0490043108088363|1.0|0.0|0.0|0.0|0.0|0.0|1.0|1.0|0.0|0.0|0.0|0.0|0.0|0.0|1.0|0
-1.1226492812037434|||-1.30906936960361|-0.36240402997818283|0.6273095425348117|-0.35160356010296046|-0.3529702991640103||-0.3410695563289296|-0.3482995977489108||-0.2146578774864238|||1.0|0.0|1.0|0.0|0.0|0.0|0.0|0.0|0.0|1.0|0.0|1.0|0.0|0.0|0.0|0
-0.35399964432911957||-0.40898852420482956|-0.2944361007604504|-1.172398662367065||-0.3563773567786909||-0.3145999476801129|-0.3483986416092343||2.8904984493862687|-1.3098117812363672|-0.395042105334441||0.0|1.0|0.0|0.0|1.0|0.0|0.0|0.0|0.0|1.0|0.0|1.0|0.0|0.0|0.0|0
|||0.6512624237027069|||-0.34086251758256686||-0.33993270177958784||-0.3580350509261465|-0.3417733018147506||0.6879682577824081|-0.2749429460630012|0.0|1.0|0.0|0.0|0.0|0.0|1.0|0.0|0.0|0.0|1.0|0.0|0.0|0.0|1.0|0
1.1192454930139093|-0.462391138044792|2.661605147316487||2.9179141532061994|||||1.623511040123255||||||1.0|0.0|0.0|0.0|1.0|0.0|0.0|1.0|0.0|0.0|0.0|1.0|0.0|0.0|0.0|0
|-0.462391138044792||-0.28495757340820005|-0.37104824147008|-0.37926245909447137|||3.1807122888082|-0.34917012427031896|||-0.1872790298926752|||1.0|0.0|0.0|0.0|0.0|0.0|1.0|0.0|0.0|1.0|0.0|0.0|0.0|0.0|1.0|0
0.6554051948999123|-0.462391138044792||||-0.3859197320820321|-0.325745494776087|-0.35741804148847034|-0.3317368107474048|||-0.3575701186439285||||1.0|0.0|0.0|1.0|0.0|0.0|0.0|0.0|0.0|0.0|1.0|0.0|0.0|0.0|1.0|0
||-0.3928110321636678||-0.35463064275509903|-0.3918287813044203|||-0.3318740625111016|-0.3372121430235061|0.7646556553369691|0.5918590774482004||||0.0|1.0|0.0|0.0|0.0|1.0|0.0|0.0|0.0|0.0|1.0|1.0|0.0|0.0|0.0|0
|-0.462391138044792||-0.2746173617511997|||||||0.6122651157383469||-0.25572614887704664|0.6433066199175462||0.0|1.0|0.0|0.0|0.0|0.0|1.0|0.0|0.0|1.0|0.0|1.0|0.0|0.0|0.0|1
|-0.462391138044792|-0.40931369992424993||0.3582670836610954|||||-0.33026879907374385|||||0.4991184186828339|0.0|1.0|0.0|0.0|0.0|0.0|1.0|0.0|0.0|1.0|0.0|0.0|0.0|0.0|1.0|0
0.2578277965164862|||-1.395237800078613|0.48056666847238116|-0.39495597293834656||||||-1.889051257903459|-0.26941557267392097||2.047241148174504|0.0|1.0|0.0|0.0|0.0|1.0|0.0|1.0|0.0|0.0|0.0|0.0|0.0|0.0|1.0|1
-1.1999559975560763||0.947827488558991|-0.28711178417007516||-0.37820727173333063|-1.3314253277966421||-0.3318544551162878||-0.34987831988575985|1.1690504615912396|-0.25572614887704664|-1.1397233840719367||0.0|1.0|0.0|1.0|0.0|0.0|0.0|1.0|0.0|0.0|0.0|0.0|0.0|1.0|0.0|1
||-0.3970179930336684|-0.29659031152232546|-0.35913843897013276|1.7501248209123097|||-0.33905036901296526||-0.3571141296796512|0.9158963457390293|0.7436017882947767|0.770420512302153|0.4991184186828339|0.0|1.0|1.0|0.0|0.0|0.0|0.0|0.0|0.0|0.0|1.0|0.0|0.0|0.0|1.0|0
-0.2987805612203104|1.8646753736838997||-0.2957286272175754|-0.36853821857761804|-0.39048581557205936|-1.3513161472788524|-0.3620721223743744||-0.34608419362598014|-0.35996460020451754|||-0.38391105097427547|-0.2749429460630012|0.0|1.0|0.0|0.0|1.0|0.0|0.0|0.0|0.0|0.0|1.0|0.0|0.0|0.0|1.0|0
-0.3380965483937825|||-0.30305294380795067|-0.37317407718512435|-0.38507558219311955|||-1.3211455604483373||0.553063035606508|-0.34055816205865996||-0.37951359739988905|0.4991184186828339|0.0|1.0|0.0|0.0|1.0|0.0|0.0|0.0|0.0|0.0|1.0|0.0|0.0|0.0|1.0|0
|||||-0.37907060684699123|||1.2366390930164504|-0.3495558656008613|||||-0.2749429460630012|1.0|0.0|1.0|0.0|0.0|0.0|0.0|1.0|0.0|0.0|0.0|0.0|0.0|0.0|1.0|0
||-1.0037349150246264||-0.3784886664727352|||||||||-0.4046615350284113||0.0|1.0|0.0|0.0|1.0|0.0|0.0|0.0|0.0|1.0|0.0|0.0|0.0|1.0|0.0|0
1.9585755562678089|||1.588344105118364|-0.3687559246448213||1.880942018580329|0.1259185754407405|-1.2000698974729056||||-1.3098117812363672||-1.0490043108088363|0.0|1.0|0.0|0.0|0.0|0.0|1.0|0.0|0.0|0.0|1.0|0.0|0.0|0.0|1.0|1
2.223627155190093||1.5041828210047241|-0.2888351527795752|-1.442930466465328|-0.3693053274502523||||-0.3368264016929638|0.441236884246368|-0.3417733018147506|-0.22834730128329808|||0.0|1.0|0.0|0.0|0.0|1.0|0.0|1.0|0.0|0.0|0.0|1.0|0.0|0.0|0.0|0
|-0.462391138044792|-0.40663100023903215|||0.9299564629347269|-0.3360887209068364||-0.34440318779714224|0.3505646493335027|||-0.07776363951768084|-0.3869343003066661|-0.2749429460630012|0.0|1.0|0.0|1.0|0.0|0.0|0.0|0.0|0.0|1.0|0.0|0.0|0.0|1.0|0.0|1
|-0.462391138044792|-0.3932581487778708||0.7882365663876839|||-0.3483391447849334|-0.7986084886596322|-0.35148457225357305|-0.8195481555983478|-0.3486590937659307||-0.3869343003066661||1.0|0.0|0.0|0.0|0.0|0.0|1.0|1.0|0.0|0.0|0.0|0.0|0.0|0.0|1.0|0
|-0.462391138044792|1.6494957206206873||-0.3580242961556216|||-0.3693627515453966|-0.3171489090059115||-0.3350997265491452|-0.3486590937659307||||0.0|1.0|0.0|0.0|0.0|0.0|1.0|1.0|0.0|0.0|0.0|0.0|0.0|0.0|1.0|0
-0.29568829256621704||-0.3919574459001894|0.8666834998902142||3.1237869128700857|-1.3612615570199575|-0.3596189861438733|-0.3499520805294576||-0.3681213312449042|||1.409425484830176|-1.0490043108088363|0.0|1.0|0.0|1.0|0.0|0.0|0.0|0.0|0.0|0.0|1.0|1.0|0.0|0.0|0.0|1
|-0.462391138044792||-0.27418651959882473|-0.34834277928469676|-1.644221067630002|-1.560169751842061||||0.9510325742705358|1.4120784128093613|-0.2009684536895495|-1.2496597234315967||1.0|0.0|0.0|0.0|1.0|0.0|0.0|0.0|0.0|1.0|0.0|1.0|0.0|0.0|0.0|1
|-0.462391138044792|-0.41098022548627916|-0.2905585213890753|-1.1189326135097752|-0.39727738513285615||-0.36895007442250854|-0.3277761169950101|-0.3410695563289296|||-0.2146578774864238|||1.0|0.0|0.0|0.0|0.0|1.0|0.0|1.0|0.0|0.0|0.0|0.0|0.0|0.0|1.0|0
||-0.3975057566127989||1.751265757781264||-1.3811523765021678|||-1.5395678703240088||-1.4131215201013039||||0.0|1.0|0.0|0.0|0.0|1.0|0.0|1.0|0.0|0.0|0.0|0.0|0.0|0.0|1.0|0
-0.30275633520414463||-0.403887330106423|1.060562468458971||-0.3832338006173102|-1.450770244689904||||-0.3456245407948054|-1.3928691908331272||-0.3884459249728614||0.0|1.0|0.0|0.0|0.0|0.0|1.0|0.0|0.0|0.0|1.0|1.0|0.0|0.0|0.0|0
|1.9477848919599245|||-0.3536701748115549|-0.38766558753410135|-0.34205596675149946|3.2496551306349812||||-1.6966541298557793|||-0.2749429460630012|1.0|0.0|0.0|0.0|0.0|0.0|1.0|0.0|0.0|0.0|1.0|0.0|0.0|0.0|1.0|0
|-0.462391138044792|-0.38167376377352125|-0.28452673125582506|-0.34269522777665734|-0.387205142140149|1.7615971016870668||-1.4755537946072885||1.8138480754512238||1.4280729781384915|-1.1122392992320218|0.4991184186828339|0.0|1.0|0.0|0.0|0.0|0.0|1.0|0.0|0.0|0.0|1.0|0.0|0.0|1.0|0.0|1
-0.3014310772095332|2.861989592996196||||-0.4065630339108948||0.4675235271647345|-0.32116842494274767|||-0.346633860839113||0.5780319184227483|-0.2749429460630012|0.0|1.0|0.0|0.0|0.0|0.0|1.0|0.0|0.0|1.0|0.0|0.0|0.0|0.0|1.0|0
||-0.3956156727436682||1.852435047834579||-0.3547860912201141||||-0.3547460464743777|-1.3928691908331272|-0.26941557267392097|-0.3884459249728614|-0.2749429460630012|0.0|1.0|0.0|0.0|0.0|0.0|1.0|0.0|0.0|0.0|1.0|1.0|0.0|0.0|0.0|0
||-1.4854014494160008||-0.35785781504540726||||||-0.35764037039193425|0.6424899006186424|-0.2009684536895495|||0.0|1.0|1.0|0.0|0.0|0.0|0.0|0.0|0.0|0.0|1.0|0.0|0.0|0.0|1.0|0
|-0.462391138044792||-0.30046789089370063|-0.35696137829809943|0.5155556083776324|0.3692397379323425||||1.7897287094715861|||||1.0|0.0|0.0|0.0|0.0|0.0|1.0|0.0|0.0|1.0|0.0|0.0|0.0|0.0|1.0|0
-0.3195429364692226||-0.39185582848787054|||||0.18724698120326963|||||-0.1872790298926752|0.8734858304518341|-0.2749429460630012|0.0|1.0|0.0|0.0|0.0|0.0|1.0|0.0|0.0|1.0|0.0|0.0|0.0|0.0|1.0|1
||-0.403623124834394|||-0.3841738766299629|1.423453170489491||-0.3525402566448838|0.8906025120927917|0.8863488200524156|||-1.771857335389981||0.0|1.0|0.0|0.0|0.0|0.0|1.0|0.0|0.0|0.0|1.0|0.0|0.0|1.0|0.0|1
|||-0.27806409897019985|0.6733005691435698||-0.3484210289858068|0.34601304098103197|-0.33469752736429387||-1.487216059307419|-0.36202563108292735||-0.39916471806042825||1.0|0.0|0.0|1.0|0.0|0.0|0.0|1.0|0.0|0.0|0.0|0.0|0.0|0.0|1.0|0
|2.7788800747201714|||||||-0.3497167917916915||-0.3678582108887627|-0.34622881425374946|-0.22834730128329808|-0.3847355735194729|-0.2749429460630012|0.0|1.0|0.0|0.0|0.0|1.0|0.0|1.0|0.0|0.0|0.0|0.0|1.0|0.0|0.0|0
0.6112299284128649|||-0.28409588910345007|0.6345616954206232|0.7146023151382738|1.7019246432404358|0.7604096518811121|-0.3365406224767944|-0.33759788435404847|-0.35461448629630693||-0.26941557267392097|-0.3887207658212606|0.4991184186828339|0.0|1.0|0.0|0.0|0.0|1.0|0.0|1.0|0.0|0.0|0.0|0.0|0.0|0.0|1.0|0
-0.321751699793575|||||-0.39415019349892993|-0.3464319470375858|||1.989965304138487|-0.3353628469052867||-1.3098117812363672|-0.377589711461095||1.0|0.0|0.0|0.0|0.0|1.0|0.0|1.0|0.0|0.0|0.0|0.0|0.0|0.0|1.0|0
|2.5295515198920975|-0.3906364195400443||2.1194451361398468||-0.35160356010296046|0.7008007341306164|||1.5945811119999689||||-1.0490043108088363|0.0|1.0|0.0|1.0|0.0|0.0|0.0|0.0|0.0|0.0|1.0|0.0|0.0|0.0|1.0|0
||-0.7888140879702471|-0.2797874675796999|-0.7789269614951534|-0.37937757044295944|-0.3432494159204321||-1.6363344320807363|||||1.993462287678369|-1.0490043108088363|0.0|1.0|0.0|0.0|0.0|0.0|1.0|0.0|0.0|0.0|1.0|0.0|0.0|1.0|0.0|0
|-0.462391138044792||-0.30305294380795067||-0.3818524644354532|-0.36115115345442145|-0.35329127025958995|-0.3348739939176184|||1.2703121079321236|2.112544167982206|-0.3947672644860418||0.0|1.0|1.0|0.0|0.0|0.0|0.0|1.0|0.0|0.0|0.0|0.0|0.0|0.0|1.0|0
-0.3151254098205179|-0.462391138044792||-0.27504820390357476|-0.3699597111340633|2.8206603618514703|||-0.3346583125746662|||-0.34825404718056713||||1.0|0.0|0.0|0.0|0.0|0.0|1.0|0.0|0.0|0.0|1.0|0.0|0.0|0.0|1.0|1
|-0.462391138044792|-1.4132530866696136|-0.2905585213890753|-0.3609441187039958|0.24552357004934053|-0.35160356010296046|-0.36846861777913914|3.296395918209827|-0.3429982629816414|-0.3593945060995443|-0.9473179469332372|1.0858373832166341||0.4991184186828339|0.0|1.0|0.0|0.0|1.0|0.0|0.0|0.0|0.0|1.0|0.0|1.0|0.0|0.0|0.0|0
-0.33367902174507774|1.6153468188558258|2.8892281509107227||0.4882504120207342|-0.40184346862288345||0.1557230343159883|-0.3517363534575166|-1.5202808037968913|0.9258168734736415|-0.3502792801073848||1.409425484830176|1.2731797834286689|0.0|1.0|0.0|0.0|0.0|1.0|0.0|1.0|0.0|0.0|0.0|0.0|1.0|0.0|0.0|0
-2.2601623932452126|||-1.4060088538879885|1.901739068936511|0.5294648963199423||-0.356936584845101|-1.8569176237363811|-0.3298830577432015||-0.36405086400974507|-0.1599001822989266||-0.2749429460630012|0.0|1.0|0.0|1.0|0.0|0.0|0.0|0.0|0.0|1.0|0.0|0.0|0.0|1.0|0.0|0
1.2296836592315277|-0.462391138044792|-0.40205821668468367|1.8899336117808745|-0.3645298656932272|-0.39817909069601276|-0.33887343563434585|2.1835725631741947|-0.33040350790006395|-0.34531271096489546|||||-0.2749429460630012|0.0|1.0|0.0|0.0|0.0|1.0|0.0|1.0|0.0|0.0|0.0|0.0|0.0|0.0|1.0|0
|-0.462391138044792|2.6128287894034363|-1.6214299300754957||-0.3851715083168596||-1.370609157699106||||-0.3458237676683859|-0.24203672508017238|-0.3843233122468742||0.0|1.0|0.0|0.0|0.0|1.0|0.0|1.0|0.0|0.0|0.0|0.0|0.0|1.0|0.0|0
1.5941296077496683|-0.462391138044792||-0.2862500998653251|-0.3614819807523805|2.9587939800371683|-0.34006688480327846|||1.777807572340195||-0.33286227693675274||-0.37250515576571075||0.0|1.0|0.0|0.0|0.0|0.0|1.0|0.0|0.0|0.0|1.0|1.0|0.0|0.0|0.0|0
|-0.462391138044792|-0.4233369028242519||||||||||-0.6253405913926526|-0.38982012921485715||0.0|1.0|1.0|0.0|0.0|0.0|0.0|0.0|0.0|1.0|0.0|1.0|0.0|0.0|0.0|1
|||-0.28495757340820005||-0.38697491944317286|-0.348818845375451|||-0.34145529765947197|-0.3540443921913336||-0.2009684536895495|2.763016663195988|-0.2749429460630012|0.0|1.0|0.0|1.0|0.0|0.0|0.0|1.0|0.0|0.0|0.0|0.0|0.0|0.0|1.0|0
-0.30054757187979225|-0.462391138044792||-0.28366504695107503|-0.38060169594853227||-0.3472275798168742|-0.356134157106152|||-0.369480786418302|-0.35230451303420246|||1.2731797834286689|1.0|0.0|0.0|1.0|0.0|0.0|0.0|1.0|0.0|0.0|0.0|1.0|0.0|0.0|0.0|0
0.42348504584291374|-0.462391138044792|||-0.3464858745938448|||0.22220990411461802|-0.3422659817624342|||-0.3510893732781119|-0.1735896060958009|-0.3891330270938593||1.0|0.0|0.0|0.0|0.0|0.0|1.0|0.0|0.0|0.0|1.0|0.0|0.0|1.0|0.0|0
|||1.0282493070308447||0.3097940729551862|||-0.3156195322104323||-0.3335648578049864|-0.34258339498547763||||1.0|0.0|0.0|0.0|0.0|0.0|1.0|1.0|0.0|0.0|0.0|0.0|0.0|1.0|0.0|0
|-0.462391138044792|0.23193281877265512|||-0.3690175490790321|-0.33927125202399006|2.375008895180594|-0.31812927874660324|-0.34338400431218374||||-0.38322394885327754|-0.2749429460630012|0.0|1.0|0.0|0.0|0.0|0.0|1.0|1.0|0.0|0.0|0.0|1.0|0.0|0.0|0.0|0
|-0.462391138044792|-0.3990706647625093||-0.36134111212066067|1.4728983233035127|-0.33051929145181747|-0.35714292340654497|-0.3295015677386276|-1.3659842715799517||-0.35068432669274835||-0.3887207658212606||0.0|1.0|0.0|0.0|0.0|0.0|1.0|1.0|0.0|0.0|0.0|0.0|0.0|0.0|1.0|0
0.07008291394653497|-0.462391138044792||||-0.384384914102191|1.8411603796159082|0.5993509414206383||-0.3468556762870649|-1.3644265597747163|-0.35068432669274835||-0.3887207658212606||0.0|1.0|0.0|0.0|0.0|1.0|0.0|0.0|0.0|1.0|0.0|0.0|0.0|0.0|1.0|0
-0.31203314116642455|-0.462391138044792||-0.27418651959882473|0.6204748322486426|-0.4061985146406825||0.4858647326264255||||||0.9937287016264622||0.0|1.0|0.0|0.0|0.0|0.0|1.0|0.0|0.0|0.0|1.0|0.0|0.0|0.0|1.0|0
-0.31556716248538835|-0.462391138044792|||||-0.335293088127548|0.9443948691686993||||||-0.3836362101258763|-0.2749429460630012|1.0|0.0|0.0|0.0|0.0|0.0|1.0|0.0|0.0|0.0|1.0|1.0|0.0|0.0|0.0|0
|-0.462391138044792||1.0713335222683462|-0.3645554781717217|2.6364822042705396|||-0.3269329990180152|-0.34531271096489546|-0.34492288651176145|-0.34339348815620474|-0.22834730128329808|||0.0|1.0|0.0|0.0|0.0|1.0|0.0|0.0|0.0|0.0|1.0|0.0|0.0|0.0|1.0|0
|||-0.2888351527795752|-1.1941692690873986|-0.3834448380895384||-0.35491905224431497|-0.3360700450012623|||1.8171249981728974|-0.26941557267392097|||0.0|1.0|0.0|0.0|0.0|0.0|1.0|1.0|0.0|0.0|0.0|1.0|0.0|0.0|0.0|0
||0.8355402479466558|0.5866361008464547|-0.3481891044137297||0.11065908466360799|-0.35904582347319547|-0.3544421739418258|||-0.35878525840001907|||-0.2749429460630012|0.0|1.0|0.0|0.0|1.0|0.0|0.0|0.0|0.0|0.0|1.0|0.0|0.0|0.0|1.0|0
|||0.9959361456027187|-0.3675777506340739|-0.38246639162738966||-0.35391028594392193|||2.7128426256013687|-0.3555448857171108|-0.2146578774864238|-0.3932556398198465||1.0|0.0|0.0|0.0|0.0|1.0|0.0|1.0|0.0|0.0|0.0|0.0|0.0|0.0|1.0|0
0.9535882436874817||||||0.2896764600035011||0.7449836680595354|1.3342050422164933||1.6348540347593061|||-0.2749429460630012|0.0|1.0|0.0|0.0|0.0|0.0|1.0|0.0|0.0|1.0|0.0|0.0|0.0|0.0|1.0|1
-0.31424190449077694||-0.38055597223801385||-0.3415042475266626|||2.542372395018524|1.6101599642200088|||3.13352640060439|-0.24203672508017238|1.1895528061108562||0.0|1.0|0.0|1.0|0.0|0.0|0.0|1.0|0.0|0.0|0.0|0.0|0.0|0.0|1.0|1
|3.0282086295482458|-0.41128507772323575|-0.29012767923670024|-1.1109287139802408|-0.39152181770845207|||2.020934885569854||-0.34808033078545947|-0.335292556448934||0.835695213796951|1.2731797834286689|1.0|0.0|0.0|1.0|0.0|0.0|0.0|0.0|0.0|1.0|0.0|0.0|0.0|1.0|0.0|1
||0.08052287441756052|-0.27806409897019985|0.7075572591299771||-0.33330400617932693|||||-0.34420358132693174||0.6330000881025781||0.0|1.0|0.0|0.0|0.0|0.0|1.0|1.0|0.0|0.0|0.0|0.0|0.0|0.0|1.0|0
-0.3164506678151293||-0.3932784722603345||0.7875962544253212||||0.1072531517395491|-0.3372121430235061|-0.37680430299757395|-0.3413682552293871|-0.22834730128329808||-0.2749429460630012|1.0|0.0|0.0|1.0|0.0|0.0|0.0|0.0|0.0|0.0|1.0|0.0|1.0|0.0|0.0|0
3.0629572184439926|2.030894410235949|-1.0906178025572477||0.29679713527427115||1.423453170489491|-0.358954117445887|-0.32814865749647293|||0.2982003030596367|||-0.2749429460630012|0.0|1.0|1.0|0.0|0.0|0.0|0.0|1.0|0.0|0.0|0.0|0.0|0.0|0.0|1.0|0
|||-0.2858192577129501|||0.2797310502623959||||-0.3612363485925348||-0.22834730128329808|-0.39105691303265333||0.0|1.0|0.0|0.0|1.0|0.0|0.0|0.0|0.0|1.0|0.0|0.0|0.0|1.0|0.0|1
|-0.462391138044792|-0.40272889160598807|-0.2892659949319502||0.35631824296911924|||-0.3289525606838402|-1.356340738316393||||-0.39284337854724777||0.0|1.0|0.0|0.0|0.0|0.0|1.0|0.0|0.0|0.0|1.0|1.0|0.0|0.0|0.0|0
1.2407274758532896|-0.462391138044792|||0.6813044686731042|0.7851080160872239||-0.3711051660642572|-0.3213252841012583|2.2214101024638966|||-0.24203672508017238|0.983422169811494|-0.2749429460630012|1.0|0.0|1.0|0.0|0.0|0.0|0.0|0.0|0.0|0.0|1.0|0.0|0.0|1.0|0.0|0
1.4947352581538118||1.4371153288742797|1.7822230736871207|-0.36257051108839716||-1.3115345083144316||-1.7466260279085588|-0.3472414176176072|-0.3412830549184706|||-0.3924311172746491||1.0|0.0|0.0|0.0|0.0|0.0|1.0|0.0|0.0|1.0|0.0|0.0|0.0|0.0|1.0|0
-0.30540685119336747|-0.462391138044792|-0.40346053697468387||||-0.3440450486997205||0.8145899196486501|1.3920662417978458||-0.34622881425374946|-0.1872790298926752|||0.0|1.0|0.0|0.0|1.0|0.0|0.0|0.0|0.0|0.0|1.0|1.0|0.0|0.0|0.0|0
-0.30275633520414463|2.030894410235949||-1.599887822456745|3.385341885731009|0.5611205171541648|2.8357013537264257|1.6046782657895737|1.7611369042865392|-0.34762715894814955|-0.3532988845155993|||-0.40026408145402487|-0.2749429460630012|0.0|1.0|0.0|1.0|0.0|0.0|0.0|0.0|0.0|1.0|0.0|0.0|0.0|0.0|1.0|0
|-0.462391138044792|-1.6083585183218159||0.8513072946804151||-0.3547860912201141||0.6739068618593832|-0.3483986416092343||-0.35594993230247435|-0.24203672508017238|||1.0|0.0|0.0|0.0|0.0|1.0|0.0|1.0|0.0|0.0|0.0|0.0|0.0|0.0|1.0|0
-0.3394218063883939||||-0.35959946358303396|-0.3846535072486632|||-0.34932464389541484|-0.3541847615673695|||-0.2146578774864238|||0.0|1.0|0.0|0.0|0.0|1.0|0.0|0.0|0.0|1.0|0.0|1.0|0.0|0.0|0.0|0
-0.32705273177202066||-0.39990392754352394|1.739138858449619||-0.382965207470838|||-0.33281521746216575|||-0.357975165229292|1.0858373832166341|-0.39545436660703975|-1.0490043108088363|0.0|1.0|0.0|0.0|0.0|0.0|1.0|0.0|0.0|0.0|1.0|0.0|0.0|0.0|1.0|0
|-0.462391138044792||||-0.3769410468999617||-0.3482932917712791|-0.32799179833796227|||||-1.057271129552192||0.0|1.0|0.0|0.0|0.0|1.0|0.0|0.0|0.0|1.0|0.0|0.0|0.0|0.0|1.0|0
-0.3283779897666321||-0.40579773745801756|||-1.7128082461041507|||-0.3424424483157587|-0.3472414176176072|0.49934262956095055|-0.3498742335220213|-0.1735896060958009|-0.3880336637002627||1.0|0.0|0.0|1.0|0.0|0.0|0.0|0.0|0.0|1.0|0.0|0.0|0.0|1.0|0.0|0
-0.33765479572891205|-0.462391138044792||-1.513719391981742||-0.39796805322378465||2.204206419318597|-0.34350124763570583|-0.34994160693140364|1.3402314343965132||1.0858373832166341|0.2241743261088431|2.047241148174504|0.0|1.0|0.0|0.0|0.0|0.0|1.0|0.0|0.0|0.0|1.0|0.0|0.0|0.0|1.0|1
-0.304965098528497||-0.4114476655829459|2.320775764155889|||||-0.3477364449154942|||1.553844717686599|-0.1872790298926752|0.46466006845809904|-0.2749429460630012|0.0|1.0|0.0|1.0|0.0|0.0|0.0|0.0|1.0|0.0|0.0|0.0|0.0|0.0|1.0|0
||1.4777622938018218|0.5004676703714518|||-1.6098968005475869|-0.36019214881455114||-0.33335472971808267|-0.3532988845155993|||||0.0|1.0|0.0|0.0|0.0|0.0|1.0|0.0|0.0|1.0|0.0|1.0|0.0|0.0|0.0|0
||-0.3952904970242479||-0.35728153427928083|0.6570466408942329||-0.3517551943021733|0.7082198027835946||0.69668289666708|-0.3454187210830224||-0.38391105097427547||0.0|1.0|0.0|0.0|0.0|0.0|1.0|0.0|0.0|1.0|0.0|0.0|0.0|1.0|0.0|0
-0.32926149509637304|-0.462391138044792||1.4375493517871087|-0.35092963961264234|||-0.34139241321631786||-0.3306545404042862|||||-1.0490043108088363|0.0|1.0|0.0|0.0|0.0|0.0|1.0|0.0|0.0|0.0|1.0|0.0|0.0|0.0|1.0|1
||-0.3948230569275812|0.7805150694152113||-0.3838669130339946|||-0.34001113135884314||-1.3534632116021537|0.1766863274505758|-0.22834730128329808||-1.0490043108088363|0.0|1.0|0.0|0.0|0.0|1.0|0.0|0.0|0.0|1.0|0.0|0.0|0.0|1.0|0.0|0
2.002750822754856|2.030894410235949|-1.4483110939196187|0.6081782084652054||1.562109618381776|1.4035623510072806||-0.34669725299036097||-0.3648323267931354||1.0858373832166341|-0.3784142340062925||0.0|1.0|0.0|0.0|1.0|0.0|0.0|0.0|0.0|0.0|1.0|0.0|1.0|0.0|0.0|0
|-0.462391138044792||-0.2948669429128254||||-0.3558819655310538||-0.3387551083456755|||-0.25572614887704664|-0.38734656157926484|-0.2749429460630012|1.0|0.0|0.0|0.0|0.0|0.0|1.0|0.0|0.0|0.0|1.0|0.0|0.0|0.0|1.0|0
-0.3093826251772017|-0.462391138044792|-0.4098014635033804|-1.686056252931748|||1.483125628936122||0.26068101615780875||0.2460892867747511||-0.25572614887704664|0.7257588744372911||0.0|1.0|0.0|0.0|0.0|1.0|0.0|0.0|0.0|0.0|1.0|0.0|0.0|1.0|0.0|0
2.2898900549206638||-0.398745489043089||-0.3609825374217375|||-0.3434787253375853|||||-0.24203672508017238|||0.0|1.0|0.0|0.0|1.0|0.0|0.0|0.0|0.0|0.0|1.0|0.0|0.0|0.0|1.0|0
-0.3438393330370987|-0.462391138044792||-1.3198404234129855|-0.3703054795937392||1.1648725172207564||-0.34601099417187675|||-0.33407741669284335|-0.13252133470517802|-0.3736045191593073||1.0|0.0|0.0|0.0|1.0|0.0|0.0|0.0|0.0|0.0|1.0|1.0|0.0|0.0|0.0|0
||-0.41392713044352597||||-0.35080792732367205||0.41704998979814356||-0.36434993947354266||-0.22834730128329808|-1.455790359730959||0.0|1.0|0.0|0.0|0.0|1.0|0.0|1.0|0.0|0.0|0.0|1.0|0.0|0.0|0.0|0
||-0.4157765673477291|-0.2948669429128254|-0.37923142834907597||1.1250908782563358|-0.34852255683955025||||||1.5056197817698784|1.2731797834286689|0.0|1.0|0.0|0.0|0.0|1.0|0.0|1.0|0.0|0.0|0.0|0.0|0.0|0.0|1.0|0
1.0861140431486238|||||-0.38530580489009564||||-0.34184103899001433||-1.4131215201013039|-0.2146578774864238||-1.0490043108088363|0.0|1.0|0.0|0.0|0.0|0.0|1.0|0.0|0.0|1.0|0.0|0.0|0.0|0.0|1.0|0
-0.2908290132526418|-0.462391138044792||-0.28366504695107503|||-0.35160356010296046|-0.358954117445887|-0.341109145468418|-0.3445412283038108|-0.35921909252878326|||||1.0|0.0|0.0|0.0|0.0|1.0|0.0|1.0|0.0|0.0|0.0|1.0|0.0|0.0|0.0|0
-0.29922231388518084|-0.462391138044792||-1.5029483381723667||-0.3909654461907597|-0.3440450486997205||-0.33640337071309756|-0.3368264016929638||1.8576296567092512|-0.25572614887704664|-0.38391105097427547|-0.2749429460630012|1.0|0.0|0.0|0.0|0.0|0.0|1.0|0.0|0.0|1.0|0.0|0.0|0.0|1.0|0.0|1
||0.4229735539321031|0.7697440156058359||1.3501128849162254|-0.32932584228288486|1.4063639817350404||0.4759305817597662||||||0.0|1.0|0.0|1.0|0.0|0.0|0.0|0.0|0.0|1.0|0.0|0.0|0.0|1.0|0.0|0
-0.2987805612203104|-0.462391138044792||0.5220097779902025||0.7572894402026041||-0.347674276086947|-0.34428554342825923|||-0.35230451303420246||-0.3902323904874559||0.0|1.0|0.0|0.0|0.0|0.0|1.0|0.0|0.0|1.0|0.0|1.0|0.0|0.0|0.0|0
|-0.462391138044792|-0.4017330409652633|1.7606809660683698|1.5252356350672125|-0.38812603292805364|-0.3448406814790089||||-0.3620257096609593|-0.357975165229292|-0.2009684536895495|-0.39545436660703975|-0.2749429460630012|0.0|1.0|1.0|0.0|0.0|0.0|0.0|0.0|0.0|0.0|1.0|1.0|0.0|0.0|0.0|0
-0.33765479572891205|1.1997992274757021||1.0282493070308447|1.0482032231069616|-0.38824114427654177||-1.292659034486919||-0.3410695563289296|-0.34251094991379766|-0.3356976030342975||||1.0|0.0|0.0|0.0|0.0|1.0|0.0|1.0|0.0|0.0|0.0|0.0|1.0|0.0|0.0|0
-0.3151254098205179||-0.403623124834394||1.4240663450138975|-0.38271579954911383|||-0.33720727390046473|-0.3541847615673695||||-0.37690260934009717||0.0|1.0|0.0|0.0|1.0|0.0|0.0|0.0|0.0|0.0|1.0|0.0|0.0|1.0|0.0|0
-0.3279362371017616|2.1971134467879985||-0.282803362646325|-0.3647347655211832|1.0661715586456237|||||-0.3500537334565208|-0.3539246993756566||1.244520975790686|-0.2749429460630012|0.0|1.0|0.0|1.0|0.0|0.0|0.0|0.0|0.0|0.0|1.0|0.0|0.0|0.0|1.0|0
-1.7300591954006446||1.0895837787437945|||-0.37446615290746793|0.7272744886121287|-0.34579430252712373||-0.35842791620333536||0.8753916872026758|-0.22834730128329808||0.4991184186828339|0.0|1.0|0.0|1.0|0.0|0.0|0.0|1.0|0.0|0.0|0.0|0.0|0.0|0.0|1.0|0
1.5168228913973354|1.2829087457517268|1.00117663002639|2.0407283651121295|-0.34109444787075044||-0.3436472323100763|-0.3489581604692654|||-0.3668495828568869|-0.3648609571804721||1.911010033158624||1.0|0.0|0.0|0.0|1.0|0.0|0.0|1.0|0.0|0.0|0.0|0.0|1.0|0.0|0.0|0
||||-0.36838454370665097||-0.36433368457157506|1.178245238805259||-0.34376974564272605||||-0.39284337854724777||0.0|1.0|0.0|0.0|0.0|1.0|0.0|1.0|0.0|0.0|0.0|0.0|1.0|0.0|0.0|1
-0.32926149509637304|-0.462391138044792|-0.4090291711697571||||-0.35080792732367205|-0.366611570726143||||-0.36202563108292735|-0.25572614887704664|||1.0|0.0|1.0|0.0|0.0|0.0|0.0|0.0|0.0|0.0|1.0|1.0|0.0|0.0|0.0|0
|1.781565855407875|-1.6073423441986272||-0.35263286943252725||-0.3555817239994025|1.5152648891638305||-0.3406838149983873|-0.35386897862057265|-0.34825404718056713|-0.25572614887704664|-1.3905156582361609||0.0|1.0|0.0|1.0|0.0|0.0|0.0|1.0|0.0|0.0|0.0|0.0|0.0|0.0|1.0|0
-0.33898005372352347|||-0.2892659949319502||0.578387219427377|||2.912090979858659|-0.34917012427031896|-0.36325360465628637|2.768984473777208||||0.0|1.0|0.0|0.0|0.0|0.0|1.0|0.0|0.0|0.0|1.0|0.0|0.0|1.0|0.0|1
|||-0.29271273215095034|||2.0400685744380116|||||-0.3365076962050246|||1.2731797834286689|0.0|1.0|0.0|0.0|0.0|0.0|1.0|0.0|0.0|1.0|0.0|0.0|0.0|0.0|1.0|1
-0.33412077440994825|-0.462391138044792||-0.28323420479870004|0.8007226496537576|0.4330591419611738|-0.3675162156887287||||-0.35636862200391695|1.1082934737867092||-0.39765309339423294||0.0|1.0|0.0|0.0|1.0|0.0|0.0|0.0|0.0|1.0|0.0|1.0|0.0|0.0|0.0|0
-0.3416305697127463||-0.4017127174827995|-0.2888351527795752|-1.3670534989253418|-0.39620301254696744|0.21011318207465973|0.2990137019854489|||2.701879277428806|-0.3389379757172058|-0.25572614887704664|0.7532429592772061||0.0|1.0|0.0|0.0|0.0|1.0|0.0|0.0|0.0|0.0|1.0|1.0|0.0|0.0|0.0|0
||0.1618168042726448|-0.27160146668457463|-0.3770543676770426|||-0.34730745197771323||||-0.3689114230341075|-0.2146578774864238|-0.4054860575736087||1.0|0.0|0.0|0.0|0.0|0.0|1.0|1.0|0.0|0.0|0.0|0.0|0.0|0.0|1.0|0
|-0.462391138044792|-0.40443606413294486|1.2436703832183522||2.0283105797585073|||-0.3402072053069815||||||-1.0490043108088363|0.0|1.0|0.0|1.0|0.0|0.0|0.0|1.0|0.0|0.0|0.0|0.0|0.0|0.0|1.0|0
||-0.40900884768729334|1.739138858449619|-0.37198309693512965|-0.3793583852182114|-0.35160356010296046||1.8150572400245857|2.896457430913008|-0.3522025496983431|0.5614805835459352|-0.24203672508017238|-0.3902323904874559|1.2731797834286689|1.0|0.0|0.0|0.0|0.0|0.0|1.0|0.0|0.0|1.0|0.0|0.0|0.0|0.0|1.0|0
-1.5975333959395024|-0.462391138044792|-0.3823444386948257|0.9528519303652172|-1.8860263444203529|-0.38018334988237606|-0.3492166617650952|||1.4306403748520806||-0.323951252058755|-0.2146578774864238|-0.36425993031373627||1.0|0.0|0.0|0.0|0.0|1.0|0.0|0.0|0.0|0.0|1.0|0.0|0.0|0.0|1.0|1
|||-1.5352614996004927|-0.37686227408833384|-0.3797612749379197|-0.3480232125961626||0.5047930815900555|-0.33952659100676025||||-0.3947672644860418||1.0|0.0|1.0|0.0|0.0|0.0|0.0|0.0|0.0|0.0|1.0|0.0|1.0|0.0|0.0|0
-1.1336930978255053|-0.462391138044792|||-0.4010276475479041|||||-0.3480129002786919|-1.1692789623030995|||1.8216867574289004||1.0|0.0|0.0|0.0|0.0|1.0|0.0|1.0|0.0|0.0|0.0|0.0|0.0|0.0|1.0|0
|||1.739138858449619|-0.36801316276848056|-0.39148344725895606|||-1.0574261002022554|-0.34145529765947197|-0.36899839909870924|-0.3490641403512942|-0.22834730128329808|-0.38734656157926484|-1.0490043108088363|0.0|1.0|1.0|0.0|0.0|0.0|0.0|1.0|0.0|0.0|0.0|1.0|0.0|0.0|0.0|0
-0.3345625270748187||||-0.3700493548087941|||-1.300110149205731|-0.33636415592346985|-0.3329689883875403|1.6998292544565714|-0.3413682552293871||-0.3802006995208869||0.0|1.0|0.0|0.0|0.0|1.0|0.0|0.0|0.0|0.0|1.0|0.0|0.0|1.0|0.0|0
||-0.40835849624845266||-0.3712787537765306|||-0.34453334465163243|||-0.3516763089860601|-0.3417733018147506||-0.3806129607934856||1.0|0.0|0.0|0.0|0.0|1.0|0.0|0.0|0.0|0.0|1.0|0.0|0.0|1.0|0.0|0
|-0.462391138044792|-1.1526044240717492|-0.2909893635414503||-0.3830995040440741|-0.3476253962065184||1.8758401639474744||||-1.6520473761582246|||1.0|0.0|0.0|0.0|0.0|0.0|1.0|0.0|0.0|1.0|0.0|0.0|0.0|0.0|1.0|0
-0.2943630345716056|-0.462391138044792|-0.4033385960799012|-0.27590988820832474|1.4387935201482407|-0.3819675757839413|||0.5013617874976344|||-1.666275635953514|-0.24203672508017238|0.742936427462238||0.0|1.0|0.0|0.0|0.0|1.0|0.0|0.0|0.0|0.0|1.0|1.0|0.0|0.0|0.0|0
|-0.462391138044792|0.6841303035915615|-1.158274616272355||-0.39507108428683463||1.051003125914778|-0.3419718708402267||1.419167541238965|0.37920962013234394||||0.0|1.0|0.0|0.0|0.0|0.0|1.0|0.0|0.0|0.0|1.0|0.0|0.0|0.0|1.0|0
|-0.462391138044792|||-1.5799572264109571|0.8536951945613728||0.901980831538539|-0.3360700450012623|||-0.3721517957170158|1.770308573060349|-0.4083718864817998||0.0|1.0|0.0|0.0|1.0|0.0|0.0|0.0|0.0|0.0|1.0|1.0|0.0|0.0|0.0|0
-0.32351871045305686|||||-1.179458998109372|||-0.3587754081956834|||-0.3474439540098401||||1.0|0.0|0.0|0.0|0.0|0.0|1.0|0.0|0.0|1.0|0.0|0.0|0.0|0.0|1.0|0
-0.30849911984746076|||-0.2776332568178248|-0.346946899206746||||||1.730526629339747||0.40136619337291946|-0.38171232418708223||0.0|1.0|0.0|0.0|1.0|0.0|0.0|0.0|0.0|0.0|1.0|0.0|0.0|0.0|1.0|0
|-0.462391138044792|-0.40120463042120524|-0.2737556774464497|-0.36362062270667206|||-1.856077939763238||-0.33605491903187906|1.4323235590460404|-0.3595953515707462||-0.39696599127323506||1.0|0.0|0.0|1.0|0.0|0.0|0.0|0.0|0.0|0.0|1.0|0.0|0.0|0.0|1.0|0
-0.3195429364692226||||||-0.35319482566153726|||0.22519871690723914|||1.770308573060349|-0.3764903480674984||0.0|1.0|0.0|1.0|0.0|0.0|0.0|1.0|0.0|0.0|0.0|0.0|0.0|0.0|1.0|0
|-0.462391138044792||||-0.38638017747598447|-0.348818845375451|-1.3396583734825023|-0.3443639730075146|-0.3483986416092343|-0.36246424358786183||-1.3098117812363672|0.47496660027306714||1.0|0.0|0.0|0.0|0.0|1.0|0.0|0.0|0.0|1.0|0.0|0.0|0.0|1.0|0.0|0
-0.2899455079229009||0.40265007146833204||||-0.348818845375451|||-0.3615138468476741|-0.3650077403638964|||1.594943057499602|-1.0490043108088363|0.0|1.0|1.0|0.0|0.0|0.0|0.0|0.0|0.0|1.0|0.0|0.0|0.0|0.0|1.0|0
|||||-0.3925386346200968||1.1793915641466148||-0.3391408496762179|-0.35838587806766853|-0.3494691869366578|-0.24203672508017238||1.2731797834286689|0.0|1.0|0.0|1.0|0.0|0.0|0.0|1.0|0.0|0.0|0.0|0.0|0.0|0.0|1.0|0
0.4455726790864374||||||-0.3599577042854888|-0.36092579703301875|-1.4280058621837386|-0.3237111964545239|0.6605038476976229|-0.3470389074244765||0.5677253866077802|-0.2749429460630012|0.0|1.0|0.0|0.0|0.0|1.0|0.0|0.0|0.0|0.0|1.0|1.0|0.0|0.0|0.0|1
-0.2917125185823828||3.1046570650266965||-0.36479879671741955|-0.38776151365784145|-1.6596238492531128|3.240484527904136||-0.34184103899001433||0.9158963457390293|-0.2146578774864238|-0.37731487061269586||0.0|1.0|0.0|0.0|0.0|0.0|1.0|1.0|0.0|0.0|0.0|0.0|0.0|0.0|1.0|0
|-0.462391138044792|0.5306880109900898|1.8253072889246222||-0.3925386346200968|||-0.34079542715139655|-0.3298830577432015||-0.3377228359611152|-0.2009684536895495|-0.37690260934009717||0.0|1.0|0.0|1.0|0.0|0.0|0.0|0.0|1.0|0.0|0.0|1.0|0.0|0.0|0.0|0
1.340121825449146||-0.40205821668468367||||-1.1623533621978541|-0.3556985534764368||-0.34376974564272605|2.022151690729916||-0.24203672508017238|-0.3590379541941524|2.047241148174504|0.0|1.0|0.0|0.0|1.0|0.0|0.0|0.0|0.0|1.0|0.0|1.0|0.0|0.0|0.0|0
-0.3080573671825903|-0.462391138044792|-1.1155140685753673|-0.28495757340820005||-0.384308173203199|-1.092735494010118||-0.3394229095144281|-0.342612521651099||-0.3454187210830224||-0.38391105097427547|-0.2749429460630012|0.0|1.0|0.0|1.0|0.0|0.0|0.0|0.0|0.0|0.0|1.0|0.0|0.0|1.0|0.0|0
||-0.39614408328772627|-0.28754262632245015||2.185629422692219||-0.3691564129839526|-0.3367563038197466|-0.35071308959248837|-1.434591988079118|||-0.40067634272662356|1.2731797834286689|0.0|1.0|0.0|0.0|0.0|0.0|1.0|0.0|0.0|0.0|1.0|0.0|1.0|0.0|0.0|0
1.892312656537238||2.0234477979540753|-0.2909893635414503||-1.5420597458468295||-0.35021911834475666|||-0.359175239136093||-0.2009684536895495|||0.0|1.0|0.0|0.0|0.0|1.0|0.0|0.0|0.0|0.0|1.0|0.0|0.0|1.0|0.0|0
-0.32263520512331595|2.280222965064023|-0.3862871942927973||-0.34763843612609774|||-0.35471271368287094|-0.8437054967314528|-0.3445412283038108|0.07177205083100342|-0.3421783484001141||-0.38102522206608436|1.2731797834286689|0.0|1.0|0.0|0.0|0.0|0.0|1.0|0.0|0.0|1.0|0.0|0.0|0.0|1.0|0.0|0
|-0.462391138044792|0.22278725166395805||||3.1141728264773705|-0.35955020662339193|||1.3665434700106638|-0.3567600254732014||-1.194691553751767|-1.0490043108088363|0.0|1.0|0.0|0.0|0.0|0.0|1.0|0.0|0.0|0.0|1.0|0.0|0.0|1.0|0.0|0
-1.3435256136389802||0.6384024680480765|||-0.38718595691540103|-0.33012147506217326|-0.35870192587078875|-0.34452083216602525|-0.3564992095506236||-0.3389379757172058||-1.6035173157455018|-1.0490043108088363|1.0|0.0|1.0|0.0|0.0|0.0|0.0|0.0|0.0|1.0|0.0|0.0|0.0|1.0|0.0|0
0.5891422951693412||||-1.4595785774867596|-0.38638017747598447|-0.348818845375451|||-0.334897695040252|1.4981036480814167|-0.35270955961956607||1.2994891454705162|1.2731797834286689|1.0|0.0|0.0|0.0|0.0|0.0|1.0|0.0|0.0|0.0|1.0|0.0|0.0|0.0|1.0|0
||||-0.36272418595936423|-0.399867390473838|||||-0.36465691322237437||-0.25572614887704664|||0.0|1.0|0.0|0.0|0.0|1.0|0.0|0.0|0.0|0.0|1.0|1.0|0.0|0.0|0.0|0
-0.3199846891340931||-0.3977902853672917|-0.29357441645570037|||3.153954465441791||-0.3460306015666905|-0.3441554869732684||-0.346633860839113|-0.25572614887704664|1.5812010150796445||1.0|0.0|0.0|0.0|0.0|0.0|1.0|0.0|0.0|1.0|0.0|1.0|0.0|0.0|0.0|0
||0.4996947002328389|-0.29400525860807536|-1.407072996573014|-0.3905625564710514||||3.3207728945095925|-0.3601838671679688|-0.3348875098635704|-0.24203672508017238||1.2731797834286689|0.0|1.0|0.0|0.0|0.0|0.0|1.0|0.0|0.0|0.0|1.0|1.0|0.0|0.0|0.0|0
|-0.462391138044792|2.22363410022222|||-0.3951478251858267|-0.3472275798168742|-0.36679498278075984|-0.34955993263318086||1.0354503551992689|-0.3344824632782069|-0.22834730128329808|0.8563082774268872|-1.0490043108088363|0.0|1.0|0.0|0.0|0.0|0.0|1.0|1.0|0.0|0.0|0.0|0.0|0.0|0.0|1.0|0
|-0.462391138044792|-0.3965911999019292|2.2130652260621355|||0.9460735029164427|-0.3449460217745205|-0.34324635150312593||||-0.2146578774864238|-0.39105691303265333||0.0|1.0|0.0|0.0|0.0|1.0|0.0|0.0|0.0|1.0|0.0|0.0|0.0|0.0|1.0|0
1.4616038082885263|2.7788800747201714|-1.2882636695174214||-1.3139076060492334||-0.3492166617650952||-0.34026602749142304||-1.346885202698616||-1.6520473761582246|-0.38982012921485715||1.0|0.0|0.0|0.0|0.0|0.0|1.0|1.0|0.0|0.0|0.0|0.0|0.0|0.0|1.0|0
-0.2930377765769942||||||||1.6209440313676182|-0.3372121430235061|||-0.13252133470517802|-0.3972408321216342||0.0|1.0|0.0|1.0|0.0|0.0|0.0|0.0|0.0|1.0|0.0|0.0|0.0|1.0|0.0|0
-0.3425140750424872|||-0.28194167834157496|||1.3239990730784392||||-0.3668934362495772|1.8576296567092512|-1.6520473761582246||-0.2749429460630012|1.0|0.0|0.0|0.0|0.0|1.0|0.0|1.0|0.0|0.0|0.0|0.0|0.0|0.0|1.0|0
|-0.462391138044792||-0.29529778506520044|-1.709940554770596|-0.37937757044295944|-0.3432494159204321|-0.3507693545086074|-1.441731038553423||||-0.26941557267392097|0.05583430646436395|0.4991184186828339|0.0|1.0|0.0|0.0|0.0|1.0|0.0|0.0|0.0|0.0|1.0|0.0|0.0|1.0|0.0|0
-1.5091828629654078||-1.3985185618833795|||-0.3893730725366746||||||0.7336253823254381|1.0858373832166341||-0.2749429460630012|0.0|1.0|0.0|1.0|0.0|0.0|0.0|0.0|0.0|1.0|0.0|0.0|0.0|0.0|1.0|0
|-0.462391138044792|-0.4117728413023662|0.3927571322776981|0.29231495153773185||0.5084754743078149|-0.36000873675993417|-0.3441286842697485|-0.3468556762870649||-1.463752343271746|||-0.2749429460630012|0.0|1.0|1.0|0.0|0.0|0.0|0.0|0.0|0.0|0.0|1.0|1.0|0.0|0.0|0.0|0
-0.32219345245844544|||-0.28323420479870004|-1.5194477459676774|0.053671322569204226|-0.3380778028550574||-0.3408738567306519|2.5107161003706584|-0.35895597217264175||-0.24203672508017238|-0.3753909846739018|-0.2749429460630012|0.0|1.0|0.0|0.0|0.0|0.0|1.0|1.0|0.0|0.0|0.0|0.0|0.0|0.0|1.0|0
-0.29038726058777137||-0.4065090593442495||-1.23867095047161|0.6167576689234043|-0.35160356010296046|-0.35338297628689835|-0.3464031420681534||||-0.24203672508017238|||1.0|0.0|0.0|0.0|0.0|0.0|1.0|1.0|0.0|0.0|0.0|0.0|1.0|0.0|0.0|0
-0.3080573671825903|-0.462391138044792|0.3472685817545559|-0.2733248352940747||3.290698368177804||-1.3390852108118243|-0.3425600926846417||1.3884701663557895|||-0.3753909846739018||0.0|1.0|0.0|0.0|0.0|0.0|1.0|0.0|0.0|0.0|1.0|0.0|0.0|1.0|0.0|0
-0.330145000426114||-0.40648873586178574||2.9435266317007094|3.2983724580770097||-0.3578536451181855|||||1.770308573060349|||0.0|1.0|0.0|1.0|0.0|0.0|0.0|0.0|0.0|1.0|0.0|1.0|0.0|0.0|0.0|0
||-0.4029321264306258|||-0.38791499545582553|-1.4010431959843783|||-0.3449269696343531||-0.346633860839113||-0.38501041436787203|-0.2749429460630012|0.0|1.0|0.0|0.0|0.0|1.0|0.0|0.0|0.0|0.0|1.0|0.0|0.0|1.0|0.0|0
|-0.462391138044792||-1.4706351767442405|-0.33131048108584754|-0.3944571570948982|-0.35120574371331625|-0.3661071875759465|-1.8657409514026069|||||1.1895528061108562||0.0|1.0|0.0|0.0|0.0|0.0|1.0|0.0|0.0|0.0|1.0|0.0|0.0|0.0|1.0|1
3.040869585200469|-0.462391138044792|-0.40807396749395985||||||0.5087145605528226|||2.525956522559086||||0.0|1.0|0.0|1.0|0.0|0.0|0.0|0.0|0.0|0.0|1.0|0.0|0.0|1.0|0.0|1
||||1.7871232276735787|2.2633295829216746||||-0.33991233233730256|-0.36592866161039167|1.9993959615864887||0.6707907047574613||0.0|1.0|0.0|0.0|0.0|1.0|0.0|1.0|0.0|0.0|0.0|0.0|0.0|1.0|0.0|0
|-0.462391138044792|2.3892704823019546||-0.37245692778727807||||||-0.3554915541501119|0.7640038762277033||-0.38281168758067885|2.821302512920339|1.0|0.0|0.0|0.0|0.0|1.0|0.0|0.0|0.0|1.0|0.0|0.0|0.0|0.0|1.0|0
-0.29392128190673517|||-0.2737556774464497|-0.37686227408833384|-0.37016866256391295|-0.3607533370647772|-0.34141533972314503|-0.33983466480551866|1.9706782376113696||||||1.0|0.0|0.0|0.0|0.0|1.0|0.0|1.0|0.0|0.0|0.0|1.0|0.0|0.0|0.0|0
|-0.462391138044792|||-0.3553734046314398|-1.7617305692115854|1.025636780845284|-1.7552013097239378||-0.3572706922117083||-0.34825404718056713|2.4547797629040637|||0.0|1.0|1.0|0.0|0.0|0.0|0.0|0.0|0.0|1.0|0.0|0.0|0.0|0.0|1.0|1
-0.33412077440994825|-0.462391138044792|||-0.37117630386255257|-0.3834448380895384||-0.35491905224431497||-0.3391408496762179||||||0.0|1.0|0.0|0.0|0.0|1.0|0.0|1.0|0.0|0.0|0.0|0.0|0.0|1.0|0.0|0
||||-0.35843409581153374||-0.3591620715062004|-0.3392143950677421|-0.3362857263442145|||3.13352640060439||||0.0|1.0|0.0|0.0|1.0|0.0|0.0|1.0|0.0|0.0|0.0|0.0|0.0|0.0|1.0|0
||-0.38892924701308756|-1.567574661028619|2.2110097467577208|-0.38895099759221824|||-0.3518736052212134||-0.3700508805232753||-0.2009684536895495|-0.39545436660703975|1.2731797834286689|0.0|1.0|0.0|0.0|0.0|0.0|1.0|0.0|0.0|0.0|1.0|0.0|0.0|0.0|1.0|0
||-0.4206948501039617|-0.27677157251307477|-0.3844947926796978|0.7285116030805837||-1.56605762840025|0.39940333446569193|-0.3406838149983873||2.3234332298773177|-0.1735896060958009|-1.0469645977372237||0.0|1.0|1.0|0.0|0.0|0.0|0.0|1.0|0.0|0.0|0.0|0.0|0.0|1.0|0.0|0
|-0.462391138044792|2.303911855954116|||-0.3796653488141797||-1.510460849344499|-1.6402559110435033||||-0.1735896060958009|-0.38762140242766396|-0.2749429460630012|0.0|1.0|0.0|0.0|0.0|0.0|1.0|0.0|0.0|0.0|1.0|0.0|0.0|1.0|0.0|1
-0.30717386185284934|1.2829087457517268|-0.412057370056859|-0.29271273215095034|2.3467558827786243||-0.3460341306479416||||-0.35838587806766853|-1.463752343271746|-0.25572614887704664||-0.2749429460630012|1.0|0.0|0.0|1.0|0.0|0.0|0.0|1.0|0.0|0.0|0.0|0.0|0.0|0.0|1.0|0
||0.457523474120514|-1.6752851991223725|1.515630955631771|-0.38981433270587884|1.025636780845284|3.031853315777401|||2.2677306897953216|0.5918590774482004|-0.26941557267392097|0.47496660027306714||0.0|1.0|0.0|0.0|1.0|0.0|0.0|0.0|0.0|1.0|0.0|0.0|1.0|0.0|0.0|0
-1.5202266795871695|2.363332483340048|-0.3933191192252621|-0.9859377553223491||3.3501725648966465||-1.3539874402494483||-0.342612521651099|-0.3665426091080552|-0.3502792801073848|-1.6520473761582246||0.4991184186828339|0.0|1.0|0.0|0.0|0.0|0.0|1.0|0.0|0.0|0.0|1.0|0.0|0.0|0.0|1.0|0
-0.3380965483937825|1.6984563371318504|||-0.3511857643975874|-0.3730272610513669||-0.34432700609018846|3.1728693308826657||-0.36062240109487126|-0.34501367449765885|||-0.2749429460630012|0.0|1.0|0.0|0.0|0.0|0.0|1.0|1.0|0.0|0.0|0.0|0.0|0.0|0.0|1.0|0
-0.3323537637504663|-0.462391138044792|||||0.6874928496477081|||0.42771291544197254|1.210863925960273|||||1.0|0.0|0.0|0.0|0.0|0.0|1.0|0.0|0.0|1.0|0.0|0.0|0.0|0.0|1.0|0
0.5228793954387703||||-0.3626473485238807|-1.2269424293607056||||-0.3383693670151332||-0.3498742335220213||||0.0|1.0|0.0|0.0|0.0|1.0|0.0|0.0|0.0|0.0|1.0|0.0|0.0|1.0|0.0|0
-0.3358877850694301|-0.462391138044792||-0.27160146668457463||2.2335924845622532|-0.35120574371331625|-0.34166753129824323||3.2436246284011228|||-0.22834730128329808|||1.0|0.0|0.0|0.0|0.0|1.0|0.0|0.0|0.0|1.0|0.0|0.0|0.0|1.0|0.0|0
||||2.8449185894968454|-1.3521260208414945|-0.35160356010296046|0.5477663010596324|-0.3292270642112339||-0.34724711632434474|1.8576296567092512|-1.9942829710800818|1.6361691847594744||1.0|0.0|0.0|0.0|0.0|1.0|0.0|0.0|0.0|0.0|1.0|0.0|0.0|0.0|1.0|0
|-0.462391138044792||-0.27504820390357476|-0.3577809776099237|0.4407332318603792|0.7372198983532339|-0.36053604641695786|||-0.35281649719600666|-1.6257709774171605||-0.3799258586724878||0.0|1.0|0.0|0.0|1.0|0.0|0.0|1.0|0.0|0.0|0.0|0.0|0.0|1.0|0.0|0
-0.288178497263419|1.781565855407875||||-1.23317762740381|-0.34165815036185526|-1.2181478872987996|||2.0111883425573533|-0.35149441986347546|-0.1599001822989266|-0.389545288366458||0.0|1.0|0.0|0.0|0.0|0.0|1.0|0.0|0.0|0.0|1.0|0.0|1.0|0.0|0.0|0
|1.781565855407875|||0.7113991309041533||-0.35041011093402785||||0.6539258387940853|0.3184526323278135||-0.39916471806042825||0.0|1.0|0.0|0.0|0.0|1.0|0.0|0.0|0.0|1.0|0.0|0.0|1.0|0.0|0.0|0
-0.30717386185284934|-0.462391138044792|-0.3943962637958419|-0.2948669429128254|||||-0.33010939697785646|0.6012965141860297|-0.3481241841781498|1.1285458030548858|1.0858373832166341|||1.0|0.0|0.0|0.0|0.0|0.0|1.0|0.0|0.0|1.0|0.0|0.0|0.0|0.0|1.0|0
-0.33632953773430063|||0.974394037983968|-0.3440526891368664|-0.39062011214529546|-0.35041011093402785||-0.3350896752605706|-1.3274101385257167|1.7656093434919478|-1.2207243920536242|||-0.2749429460630012|0.0|1.0|0.0|0.0|0.0|1.0|0.0|0.0|0.0|0.0|1.0|0.0|0.0|0.0|1.0|0
|-0.462391138044792|-0.41400842437338103|0.6620334775120823||-0.3825431325263817|||1.7229024843995606|-0.3391408496762179|-0.3540882455840239||-0.2009684536895495|3.1752779357947123|0.4991184186828339|0.0|1.0|0.0|0.0|0.0|0.0|1.0|1.0|0.0|0.0|0.0|1.0|0.0|0.0|0.0|0
-0.3146836571556474|-0.462391138044792|0.9005753918307233|-0.2853884155605751|-0.3453973442578281|-1.5530912500769374|-0.34006688480327846|-0.3497605882082144|-0.3580303271927576|-0.326025644437778|-0.3762342088926006|-0.3377228359611152||0.7807270441171211||1.0|0.0|1.0|0.0|0.0|0.0|0.0|0.0|0.0|1.0|0.0|0.0|0.0|1.0|0.0|0
-0.320868194463834||0.9869501923017503|-0.28711178417007516||0.6023687503623941|-0.3460341306479416|-0.3539790654644033||-0.333740471048625||-0.36162058449756385||0.2344808579238112||1.0|0.0|1.0|0.0|0.0|0.0|0.0|1.0|0.0|0.0|0.0|1.0|0.0|0.0|0.0|0
||1.5712503131351687|||-0.3990807962591695|-0.3535926420511815|-0.37078419496867765|-0.3501677618724098|-0.342612521651099|-0.36834059820835546||-0.24203672508017238|0.8288241925869723|-0.2749429460630012|0.0|1.0|0.0|0.0|0.0|0.0|1.0|0.0|0.0|1.0|0.0|0.0|0.0|0.0|1.0|0
-0.3160089151502588||-0.4100453452929457|-0.2892659949319502|-0.3730972397496408|-0.3811809815692727||1.7571395361898798|||3.4890476762188114|-0.3365076962050246||-0.37580324594650055|1.2731797834286689|0.0|1.0|0.0|0.0|0.0|1.0|0.0|0.0|0.0|0.0|1.0|1.0|0.0|0.0|0.0|0
-0.3566501603183424|0.8673611543716033|-0.887382977919537|-1.2659851543661085||-0.3892579611881865||||-0.34531271096489546|-0.35123777505915754|-0.34379853474156824|-0.24203672508017238|-0.38239942630808016||1.0|0.0|0.0|1.0|0.0|0.0|0.0|0.0|0.0|0.0|1.0|0.0|0.0|0.0|1.0|0
|-0.462391138044792|-0.39396947066410276|-0.3039146281127007|-0.35587284796208274||-0.35041011093402785||0.9935073973248953||||-0.1599001822989266|-1.548549146065672|-1.0490043108088363|1.0|0.0|0.0|0.0|0.0|0.0|1.0|0.0|0.0|0.0|1.0|0.0|0.0|0.0|1.0|0
-0.31910118380435215|-0.462391138044792||-1.4490930691254897|-0.3441423328115971|-0.38638017747598447|||0.8846863561081105||-0.3455368340094249|-0.3543297459610202|-0.25572614887704664||1.2731797834286689|0.0|1.0|0.0|0.0|0.0|1.0|0.0|0.0|0.0|1.0|0.0|0.0|0.0|0.0|1.0|1
-0.3045233458636265|||-0.27806409897019985|-1.5120841584005054|-0.37231740773569044||-1.6967387173147979|-0.33389362417692664|-0.34184103899001433|||-0.2146578774864238|-0.3980653546668317|-1.0490043108088363|0.0|1.0|0.0|0.0|0.0|0.0|1.0|0.0|0.0|0.0|1.0|0.0|0.0|0.0|1.0|0
2.4003282211382824||||-0.34430881392181145||||-0.3549715736017994|||0.6526160652527309|-0.24203672508017238|-0.3869343003066661||0.0|1.0|0.0|0.0|1.0|0.0|0.0|0.0|0.0|0.0|1.0|0.0|1.0|0.0|0.0|0
|-0.462391138044792|-0.40539126780874213|-1.4490930691254897||0.8704822662158846|||||-1.4839270548556502|0.6526160652527309|-0.22834730128329808||-0.2749429460630012|0.0|1.0|0.0|0.0|0.0|1.0|0.0|0.0|0.0|0.0|1.0|0.0|0.0|0.0|1.0|0
-0.320868194463834|-0.462391138044792|-0.41447586447004775|0.9851650917933433|||-0.3253476783864428|-1.0175409525615549|-0.3284035536290528||-1.6450882729923226|||-0.38762140242766396||0.0|1.0|0.0|1.0|0.0|0.0|0.0|1.0|0.0|0.0|0.0|0.0|0.0|0.0|1.0|0
||2.3852057858092004||0.3531445879621934|-0.38348320853903434||-0.3549419787511421|-0.33246228435551667||1.8971695215627007|-0.35311460620492957|-0.24203672508017238|2.9828893419153077|0.4991184186828339|0.0|1.0|0.0|1.0|0.0|0.0|0.0|0.0|0.0|0.0|1.0|0.0|0.0|1.0|0.0|0
-0.31070788317181314||-0.39992425102598766|-0.3052071545698258||1.8537250345515832|0.6576566204243925|||||-0.34096320864402346||||1.0|0.0|0.0|0.0|0.0|0.0|1.0|1.0|0.0|0.0|0.0|1.0|0.0|0.0|0.0|0
||-0.40309471429033594||||-0.35080792732367205||-0.3349720308916876||||-0.2146578774864238|-0.3690696451607214|-1.0490043108088363|0.0|1.0|0.0|0.0|0.0|1.0|0.0|0.0|0.0|1.0|0.0|0.0|1.0|0.0|0.0|0
|-0.462391138044792|-0.40429379975569846|-0.2879734684748252|-0.3669246324324639|||-0.35065472197447184|-0.3486383850769306|0.4952176482868837|-0.36676187607150645||-0.24203672508017238|1.409425484830176||0.0|1.0|1.0|0.0|0.0|0.0|0.0|0.0|0.0|0.0|1.0|0.0|0.0|0.0|1.0|0
|-0.462391138044792|0.4189088574393489||1.4323904005246133||3.3528626602638942|2.8897089734492964||-0.3595851401949624|0.5442923570684578|-0.34055816205865996||||0.0|1.0|1.0|0.0|0.0|0.0|0.0|1.0|0.0|0.0|0.0|1.0|0.0|0.0|0.0|0
0.810018627604578||||-0.3458839813492238|-0.37544459936961666|||-0.34352085503051966||0.4719342591295437|-0.35068432669274835||-0.3887207658212606||0.0|1.0|1.0|0.0|0.0|0.0|0.0|0.0|0.0|1.0|0.0|0.0|0.0|1.0|0.0|1
-0.32749448443689116||0.5301799239284956|-0.28969683708432525|-0.36126427468517713|-0.3893347020871785|-0.3567751731683351||-0.34618746072520123||||-0.2146578774864238|-0.3764903480674984|-0.2749429460630012|0.0|1.0|0.0|0.0|0.0|1.0|0.0|0.0|0.0|0.0|1.0|0.0|0.0|0.0|1.0|0
-0.3023145825392742|||-0.27677157251307477|-0.3633132729647379|-0.36324279642988||-0.3343998286340482|-0.32965842689713826|1.1799085099995537||-0.3733669354731064||-0.40960867029959597||0.0|1.0|0.0|0.0|0.0|1.0|0.0|0.0|0.0|0.0|1.0|0.0|0.0|0.0|1.0|0
1.4284723584232408|-0.462391138044792|0.46209625767486245|-0.27246315098932467|-0.3641840972335513||||-0.34791291146881875||0.36120444258665996|-0.36405086400974507|-0.2009684536895495|0.7841625547221105||1.0|0.0|0.0|0.0|0.0|0.0|1.0|0.0|0.0|0.0|1.0|0.0|0.0|0.0|1.0|0
|-0.462391138044792|-0.4051067390542493|-0.2797874675796999|-0.36779545670127717|-0.3774206775186621||-0.3487976749214756|-1.5226115421604929|-0.33566917770133675||||||0.0|1.0|0.0|0.0|0.0|1.0|0.0|1.0|0.0|0.0|0.0|0.0|0.0|0.0|1.0|0
|-0.462391138044792|0.24666734355888895|-0.2789257832749499|1.0635707102036676|||||-0.33566917770133675|0.568411723048096|||||0.0|1.0|0.0|0.0|0.0|1.0|0.0|1.0|0.0|0.0|0.0|1.0|0.0|0.0|0.0|0
-0.3283779897666321||||-0.35959946358303396||-0.3376799864654132|-1.0731377316173056|-0.3389915468285238|||-0.35473479254638374|-0.26941557267392097|-0.3924311172746491|0.4991184186828339|1.0|0.0|0.0|0.0|1.0|0.0|0.0|1.0|0.0|0.0|0.0|0.0|0.0|1.0|0.0|0
||-0.39120547704902986|-0.2711706245321996|0.8429832391696993||-1.092735494010118|||1.9321041045571345|-0.3553161405793509|||3.3264404024142444||0.0|1.0|0.0|0.0|0.0|0.0|1.0|0.0|0.0|0.0|1.0|0.0|0.0|1.0|0.0|1
-0.296571797895958||||||-0.34682976342723||-0.32359974189966323|-0.334897695040252|-1.7656851028905127||-0.24203672508017238|||0.0|1.0|0.0|0.0|0.0|0.0|1.0|0.0|0.0|0.0|1.0|0.0|0.0|0.0|1.0|0
|-0.462391138044792|2.226682622591786|0.8343703384620882|-0.3741985763249047|1.2666571572623662|-0.3543882748304699|1.3215359064747196|0.5013617874976344|-0.3510988309230307||-0.37296188888774284||-0.4091964090269972||0.0|1.0|0.0|1.0|0.0|0.0|0.0|1.0|0.0|0.0|0.0|0.0|0.0|1.0|0.0|0
|-0.462391138044792|-0.3901486559609138|-0.2853884155605751||||-0.3566385402563485|0.7856690122982433|-0.3480129002786919||||0.7910335759320892|0.4991184186828339|0.0|1.0|0.0|1.0|0.0|0.0|0.0|0.0|0.0|0.0|1.0|0.0|0.0|0.0|1.0|0
-0.31247489383129506|-0.462391138044792|||-0.3591768576878746|||-0.3370134504123392||-0.3561134682200812||-1.5953924835148952|-0.2146578774864238|-0.38102522206608436||1.0|0.0|0.0|0.0|0.0|1.0|0.0|0.0|0.0|0.0|1.0|0.0|0.0|1.0|0.0|0
|-0.462391138044792|-0.4064277654143944|-0.282803362646325|||-0.34126033397221106|-0.8553359167597255|2.4415135043266174|||-1.4131215201013039|-0.1872790298926752|-0.38762140242766396|-0.2749429460630012|0.0|1.0|0.0|0.0|0.0|0.0|1.0|1.0|0.0|0.0|0.0|1.0|0.0|0.0|0.0|0
-0.33191201108559587|1.4491277823037763|0.7014052636857668|-1.4706351767442405|-0.3539391058357472|-0.38718595691540103|-0.34682976342723||-0.33434459425764484|-0.3534132789062848||||3.2165040630545847||0.0|1.0|0.0|0.0|0.0|0.0|1.0|0.0|0.0|1.0|0.0|0.0|1.0|0.0|0.0|0
1.9364879230242853|-0.462391138044792|-0.40758620391482936|-0.2931435743033253|2.825709230625963|||-0.3602609283350325|2.672880763129871||-0.36566554125425016||-0.2009684536895495|||0.0|1.0|0.0|0.0|0.0|1.0|0.0|0.0|0.0|0.0|1.0|0.0|0.0|0.0|1.0|0
||-0.4022411280268576|-0.29615946936995047|1.497702220685614|-0.3896800361326428|-0.34126033397221106||-0.33599161542200695|-0.3472414176176072|||-1.9942829710800818||0.4991184186828339|0.0|1.0|0.0|0.0|0.0|0.0|1.0|0.0|0.0|0.0|1.0|0.0|0.0|0.0|1.0|0
||||-0.3725849901797506|||-0.36580914298719397|-0.335756326684241||-0.3538251252278824|||-0.38391105097427547|-0.2749429460630012|0.0|1.0|0.0|1.0|0.0|0.0|0.0|0.0|0.0|0.0|1.0|0.0|0.0|0.0|1.0|0
|-0.462391138044792|||0.7837543826511447||-0.3476253962065184|||0.3891387823877376||||||0.0|1.0|0.0|0.0|0.0|1.0|0.0|0.0|0.0|0.0|1.0|0.0|0.0|0.0|1.0|0
-0.31424190449077694||0.38689937255890966|||1.6148689864388135|-0.348818845375451|1.6746041116122705|-0.3359327932375655|-0.3383693670151332|||-0.1735896060958009|-0.38391105097427547|2.047241148174504|0.0|1.0|0.0|0.0|0.0|0.0|1.0|0.0|0.0|1.0|0.0|1.0|0.0|0.0|0.0|0
0.1694772635423915|-0.462391138044792||3.290170606999672|0.7446953529470168||0.5880387522366564|-1.3195976800087776|||-1.1736643015721244|-0.323951252058755||-1.947068376244439||0.0|1.0|0.0|1.0|0.0|0.0|0.0|0.0|0.0|1.0|0.0|0.0|0.0|1.0|0.0|0
|||-0.282803362646325||-0.3624178317657154||-0.33355154788144503||-0.3406838149983873|-1.5014684119317507|-0.3454187210830224|-0.1872790298926752||-0.2749429460630012|0.0|1.0|0.0|1.0|0.0|0.0|0.0|0.0|0.0|0.0|1.0|0.0|0.0|0.0|1.0|0
|2.612661038168122|||||-0.3472275798168742||-0.3505599097686865|-0.34762715894814955|-1.0870538510088787|-0.3474439540098401|-0.2146578774864238||0.4991184186828339|0.0|1.0|0.0|1.0|0.0|0.0|0.0|1.0|0.0|0.0|0.0|0.0|0.0|1.0|0.0|0
-0.346048096361451|-0.462391138044792|||-0.3630059232228038|||-0.3504254569062007|-0.34877563684062746|-0.35071308959248837|||0.40136619337291946|0.9696801273915365||0.0|1.0|0.0|0.0|1.0|0.0|0.0|0.0|0.0|1.0|0.0|0.0|0.0|1.0|0.0|0
|||||0.9299564629347269|-1.8187504051107954||||-0.3557546745062534|||||0.0|1.0|1.0|0.0|0.0|0.0|0.0|1.0|0.0|0.0|0.0|0.0|0.0|1.0|0.0|0
|-0.462391138044792||0.3819860784683227|-0.36059835024431985|-0.37786193768786636||-0.3492332785511908|-0.3434424254512643|-0.3410695563289296|3.0855964634685025|-0.3381278825464787|-0.24203672508017238|||0.0|1.0|0.0|0.0|0.0|0.0|1.0|0.0|0.0|0.0|1.0|0.0|0.0|0.0|1.0|0
|-0.462391138044792||-0.28107999403682493|0.6444865308372459||0.4786392450844994||-0.34356006982014736|||1.8373773274410743||-0.3843233122468742|-1.0490043108088363|0.0|1.0|0.0|0.0|0.0|1.0|0.0|0.0|0.0|1.0|0.0|0.0|0.0|0.0|1.0|0
-0.3173341731448702|-0.462391138044792|-1.637827567894284||0.88268258083619|1.393279640599256|||-0.34791291146881875|||-0.3365076962050246|-0.22834730128329808||-1.0490043108088363|0.0|1.0|0.0|0.0|0.0|0.0|1.0|1.0|0.0|0.0|0.0|0.0|0.0|1.0|0.0|0
-0.31910118380435215|||-0.2909893635414503||0.11986034794985125|-0.3460341306479416|-0.3735812288015855|-0.354893144022544||0.18579087182565598||-0.22834730128329808|-0.36535929370733283|-1.0490043108088363|0.0|1.0|0.0|0.0|0.0|1.0|0.0|0.0|0.0|0.0|1.0|0.0|0.0|1.0|0.0|0
1.075070226526862||||1.3260986147723963||-0.33409963895861533|-0.35893119093905984||1.2956309091622584|||-0.22834730128329808|||0.0|1.0|0.0|0.0|0.0|0.0|1.0|0.0|0.0|0.0|1.0|1.0|0.0|0.0|0.0|0
-0.3230769577881864|-0.462391138044792||2.083812580349631|-0.3752871066609214||-0.3364865372964806||-0.3418738338661575||-0.35996460020451754|-0.35068432669274835||1.3956834424102185|-0.2749429460630012|0.0|1.0|0.0|1.0|0.0|0.0|0.0|0.0|0.0|0.0|1.0|1.0|0.0|0.0|0.0|0
||-0.37870653533381066|-0.28237252049395|-0.33951928044333807||||2.2032836573385204|||-1.4131215201013039|1.4280729781384915|1.4506516120900483||1.0|0.0|0.0|0.0|0.0|1.0|0.0|0.0|0.0|1.0|0.0|1.0|0.0|0.0|0.0|1
|||-1.5460325534098682|-0.38955325718236355|-0.39173285518068024||||-0.3441554869732684||-0.3365076962050246|-0.1872790298926752||-1.0490043108088363|0.0|1.0|0.0|0.0|0.0|0.0|1.0|0.0|0.0|0.0|1.0|0.0|0.0|0.0|1.0|0
-0.31203314116642455||-1.1917271278145087|0.6943466389402083||||-0.35789949813183974||||||-0.399576979333027|-1.0490043108088363|0.0|1.0|0.0|1.0|0.0|0.0|0.0|0.0|0.0|0.0|1.0|0.0|0.0|1.0|0.0|0
|-0.462391138044792|-1.6901605352384945|0.8343703384620882||1.6513209134600395|-0.35120574371331625||||-0.3609293748437031|-0.3389379757172058||||0.0|1.0|0.0|0.0|0.0|0.0|1.0|1.0|0.0|0.0|0.0|0.0|0.0|1.0|0.0|0
2.908343785739327|||-0.28064915188444994|-0.33784166310194763|-0.38494128561988344|-0.34682976342723||-0.3359327932375655|-0.3483986416092343|||2.4547797629040637||0.4991184186828339|0.0|1.0|0.0|0.0|0.0|0.0|1.0|0.0|0.0|1.0|0.0|0.0|0.0|0.0|1.0|1
-0.31424190449077694||-0.413480013829323||-0.376772630413603|-0.38804929202906163||||||-0.34622881425374946|2.4547797629040637|1.594943057499602|0.4991184186828339|1.0|0.0|0.0|0.0|0.0|1.0|0.0|0.0|0.0|0.0|1.0|1.0|0.0|0.0|0.0|0
0.5228793954387703|-0.462391138044792||1.4375493517871087|-0.34994355919060366|-0.3788787545995111|1.542798087382753|||-0.34917012427031896||||-0.389545288366458||0.0|1.0|0.0|0.0|0.0|1.0|0.0|0.0|0.0|0.0|1.0|0.0|0.0|0.0|1.0|0
|1.0335801909236528|-0.39258747385656634||-0.35438732420940117||1.7814879211692771|-0.3643647730570858|-0.33512889005019825||1.7634166738574353|-0.335292556448934||-0.37470388255290393||1.0|0.0|1.0|0.0|0.0|0.0|0.0|0.0|1.0|0.0|0.0|0.0|0.0|0.0|1.0|1
|-0.462391138044792|0.76237571107708|||-0.3710128124528255|1.36378071204286||-0.3335210836754638|||-0.3494691869366578|-0.2009684536895495|-0.38762140242766396|0.4991184186828339|0.0|1.0|0.0|0.0|0.0|0.0|1.0|0.0|0.0|0.0|1.0|0.0|0.0|1.0|0.0|1
-0.3067321091879789||2.4929202428671866|-0.2914202056938253||||||0.45664351523264873|-0.3629466309074546|-0.35189946644883896|-0.22834730128329808|||0.0|1.0|0.0|0.0|0.0|0.0|1.0|1.0|0.0|0.0|0.0|0.0|0.0|0.0|1.0|0
2.157364255459522||2.704284460490406||1.2799961534822781|-0.3772096400464339|-0.3432494159204321||1.190561715203938||1.1823592207116098|-0.33934302230256935||0.742936427462238||0.0|1.0|1.0|0.0|0.0|0.0|0.0|1.0|0.0|0.0|0.0|0.0|1.0|0.0|0.0|0
||-0.4098014635033804|-1.4060088538879885|-0.3728283087254484||0.43885760612007874||-0.3411287528632318|0.5145047148140012||0.6424899006186424|-0.2009684536895495|1.4643936545100058||0.0|1.0|0.0|0.0|0.0|1.0|0.0|0.0|0.0|0.0|1.0|0.0|0.0|0.0|1.0|0
|-0.462391138044792|-0.4166504770936713|0.6728045313214577|0.7261263060384969|||-0.37089882750281317|||-0.33137218817047387|1.0677888152503554||-0.3716806332205133|-1.0490043108088363|0.0|1.0|0.0|0.0|0.0|1.0|0.0|0.0|0.0|0.0|1.0|0.0|0.0|1.0|0.0|0
-0.2943630345716056||||2.5708650696055875||1.2245449756673874||-0.34644235685778113|-1.134539473254542||-0.34096320864402346||1.8354287998488579||0.0|1.0|0.0|0.0|0.0|0.0|1.0|0.0|0.0|1.0|0.0|0.0|0.0|0.0|1.0|1
|-0.462391138044792|-0.37882847622859334|-1.4167799076973637|-0.3396473428358106|0.8023747183604363||-0.34584015554077796||-0.35302753757574246||||1.7461055241191343|0.4991184186828339|0.0|1.0|0.0|0.0|0.0|0.0|1.0|0.0|0.0|1.0|0.0|0.0|0.0|0.0|1.0|1
|||-1.244443046747358||-0.3912340393372319||-0.3628286970996692|-0.34306988494980145|1.3727791752707283|||1.4280729781384915|||0.0|1.0|1.0|0.0|0.0|0.0|0.0|1.0|0.0|0.0|0.0|0.0|0.0|0.0|1.0|0
||-0.397851255814683|-0.2733248352940747||1.2695349409745682|1.3239990730784392||-0.33246228435551667|0.6591577137673821|-0.3504922673834233||||-1.0490043108088363|0.0|1.0|0.0|0.0|1.0|0.0|0.0|0.0|0.0|0.0|1.0|0.0|0.0|0.0|1.0|1
0.2799154297600099|-0.462391138044792|-0.3979731967094657|1.2005861679808507|-0.3601629381099132|-0.3993110189561456|1.085309239291915|-0.37103638654377585|-0.3488932812095105||-0.36702499642764796|-0.33286227693675274||||1.0|0.0|0.0|0.0|1.0|0.0|0.0|1.0|0.0|0.0|0.0|0.0|0.0|0.0|1.0|0
2.091101355728951||-0.39256715037410256|-0.28754262632245015||-0.3923851528221127|-0.3424537831411437|1.1874158415361047|-0.3417757968920883|0.774880112930087||-0.3421783484001141||-1.5279360824357358|2.047241148174504|0.0|1.0|0.0|1.0|0.0|0.0|0.0|1.0|0.0|0.0|0.0|0.0|0.0|1.0|0.0|0
1.273858925718575||-0.40258662722874167|-1.6106588762661203|0.538194745085029|0.4541628891839888|-0.35239919288224886||-0.33363872804434674|-0.34376974564272605|-0.3516763089860601||1.0858373832166341|-0.3887207658212606|-1.0490043108088363|0.0|1.0|0.0|0.0|1.0|0.0|0.0|0.0|0.0|1.0|0.0|0.0|0.0|0.0|1.0|1
|||2.019186257493379||-0.3770561582484498|-0.3444428650893647|-0.3484308508122418|0.7582186595588741|||-0.34339348815620474||||1.0|0.0|1.0|0.0|0.0|0.0|0.0|0.0|0.0|0.0|1.0|0.0|0.0|0.0|1.0|1
1.4284723584232408|-0.462391138044792|2.702252112244029||||||||-0.35101850809570634|-0.3348875098635704|1.770308573060349|-0.37429162128030524|-0.2749429460630012|0.0|1.0|0.0|0.0|0.0|0.0|1.0|0.0|0.0|1.0|0.0|1.0|0.0|0.0|0.0|0
-0.3403053117181349||||||-0.3559795403890467||-0.349305036500601||-0.3674635303545504|||-0.37800197273369374||0.0|1.0|0.0|0.0|0.0|1.0|0.0|1.0|0.0|0.0|0.0|0.0|0.0|0.0|1.0|0
|1.781565855407875||-0.29529778506520044|-0.34421917024708065|-0.3762503788090333||||-0.3429982629816414|||-0.24203672508017238|-1.947068376244439||0.0|1.0|0.0|0.0|0.0|0.0|1.0|0.0|0.0|0.0|1.0|0.0|1.0|0.0|0.0|0
-1.7411030120224062||-0.41616271351454076|-0.2879734684748252|-0.3796412280049881|-0.3933252288347654|-1.510442703136535|1.1404165025405215||-0.3557277268895389|-0.35838587806766853|-0.3575701186439285|0.7436017882947767|-0.395042105334441||0.0|1.0|1.0|0.0|0.0|0.0|0.0|0.0|0.0|1.0|0.0|0.0|0.0|1.0|0.0|0
0.5891422951693412|-0.462391138044792|-0.5749094350390567|-0.27849494112257484|-0.3968656197925462|0.3481645224512135|-0.3480232125961626|-0.36429599353660447|||2.362015484079361|-1.4738785079058343||-0.3854226756404708||0.0|1.0|0.0|1.0|0.0|0.0|0.0|1.0|0.0|0.0|0.0|0.0|0.0|1.0|0.0|0
|1.781565855407875|-0.40925272947685865|2.2130652260621355|-0.37223922172007473|-0.3807013509505724|-0.3424537831411437|-1.4840953664933185|2.1503436913411655|-0.3541847615673695|-0.34544912722404447|-0.37498712181456056|-0.1462107585020523|-0.41098287454159166||1.0|0.0|0.0|1.0|0.0|0.0|0.0|0.0|0.0|1.0|0.0|0.0|0.0|0.0|1.0|0
|-0.462391138044792|0.8070873724973764||-0.349405697142219|-0.38895099759221824||-0.3605131199101307|2.199362178375753|-0.34184103899001433||||||0.0|1.0|0.0|0.0|1.0|0.0|0.0|0.0|0.0|0.0|1.0|0.0|0.0|1.0|0.0|0
-0.3403053117181349||-0.39774963840236416|-0.29228188999857535|0.6678579174634864||-1.1225717232334333|-0.35553806792864706||0.697731846821617|-0.35360585826443114|-0.34501367449765885||||1.0|0.0|0.0|0.0|0.0|1.0|0.0|1.0|0.0|0.0|0.0|0.0|0.0|1.0|0.0|0
|1.6984563371318504|||-0.37418577008565745|||-0.3749109661975581||-0.34531271096489546||-0.3490641403512942||1.4643936545100058||1.0|0.0|1.0|0.0|0.0|0.0|0.0|1.0|0.0|0.0|0.0|0.0|0.0|0.0|1.0|0
|1.4491277823037763|||||0.8466194055053909||2.4993553190274302|||-0.3604054447414732||-0.39765309339423294||0.0|1.0|1.0|0.0|0.0|0.0|0.0|0.0|0.0|0.0|1.0|0.0|0.0|0.0|1.0|0
-0.3195429364692226|-0.462391138044792|-0.38899021746047885|-0.29874452228420056||-0.3752527471221365|0.5979841619777615|2.0574767756250694|||1.2678733364575991|-0.34622881425374946|-0.1462107585020523|||0.0|1.0|0.0|0.0|0.0|0.0|1.0|1.0|0.0|0.0|0.0|1.0|0.0|0.0|0.0|0
-0.33765479572891205|2.114003928511974||||0.5021259510540228||-0.35803705717280243|-0.3283447314446113|-0.3483986416092343||-0.3458237676683859||0.5952094714476951||1.0|0.0|1.0|0.0|0.0|0.0|0.0|1.0|0.0|0.0|0.0|0.0|0.0|1.0|0.0|0
-0.271391895998341|-0.462391138044792|-0.41427262964541006|-0.26987809807507457|0.8535483865486847|-0.3892771464129345||||-0.3387551083456755|3.2697807127675564|-0.9979487701036793||0.1314155397741301|1.2731797834286689|0.0|1.0|0.0|0.0|0.0|1.0|0.0|1.0|0.0|0.0|0.0|0.0|0.0|1.0|0.0|0
-0.3036398405338856|||-0.2862500998653251||-0.38043275780410024|-0.35200137649260466|-0.3518469003294817||3.1279022292384173|-0.35737725003579274|-0.3486590937659307||-0.3869343003066661||1.0|0.0|0.0|0.0|1.0|0.0|0.0|1.0|0.0|0.0|0.0|0.0|1.0|0.0|0.0|0
|-0.462391138044792|1.6566089394830072|1.7822230736871207|-0.3578706212846545|-0.38047112825359625|-0.34086251758256686|-0.35189275334313597|-1.6363344320807363||0.8699037977935714|0.9260225103731178|0.05913059845106209|-0.37690260934009717|-0.2749429460630012|0.0|1.0|0.0|0.0|0.0|1.0|0.0|0.0|0.0|0.0|1.0|0.0|0.0|1.0|0.0|0
-0.3164506678151293|-0.462391138044792|2.8201283105339017|-1.815308898644252|||||-0.34854034810286144|-0.33605491903187906||-0.34501367449765885||0.6123870244726419|-1.0490043108088363|0.0|1.0|0.0|0.0|0.0|0.0|1.0|1.0|0.0|0.0|0.0|1.0|0.0|0.0|0.0|0
-0.3416305697127463|-0.462391138044792||-1.4921772843629912||-0.3682309548643635|-0.3547860912201141|-0.33946658664284035|-1.2633037457475238|-0.342612521651099|-0.3607101078802518|-0.34460862791229535||||0.0|1.0|0.0|1.0|0.0|0.0|0.0|0.0|0.0|0.0|1.0|0.0|0.0|0.0|1.0|0
|||-0.28366504695107503||-0.3840012096072307|||||-1.2021690068207878|3.2145357176770974|||-1.0490043108088363|0.0|1.0|0.0|0.0|0.0|0.0|1.0|1.0|0.0|0.0|0.0|1.0|0.0|0.0|0.0|0
||0.46819330241399376|||-0.37847586487980284|||-1.5530030041219371|-0.33644066036242143|-0.349045105424645||-0.26941557267392097||1.2731797834286689|0.0|1.0|0.0|0.0|0.0|0.0|1.0|0.0|0.0|0.0|1.0|1.0|0.0|0.0|0.0|0
||-0.38644978215250747|-0.2772024146654498|-0.34781772347555934||-0.34205596675149946|-1.4044257552690986|-0.3222272242626948|0.5337917813411186||-0.3417733018147506||-0.3806129607934856||0.0|1.0|0.0|0.0|0.0|1.0|0.0|0.0|0.0|0.0|1.0|0.0|0.0|1.0|0.0|1
-0.3394218063883939|||-0.3013295751984506||||||-0.3510988309230307|-0.3481241841781498|-0.33691274279038813|||2.047241148174504|1.0|0.0|0.0|0.0|0.0|1.0|0.0|0.0|0.0|0.0|1.0|0.0|0.0|1.0|0.0|0
||-0.4151465393913522|-0.28366504695107503|-0.3785526976689715|-0.38175653831171313||-1.4571567209714598|||-1.6198725721954284|-0.3636458174243815||-0.40067634272662356|0.4991184186828339|0.0|1.0|0.0|0.0|0.0|0.0|1.0|0.0|0.0|0.0|1.0|0.0|0.0|0.0|1.0|0
-1.4650075964783604|||-0.2918510478462003|||-0.33370182256897113|-0.3546897871760438|2.492492730842588|||2.1411622664637266||-0.3786890748546916||0.0|1.0|0.0|0.0|0.0|1.0|0.0|0.0|0.0|0.0|1.0|0.0|0.0|1.0|0.0|1
|||0.8451413922714636|0.4511123182036946|0.748656089065998|-0.35200137649260466||3.3297284893933465|-0.342612521651099|-0.35904367895802225|-1.5346354957103647|3.139250952747778|||0.0|1.0|0.0|0.0|0.0|1.0|0.0|0.0|0.0|0.0|1.0|0.0|0.0|0.0|1.0|0
-0.288178497263419|-0.462391138044792||||0.3918109087529445|||1.2484035299047516|||||||1.0|0.0|0.0|1.0|0.0|0.0|0.0|0.0|0.0|1.0|0.0|1.0|0.0|0.0|0.0|0
1.9585755562678089|-0.462391138044792|||-0.3605727377658254|-1.302244436496659|-0.337282170075769||2.501316058508814|||||||0.0|1.0|0.0|0.0|0.0|1.0|0.0|0.0|0.0|0.0|1.0|0.0|0.0|0.0|1.0|0
-0.32130994712870453||-0.3956766431910595|-0.2711706245321996|-0.3577041401744402||||-0.3475011561777282||2.677759911449168|-0.34622881425374946|-0.22834730128329808||-1.0490043108088363|1.0|0.0|1.0|0.0|0.0|0.0|0.0|0.0|0.0|1.0|0.0|1.0|0.0|0.0|0.0|0
|-0.462391138044792|-0.38695786921410175|1.739138858449619|2.3166612205475747|-0.37331503942258715|||-0.3453247353533925|-1.423845471161304||||-1.6035173157455018|1.2731797834286689|0.0|1.0|0.0|1.0|0.0|0.0|0.0|1.0|0.0|0.0|0.0|0.0|0.0|0.0|1.0|1
||1.0255648089829155|-1.427550961506739||-0.3804519430288482||-0.35186982683630885|-1.4941808196804318|-0.3472414176176072||||-0.3880336637002627|-0.2749429460630012|0.0|1.0|0.0|0.0|0.0|0.0|1.0|0.0|0.0|0.0|1.0|0.0|0.0|0.0|1.0|0
-1.6858839289135972||||-0.3375343133600135|0.360155287918722|||-0.3492658217109733||-0.36741967696186023||3.139250952747778||-1.0490043108088363|1.0|0.0|0.0|1.0|0.0|0.0|0.0|1.0|0.0|0.0|0.0|0.0|0.0|0.0|1.0|0
-0.26697436934963625|-0.462391138044792||||||-0.33630272870069866|||-1.2898757922012896|-0.33934302230256935|-0.22834730128329808|-0.3784142340062925|0.4991184186828339|0.0|1.0|0.0|1.0|0.0|0.0|0.0|0.0|0.0|0.0|1.0|1.0|0.0|0.0|0.0|1
-0.3288197424315026|||-0.28323420479870004|-1.1515885235902756|||-0.3676891165470173|2.305242110370463|1.7392334392859599|-0.3423355363430366|||||1.0|0.0|0.0|1.0|0.0|0.0|0.0|0.0|0.0|0.0|1.0|1.0|0.0|0.0|0.0|0
-0.29215427124725324||-0.3947011160327985||||-0.3376799864654132||-0.3492658217109733||||1.770308573060349|-0.38391105097427547|-0.2749429460630012|0.0|1.0|0.0|0.0|0.0|0.0|1.0|0.0|0.0|1.0|0.0|0.0|0.0|1.0|0.0|0
|-0.462391138044792|-0.4194957646385993|-0.2944361007604504|1.5502078015993597||1.2245449756673874|0.48013310591964703||-0.33605491903187906|-0.3675950905326212|-0.35189946644883896||3.106567723694925||0.0|1.0|0.0|0.0|0.0|0.0|1.0|0.0|0.0|1.0|0.0|1.0|0.0|0.0|0.0|0
|-0.462391138044792||||||0.8051163401939837|-0.3220899724989979|-0.34222678032055664||0.8753916872026758||-0.3786890748546916|0.4991184186828339|0.0|1.0|1.0|0.0|0.0|0.0|0.0|0.0|0.0|0.0|1.0|0.0|0.0|0.0|1.0|0
-0.2846444759444552|-0.462391138044792|-0.38285252575642|-0.28495757340820005||||-0.34565674348616104|-0.3449914096415573|-0.34222678032055664|-0.3631220444782156||||0.4991184186828339|0.0|1.0|1.0|0.0|0.0|0.0|0.0|1.0|0.0|0.0|0.0|1.0|0.0|0.0|0.0|1
0.4676603123299611|-0.462391138044792||||||1.4751435022163815|1.702314719845034||-0.3544829261182362|-0.34460862791229535||-0.38322394885327754||0.0|1.0|0.0|0.0|0.0|0.0|1.0|1.0|0.0|0.0|0.0|1.0|0.0|0.0|0.0|0
||-1.4249390890862819||0.6547315222350499|-0.39984820524909004|2.2588675887423255||-0.3330308988051179|0.5723659143953536||-0.3490641403512942|-0.25572614887704664|||0.0|1.0|0.0|0.0|0.0|0.0|1.0|0.0|0.0|0.0|1.0|0.0|0.0|1.0|0.0|0
-0.2872949919336781||0.5317041851132783|-0.2905585213890753|0.11654931786915623|-0.37283540880388677||2.1801335871501273|-0.3319132773007293|-1.317766605262158||-0.33691274279038813||-0.3762155072190993||1.0|0.0|0.0|0.0|1.0|0.0|0.0|0.0|0.0|0.0|1.0|0.0|0.0|1.0|0.0|1
||-0.3990909882449731|-0.28366504695107503|-0.36135391835990793|-0.388605663546754|-0.34046470119292266|-1.2834884317560735||||0.9260225103731178||-0.37690260934009717||1.0|0.0|0.0|1.0|0.0|0.0|0.0|1.0|0.0|0.0|0.0|1.0|0.0|0.0|0.0|0
|-0.462391138044792||-0.2884043106272002|-0.383252587472714||-0.3444428650893647|||-0.35302753757574246||-0.3583802118146555|-0.26941557267392097||-0.2749429460630012|1.0|0.0|0.0|0.0|0.0|1.0|0.0|0.0|0.0|0.0|1.0|1.0|0.0|0.0|0.0|1
-0.31689242047999977|-0.462391138044792|-0.4006152494297559|-1.2229009391286072||0.31746816285439167||1.1094657183239178||-0.3603566228560471||-0.3413682552293871|||-1.0490043108088363|0.0|1.0|0.0|0.0|0.0|1.0|0.0|0.0|0.0|0.0|1.0|0.0|0.0|0.0|1.0|0
-0.30054757187979225||-0.3959611719455523|-0.2918510478462003|-1.5213686818547654|-0.36629324716481415|-0.33927125202399006|-0.33749490705570856|-0.33603083021163466|-0.34222678032055664|-0.3540882455840239|2.404442546950025|-0.22834730128329808||-0.2749429460630012|1.0|0.0|0.0|1.0|0.0|0.0|0.0|1.0|0.0|0.0|0.0|0.0|0.0|0.0|1.0|0
-0.3080573671825903|-0.462391138044792|0.738495619182149|-0.29357441645570037|-0.3523383259298403|-0.37235577818518645|-0.3480232125961626|-0.343639210885375|-0.3366582668456774||-0.3547460464743777|-0.3604054447414732|-0.1462107585020523|||0.0|1.0|0.0|1.0|0.0|0.0|0.0|1.0|0.0|0.0|0.0|1.0|0.0|0.0|0.0|0
-0.3098243778420722|-0.462391138044792||1.1575019527433492|-0.3480354295427627|0.7875061691807257|||-0.35483432183810254|-0.3391408496762179|-0.3730329112262123||-0.26941557267392097|-0.3884459249728614|1.2731797834286689|0.0|1.0|0.0|0.0|1.0|0.0|0.0|0.0|0.0|0.0|1.0|0.0|0.0|1.0|0.0|1
|-0.462391138044792|-1.307570977858004|||-0.3768451207762217|||-1.2515393088592226|-0.3468556762870649||2.2424239128046106||-0.37690260934009717|0.4991184186828339|0.0|1.0|0.0|0.0|0.0|1.0|0.0|0.0|0.0|1.0|0.0|1.0|0.0|0.0|0.0|0
-0.2872949919336781|-0.462391138044792|-0.3975057566127989|-0.2905585213890753|1.751265757781264|||-0.34673428930703537|-0.35091284287533553|-1.2020442060994532|-0.36908610588408974|-0.34501367449765885|-0.9675761863145098|-0.3836362101258763||1.0|0.0|0.0|0.0|0.0|0.0|1.0|0.0|0.0|0.0|1.0|1.0|0.0|0.0|0.0|0
|-0.462391138044792|0.9320767896495689||-0.37339178325232764|-0.38440409932693903|-0.3444428650893647|-0.3558819655310538|-0.33128584066668654||||-0.1735896060958009|-0.40026408145402487||0.0|1.0|0.0|0.0|0.0|0.0|1.0|1.0|0.0|0.0|0.0|0.0|0.0|0.0|1.0|0
-0.28420272327958473|-0.462391138044792|-1.4102045643000478|-0.2797874675796999|-0.36107218109646827|-0.3912340393372319|-0.3317127406207501||0.15774219338517445|-0.3441554869732684||-0.3486590937659307||-0.3869343003066661||0.0|1.0|0.0|0.0|0.0|0.0|1.0|0.0|0.0|0.0|1.0|0.0|0.0|0.0|1.0|0
||0.44888599407341123|-0.3008987330460756||-0.3856895093850559|1.9207236575447497|-0.35718877642019925|-0.3312662332718727|2.9350315639672426|-0.3493082257807865||-0.25572614887704664||-1.0490043108088363|0.0|1.0|0.0|1.0|0.0|0.0|0.0|0.0|0.0|1.0|0.0|0.0|0.0|0.0|1.0|0
||-0.40167207051787196|-0.27504820390357476|-0.364120066037315|0.661363316462536||||-0.35457050289791187|-1.6494736122613478|||-0.3847355735194729||0.0|1.0|0.0|0.0|0.0|1.0|0.0|0.0|0.0|1.0|0.0|0.0|0.0|0.0|1.0|0
1.4505599916667644|||-0.2905585213890753|||0.6477112106832873|-0.3544375956009456||0.8134542459843218|0.6265174683626785||-0.26941557267392097|0.8391307244019404|-0.2749429460630012|0.0|1.0|0.0|0.0|1.0|0.0|0.0|1.0|0.0|0.0|0.0|0.0|0.0|0.0|1.0|0
|-0.462391138044792||-0.29228188999857535|2.018275846086532||-1.1424625427156438||-0.3371680591108371|||-0.34501367449765885|2.4547797629040637|-0.3836362101258763||0.0|1.0|0.0|0.0|0.0|0.0|1.0|1.0|0.0|0.0|0.0|1.0|0.0|0.0|0.0|0
0.6774928281434359|-0.462391138044792|-0.6805915438506662|-0.2772024146654498||-0.3892387759634385||-0.36078823799205606|2.6140585786883657||||-0.1872790298926752||-1.0490043108088363|0.0|1.0|0.0|0.0|0.0|1.0|0.0|0.0|0.0|0.0|1.0|0.0|0.0|0.0|1.0|1
-0.2899455079229009|-0.462391138044792|-0.4129719267677287||-0.3762219621259711|-0.8518712855370391|-0.3480232125961626|1.3444624133018335|||-0.3666303158934357|-1.4333738493694808||-0.3869343003066661|-0.2749429460630012|0.0|1.0|0.0|0.0|1.0|0.0|0.0|0.0|0.0|0.0|1.0|0.0|0.0|0.0|1.0|0
|-0.462391138044792||-0.27677157251307477||-0.38724351258964507||0.5265592822445523|||||||1.2731797834286689|1.0|0.0|0.0|1.0|0.0|0.0|0.0|1.0|0.0|0.0|0.0|1.0|0.0|0.0|0.0|0
|-0.462391138044792|-0.40421250582584334|2.6008231631996486||||-0.3546668606692167||1.623511040123255|-1.5277804475459011||1.0858373832166341|||0.0|1.0|0.0|1.0|0.0|0.0|0.0|0.0|0.0|0.0|1.0|0.0|0.0|0.0|1.0|0
2.0469260892419037|||0.2958176479933198|0.6508896504608733|2.4292817769919917|0.7571107178354443|0.3288181608606967|-0.3226389795537853|1.6427981066503727|-1.7898044688701509|||||0.0|1.0|0.0|1.0|0.0|0.0|0.0|0.0|0.0|0.0|1.0|0.0|0.0|0.0|1.0|0
|-0.462391138044792|-0.41717888763772937||||||-0.3510304872442185||||||-1.0490043108088363|1.0|0.0|0.0|0.0|1.0|0.0|0.0|1.0|0.0|0.0|0.0|0.0|0.0|1.0|0.0|0
-0.3367712903991711||-0.9066902862601195||0.09958105086654329|-0.38651447404922057|-0.3476253962065184|-1.336219397458435|||-0.37676044960488364|-0.34339348815620474||1.7254924604891981||1.0|0.0|0.0|0.0|0.0|0.0|1.0|0.0|0.0|1.0|0.0|0.0|0.0|0.0|1.0|0
||-0.40339956652729253||-0.36597697072816704||-0.3472275798168742|-0.3715178431871453||-0.34184103899001433|0.9170461949355913|-0.09672011766981115||-0.157167351044977|0.4991184186828339|0.0|1.0|0.0|1.0|0.0|0.0|0.0|0.0|0.0|0.0|1.0|1.0|0.0|0.0|0.0|0
|1.9477848919599245||||||||-0.3372121430235061|-0.35838587806766853|-0.32962190425384447|-0.2146578774864238|-0.3694819064333201|-0.2749429460630012|0.0|1.0|0.0|0.0|0.0|0.0|1.0|0.0|0.0|0.0|1.0|0.0|0.0|0.0|1.0|0
-0.28552798127419615||-0.4015298061406256|-0.27289399314169965|-0.36396639116634794|1.90552514137122|-0.34563631425829733||-0.3303839005052501|-0.3464699349565225||||-0.37690260934009717||0.0|1.0|0.0|0.0|0.0|0.0|1.0|1.0|0.0|0.0|0.0|0.0|0.0|0.0|1.0|0
|-0.462391138044792|-0.40795202659917723|-0.2853884155605751|1.192273414638581|-0.36897917862953605|-0.33012147506217326|||-0.3445412283038108||||-0.3731922578867086||0.0|1.0|0.0|0.0|1.0|0.0|0.0|1.0|0.0|0.0|0.0|1.0|0.0|0.0|0.0|0
|2.114003928511974|-0.40270856812352435||-0.36523420885182617|||||3.0893280961841825|0.7295729411847682|-0.34258339498547763|-1.9942829710800818|-0.38130006291448354||0.0|1.0|0.0|0.0|0.0|0.0|1.0|0.0|0.0|0.0|1.0|0.0|1.0|0.0|0.0|0
||-0.3989284003852629|2.751617916530904||2.4484670017400054||-0.3664969381920074||-0.3487843829397766|-0.35860514503111973|-0.3377228359611152||-0.37690260934009717||0.0|1.0|0.0|0.0|0.0|0.0|1.0|0.0|0.0|0.0|1.0|0.0|0.0|0.0|1.0|0
-0.813422415794412||1.9208142115120312|-0.2970211536747005|-0.35221026353736784|-0.3608062728868823||-0.3319237658967199|-0.3336191206495329|-1.52992433706045|-0.3516763089860601|-0.34622881425374946|-0.25572614887704664|||0.0|1.0|0.0|0.0|0.0|0.0|1.0|0.0|0.0|1.0|0.0|1.0|0.0|0.0|0.0|1
|-0.462391138044792||||-1.2547610052453253|-0.3436472323100763|-0.36188871031975756||-0.35765643354225063|1.7392973078777973||-1.6520473761582246|-0.3791013361272903|2.047241148174504|0.0|1.0|0.0|1.0|0.0|0.0|0.0|0.0|0.0|1.0|0.0|0.0|0.0|0.0|1.0|1
-0.32042644179896357|-0.462391138044792|||-0.37578654999156436|-0.36236027609147137|-0.3368843536861248|-1.9500766177544042|||-0.3494836393515476|-0.3608104913268368|||0.4991184186828339|0.0|1.0|0.0|0.0|0.0|1.0|0.0|1.0|0.0|0.0|0.0|0.0|0.0|0.0|1.0|0
-0.3045233458636265|-0.462391138044792|0.05003765072190391|-1.5891167686473695|||-0.3595598878958446||1.2121298494991561|||-1.3726168615649503|-0.22834730128329808|||0.0|1.0|0.0|0.0|0.0|1.0|0.0|1.0|0.0|0.0|0.0|0.0|0.0|1.0|0.0|0
|1.781565855407875||-0.28323420479870004|-0.9111513817230619|||||-1.3852713381070692||-0.34622881425374946||0.584902939632727||0.0|1.0|0.0|0.0|0.0|0.0|1.0|0.0|0.0|0.0|1.0|0.0|1.0|0.0|0.0|0
||-0.4193128532964253||-0.3830220751662635|||-0.36241601997678113||||-0.36850637644874396|-0.1599001822989266||-0.2749429460630012|0.0|1.0|0.0|1.0|0.0|0.0|0.0|1.0|0.0|0.0|0.0|0.0|0.0|0.0|1.0|0
|-0.462391138044792|-0.40665132372149587||1.2614271065737583||-0.3539904584408257||||0.45987457613972466|-0.3689114230341075||||1.0|0.0|0.0|0.0|0.0|1.0|0.0|0.0|0.0|0.0|1.0|1.0|0.0|0.0|0.0|0
||-0.38531166713453624|-0.2892659949319502|-0.3466011307470701|-0.382965207470838|||-1.305949829467615|-0.34222678032055664||-1.342238367662685|-0.25572614887704664||0.4991184186828339|0.0|1.0|1.0|0.0|0.0|0.0|0.0|1.0|0.0|0.0|0.0|1.0|0.0|0.0|0.0|0
|||-0.2866809420177001||-0.3793583852182114||-0.3507693545086074|-0.3302662561363672|||-0.3539246993756566||||0.0|1.0|1.0|0.0|0.0|0.0|0.0|0.0|0.0|0.0|1.0|0.0|0.0|0.0|1.0|0
||||-0.3679107128545025||||||-0.35527228718666065|-0.36567105035119923||0.14172207158909822||0.0|1.0|0.0|0.0|0.0|0.0|1.0|0.0|0.0|0.0|1.0|0.0|0.0|0.0|1.0|0
||-0.40055427898236456|-0.30563799672220077||-1.8260010721174311|||2.4121024121058645||0.3052913669065899|1.9386389737819583|1.0858373832166341||-1.0490043108088363|0.0|1.0|0.0|0.0|0.0|0.0|1.0|0.0|0.0|1.0|0.0|0.0|0.0|0.0|1.0|0
||-1.5362101555754286||-0.35568075437337393|||0.6870448300343481||-0.34569845229543783|||1.0858373832166341||0.4991184186828339|0.0|1.0|0.0|1.0|0.0|0.0|0.0|0.0|0.0|1.0|0.0|1.0|0.0|0.0|0.0|0
||-0.384539374800913|0.8020571770339621|||||-0.3582460085357098|-0.33181176439591326|-0.3764534758560519|0.9462748396412946|-0.2146578774864238|-0.4129067604803857|-1.0490043108088363|0.0|1.0|0.0|0.0|0.0|1.0|0.0|0.0|0.0|1.0|0.0|0.0|0.0|1.0|0.0|0
|||-1.4598641229348652|2.2225353620802504||-0.35279700927189306|1.3031947010130287|-0.329932930424532|1.8935299715028997||-1.2511028859558895||-0.3935304806682457||0.0|1.0|0.0|0.0|0.0|0.0|1.0|1.0|0.0|0.0|0.0|0.0|0.0|0.0|1.0|0
-0.30717386185284934|-0.462391138044792||-0.26772388731319946|-0.364171290994304|1.9458141133420488|-0.35160356010296046|-0.9974802590878304|||-0.3543075125474751|-1.240976721321801||2.6943064510962005|-0.2749429460630012|0.0|1.0|0.0|0.0|1.0|0.0|0.0|0.0|0.0|0.0|1.0|1.0|0.0|0.0|0.0|0
-0.3093826251772017||1.381225752098909|-0.2737556774464497||-0.38887425669322623|-0.3321105570103943|-0.36042141388282223|-1.3245768545407584|0.5241482480775599|-0.3582543178895978|1.0272841567140019||-0.3731922578867086|0.4991184186828339|1.0|0.0|0.0|0.0|1.0|0.0|0.0|1.0|0.0|0.0|0.0|1.0|0.0|0.0|0.0|0
-0.31114963583668365||-0.3970179930336684|||-1.3722705068269088|-0.35041011093402785||||||-0.24203672508017238|||0.0|1.0|0.0|0.0|0.0|0.0|1.0|0.0|1.0|0.0|0.0|0.0|0.0|0.0|1.0|0
-0.31777592580974073||-0.4082568788361338|-0.28452673125582506|-0.37117630386255257||-0.3496144781547394|||-0.33605491903187906|-0.349045105424645|0.7234992176913496|-0.25572614887704664|0.5952094714476951||1.0|0.0|0.0|0.0|1.0|0.0|0.0|0.0|0.0|0.0|1.0|1.0|0.0|0.0|0.0|1
-0.3416305697127463|-0.462391138044792|||-0.36801316276848056|-0.40059642901426257|-0.32733676033466386||-0.3439326103216102|||-0.36283572425365446|-0.24203672508017238||0.4991184186828339|0.0|1.0|0.0|0.0|0.0|0.0|1.0|0.0|0.0|0.0|1.0|0.0|0.0|0.0|1.0|0
2.0690137224854275|-0.462391138044792|||-0.36969078010987094||-0.3364865372964806|-0.3687666623678917|-1.5226115421604929||-0.35027300041997206|-0.34501367449765885||0.6123870244726419||0.0|1.0|0.0|0.0|0.0|0.0|1.0|0.0|0.0|1.0|0.0|0.0|0.0|1.0|0.0|0
2.5991169203299953|-0.462391138044792|-0.40191595230743726|2.256149441299637|-1.3616108472452584|-0.3782840126323227|-1.7590779466641644||-0.3481285928117709|-0.34222678032055664|-0.3662794887519137|-0.3474439540098401|-0.22834730128329808|-0.3858349369130695|-0.2749429460630012|1.0|0.0|0.0|0.0|0.0|0.0|1.0|0.0|0.0|0.0|1.0|0.0|0.0|0.0|1.0|0
3.305921184122753|||||-0.40034702109253834||-0.37206807935099606|0.5925361733819676|-0.333740471048625|1.5573057282132556|-0.35068432669274835||-0.3887207658212606||1.0|0.0|1.0|0.0|0.0|0.0|0.0|0.0|0.0|0.0|1.0|0.0|0.0|1.0|0.0|0
-0.3036398405338856|-0.462391138044792||-0.2763407303606998||-0.3812385372435168||1.7537005601658129||-0.34222678032055664||3.498068327431573|0.7436017882947767|||0.0|1.0|0.0|0.0|0.0|0.0|1.0|0.0|0.0|1.0|0.0|1.0|0.0|0.0|0.0|0
-0.3151254098205179|||||-0.39583849327675513|||-0.3470697934918238|-0.34145529765947197||0.9867794981776482||-1.057271129552192||0.0|1.0|0.0|0.0|1.0|0.0|0.0|0.0|0.0|0.0|1.0|0.0|0.0|0.0|1.0|0
-0.32926149509637304|-0.462391138044792|-0.38104373581714435||-0.3420293033358|-0.3870708455669129||-0.3585872933366531|2.1238737083424883||-0.3460192213290177|0.7943823701299685|-0.1872790298926752||-1.0490043108088363|0.0|1.0|0.0|0.0|0.0|0.0|1.0|1.0|0.0|0.0|0.0|0.0|0.0|0.0|1.0|1
|1.781565855407875|-0.3944369107607695||-0.35637229129272574|0.661363316462536|-0.3464319470375858||-0.3408150345462104|-1.3370536717892754||-1.514383166442188|||2.047241148174504|0.0|1.0|0.0|1.0|0.0|0.0|0.0|1.0|0.0|0.0|0.0|0.0|0.0|1.0|0.0|0
-0.35709191298321286||-0.3883601895041019||-0.3498667217551201|0.39612758432124756|1.9605052965091703|||-0.33219750572645557|-0.36136790877060554|-0.3709366559609252||||1.0|0.0|0.0|0.0|0.0|0.0|1.0|0.0|0.0|0.0|1.0|0.0|1.0|0.0|0.0|0
1.8039621235631431|-0.462391138044792||-0.27677157251307477|-0.3554630483061706||2.51744824201106||-0.33938369472480046|-0.3549562442284542|0.5760860667688898||-0.25572614887704664|-1.576033230905587||0.0|1.0|0.0|0.0|0.0|1.0|0.0|0.0|0.0|1.0|0.0|1.0|0.0|0.0|0.0|1
|-0.462391138044792|1.349724354280064|-1.5244904457911175||||||1.9706782376113696|-0.3665864625007454|-0.3377228359611152|-0.1872790298926752|||1.0|0.0|0.0|1.0|0.0|0.0|0.0|0.0|0.0|1.0|0.0|0.0|0.0|1.0|0.0|0
-0.0734867021363689|-0.462391138044792|-0.376105129578448||-0.3367403265266837||-0.35239919288224886|-0.36243894648360825||||-1.5548878249785416|-0.24203672508017238|1.7117504180692407|-1.0490043108088363|0.0|1.0|0.0|0.0|0.0|0.0|1.0|1.0|0.0|0.0|0.0|1.0|0.0|0.0|0.0|1
|-0.462391138044792|||-0.3507375460239335|-0.3876464023093533|-0.35160356010296046|-0.35918338251415816|-0.3425208778950141|-0.34994160693140364||-0.34258339498547763|-0.24203672508017238|1.7667185877490705|0.4991184186828339|1.0|0.0|0.0|1.0|0.0|0.0|0.0|0.0|0.0|0.0|1.0|1.0|0.0|0.0|0.0|0
-0.3001058192149218||-0.3991926056572919|-0.31080810255070096||0.43497766443597513|-0.3321105570103943||||-0.3609293748437031|-0.34420358132693174||-0.38281168758067885|0.4991184186828339|0.0|1.0|0.0|0.0|0.0|1.0|0.0|0.0|0.0|1.0|0.0|0.0|1.0|0.0|0.0|0
-0.3093826251772017||-0.41063472628439507|0.683575585130833|2.4991501298209595|-0.3760201561120571||-0.3473762314981946|-0.3350896752605706|-0.3522560549146578|1.7656093434919478|-1.5346354957103647|-0.2146578774864238|0.62269355628761||0.0|1.0|0.0|0.0|0.0|1.0|0.0|0.0|0.0|0.0|1.0|0.0|0.0|0.0|1.0|1
-0.31910118380435215|1.8646753736838997||-0.282803362646325|||-0.35239919288224886||-0.33379558720285746|1.276343842635141|||-0.22834730128329808|||0.0|1.0|0.0|1.0|0.0|0.0|0.0|0.0|0.0|1.0|0.0|0.0|0.0|0.0|1.0|0
-0.32219345245844544||3.1635951641716322|2.7731600241496546|||||1.590552569406174|-0.3487843829397766||||-0.3932556398198465|1.2731797834286689|0.0|1.0|0.0|0.0|0.0|0.0|1.0|0.0|0.0|0.0|1.0|0.0|0.0|0.0|1.0|0
-1.6858839289135972|-0.462391138044792|-0.40022910326294425|-0.28452673125582506|0.6015856293589414|-0.38346402331428636|-0.35239919288224886||-0.34475612090379126||1.278836684630162|-0.3490641403512942||-0.38734656157926484||1.0|0.0|0.0|0.0|0.0|0.0|1.0|0.0|0.0|1.0|0.0|1.0|0.0|0.0|0.0|0
|1.532237300579801|1.3517567025264412|-0.28194167834157496|3.4314443470211273|||||-0.34608419362598014|2.258960011257271|-0.3413682552293871|||-1.0490043108088363|0.0|1.0|0.0|1.0|0.0|0.0|0.0|0.0|0.0|0.0|1.0|0.0|0.0|1.0|0.0|0
|-0.462391138044792||-0.28237252049395|-0.35817797102658866||||||-0.36364828519049863|-0.3458237676683859||||0.0|1.0|0.0|0.0|0.0|0.0|1.0|1.0|0.0|0.0|0.0|0.0|0.0|0.0|1.0|0
|-0.462391138044792|||2.7232593166479226||-0.3607533370647772|-0.3694773840795322|||1.730526629339747|2.748732144509031|-1.9942829710800818|||0.0|1.0|0.0|0.0|0.0|0.0|1.0|0.0|0.0|1.0|0.0|1.0|0.0|0.0|0.0|0
|-0.462391138044792||-0.2888351527795752|3.5005980389563045|||-0.3588624114185785|-0.32838394623423894|1.3149179756893759|-0.34641390186322996||-0.2146578774864238|||0.0|1.0|0.0|0.0|0.0|1.0|0.0|1.0|0.0|0.0|0.0|0.0|0.0|0.0|1.0|0
||||||-0.335293088127548|-0.35430003655998293|-0.34808937802214324|-0.3468556762870649||-0.34784900059520363||1.5262328453998146|-0.2749429460630012|0.0|1.0|0.0|1.0|0.0|0.0|0.0|0.0|0.0|1.0|0.0|0.0|0.0|1.0|0.0|0
|-0.462391138044792|||-0.3509680583303841|||1.782358693699705|-0.3354033935775919|-0.34762715894814955|0.6758525351392108|1.67535869329566|-0.2009684536895495|-0.38734656157926484|0.4991184186828339|0.0|1.0|0.0|0.0|0.0|0.0|1.0|0.0|0.0|0.0|1.0|0.0|0.0|0.0|1.0|0
-0.3252857211125388|-0.462391138044792|-0.3963269946299002|||||1.7124328478770081|-0.3477952670999357|0.25412931669791533|-0.36592866161039167|-0.3595953515707462|||0.4991184186828339|0.0|1.0|0.0|0.0|0.0|0.0|1.0|0.0|0.0|0.0|1.0|0.0|0.0|0.0|1.0|0
-0.32396046311792737|||||||||-0.34917012427031896|-0.34715940953896424|||||1.0|0.0|0.0|0.0|0.0|0.0|1.0|1.0|0.0|0.0|0.0|0.0|0.0|0.0|1.0|0
|-0.462391138044792|-0.39522952657685656|1.1898151141714752|-0.3572175030830445||-0.3496144781547394||-0.3546186404951503||-0.37281364426276103|-0.35878525840001907||-0.3961414687280376||0.0|1.0|0.0|0.0|0.0|0.0|1.0|0.0|0.0|0.0|1.0|0.0|0.0|0.0|1.0|0
|2.280222965064023|0.013455382287115973|-0.28409588910345007|-0.3834062623436811|-0.40253413671381194||-0.37429195051322606|-0.3441678990593762|-1.4142019378977453|3.0110456958950755||-0.1599001822989266|-0.3987524567878295||0.0|1.0|0.0|0.0|1.0|0.0|0.0|1.0|0.0|0.0|0.0|0.0|1.0|0.0|0.0|0
|-0.462391138044792|0.5499953193306724|-1.276756208175484|-0.38158777637057095|0.3227440996600954|1.304108253596229||||-0.34474747294100044||-1.9942829710800818|-0.3791013361272903|-1.0490043108088363|0.0|1.0|0.0|0.0|0.0|1.0|0.0|0.0|0.0|0.0|1.0|0.0|0.0|0.0|1.0|0
|-0.462391138044792|-0.4096998460910615|-0.28754262632245015||||||-0.33412621237916734|-0.34588766115094693|||-0.3843233122468742||0.0|1.0|0.0|0.0|1.0|0.0|0.0|0.0|0.0|0.0|1.0|0.0|0.0|0.0|1.0|0
-0.3045233458636265||-0.39214035724236335|-1.5352614996004927|0.818011072637552||-0.34563631425829733|-1.300110149205731|-0.3467756825696163|-0.350327348261946|1.1757812118080722||-0.6253405913926526|-0.3880336637002627||0.0|1.0|0.0|0.0|1.0|0.0|0.0|0.0|0.0|0.0|1.0|0.0|0.0|1.0|0.0|0
2.223627155190093|0.6180325995435292||||-0.39426530484741806||-0.3659008490145025||||-0.3510893732781119|||-0.2749429460630012|1.0|0.0|0.0|0.0|0.0|1.0|0.0|0.0|0.0|1.0|0.0|0.0|0.0|0.0|1.0|0
1.0529825932833383|||-0.2879734684748252|-1.8620146458317497|-0.40044294721627843|-0.3364865372964806|0.778177694672125|-0.3347367421539216|-0.33566917770133675||-0.3320521837660257||2.247690072447582||0.0|1.0|0.0|0.0|0.0|1.0|0.0|0.0|0.0|0.0|1.0|0.0|0.0|1.0|0.0|0
-0.321751699793575|-0.462391138044792||2.2992336565371385||||1.3513403653499676|-0.33044272268969166|-1.645646736223155||-0.36283572425365446|-0.1872790298926752|-0.3998518201814261|2.047241148174504|0.0|1.0|0.0|1.0|0.0|0.0|0.0|1.0|0.0|0.0|0.0|1.0|0.0|0.0|0.0|1
|-0.462391138044792|-0.3834419067478694|-0.28409588910345007||-0.38895099759221824|-0.33449745534825953||-0.33281521746216575||||-0.22834730128329808||-0.2749429460630012|0.0|1.0|1.0|0.0|0.0|0.0|0.0|1.0|0.0|0.0|0.0|0.0|0.0|1.0|0.0|1
0.6112299284128649|-0.462391138044792|-0.4007778372894661||||-0.32773457672430806|-0.3569595113519281|||-0.35557926093549247|-0.35270955961956607|-1.3098117812363672|-0.39064465176005464|0.4991184186828339|1.0|0.0|0.0|0.0|0.0|0.0|1.0|0.0|0.0|0.0|1.0|1.0|0.0|0.0|0.0|0
0.5007917621952466||-0.40783008570439466|||||-0.3567531727904841|2.7728784766804293|-0.34145529765947197|-0.36465691322237437|-0.3348875098635704|-0.1872790298926752|-0.37429162128030524|-1.0490043108088363|0.0|1.0|0.0|0.0|0.0|0.0|1.0|0.0|0.0|0.0|1.0|1.0|0.0|0.0|0.0|0
-0.3358877850694301|||||-0.39591523417574725|-1.4905518836543248|-0.36757448401288173|0.7327290463008885|0.591652980922471|1.8401601110653745|-0.3705316093755616||||0.0|1.0|0.0|0.0|0.0|1.0|0.0|1.0|0.0|0.0|0.0|0.0|0.0|0.0|1.0|0
||||-1.409634244422465|-1.5022504044947012|-0.3476253962065184|||||-0.34420358132693174|0.7436017882947767|-0.38281168758067885||0.0|1.0|0.0|1.0|0.0|0.0|0.0|0.0|0.0|0.0|1.0|1.0|0.0|0.0|0.0|0
|-0.462391138044792|-0.4059400018352639|||0.3966072149399479|-1.5402789323598507||1.5444751915936614|-0.34531271096489546|-0.35768422378462444||-0.22834730128329808|2.763016663195988|0.4991184186828339|0.0|1.0|0.0|0.0|0.0|1.0|0.0|0.0|0.0|0.0|1.0|0.0|0.0|0.0|1.0|0
|-0.462391138044792|||-0.3506479023492027||-0.35279700927189306||-0.332423069565889||1.8993621911972134||-0.24203672508017238||-0.2749429460630012|0.0|1.0|0.0|0.0|0.0|0.0|1.0|0.0|0.0|1.0|0.0|1.0|0.0|0.0|0.0|0
1.075070226526862||-0.3939288236991752|2.4500284098683935|-1.5757951986555994|1.1294828003140687|-0.3559795403890467||0.8797845074046517|-0.3472414176176072|-0.3710595085551511||1.4280729781384915||0.4991184186828339|0.0|1.0|0.0|0.0|0.0|0.0|1.0|1.0|0.0|0.0|0.0|0.0|0.0|0.0|1.0|0
|-0.462391138044792|-0.4103095505649747|-0.29874452228420056|||-0.3571729895579794||-0.34106993067879027||||||-0.2749429460630012|0.0|1.0|0.0|0.0|1.0|0.0|0.0|0.0|0.0|0.0|1.0|0.0|0.0|0.0|1.0|0
-0.3252857211125388|-0.462391138044792||-0.2789257832749499||-0.38329135629155425|||-0.33997191656921555|-0.34376974564272605|||1.770308573060349||-1.0490043108088363|0.0|1.0|0.0|1.0|0.0|0.0|0.0|0.0|0.0|0.0|1.0|0.0|0.0|1.0|0.0|0
|1.1997992274757021|-0.38913248183772525|-0.28366504695107503||-0.3834448380895384|-0.3424537831411437||-0.3254428370121637|-0.33219750572645557||-0.3365076962050246|||2.821302512920339|0.0|1.0|1.0|0.0|0.0|0.0|0.0|0.0|0.0|1.0|0.0|0.0|0.0|0.0|1.0|0
-0.31070788317181314|-0.462391138044792|-0.9082145474449024|||-0.38948818388516265|-0.35001229454438365|-0.3610404295671543||0.3119905162792677|1.1801665510770971|-0.3320521837660257|||1.2731797834286689|0.0|1.0|0.0|0.0|0.0|1.0|0.0|0.0|0.0|0.0|1.0|0.0|0.0|1.0|0.0|0
-0.32749448443689116|-0.462391138044792|-0.3951685561294652|||0.5908576155135858|||-1.805448212350064|-0.334897695040252|-0.33891497171319707|1.0677888152503554|-0.22834730128329808|||0.0|1.0|0.0|0.0|1.0|0.0|0.0|1.0|0.0|0.0|0.0|1.0|0.0|0.0|0.0|0
3.1733953846616108|||-0.2931435743033253||-0.39200144832715245|-0.35239919288224886||0.08274390822225522|||-0.36445591059510857|1.770308573060349|-0.40136344484762143|-0.2749429460630012|0.0|1.0|0.0|0.0|0.0|0.0|1.0|0.0|0.0|1.0|0.0|1.0|0.0|0.0|0.0|0
-1.9951107943229285|-0.462391138044792|||-0.019837130114110105||-0.3368843536861248|-0.3641584344956418||-0.35071308959248837||||||0.0|1.0|1.0|0.0|0.0|0.0|0.0|0.0|0.0|0.0|1.0|1.0|0.0|0.0|0.0|0
2.422415854381806|-0.462391138044792|-0.42494245793888985|||-1.3967316683806261||1.5817517589624601|-0.3272467173350365||-0.3452298602605932|-0.3543297459610202|||-0.2749429460630012|1.0|0.0|0.0|1.0|0.0|0.0|0.0|0.0|0.0|1.0|0.0|0.0|0.0|1.0|0.0|0
||-0.396611523384393|||||-0.05863980451752472|-1.6407460959138496||||-0.24203672508017238|-0.40026408145402487|-0.2749429460630012|0.0|1.0|0.0|1.0|0.0|0.0|0.0|0.0|0.0|0.0|1.0|0.0|1.0|0.0|0.0|0
|-0.462391138044792|-0.41006566877540945||-0.3731100459888881|1.3165387416072016||-0.3603067813486867||0.6591577137673821|0.2515709608610325|-0.34460862791229535||1.670524290809368||0.0|1.0|0.0|0.0|0.0|0.0|1.0|0.0|0.0|0.0|1.0|1.0|0.0|0.0|0.0|0
|||2.019186257493379||0.37934051266673563|-0.3547860912201141|2.8667824666221824||-0.3372121430235061||0.1361816689142222||-0.6656229205834038||0.0|1.0|0.0|0.0|0.0|1.0|0.0|0.0|0.0|1.0|0.0|0.0|0.0|0.0|1.0|0
|2.280222965064023|||-1.5341749211020206||1.36378071204286|-0.3501503388242753||-0.3468556762870649|-0.3526849370179359|-0.3356976030342975|1.770308573060349|0.8288241925869723||0.0|1.0|1.0|0.0|0.0|0.0|0.0|0.0|0.0|0.0|1.0|0.0|0.0|0.0|1.0|0
-0.3252857211125388|-0.462391138044792|||-0.34254155290569027|-1.3617186332155014|-0.3551839076097583|||-0.3522560549146578||-0.3612155379122003|0.7436017882947767||-0.2749429460630012|1.0|0.0|0.0|1.0|0.0|0.0|0.0|0.0|1.0|0.0|0.0|1.0|0.0|0.0|0.0|1
|||||||-0.3668866888080683||1.4885015744334331|||||1.2731797834286689|0.0|1.0|0.0|1.0|0.0|0.0|0.0|0.0|0.0|1.0|0.0|0.0|0.0|0.0|1.0|0
-0.321751699793575||||-0.3399290800992502||2.5572298809754805|0.5953388027258933|1.8611346178370982||-0.35128162845184785|-0.3377228359611152|-0.2146578774864238|0.7807270441171211||0.0|1.0|0.0|1.0|0.0|0.0|0.0|0.0|0.0|1.0|0.0|0.0|1.0|0.0|0.0|0
-1.4650075964783604|-0.462391138044792||-0.29228188999857535|||-0.3591620715062004|-0.3314881622670048||-1.134539473254542|-0.3712787755186023|3.4170590103588654|-0.2146578774864238|||0.0|1.0|1.0|0.0|0.0|0.0|0.0|1.0|0.0|0.0|0.0|0.0|0.0|1.0|0.0|0
-0.29259602391212375||0.8812680834901411|-1.1475035624629795||||-0.3597794716916631|0.36509039354148054|2.5107161003706584|1.0990377746001327|-0.33124209059529863|-0.26941557267392097|2.282045178497476||1.0|0.0|0.0|0.0|0.0|0.0|1.0|0.0|0.0|0.0|1.0|0.0|0.0|0.0|1.0|0
||||-0.3497258531234004|0.7122041620447721|-0.3436472323100763|-0.34950839663311617||-0.32486842044615094||3.255040376213451|-0.1599001822989266|-0.3917440151536512|-0.2749429460630012|0.0|1.0|0.0|0.0|0.0|0.0|1.0|0.0|0.0|0.0|1.0|0.0|0.0|1.0|0.0|0
-0.35267438633450815|||-0.28711178417007516|||-0.3440450486997205|-1.387804037819441||0.6302271139767059||-0.35513983913174724|-0.24203672508017238|||1.0|0.0|1.0|0.0|0.0|0.0|0.0|0.0|0.0|0.0|1.0|0.0|0.0|0.0|1.0|0
|||-0.2909893635414503|||-0.3607533370647772||||-0.35233410987641384|-0.35513983913174724|-0.22834730128329808|1.1895528061108562|-1.0490043108088363|0.0|1.0|0.0|1.0|0.0|0.0|0.0|0.0|0.0|1.0|0.0|0.0|1.0|0.0|0.0|0
2.819993252765232||-0.3930345904707693|-0.28495757340820005|-1.5994867412630212||-0.3559795403890467|-0.35237420998650537|0.7837082728168597|-0.33952659100676025|||-0.22834730128329808|-0.3880336637002627||1.0|0.0|0.0|0.0|0.0|0.0|1.0|1.0|0.0|0.0|0.0|0.0|1.0|0.0|0.0|0
-0.34781510702093293|-0.462391138044792|-0.37407278133207084|-0.28452673125582506|-0.33456326585465035|||-0.353497608821034|1.7630976437679227|1.6620851731774902|-1.4740600415003438|-0.3385329291318423|-0.22834730128329808|-1.61382384756047|0.4991184186828339|1.0|0.0|0.0|0.0|1.0|0.0|0.0|0.0|0.0|0.0|1.0|0.0|0.0|1.0|0.0|1
|0.8673611543716033|-0.4081146144588874|-0.2909893635414503|1.1833090471655023|||||-0.35071308959248837|-0.3538251252278824||||-1.0490043108088363|0.0|1.0|1.0|0.0|0.0|0.0|0.0|0.0|0.0|0.0|1.0|0.0|0.0|0.0|1.0|0
-0.2996640665500513||-0.42232072870106335|-0.28495757340820005|-0.38623644121732453|-0.3902555928750832||1.2963167489648946|||-0.3642622326881621||-0.10514248711142943|1.093358509171154|-1.0490043108088363|0.0|1.0|0.0|0.0|0.0|1.0|0.0|1.0|0.0|0.0|0.0|0.0|0.0|1.0|0.0|0
|-0.462391138044792|-0.39791222626207434|-1.2552141005567332||-0.3797037192636757|-0.3539904584408257|-0.3511132521110141|-0.3185214266428799|-1.2888360054714818|-0.336459181722543||-1.6520473761582246|-0.3799258586724878|1.2731797834286689|0.0|1.0|0.0|0.0|0.0|1.0|0.0|0.0|0.0|1.0|0.0|0.0|0.0|1.0|0.0|0
-0.28331921794984377||0.903623914200289|-0.2879734684748252|2.4709764034769983||0.34934891845013216|-0.3506088689608176|||-0.334529632444172|-0.35513983913174724||||0.0|1.0|0.0|0.0|0.0|1.0|0.0|0.0|0.0|0.0|1.0|0.0|0.0|0.0|1.0|0
0.45661649570819923||-0.41252481015352577||||-0.3464319470375858|-0.3445791976652867|-0.3254428370121637|1.5077886409605505|-0.3434318711602929||1.0858373832166341|1.7461055241191343||0.0|1.0|0.0|0.0|0.0|0.0|1.0|1.0|0.0|0.0|0.0|1.0|0.0|0.0|0.0|0
0.1694772635423915|-0.462391138044792|0.43567573047196007|-0.2866809420177001|-0.365323852526557|-0.3930566356882932|0.8764556347287065|-1.1705753856325387|0.9895859183621283|-0.34338400431218374||-0.3595953515707462||-0.39696599127323506||0.0|1.0|0.0|0.0|0.0|0.0|1.0|1.0|0.0|0.0|0.0|0.0|0.0|0.0|1.0|0
1.273858925718575|||||0.5812650031395791|-0.36314023540264245|||1.0641861108368489|0.4949572902919256||2.4547797629040637|0.492144153298014||0.0|1.0|0.0|0.0|1.0|0.0|0.0|1.0|0.0|0.0|0.0|0.0|0.0|0.0|1.0|0
||-0.3913070944613487|||||-0.3673910719582648|-0.329932930424532|-0.32834009242103207|||-2.6787541609237966|-0.3965537300006364|-1.0490043108088363|0.0|1.0|0.0|1.0|0.0|0.0|0.0|0.0|0.0|0.0|1.0|0.0|0.0|1.0|0.0|0
-2.094505143918785|||2.730075808912153|1.4323904005246133|-0.3842122470794589|||3.0689501383693396||1.3380387647620007|-0.36648114352192623||0.6673551941524719|1.2731797834286689|0.0|1.0|0.0|0.0|0.0|0.0|1.0|1.0|0.0|0.0|0.0|0.0|0.0|0.0|1.0|0
-0.26476560602528393||-0.41258578060091705|||-0.375885859538821|-0.3448406814790089|||-1.134539473254542|||-0.22834730128329808|-0.37580324594650055|-1.0490043108088363|0.0|1.0|0.0|1.0|0.0|0.0|0.0|0.0|0.0|0.0|1.0|1.0|0.0|0.0|0.0|0
-0.33058675309098445|||-0.3026221016555757|||-0.35319482566153726|||-0.35302753757574246|-0.34588766115094693|0.4602189372050512|-0.22834730128329808|1.1345846364310264||0.0|1.0|0.0|0.0|0.0|1.0|0.0|1.0|0.0|0.0|0.0|0.0|0.0|1.0|0.0|0
|||-0.2918510478462003||-0.38797255113006957|-0.3480232125961626||-0.3315015220096388|-0.32641138576832035|-0.34952749274423783|||1.3407152727303886||0.0|1.0|0.0|0.0|0.0|0.0|1.0|1.0|0.0|0.0|0.0|1.0|0.0|0.0|0.0|0
-0.3438393330370987|1.6153468188558258||||2.5856413586883034||||||0.9665271689094714||-0.3753909846739018||1.0|0.0|0.0|0.0|0.0|0.0|1.0|0.0|0.0|0.0|1.0|0.0|0.0|1.0|0.0|0
-0.31335839916103597|2.6957705564441468|-1.4752397081841153||-0.358293227179814|-0.38405876528147476|-0.35001229454438365|||0.3891387823877376|-1.8095384955807639|||0.34441719728347114|-1.0490043108088363|0.0|1.0|0.0|0.0|0.0|0.0|1.0|0.0|0.0|0.0|1.0|0.0|0.0|1.0|0.0|0
-1.906760261348834||2.6046993964179275||1.2268502606061695|0.5956539217005893|||-1.5833944660833816|||0.8855178518367641|||1.2731797834286689|0.0|1.0|0.0|0.0|0.0|0.0|1.0|0.0|0.0|1.0|0.0|0.0|0.0|0.0|1.0|0
-0.3173341731448702||||-0.3532987938733845||-1.4109886057254835|-0.9825780296502066|-0.3550892179706824||1.9147108786388012|-0.3713417025462887||-0.4076847843608019||1.0|0.0|0.0|0.0|0.0|1.0|0.0|0.0|0.0|0.0|1.0|1.0|0.0|0.0|0.0|1
||||-0.3689352119942829|-0.3909654461907597||2.9149281309591215|||||-0.2146578774864238|||0.0|1.0|0.0|0.0|0.0|0.0|1.0|0.0|0.0|0.0|1.0|0.0|0.0|0.0|1.0|0
0.6554051948999123||-0.4059400018352639||-0.3686918934485851|-0.38797255113006957|-0.3476253962065184||-0.33357990585990527||||-0.24203672508017238||-0.2749429460630012|1.0|0.0|0.0|0.0|0.0|0.0|1.0|0.0|0.0|0.0|1.0|0.0|0.0|0.0|1.0|0
-0.30849911984746076|3.0282086295482458|||2.8346735980990414|||-0.36305796216794034|||-0.3429494838407002|1.7158633518320134|-2.6787541609237966|-0.3865220390340674|-1.0490043108088363|1.0|0.0|0.0|1.0|0.0|0.0|0.0|0.0|0.0|0.0|1.0|0.0|0.0|0.0|1.0|0
||-1.8181984747602522|||-0.3938048594534657|-0.3484210289858068|-0.36544231887796014||0.553078847868236|0.5881457497587088||1.0858373832166341||1.2731797834286689|1.0|0.0|0.0|0.0|1.0|0.0|0.0|1.0|0.0|0.0|0.0|0.0|0.0|0.0|1.0|0
|-0.462391138044792|-0.3983593428762773|-0.2970211536747005|-0.3605727377658254|-0.3992150928324055||-0.37092175400964034|0.7062590633022111|1.2184826430537885|-0.3527287904106261|1.3918260835411846||-0.3924311172746491||0.0|1.0|0.0|0.0|0.0|0.0|1.0|0.0|0.0|0.0|1.0|0.0|0.0|0.0|1.0|0
||||||-1.21208041090338|1.0303692697703757|-0.34195226344541285|-0.34762715894814955|-0.36005230698989804|0.7032468884231728|-0.1872790298926752|0.5780319184227483||0.0|1.0|0.0|0.0|0.0|0.0|1.0|0.0|0.0|0.0|1.0|0.0|1.0|0.0|0.0|0
-0.31070788317181314||0.8086116336821593||-1.7377941251333757||-0.3309171078414617|0.8704568846512577|||-0.3560616482550852|||-1.4179997430760758|1.2731797834286689|0.0|1.0|0.0|0.0|1.0|0.0|0.0|0.0|0.0|1.0|0.0|0.0|0.0|0.0|1.0|1
-0.330145000426114|-0.462391138044792|0.558632799377775||||||-1.2716368885434037||||0.05913059845106209|-0.38102522206608436||0.0|1.0|1.0|0.0|0.0|0.0|0.0|0.0|0.0|0.0|1.0|1.0|0.0|0.0|0.0|0
|-0.462391138044792||2.083812580349631|1.0571675905800402||||1.186640236241171|0.9581072449377028||||-1.400822190051129||1.0|0.0|0.0|1.0|0.0|0.0|0.0|0.0|0.0|1.0|0.0|0.0|0.0|0.0|1.0|0
-0.3345625270748187||-0.39199809286511694|0.5112387241808272|0.8218529444117285|||-0.35838095477520915|-0.33357990585990527|1.1413343769453188|-0.3516324555933698|-0.3535196527902931||-0.39133175388105246||1.0|0.0|0.0|0.0|1.0|0.0|0.0|0.0|1.0|0.0|0.0|0.0|0.0|0.0|1.0|0
|-0.462391138044792|0.5261152274357414||-0.36144356203463873|-0.40132546755468707|-1.7093508979586387|-0.37307684565138904|||-1.4850233896729066|-1.139715074980917|||-1.0490043108088363|0.0|1.0|0.0|0.0|0.0|1.0|0.0|1.0|0.0|0.0|0.0|0.0|0.0|0.0|1.0|0
-0.2766929279767867|-0.462391138044792|||-0.3716373284754537||-0.3484210289858068||-0.35581469157879425||-0.3739976858653979||-0.22834730128329808|-1.0366580659222557||0.0|1.0|0.0|0.0|0.0|1.0|0.0|1.0|0.0|0.0|0.0|1.0|0.0|0.0|0.0|0
|-0.462391138044792||0.5327808317995778||-0.3779003081373624||1.9233567106864542|-0.33912879859222056|-0.342612521651099|-0.35720183646503173||-0.2009684536895495|-0.38734656157926484|-0.2749429460630012|0.0|1.0|0.0|0.0|0.0|0.0|1.0|0.0|0.0|0.0|1.0|0.0|0.0|1.0|0.0|0
|||-1.5029483381723667|0.10022136282890604||1.9008328380625392|-0.3529702991640103|-1.4201629042582045|2.703586765641833|-0.3543952193328556|-0.3381278825464787|-0.22834730128329808|||0.0|1.0|0.0|0.0|0.0|1.0|0.0|1.0|0.0|0.0|0.0|1.0|0.0|0.0|0.0|0
-0.32263520512331595||-0.41886573668222227|0.6620334775120823|-0.38253543807486784|2.6384007267453407|-0.35200137649260466||||1.0705330693514696|-0.35473479254638374||1.2101658697407924|-0.2749429460630012|0.0|1.0|0.0|0.0|0.0|1.0|0.0|0.0|0.0|0.0|1.0|1.0|0.0|0.0|0.0|0
|1.781565855407875|-0.3926687677864214|1.8253072889246222|-0.35447696788413197|-1.5559690337891394|-0.3587642551165562||0.5665563752536361||-0.3583420246749782|||2.5431439844766683||0.0|1.0|0.0|1.0|0.0|0.0|0.0|0.0|0.0|0.0|1.0|0.0|0.0|1.0|0.0|0
||||||0.7869469470587598|-0.34171338431189746|-0.334207342493948|2.1249747698283095||-0.35473479254638374|||-1.0490043108088363|0.0|1.0|0.0|0.0|0.0|1.0|0.0|0.0|0.0|1.0|0.0|1.0|0.0|0.0|0.0|0
|-0.462391138044792|0.2964598755951282||2.7437492994435306||-0.35279700927189306||0.7297879370788133|||||||0.0|1.0|0.0|1.0|0.0|0.0|0.0|1.0|0.0|0.0|0.0|1.0|0.0|0.0|0.0|0
-0.3036398405338856|-0.462391138044792||1.8253072889246222|3.061344032775456|0.5476908598305552|||-1.5206508026791092|-0.34531271096489546|-0.35036070720535256|||-0.38239942630808016||0.0|1.0|0.0|0.0|0.0|1.0|0.0|0.0|0.0|1.0|0.0|1.0|0.0|0.0|0.0|0
-0.2700666380037296|||0.9959361456027187|-0.39188399272536395|-1.1463644854190482|1.2245449756673874||0.5444980560880717|0.9098895786199092|-0.35921909252878326||2.4547797629040637|1.4506516120900483|0.4991184186828339|0.0|1.0|0.0|0.0|0.0|1.0|0.0|1.0|0.0|0.0|0.0|0.0|0.0|0.0|1.0|0
-0.3195429364692226|2.1971134467879985|-1.0316797034123115||-0.37729768622274046|-0.37897468072325113||||-0.3391408496762179|0.8644221237072901|0.7234992176913496|-0.1599001822989266||-1.0490043108088363|0.0|1.0|0.0|0.0|0.0|0.0|1.0|0.0|0.0|1.0|0.0|0.0|0.0|1.0|0.0|0
-0.30629035652310843|-0.462391138044792|-0.40724070471294527|||-0.40633281121391857|1.5030164484183324||-0.31410976280976705|-0.3472414176176072|||-1.3098117812363672||1.2731797834286689|0.0|1.0|0.0|0.0|0.0|0.0|1.0|0.0|0.0|0.0|1.0|1.0|0.0|0.0|0.0|0
-0.31689242047999977|||||||||-0.34608419362598014|2.212913948932508|2.0399006201228422||0.1314155397741301||0.0|1.0|0.0|0.0|0.0|1.0|0.0|0.0|0.0|0.0|1.0|0.0|0.0|0.0|1.0|0
||-0.3827102613791736||-0.3438093705911685|-0.38505639696837146||||-0.3429982629816414|-0.35654403557467795|||||0.0|1.0|0.0|0.0|0.0|0.0|1.0|1.0|0.0|0.0|0.0|0.0|1.0|0.0|0.0|0
-0.32926149509637304|-0.462391138044792|1.6657545065917043|-0.28064915188444994|||-0.3484210289858068||-0.3430502775549876||-1.2767197743942142||1.770308573060349|||0.0|1.0|0.0|0.0|0.0|0.0|1.0|1.0|0.0|0.0|0.0|1.0|0.0|0.0|0.0|0
|-0.462391138044792|||1.1788268634289631||-0.3496144781547394||1.6425121656628368|-0.35071308959248837|-1.4126652917339924|-0.3543297459610202|-0.22834730128329808|-0.39215627642624995||0.0|1.0|0.0|0.0|1.0|0.0|0.0|0.0|0.0|1.0|0.0|0.0|0.0|0.0|1.0|0
-0.2952465399013466||-0.390839654364682||0.852908074586322||||-0.3357171118946133|-1.250261872417247|1.73271929897426|-0.3356976030342975|-0.25572614887704664|||0.0|1.0|0.0|0.0|0.0|0.0|1.0|0.0|0.0|0.0|1.0|0.0|0.0|1.0|0.0|0
1.1965522093662422|-0.462391138044792|2.6412816648527158|-0.28409588910345007||-0.37709452869794585|-1.5203881128776404|-0.3484537773190689||1.7199463727588424|-0.33632762154447227||||-0.2749429460630012|1.0|0.0|0.0|1.0|0.0|0.0|0.0|0.0|0.0|0.0|1.0|1.0|0.0|0.0|0.0|0
0.8762815273351491|-0.462391138044792|-0.40803332052903235|-0.30434547026507575|-0.37093298531685476|-0.3859197320820321||0.560375879814545|-0.31722733858516683|0.6784447802944996|-0.3351874333345257|||2.9828893419153077|-1.0490043108088363|0.0|1.0|1.0|0.0|0.0|0.0|0.0|0.0|0.0|0.0|1.0|1.0|0.0|0.0|0.0|0
|||-0.28107999403682493|-0.3470109304029823|||||-0.3510988309230307|||-0.22834730128329808|1.7117504180692407|1.2731797834286689|0.0|1.0|0.0|1.0|0.0|0.0|0.0|0.0|0.0|1.0|0.0|0.0|0.0|0.0|1.0|0
|2.446442001616073||-0.28366504695107503|-0.3591640514486273|||||-0.3449269696343531|||||1.2731797834286689|0.0|1.0|0.0|0.0|0.0|0.0|1.0|0.0|0.0|1.0|0.0|0.0|0.0|1.0|0.0|0
-0.34207232237761676|-0.462391138044792||-0.3064996810269508|-1.2229833073937224|-0.3762311935842852|-0.3484210289858068||0.6395939209351719|-0.3368264016929638|0.6276138031799348|||2.1721088391378163||0.0|1.0|0.0|0.0|0.0|1.0|0.0|0.0|0.0|1.0|0.0|0.0|0.0|1.0|0.0|0
|-0.462391138044792|||-0.36225035510721576|||-0.3827976845460852|-1.422613828609934||-0.3543075125474751||1.0858373832166341|-0.37731487061269586||0.0|1.0|0.0|1.0|0.0|0.0|0.0|0.0|0.0|1.0|0.0|1.0|0.0|0.0|0.0|0
-0.3138001518259065||-0.39445723424323326|-0.2815108361892||3.1640758848409143|||-0.3529127971463467|||-0.3648609571804721|-0.24203672508017238|1.911010033158624||0.0|1.0|0.0|0.0|0.0|0.0|1.0|1.0|0.0|0.0|0.0|0.0|0.0|0.0|1.0|0
-0.3138001518259065|-0.462391138044792|-1.4274795243942533|2.5361968403433965|||0.33940350870902697||1.4925155953369984|-0.3468556762870649|-0.35869285181650024|-1.5548878249785416||-0.38239942630808016|-1.0490043108088363|0.0|1.0|0.0|0.0|0.0|0.0|1.0|0.0|0.0|0.0|1.0|1.0|0.0|0.0|0.0|0
-0.32396046311792737|||-0.28366504695107503|-1.8860263444203529||-0.3535926420511815|-0.3463445386909745|1.3944786212678228|||||-0.39284337854724777||1.0|0.0|0.0|0.0|0.0|0.0|1.0|0.0|0.0|1.0|0.0|0.0|0.0|0.0|1.0|0
||-0.4102689036000472|2.019186257493379|-0.3733277520560914||-0.3472275798168742|||-0.33644066036242143|2.883870857093348||2.4547797629040637|0.6604841729424932|-0.2749429460630012|1.0|0.0|0.0|0.0|0.0|1.0|0.0|1.0|0.0|0.0|0.0|0.0|0.0|1.0|0.0|0
|-0.462391138044792||0.274275540374569|-0.36908888686524993||-0.35319482566153726|-0.34439578561066975||-0.3480129002786919|||-0.9675761863145098|2.453820708746945|-0.2749429460630012|1.0|0.0|1.0|0.0|0.0|0.0|0.0|0.0|0.0|1.0|0.0|1.0|0.0|0.0|0.0|0
|2.446442001616073||-0.2789257832749499||-0.3725668156574146|-0.3348952717379038|||-1.0477476738825136||-0.3474439540098401||||1.0|0.0|0.0|0.0|0.0|1.0|0.0|1.0|0.0|0.0|0.0|0.0|0.0|1.0|0.0|0
||-1.278101928285536|0.5758650470370793|-0.36673253884375506|-0.3844808402259311||||-0.3572706922117083|1.5945811119999689|0.43996660793687437||||0.0|1.0|0.0|0.0|0.0|0.0|1.0|1.0|0.0|0.0|0.0|0.0|0.0|0.0|1.0|0
|-0.462391138044792|-1.1658146876732007|-0.2772024146654498|2.716856197024295||||-0.33601122281682083|-0.3472414176176072||-0.35878525840001907||0.29975555941860926||0.0|1.0|0.0|0.0|0.0|1.0|0.0|1.0|0.0|0.0|0.0|1.0|0.0|0.0|0.0|1
|-0.462391138044792||||||-0.3494625436194619|-0.33099172974447905||-0.3490012520319548|-0.35068432669274835|-0.2146578774864238|-0.3887207658212606||1.0|0.0|0.0|0.0|0.0|0.0|1.0|0.0|0.0|0.0|1.0|1.0|0.0|0.0|0.0|1
2.3782405878947586|-0.462391138044792|-0.3862059003629422||||-0.3376799864654132|-0.37268709503532804|-0.32930549379048923|-0.34222678032055664||-0.33367237010747985|-0.25572614887704664|||0.0|1.0|0.0|1.0|0.0|0.0|0.0|1.0|0.0|0.0|0.0|0.0|0.0|1.0|0.0|0
3.2617459176357055|||0.5004676703714518|-0.3663611579055846||||-0.34128561202174246|-0.3445412283038108||-0.35230451303420246|0.40136619337291946|-1.2977568719014478|3.595363877666174|0.0|1.0|0.0|0.0|0.0|1.0|0.0|0.0|0.0|0.0|1.0|0.0|0.0|0.0|1.0|1
-0.3067321091879789|-0.462391138044792||0.7051176927495837|-0.3661050331206395||3.2335177433706326|1.3123653037438743|0.8337071295921393||||||-0.2749429460630012|1.0|0.0|0.0|0.0|0.0|0.0|1.0|0.0|0.0|0.0|1.0|0.0|0.0|0.0|1.0|0
2.6653798200605663||-0.9696930818978099|||||-0.3469864808821337|-0.34032484967586457|-0.3441554869732684|-1.3446925330641033||0.40136619337291946|-0.39215627642624995||0.0|1.0|0.0|0.0|0.0|0.0|1.0|0.0|0.0|0.0|1.0|0.0|0.0|1.0|0.0|0
2.68746745330409||||-0.37326372085985515|-0.37788112291261444||-0.34925620505801785||-0.3429982629816414|1.533186362233618||-0.25572614887704664|||0.0|1.0|0.0|0.0|1.0|0.0|0.0|0.0|0.0|0.0|1.0|1.0|0.0|0.0|0.0|0
|2.363332483340048|0.534752707482844||||||0.3449928138572996|||-0.3612155379122003|0.40136619337291946|-0.3984776159394304||1.0|0.0|0.0|0.0|0.0|0.0|1.0|0.0|0.0|0.0|1.0|0.0|0.0|1.0|0.0|0
-0.3151254098205179||-1.2440600951587193|-0.29012767923670024||1.4796131519653175|-0.34006688480327846||-0.3425208778950141|-0.35302753757574246|-0.36062240109487126|-0.34784900059520363|-1.6520473761582246||-0.2749429460630012|0.0|1.0|0.0|0.0|0.0|0.0|1.0|0.0|0.0|1.0|0.0|1.0|0.0|0.0|0.0|0
-0.35355789166424906|-0.462391138044792||-0.29271273215095034|0.3854803420615124|0.3673497471992271|-1.78891417588748||-0.3326387509088412|||||||0.0|1.0|0.0|0.0|1.0|0.0|0.0|0.0|0.0|0.0|1.0|1.0|0.0|0.0|0.0|0
|-0.462391138044792|-0.41764632773439603|-0.28711178417007516|-0.38122920167164775|||-0.367024247849031|||||-0.22834730128329808||1.2731797834286689|0.0|1.0|0.0|0.0|0.0|1.0|0.0|1.0|0.0|0.0|0.0|0.0|0.0|0.0|1.0|0
|-0.462391138044792||-0.2983136801318255|-0.36838454370665097||-0.34126033397221106||2.9297376351911106|-0.35071308959248837|-0.36307819108552536|-0.3498742335220213|-0.25572614887704664|-1.3527250415812777|1.2731797834286689|1.0|0.0|0.0|0.0|0.0|0.0|1.0|0.0|0.0|0.0|1.0|1.0|0.0|0.0|0.0|1
|||-0.282803362646325|-0.36725759465289254||-0.33966906841363426||-0.33881508027519924|0.4373564487055313||-0.34339348815620474||||1.0|0.0|0.0|0.0|0.0|1.0|0.0|0.0|0.0|1.0|0.0|0.0|0.0|0.0|1.0|0
2.709555086547614|||2.234607333680886|||-0.33966906841363426|-0.33025013089834065|-0.34865799247174445|0.8520283790385568|-0.3668057294641967|-1.2308505566877126||||1.0|0.0|0.0|0.0|0.0|0.0|1.0|0.0|0.0|0.0|1.0|0.0|0.0|0.0|1.0|0
-0.3310285057558549||-0.4115086360303372|0.5112387241808272||-0.38749292051136924||||||0.7437515469595265||-1.4626613809409377|0.4991184186828339|1.0|0.0|0.0|0.0|0.0|0.0|1.0|0.0|0.0|0.0|1.0|0.0|0.0|0.0|1.0|0
-0.32351871045305686|-0.462391138044792|-0.42024773348975875|||2.077232902865942|-0.35239919288224886|0.8744690233460025||-0.3402980736678449||-0.3543297459610202|||-0.2749429460630012|1.0|0.0|0.0|0.0|0.0|1.0|0.0|0.0|0.0|0.0|1.0|0.0|0.0|0.0|1.0|0
-0.3160089151502588|0.9504706726476281||||-0.38714758646590497||-0.35867899936396164|-0.33954055388331117|0.553078847868236|-0.35764037039193425|-0.33934302230256935|-0.1872790298926752|1.911010033158624|-1.0490043108088363|0.0|1.0|0.0|0.0|0.0|1.0|0.0|0.0|0.0|0.0|1.0|0.0|1.0|0.0|0.0|0
|-0.462391138044792|-0.4154920385932363|-0.282803362646325|-0.37892407860714183|-0.3766148980792455|-0.3460341306479416|-0.3479723206756995|-0.32373699366336006||-0.3417215888453731||2.112544167982206|||0.0|1.0|0.0|0.0|1.0|0.0|0.0|0.0|0.0|0.0|1.0|0.0|0.0|0.0|1.0|0
-1.0342987482296488|||-1.4598641229348652|-0.3616228493841003|-1.1602737733613582|-0.34046470119292266|-0.3657174369598855||-0.34145529765947197|-0.3542636591547849|||||0.0|1.0|0.0|0.0|0.0|0.0|1.0|1.0|0.0|0.0|0.0|0.0|0.0|0.0|1.0|0
|-0.462391138044792|3.218468566823814|2.7731600241496546|-0.3635822039889303|-0.3909462609660117|-1.3612615570199575|-0.36253065251091676|||1.4849476302743416|||||0.0|1.0|0.0|0.0|0.0|1.0|0.0|0.0|0.0|0.0|1.0|0.0|0.0|1.0|0.0|1
-0.3186594311394817|-0.462391138044792||-1.3844667462692377|3.5902417136870897|2.2748407177704824|-0.348818845375451|2.345204436305346|-0.3574028905587149|-0.3387551083456755||1.2703121079321236|-0.1735896060958009||-0.2749429460630012|0.0|1.0|0.0|0.0|0.0|0.0|1.0|0.0|0.0|1.0|0.0|0.0|0.0|0.0|1.0|0
-0.3173341731448702|-0.462391138044792||1.846849396543373|-0.34001872377398096|||0.2760871951583352|-0.3375405996123|||-0.3903788920583749|||-1.0490043108088363|0.0|1.0|1.0|0.0|0.0|0.0|0.0|0.0|0.0|0.0|1.0|0.0|0.0|1.0|0.0|0
-0.3102661305069427||-0.4033385960799012|1.739138858449619||0.295405154394176|-0.3535926420511815|-0.3664510851783531|-0.3394229095144281|||-0.3717467491316523|-0.22834730128329808||0.4991184186828339|1.0|0.0|0.0|1.0|0.0|0.0|0.0|1.0|0.0|0.0|0.0|0.0|0.0|0.0|1.0|0
2.643292186817043|||2.1053546879683815|-0.36017574434916044|||-0.3622096814153371|-1.378007005408459|-0.3495558656008613|-0.3561055016477755|2.3436855591454946|-0.1599001822989266|||0.0|1.0|0.0|0.0|0.0|0.0|1.0|0.0|0.0|0.0|1.0|0.0|1.0|0.0|0.0|1
2.9304314189828506||||-0.3451796381906248|-0.38143038949099695|-0.3376799864654132||-0.3387366506959439||-0.35680715593081946|0.7538777115936148||-0.38322394885327754|0.4991184186828339|0.0|1.0|0.0|0.0|0.0|0.0|1.0|0.0|0.0|1.0|0.0|0.0|0.0|1.0|0.0|0
-0.603589899980937|-0.462391138044792||||||-0.3546210076555625|||||-0.2146578774864238|-0.389545288366458||0.0|1.0|0.0|0.0|0.0|1.0|0.0|1.0|0.0|0.0|0.0|0.0|0.0|0.0|1.0|0
|-0.462391138044792|-0.4032776256325099|1.297525652265229||-0.40190102429712743|-1.2220258206444852|||-1.3370536717892754||-0.35513983913174724||0.3822078139383541|-1.0490043108088363|0.0|1.0|0.0|0.0|0.0|1.0|0.0|1.0|0.0|0.0|0.0|0.0|0.0|0.0|1.0|0
|||1.8683915041621237|||-0.3492166617650952||-0.337422955243417||-0.3554915541501119|-0.3766073081560147|-0.22834730128329808|||0.0|1.0|0.0|1.0|0.0|0.0|0.0|0.0|0.0|1.0|0.0|0.0|0.0|1.0|0.0|0
-0.30849911984746076|-0.462391138044792|-0.4062651775546843|-0.2983136801318255||-0.3767491946524816|0.33940350870902697|||-0.3510988309230307||||||0.0|1.0|0.0|0.0|0.0|0.0|1.0|0.0|0.0|0.0|1.0|1.0|0.0|0.0|0.0|0
0.7547995444957688|-0.462391138044792|-0.4105940793194675||||-0.3484210289858068||||-0.35492146004513864|-0.3429884415708412||-0.38171232418708223||1.0|0.0|0.0|1.0|0.0|0.0|0.0|0.0|0.0|0.0|1.0|0.0|0.0|1.0|0.0|0
-0.31556716248538835|-0.462391138044792||-1.244443046747358|-1.889548060213348||-0.3539904584408257|-0.354529301628254||-1.6263596696960376||-0.3373177893757517|-2.6787541609237966|||1.0|0.0|1.0|0.0|0.0|0.0|0.0|1.0|0.0|0.0|0.0|1.0|0.0|0.0|0.0|1
|-0.462391138044792||-0.2884043106272002|-0.3538494621610164|-0.38022172033187207|2.000286935473591||2.2591647325579505|||0.8753916872026758|-0.1735896060958009|-0.3786890748546916|0.4991184186828339|0.0|1.0|1.0|0.0|0.0|0.0|0.0|0.0|0.0|0.0|1.0|0.0|0.0|0.0|1.0|0
||-1.828868303053732|-0.28711178417007516||0.9659287593372525|||-0.3252663704588392|-0.333740471048625||||-0.40356217163481467||0.0|1.0|0.0|0.0|0.0|0.0|1.0|0.0|0.0|1.0|0.0|0.0|0.0|1.0|0.0|1
-0.2930377765769942||||-0.36801316276848056|2.219203566001243|3.1937361044062116|||-0.333740471048625||1.655106364027483||-1.363031573396246||1.0|0.0|0.0|0.0|1.0|0.0|0.0|1.0|0.0|0.0|0.0|0.0|0.0|0.0|1.0|1
|-0.462391138044792|0.619095159707494|-1.3198404234129855||3.3559281323210506|-0.3368843536861248|||-0.334897695040252||-1.8687989286352822|-0.1735896060958009|-0.3709935310995154|-1.0490043108088363|0.0|1.0|0.0|1.0|0.0|0.0|0.0|0.0|0.0|1.0|0.0|1.0|0.0|0.0|0.0|0
-0.32926149509637304||0.1486065406711936|-0.29012767923670024|||-1.1623533621978541|-0.35329127025958995|-0.33099172974447905|-1.3659842715799517|-0.3490012520319548|-0.3373177893757517||||1.0|0.0|0.0|0.0|0.0|0.0|1.0|0.0|0.0|1.0|0.0|0.0|0.0|0.0|1.0|0
-0.33058675309098445||-0.39258747385656634|1.9761020422558773|||-0.3460341306479416||-0.34618746072520123|0.6495141805038234|1.2064785866912477||-0.24203672508017238|-0.3902323904874559|0.4991184186828339|0.0|1.0|0.0|0.0|0.0|1.0|0.0|1.0|0.0|0.0|0.0|0.0|0.0|0.0|1.0|0
-0.3314702584207254||-0.4140693948207723|1.7822230736871207||0.49349259991741673|2.5572298809754805|-0.37702020482565257||-0.34608419362598014||0.6728683945209076|-0.24203672508017238|||1.0|0.0|0.0|1.0|0.0|0.0|0.0|0.0|0.0|1.0|0.0|1.0|0.0|0.0|0.0|0
||-0.39348170708497227|-0.27806409897019985||-0.37910897729648724|||-0.341697367312833|-1.616716136432479||-0.3903788920583749|-0.28310499647079523|-0.42513717823414787||0.0|1.0|0.0|0.0|0.0|0.0|1.0|0.0|0.0|1.0|0.0|0.0|0.0|1.0|0.0|0
-0.3093826251772017||||-0.3745699572630751|0.33089782017800135|-0.35120574371331625|||2.5878643664791285||-0.3365076962050246||-0.37580324594650055||0.0|1.0|0.0|1.0|0.0|0.0|0.0|1.0|0.0|0.0|0.0|0.0|0.0|0.0|1.0|0
||||||-0.9634451673757506|-0.3424470325303651|-0.3478540892843772|-0.35302753757574246|0.3633971122211725||-1.6520473761582246||-1.0490043108088363|0.0|1.0|0.0|1.0|0.0|0.0|0.0|0.0|0.0|0.0|1.0|0.0|0.0|0.0|1.0|0
-0.31114963583668365|1.9477848919599245||-0.2763407303606998|-0.35945859495131416|-0.37778519678887434||-0.34916449903070945||-0.3557277268895389|-0.33922194546202883|||-0.38239942630808016||1.0|0.0|1.0|0.0|0.0|0.0|0.0|0.0|0.0|1.0|0.0|0.0|0.0|1.0|0.0|0
|3.2775371843763197|-0.40768782132714826|-1.244443046747358||-0.39528212175906274|-0.3496144781547394|-0.3669325418217225||||-1.8080419408307518||-0.3731922578867086|-0.2749429460630012|0.0|1.0|1.0|0.0|0.0|0.0|0.0|0.0|0.0|1.0|0.0|0.0|0.0|0.0|1.0|0
|-0.462391138044792|||-0.345640662803526||-0.3484210289858068||-0.345501201906717|3.0893280961841825|-0.3636044317978084|-0.3636458174243815|1.4280729781384915|-0.40067634272662356||0.0|1.0|0.0|1.0|0.0|0.0|0.0|0.0|0.0|0.0|1.0|1.0|0.0|0.0|0.0|0
-0.320868194463834|-0.462391138044792|-0.38764886761786993||0.9383897215617495|-0.392807227766569||-1.1768801750099949|-1.2157558133239736||-1.239444390607501||-0.1872790298926752|-0.39696599127323506|-0.2749429460630012|0.0|1.0|0.0|0.0|0.0|1.0|0.0|0.0|0.0|0.0|1.0|1.0|0.0|0.0|0.0|0
-0.31114963583668365|-0.462391138044792|||-0.36479879671741955|-0.3966634579409198|||||||-0.2009684536895495|-0.3917440151536512|2.047241148174504|0.0|1.0|0.0|0.0|0.0|1.0|0.0|1.0|0.0|0.0|0.0|0.0|0.0|1.0|0.0|1
-0.3230769577881864|-0.462391138044792||0.8666834998902142||0.38605534132854036|-1.3612615570199575|0.4268289775466077|-0.3388739024596407|-0.3449269696343531|-0.3569387161088902||-0.22834730128329808|||0.0|1.0|0.0|0.0|1.0|0.0|0.0|0.0|0.0|0.0|1.0|1.0|0.0|0.0|0.0|0
|-0.462391138044792||0.6943466389402083|||-0.3464319470375858|1.562264228159413|-0.3247173634040518|-0.35379902023682713|||0.7436017882947767||-0.2749429460630012|0.0|1.0|0.0|1.0|0.0|0.0|0.0|1.0|0.0|0.0|0.0|1.0|0.0|0.0|0.0|0
2.157364255459522||-0.3995584283416398|-0.28194167834157496|-1.425001731519171||-0.3480232125961626|2.616883542206643|-1.4265353075727008||-0.35413209897671416|-0.3494691869366578||1.4506516120900483|0.4991184186828339|0.0|1.0|0.0|1.0|0.0|0.0|0.0|1.0|0.0|0.0|0.0|0.0|0.0|1.0|0.0|0
|-0.462391138044792|||1.0107449733087406||0.7670561275765494|0.3483056916637433||-0.3468556762870649||0.6424899006186424|-0.25572614887704664|-0.38734656157926484||0.0|1.0|0.0|0.0|0.0|0.0|1.0|0.0|0.0|1.0|0.0|0.0|0.0|0.0|1.0|0
-0.29127076591751233|||0.9959361456027187||||-1.3408046988238578||-0.3483986416092343||||-0.39394274194084444||0.0|1.0|0.0|1.0|0.0|0.0|0.0|0.0|0.0|1.0|0.0|0.0|0.0|0.0|1.0|0
-0.3380965483937825|-0.462391138044792|||0.7254859940761342|||0.7260198916404415|-0.3334230467013946|-0.3368264016929638|-0.35145704202260886|-0.34825404718056713|-1.6520473761582246||0.4991184186828339|0.0|1.0|0.0|0.0|1.0|0.0|0.0|0.0|0.0|0.0|1.0|1.0|0.0|0.0|0.0|0
0.10321436381182048||||-0.3365866516557166||1.7615971016870668|||-0.35302753757574246||||-0.40356217163481467|-0.2749429460630012|0.0|1.0|0.0|1.0|0.0|0.0|0.0|0.0|0.0|1.0|0.0|0.0|0.0|1.0|0.0|1
|2.5295515198920975|2.07628885235988||-0.37581216247005883|||-0.36202626936072024|-0.323031127450062|-0.33335472971808267||-1.2814813798581546|-0.22834730128329808||-0.2749429460630012|0.0|1.0|0.0|1.0|0.0|0.0|0.0|1.0|0.0|0.0|0.0|0.0|0.0|0.0|1.0|1
-0.31114963583668365||-0.3958189075683059|||0.36543122472442574||-0.3636081983317911|0.3096995031923965||0.9872116232399928||-0.1872790298926752|||0.0|1.0|0.0|0.0|0.0|0.0|1.0|0.0|0.0|1.0|0.0|0.0|0.0|1.0|0.0|0
|-0.462391138044792|||3.1740389381513006|1.818232368767758|-0.3440450486997205|-0.3501274123174482|-0.3413052194165563|-0.34222678032055664|-0.3593945060995443|1.9993959615864887||-0.38130006291448354||1.0|0.0|0.0|0.0|0.0|0.0|1.0|1.0|0.0|0.0|0.0|1.0|0.0|0.0|0.0|0
|-0.462391138044792||2.1915231184433845|||-0.3376799864654132|2.19274316590504||-0.3345119537097097|||-0.25572614887704664|-1.363031573396246||0.0|1.0|1.0|0.0|0.0|0.0|0.0|0.0|0.0|0.0|1.0|0.0|0.0|0.0|1.0|1
-0.3323537637504663|1.3660182640277516|-0.39699766955120463|-0.2944361007604504|-0.3591128264916383|-0.398409313392989|-0.35319482566153726|-0.3701193262706914|||-0.35084309452494533|-0.3595953515707462||||0.0|1.0|0.0|0.0|0.0|1.0|0.0|0.0|0.0|0.0|1.0|0.0|1.0|0.0|0.0|0
-0.30629035652310843|-0.462391138044792|-1.2217042644485712|1.9761020422558773|1.2767945936704643|-0.3884521817487699|0.7173290788710236|||-0.3306545404042862||0.7133730530572613||-0.3847355735194729||1.0|0.0|0.0|0.0|0.0|0.0|1.0|0.0|0.0|1.0|0.0|0.0|0.0|1.0|0.0|0
|2.030894410235949|0.1867130702907644|||-0.378763643251023|1.423453170489491||||-0.35698256950158047|-0.35149441986347546|2.4547797629040637|-0.389545288366458||0.0|1.0|0.0|0.0|0.0|1.0|0.0|1.0|0.0|0.0|0.0|0.0|1.0|0.0|0.0|0
-0.3429558277073577|-0.462391138044792|1.8059865355917246|||-0.37258600088216265|-0.3444428650893647|-0.34389140246047334|-0.3363053337390284||-1.446651671068937|||-1.0194805128973088|-1.0490043108088363|1.0|0.0|0.0|0.0|1.0|0.0|0.0|0.0|1.0|0.0|0.0|1.0|0.0|0.0|0.0|0
|||-0.29529778506520044|||-0.3476253962065184|-0.34661965677289985||3.0121798300757128|-0.34882583846119375||-0.25572614887704664|||1.0|0.0|1.0|0.0|0.0|0.0|0.0|0.0|0.0|0.0|1.0|0.0|0.0|1.0|0.0|0
-0.30761561451771985|-0.462391138044792|0.5886099360118374||1.796087595146657|-0.38820277382704577|-0.3555817239994025|-0.3597336186780089|-0.34352085503051966|||-0.3604054447414732|2.4547797629040637|0.26196494276372617||1.0|0.0|0.0|0.0|0.0|0.0|1.0|0.0|0.0|1.0|0.0|1.0|0.0|0.0|0.0|1
-0.3129166464961655|2.1971134467879985||-1.4921772843629912|-0.35712785940831376|||||-0.32641138576832035|-0.3589121187799515||-0.2009684536895495|-1.270272787061533|3.595363877666174|0.0|1.0|1.0|0.0|0.0|0.0|0.0|0.0|0.0|1.0|0.0|0.0|0.0|1.0|0.0|1
-0.2895037552580304||-0.37718227414902783|1.1898151141714752||-0.37788112291261444||-0.34925620505801785|-0.33087408537559604|-0.3464699349565225||||||0.0|1.0|0.0|0.0|1.0|0.0|0.0|0.0|0.0|0.0|1.0|1.0|0.0|0.0|0.0|1
|-0.462391138044792|-0.39447755772569704|-0.28495757340820005|1.9139049962214034|-0.38714758646590497|-0.3321105570103943|||-0.34184103899001433|1.2810293542646745|-0.3474439540098401||-0.3858349369130695||0.0|1.0|0.0|0.0|0.0|0.0|1.0|1.0|0.0|0.0|0.0|0.0|0.0|0.0|1.0|1
|-0.462391138044792||-0.28495757340820005||||-0.3401773083544809|-0.3332857949376977||||1.4280729781384915|-0.3799258586724878|-1.0490043108088363|0.0|1.0|0.0|0.0|1.0|0.0|0.0|1.0|0.0|0.0|0.0|1.0|0.0|0.0|0.0|0
||||1.2614271065737583|-0.3826582438748698|||1.6346692077373028|-0.3383693670151332|-0.355842381291634|||||1.0|0.0|1.0|0.0|0.0|0.0|0.0|0.0|0.0|1.0|0.0|0.0|0.0|0.0|1.0|0
||-0.41224028139903296||0.9624014201503527||-0.3535926420511815|-0.34322653376248696|-0.33124662587705894|-1.3756278048435104|-1.5738265098706647|||-0.3843233122468742|-0.2749429460630012|0.0|1.0|0.0|0.0|0.0|0.0|1.0|1.0|0.0|0.0|0.0|0.0|0.0|0.0|1.0|0
-0.29922231388518084||-0.4096185521612065|-1.362924638650487||||-0.3799547976995231|-0.3459325645926214|-0.350327348261946|-0.36404296572471084|1.2905644372003007|||-1.0490043108088363|1.0|0.0|0.0|0.0|0.0|0.0|1.0|0.0|0.0|0.0|1.0|0.0|0.0|1.0|0.0|0
0.26887161313824803||-0.39925357610468326|-0.26126125502757425||0.41531280906926116|-0.3587642551165562|-0.36156773922417795||-1.5106372705333326|-0.35255337683986515|||-0.3836362101258763||0.0|1.0|0.0|0.0|0.0|0.0|1.0|0.0|0.0|1.0|0.0|1.0|0.0|0.0|0.0|0
||-0.39722122785830616||-0.35935614503733615|||0.5534979277664108|1.0837014134685368|-0.35071308959248837||-0.33245723035138924|0.40136619337291946|||0.0|1.0|0.0|0.0|0.0|1.0|0.0|0.0|0.0|0.0|1.0|0.0|0.0|1.0|0.0|0
1.0419387766615764||||-0.348855028854587||-0.33966906841363426||||||-0.24203672508017238|||0.0|1.0|0.0|0.0|0.0|1.0|0.0|0.0|0.0|1.0|0.0|1.0|0.0|0.0|0.0|0
||-1.9360746730501242||-0.33854600626054665|||-0.3580829101864567|||||-0.2146578774864238|||0.0|1.0|0.0|0.0|0.0|0.0|1.0|0.0|0.0|0.0|1.0|0.0|0.0|0.0|1.0|1
-0.28243571262010286|-0.462391138044792|-0.4020785401671474|||0.3213052078039946||||-0.34917012427031896|-0.3609732282363933|-0.34379853474156824|-0.24203672508017238|-0.38239942630808016|-0.2749429460630012|0.0|1.0|0.0|0.0|0.0|1.0|0.0|0.0|0.0|0.0|1.0|0.0|0.0|0.0|1.0|0
|-0.462391138044792|-0.40126560086859653|1.1790440603621|-0.36368465390290833|-0.39612627164797537||-0.36778082257432576||||||-0.3836362101258763||0.0|1.0|0.0|0.0|0.0|1.0|0.0|1.0|0.0|0.0|0.0|0.0|0.0|0.0|1.0|0
0.7327119112522451|2.7788800747201714||||-0.3672333231774669|-0.34086251758256686||-0.34389339553198256|-0.3472414176176072||0.4602189372050512|-0.22834730128329808||-1.0490043108088363|0.0|1.0|0.0|0.0|1.0|0.0|0.0|0.0|0.0|1.0|0.0|0.0|1.0|0.0|0.0|0
|-0.462391138044792|-0.38901054094294263|-0.2914202056938253|||-0.35001229454438365||-0.34205030041948203||-0.3601400137752785||-0.26941557267392097|||0.0|1.0|0.0|0.0|0.0|0.0|1.0|0.0|1.0|0.0|0.0|1.0|0.0|0.0|0.0|1
1.340121825449146||-0.40866334848540925|||||-0.35430003655998293|-0.3574617127431564||0.12110711760753579||-0.22834730128329808||2.821302512920339|0.0|1.0|0.0|1.0|0.0|0.0|0.0|1.0|0.0|0.0|0.0|0.0|0.0|0.0|1.0|1
|-0.462391138044792|1.4300021100119598|-0.28194167834157496|-0.38274033790282386|0.5280260044638413|-0.3424537831411437|-0.3570053643655823|||-0.36246424358786183|-1.7067802944898678||-0.37690260934009717||1.0|0.0|0.0|0.0|0.0|0.0|1.0|0.0|0.0|0.0|1.0|1.0|0.0|0.0|0.0|0
2.1131889889724746||0.6312892491857567|3.117833746049666||-0.3896800361326428|-1.3413707375377473|-0.36124676812859835|-0.3486775998665583|-0.36074236418658945|-0.3668057294641967|-0.3275966713270268||||1.0|0.0|0.0|0.0|0.0|0.0|1.0|0.0|0.0|1.0|0.0|1.0|0.0|0.0|0.0|0
||-0.3968147582090307|-0.27289399314169965||||1.5886297110105938|||2.1690605562422567|-0.36445591059510857|-0.2009684536895495|||1.0|0.0|0.0|0.0|0.0|1.0|0.0|0.0|0.0|1.0|0.0|0.0|0.0|1.0|0.0|1
||2.5213731183164665|-0.9643956477035983|2.76680053008859|-0.36832688098810357|0.9162372736931271||3.1846337677709666||-0.36049084091680056|-0.35311460620492957||-1.2771438082715116||0.0|1.0|0.0|0.0|0.0|0.0|1.0|0.0|0.0|0.0|1.0|1.0|0.0|0.0|0.0|0
-0.29922231388518084|2.114003928511974||-0.29357441645570037|0.7049960112805261||-0.3579686223372678||||1.7151779418981594|-0.336102649619661|1.770308573060349||-0.2749429460630012|1.0|0.0|0.0|0.0|0.0|0.0|1.0|0.0|0.0|0.0|1.0|0.0|1.0|0.0|0.0|1
2.643292186817043|-0.462391138044792|-0.3904941551627979||||||||-0.3540005387986434|||||0.0|1.0|0.0|0.0|0.0|1.0|0.0|1.0|0.0|0.0|0.0|1.0|0.0|0.0|0.0|0
||-0.4201461160774399|-0.2776332568178248|-0.3839057056743241|-0.36884488205629995|-0.3480232125961626|-1.7850057685991856|||-0.360753961272942||-0.25572614887704664|-0.39284337854724777||0.0|1.0|0.0|1.0|0.0|0.0|0.0|0.0|0.0|0.0|1.0|0.0|0.0|1.0|0.0|0
||1.795824794359839|-0.28495757340820005||0.6354632630527176||-0.3526264015616036|-0.8878221350625817||-0.3758395283583884|-1.4941308371740112||||0.0|1.0|1.0|0.0|0.0|0.0|0.0|0.0|0.0|1.0|0.0|0.0|0.0|0.0|1.0|0
-0.28773674459854853||||-1.2517973457000464||-0.3543882748304699||-0.3435404624253335||3.076825784930452|-0.35270955961956607||-0.39064465176005464|-0.2749429460630012|0.0|1.0|0.0|0.0|0.0|0.0|1.0|0.0|0.0|0.0|1.0|1.0|0.0|0.0|0.0|0
-0.32130994712870453|-0.462391138044792|2.8780502355556488|-0.28064915188444994|-0.3317074745025125|0.3683090084366278|-0.3428515995307879|-0.3634935657976555|-1.1765410236963034|-0.3449269696343531||-0.3600003981561097|-0.26941557267392097|-0.3972408321216342||0.0|1.0|0.0|1.0|0.0|0.0|0.0|0.0|0.0|1.0|0.0|0.0|0.0|1.0|0.0|1
2.2457147884336166|-0.462391138044792|-0.3980951376042483||||-1.2618074596089057|||-0.33991233233730256|-0.33632762154447227|-0.3304319974245716|-0.1599001822989266||-1.0490043108088363|0.0|1.0|0.0|0.0|0.0|1.0|0.0|1.0|0.0|0.0|0.0|0.0|0.0|0.0|1.0|0
||||-0.3787960162146693|0.9894306596535691|-0.3567751731683351|||-1.0863218069367484||-0.36445591059510857|-0.1872790298926752||-1.0490043108088363|0.0|1.0|0.0|1.0|0.0|0.0|0.0|0.0|0.0|0.0|1.0|0.0|0.0|0.0|1.0|0
||||-0.37071527924965136|||-0.36427306702977735|||-0.34189700241613413|-0.3539246993756566||||0.0|1.0|0.0|0.0|0.0|1.0|0.0|0.0|0.0|1.0|0.0|0.0|0.0|1.0|0.0|1
-0.31070788317181314|||-0.2681547294655745||-0.3742934858847359||-0.34561089047250687|||3.063669767123377|-0.3421783484001141||-0.38102522206608436||0.0|1.0|0.0|0.0|0.0|0.0|1.0|0.0|0.0|0.0|1.0|0.0|0.0|0.0|1.0|0
-0.30761561451771985|-0.462391138044792|||-0.38137007030336756|-0.3877423284330934||-1.3052686132418316||||-0.35270955961956607||-0.39064465176005464||0.0|1.0|0.0|0.0|0.0|1.0|0.0|0.0|0.0|0.0|1.0|0.0|0.0|1.0|0.0|0
-0.3098243778420722|-0.462391138044792|-0.39492467433990003||0.743414729022291||0.4488030158611839||2.192499590190911|-0.3518703135841154||||-0.3843233122468742|-1.0490043108088363|0.0|1.0|0.0|0.0|0.0|0.0|1.0|0.0|0.0|1.0|0.0|0.0|0.0|0.0|1.0|0
-0.34428108570196914|-0.462391138044792||||-0.37337259509683124|-0.35160356010296046|2.1537681042989467|-0.337422955243417|||||-0.39215627642624995|0.4991184186828339|0.0|1.0|0.0|0.0|0.0|1.0|0.0|1.0|0.0|0.0|0.0|1.0|0.0|0.0|0.0|1
-0.3164506678151293|-0.462391138044792|1.1871364945698955||-0.367936325332997|-0.38904692371595834|3.392644299228315|||-0.3429982629816414||||-0.382124585459681||0.0|1.0|0.0|0.0|0.0|0.0|1.0|0.0|0.0|0.0|1.0|1.0|0.0|0.0|0.0|1
|||||0.21866425540212145||-0.36956909010684064||-0.34608419362598014|-0.36136790877060554|-0.34622881425374946|-0.24203672508017238||2.047241148174504|1.0|0.0|0.0|0.0|0.0|0.0|1.0|0.0|0.0|1.0|0.0|0.0|0.0|0.0|1.0|1
-0.3438393330370987|2.5295515198920975||-1.3844667462692377|0.2254023514708242|||-0.36326430072938437|0.5273415856259659|-0.3518703135841154|-0.3599207468118273||-2.3365185660019394|-0.3687948043123222||0.0|1.0|1.0|0.0|0.0|0.0|0.0|0.0|0.0|1.0|0.0|0.0|1.0|0.0|0.0|0
-0.33853830105865296|||-0.2802183097320749|-0.37578654999156436|-0.37824564218282664|-0.3559795403890467|-0.34962302916725174||0.39878231565129635|-0.38193514994233324|-0.37539216839992406|-0.25572614887704664|-0.7686882387330849||0.0|1.0|0.0|0.0|0.0|1.0|0.0|1.0|0.0|0.0|0.0|0.0|0.0|0.0|1.0|0
1.7818744903196195|||-1.3736956924598622|-1.0427354899886077|-0.3859005468572841||||1.7970946388673124|||-0.24203672508017238|0.7635494910921743||0.0|1.0|0.0|0.0|0.0|0.0|1.0|1.0|0.0|0.0|0.0|0.0|1.0|0.0|0.0|0
||0.09728974745017166||-0.3798205153544497|-0.3856895093850559||-0.35718877642019925|-0.34126600462692863|-0.3472414176176072|3.304863426919757|-0.3555448857171108||||0.0|1.0|0.0|0.0|0.0|0.0|1.0|0.0|0.0|0.0|1.0|0.0|0.0|1.0|0.0|0
-0.32749448443689116|-0.462391138044792|-0.4150245984965696||||-1.570115161583166|||-0.33991233233730256|-0.3463261950778495||-0.2009684536895495|-0.3764903480674984||1.0|0.0|0.0|0.0|0.0|0.0|1.0|0.0|0.0|1.0|0.0|0.0|0.0|0.0|1.0|0
-0.32396046311792737|-0.462391138044792|2.7998048280701306|-0.28409588910345007||0.5467315985931546||-1.3814992484419846|||-0.3511500682737771|0.5716067481800235|-0.24203672508017238|-0.38982012921485715|0.4991184186828339|0.0|1.0|0.0|1.0|0.0|0.0|0.0|0.0|0.0|0.0|1.0|1.0|0.0|0.0|0.0|0
|-0.462391138044792|||-0.384955817292599||0.6874928496477081|1.6528239301265126||-0.35765643354225063|-0.35452677951092637|||-0.38322394885327754||0.0|1.0|0.0|0.0|1.0|0.0|0.0|0.0|0.0|1.0|0.0|0.0|0.0|0.0|1.0|1
-0.3160089151502588||-0.3893560401448267|-0.2909893635414503|2.1879585161126616|-0.3833489119657983|-1.2220258206444852|-0.3548044197101794|-1.5201606178087634|-0.34569845229543783|-0.35036070720535256||-0.2146578774864238|||0.0|1.0|0.0|1.0|0.0|0.0|0.0|0.0|0.0|0.0|1.0|0.0|0.0|0.0|1.0|0
-0.30761561451771985|||-0.2862500998653251|2.3864552244451147||2.7163564368331636|-0.34739915800502164|-1.3569290559835863||-0.3569387161088902||-0.24203672508017238||-1.0490043108088363|1.0|0.0|0.0|0.0|0.0|0.0|1.0|0.0|0.0|1.0|0.0|0.0|0.0|0.0|1.0|0
-0.27978519663088003|||||-1.3521260208414945|-0.3571729895579794||-0.33950133909368346|-0.3495558656008613|1.5419570407716678|||||0.0|1.0|0.0|1.0|0.0|0.0|0.0|0.0|0.0|1.0|0.0|0.0|0.0|1.0|0.0|0
|-0.462391138044792|-0.4155733325230914|-0.2909893635414503|0.19050534952205417|-0.3738138552660355|||1.4072234278968156|1.9128170380300171|-0.3604469875241103||0.7436017882947767|||1.0|0.0|0.0|0.0|0.0|0.0|1.0|1.0|0.0|0.0|0.0|0.0|0.0|0.0|1.0|1
||||-0.3548483488223024|-0.38371343123601054||-0.35519417032624034|||-0.3631220444782156|2.060152949391019|-0.24203672508017238||0.4991184186828339|0.0|1.0|0.0|0.0|0.0|0.0|1.0|0.0|0.0|0.0|1.0|0.0|0.0|0.0|1.0|0
-0.321751699793575|-0.462391138044792|0.6922596965770699||||-0.33847561924470165||3.0787538357762574|-0.3306545404042862|3.081211124199477||||-1.0490043108088363|0.0|1.0|0.0|0.0|0.0|1.0|0.0|1.0|0.0|0.0|0.0|0.0|0.0|0.0|1.0|0
2.1131889889724746|1.4491277823037763|-0.379478827667434|-0.2948669429128254||-1.9358364837998092|-0.3460341306479416|2.676492459957139|||0.5607373793273019||1.770308573060349|||0.0|1.0|0.0|0.0|0.0|0.0|1.0|0.0|0.0|0.0|1.0|0.0|0.0|0.0|1.0|0
||-0.39553437881381315||-0.3575504653034731|1.773147090609926||-1.5116071746858548|-0.3461482459355736||-0.3642622326881621||1.0858373832166341|-0.37580324594650055||0.0|1.0|0.0|0.0|1.0|0.0|0.0|0.0|0.0|1.0|0.0|1.0|0.0|0.0|0.0|0
||-0.4154513916283088||0.19370690933386794||-0.33927125202399006||||-0.3329947637000132|-0.3567600254732014||-0.39435500321344313||0.0|1.0|0.0|0.0|0.0|0.0|1.0|0.0|0.0|0.0|1.0|0.0|0.0|0.0|1.0|1
||-0.3976480209900453||-0.35981716965023736|-0.3770753434731978||-0.3484308508122418|1.5042800322252994||-0.358473584853049|-0.3458237676683859||||0.0|1.0|0.0|1.0|0.0|0.0|0.0|0.0|0.0|1.0|0.0|0.0|0.0|1.0|0.0|0
-0.28243571262010286|-0.462391138044792||||-0.3912148541124839|-1.2816982790911162|||-0.33991233233730256|-0.3571141296796512|-0.33124209059529863|-0.22834730128329808|2.282045178497476||1.0|0.0|0.0|0.0|0.0|0.0|1.0|1.0|0.0|0.0|0.0|0.0|0.0|0.0|1.0|0
||-0.39602214239294364||-0.35807552111261065||-0.3321105570103943|-0.3596419126507004|-0.34350124763570583|-0.33798362568459084|-0.36163102912674705|2.4449472054863786||-1.0744486825771389||0.0|1.0|0.0|0.0|0.0|0.0|1.0|1.0|0.0|0.0|0.0|0.0|0.0|0.0|1.0|0
|||||-0.40215043221885166|-1.3612615570199575|||-0.34608419362598014|-0.35150089541529905|0.8348870286663221|-1.6520473761582246|-0.3802006995208869||0.0|1.0|1.0|0.0|0.0|0.0|0.0|0.0|0.0|1.0|0.0|0.0|0.0|1.0|0.0|0
-0.3244022157827978|2.363332483340048|-0.3904535081978704|-0.27677157251307477|-0.3521078136233897|0.3112329648112872||-0.36580914298719397||0.3602081825970614|-0.33979203956700205||||1.2731797834286689|0.0|1.0|0.0|0.0|0.0|0.0|1.0|1.0|0.0|0.0|0.0|0.0|1.0|0.0|0.0|0
|-0.462391138044792|-0.416853711918309|-0.2905585213890753||-0.3949176024888505|||-1.3000676110234646||||1.4280729781384915||-1.0490043108088363|0.0|1.0|0.0|1.0|0.0|0.0|0.0|0.0|0.0|1.0|0.0|0.0|0.0|0.0|1.0|0
|2.114003928511974|-0.3842548460464202||||-0.33966906841363426|||-0.327182868429405||-0.3510893732781119|1.0858373832166341|-1.3252409567413628||0.0|1.0|0.0|1.0|0.0|0.0|0.0|0.0|0.0|0.0|1.0|0.0|0.0|0.0|1.0|0
2.5328540205994243|-0.462391138044792|-0.3976886679549729|0.5220097779902025|-0.35985558836797904||-0.34126033397221106||-0.3483834889443508|-0.33952659100676025|-0.3665426091080552|-0.34339348815620474||-0.382124585459681||0.0|1.0|0.0|0.0|0.0|1.0|0.0|0.0|0.0|0.0|1.0|1.0|0.0|0.0|0.0|0
|-0.462391138044792||3.548675898424681|3.2828919717529685|-0.3936321924307336||2.6443953503991797|-1.4113395765919787|-0.34145529765947197||-0.34339348815620474|-0.2009684536895495|1.7254924604891981||0.0|1.0|1.0|0.0|0.0|0.0|0.0|0.0|0.0|1.0|0.0|0.0|0.0|0.0|1.0|0
-0.35223263366963764|||-1.6537430915036218|-0.35886950794594047|-0.39877383266320127||-0.3704861503799252|-0.3347759569435492|-0.3445412283038108||-0.3381278825464787|-1.6520473761582246|-0.37731487061269586|-0.2749429460630012|0.0|1.0|0.0|0.0|0.0|0.0|1.0|0.0|0.0|1.0|0.0|0.0|0.0|1.0|0.0|0
|-0.462391138044792||-0.2776332568178248||-0.8609842672923456||||-0.3487843829397766|0.3052913669065899||-0.24203672508017238|2.1377537330879224||0.0|1.0|0.0|0.0|0.0|1.0|0.0|0.0|0.0|1.0|0.0|1.0|0.0|0.0|0.0|0
0.9535882436874817|||-0.27849494112257484|||-0.3464319470375858|-0.3518010473158275||||1.1487981323230627|||1.2731797834286689|0.0|1.0|0.0|0.0|0.0|0.0|1.0|0.0|0.0|1.0|0.0|0.0|0.0|1.0|0.0|0
2.6653798200605663|||-1.6214299300754957||-0.37933919999346344|-0.35239919288224886|||-0.342612521651099||-0.3421783484001141||-0.38102522206608436||1.0|0.0|0.0|0.0|1.0|0.0|0.0|1.0|0.0|0.0|0.0|1.0|0.0|0.0|0.0|0
||-0.3809217949223617||2.6400187615407646|-1.3981705602367271||-1.3855113871367295|-0.3438737881371687|-0.34338400431218374|-0.36198185626826906|||-0.3854226756404708||0.0|1.0|0.0|0.0|0.0|0.0|1.0|0.0|0.0|1.0|0.0|0.0|0.0|0.0|1.0|1
|||-0.282803362646325|-0.36499089030612836|||-0.3523971364933325||-0.34608419362598014|0.8710001326108278||||-0.2749429460630012|0.0|1.0|0.0|1.0|0.0|0.0|0.0|1.0|0.0|0.0|0.0|0.0|0.0|1.0|0.0|0
||-0.39415238200627667|-0.2888351527795752|-1.5697122350131532|-0.38294602224609||-1.4267790994255343|-1.1868349059735668|1.1413343769453188|||-0.1735896060958009|1.4300385484601121||0.0|1.0|0.0|0.0|0.0|0.0|1.0|1.0|0.0|0.0|0.0|0.0|0.0|1.0|0.0|0
-0.34074706438300534||1.5153607363597983|-0.28452673125582506|-0.9258785568574052|-0.3762120083595372||-0.3475596435528115|-1.5039845170873494|-0.3468556762870649|-0.35101850809570634|-0.3510893732781119|-0.22834730128329808|3.1752779357947123|-0.2749429460630012|1.0|0.0|0.0|0.0|0.0|0.0|1.0|1.0|0.0|0.0|0.0|0.0|0.0|1.0|0.0|0
-0.3036398405338856|||-0.26643136085607444|-0.38066572714476854|-0.3757707481903329|||||-0.3652708607200379|||-0.3987524567878295|-0.2749429460630012|0.0|1.0|0.0|0.0|0.0|1.0|0.0|0.0|0.0|0.0|1.0|0.0|0.0|1.0|0.0|0
-0.2978970558905694|-0.462391138044792|-0.3904738316803341|1.265212490837103|-1.6683202772170171|3.0643127161512433|-0.33012147506217326|-0.36023800182820537|-0.3382072510359704|||-0.34825404718056713||||1.0|0.0|0.0|1.0|0.0|0.0|0.0|1.0|0.0|0.0|0.0|1.0|0.0|0.0|0.0|0
|||-0.2772024146654498|-0.3647475717604305|-0.3818332792107052||||-1.028460607355396|0.6901048877635424||0.40136619337291946||-0.2749429460630012|0.0|1.0|0.0|0.0|0.0|0.0|1.0|1.0|0.0|0.0|0.0|0.0|0.0|0.0|1.0|0
||-0.3922013276897547|||-0.378763643251023||-1.5333873561716131||-0.34222678032055664|-1.846813879367477|-0.35473479254638374||2.8454689177157326|-0.2749429460630012|1.0|0.0|0.0|0.0|0.0|1.0|0.0|0.0|0.0|1.0|0.0|0.0|0.0|1.0|0.0|0
-0.31424190449077694||||-0.3567820909486379|-0.38966085090789476|-0.360355520675133|-0.36122384162177124|||-0.3526410836252456|-0.3308370440099351||||0.0|1.0|0.0|0.0|0.0|0.0|1.0|0.0|0.0|0.0|1.0|1.0|0.0|0.0|0.0|0
||-0.41553268555816386|-0.28754262632245015|-0.3789753035641309|||1.0957098142276498||0.6012965141860297|-0.3490012520319548|-0.35068432669274835||-1.335547488556331||0.0|1.0|0.0|1.0|0.0|0.0|0.0|0.0|0.0|0.0|1.0|0.0|0.0|1.0|0.0|0
-0.3261692264422797|||-0.2879734684748252|||2.0201777549558013|1.357071992056746|||-0.35921909252878326||1.4280729781384915|||1.0|0.0|1.0|0.0|0.0|0.0|0.0|1.0|0.0|0.0|0.0|0.0|0.0|0.0|1.0|0
|-0.462391138044792||-0.2866809420177001||||||-0.33991233233730256|||-0.22834730128329808|0.584902939632727||0.0|1.0|0.0|0.0|0.0|1.0|0.0|1.0|0.0|0.0|0.0|0.0|0.0|0.0|1.0|0
||||-1.3862628577962244|0.4095572416448571|1.4035623510072806|1.2963167489648946|-0.3326387509088412|-0.3480129002786919|0.7460179634436124|||-1.363031573396246||0.0|1.0|0.0|0.0|0.0|0.0|1.0|0.0|0.0|0.0|1.0|0.0|0.0|0.0|1.0|0
|||||2.373644625222753|-0.3432494159204321|-0.3672535129173022|-0.34383457334754103|1.199195576526671|3.0461284100472765|-1.342238367662685|-0.25572614887704664|1.3201022091004524|-0.2749429460630012|1.0|0.0|0.0|0.0|0.0|0.0|1.0|0.0|0.0|0.0|1.0|0.0|0.0|1.0|0.0|0
|-0.462391138044792|3.2916331036933903|-0.2888351527795752|-0.3627882171556005|1.2119792667305274|-0.3547860912201141|0.4348532549360975|-0.340030738753657|-0.3483986416092343|-0.358122757711527||-0.2146578774864238||1.2731797834286689|0.0|1.0|0.0|0.0|0.0|1.0|0.0|0.0|0.0|0.0|1.0|0.0|0.0|1.0|0.0|0
-0.32396046311792737|2.6957705564441468||-0.29012767923670024|-0.3792570408275705||-0.3492166617650952||-0.32830551665498364|-0.3518703135841154|||2.4547797629040637||-1.0490043108088363|0.0|1.0|0.0|0.0|0.0|1.0|0.0|1.0|0.0|0.0|0.0|0.0|1.0|0.0|0.0|0
-0.2281001348410346|-0.462391138044792|2.834354748258541|-0.28754262632245015|-0.36769300678729916|-0.37657652762974947|-1.2021350011622747||1.3944786212678228||||||-0.2749429460630012|0.0|1.0|0.0|0.0|0.0|1.0|0.0|0.0|1.0|0.0|0.0|0.0|0.0|0.0|1.0|0
-2.039286060809976||-0.40789105615178595|-0.2737556774464497|-0.3707793104458877|-0.36876814115730794|-0.3484210289858068||-0.33614847458051766|1.1606214434724362|||2.4547797629040637||-0.2749429460630012|0.0|1.0|0.0|0.0|0.0|0.0|1.0|0.0|0.0|0.0|1.0|0.0|0.0|1.0|0.0|1
0.1694772635423915|-0.462391138044792|-0.40740329257265545|-1.901477329119255||-0.39250026417060074||-0.3641125814819876|||-0.35728954325041223|0.45009277257096286|-0.25572614887704664||1.2731797834286689|0.0|1.0|0.0|0.0|0.0|0.0|1.0|0.0|0.0|1.0|0.0|1.0|0.0|0.0|0.0|0
-0.27713468064165714|-0.462391138044792|-0.3914290353561314|-0.27547904605594975||-0.39104218708975175|-0.34205596675149946|||-0.3472414176176072|-0.3566755957527487|-0.3676962832780169||||0.0|1.0|0.0|1.0|0.0|0.0|0.0|0.0|0.0|0.0|1.0|0.0|0.0|0.0|1.0|0
1.7376992238325721|1.4491277823037763|-1.2521894881442277|0.6081782084652054||||0.5901803386897928||-0.3352834363707944||-0.3604054447414732|-0.24203672508017238|-0.39765309339423294|-1.0490043108088363|0.0|1.0|0.0|0.0|0.0|0.0|1.0|1.0|0.0|0.0|0.0|0.0|1.0|0.0|0.0|0
|-0.462391138044792||-0.2772024146654498|-0.3727386650507177||||-0.34955993263318086|-0.34569845229543783|-0.36772665071069194||-0.2009684536895495|-0.38734656157926484|-0.2749429460630012|0.0|1.0|0.0|0.0|0.0|0.0|1.0|0.0|0.0|1.0|0.0|0.0|0.0|0.0|1.0|1
|||-0.2914202056938253||-0.3720871850387143|-0.35120574371331625||-1.5608459620474713|-0.3561134682200812|0.7942566954028885|0.4703451018391396|-0.1872790298926752|-1.215304617381703||0.0|1.0|0.0|0.0|0.0|0.0|1.0|0.0|0.0|0.0|1.0|0.0|0.0|0.0|1.0|0
|1.3660182640277516|||-0.35998365076045163|-0.39472575024137035||2.534348117629034||-0.3534132789062848|-0.36158717573405685|-0.35270955961956607||||0.0|1.0|0.0|0.0|0.0|0.0|1.0|0.0|0.0|0.0|1.0|0.0|1.0|0.0|0.0|0
||0.45244260350457116|||-0.3944571570948982||-0.3661071875759465|-0.3328348248569795|-0.3402980736678449|-0.3508869479176355|-0.3689114230341075|0.7436017882947767|||0.0|1.0|0.0|0.0|0.0|0.0|1.0|0.0|0.0|0.0|1.0|0.0|0.0|0.0|1.0|0
-0.32351871045305686||1.0540176844321953||-1.2018530126357516|-0.39062011214529546||1.276829218161848||-0.3557277268895389|-1.5529961483427956||-0.24203672508017238|0.492144153298014|-0.2749429460630012|0.0|1.0|0.0|0.0|0.0|0.0|1.0|0.0|0.0|0.0|1.0|1.0|0.0|0.0|0.0|0
|-0.462391138044792|-0.402383392404104|-0.28107999403682493|-0.3648884403921503||||-0.3378739253241352|-0.3472414176176072|0.6144577853728594|||-0.39133175388105246|-0.2749429460630012|0.0|1.0|0.0|1.0|0.0|0.0|0.0|1.0|0.0|0.0|0.0|1.0|0.0|0.0|0.0|0
-0.30629035652310843||-0.37569865992917256|-0.2944361007604504||-0.3935362663069935||||-0.3510988309230307||-0.33691274279038813||||0.0|1.0|0.0|0.0|0.0|1.0|0.0|1.0|0.0|0.0|0.0|0.0|1.0|0.0|0.0|0
|1.9477848919599245|-1.2623512293761132|-0.28969683708432525|-0.3674112695238596||-1.1722987719389593|-0.34123192766852806|||-1.346885202698616|||||0.0|1.0|0.0|0.0|1.0|0.0|0.0|0.0|1.0|0.0|0.0|0.0|1.0|0.0|0.0|1
|-0.462391138044792||||2.3947483724455676||||-0.3572706922117083||-0.3486590937659307|-0.1872790298926752||1.2731797834286689|1.0|0.0|0.0|1.0|0.0|0.0|0.0|0.0|0.0|0.0|1.0|0.0|0.0|0.0|1.0|0
||-0.39758705054265403|-0.2797874675796999||-0.3838669130339946|-0.33927125202399006||1.2258550258688412|0.6688012470309409||||||1.0|0.0|0.0|1.0|0.0|0.0|0.0|1.0|0.0|0.0|0.0|0.0|0.0|0.0|1.0|0
-0.29127076591751233|-0.462391138044792||1.1144177375058477||||-0.36583206949402114||-0.35457050289791187|-0.34720326293165454|||||1.0|0.0|1.0|0.0|0.0|0.0|0.0|0.0|0.0|1.0|0.0|0.0|0.0|0.0|1.0|0
-0.3310285057558549|2.030894410235949||-0.27849494112257484|-0.362211936389474|-0.36855710368507977|||-0.3458149202237384|-0.3387551083456755|||-0.24203672508017238|-1.6206948687704488|0.4991184186828339|0.0|1.0|0.0|0.0|0.0|0.0|1.0|0.0|0.0|0.0|1.0|0.0|0.0|0.0|1.0|0
-0.29833880855543987||-0.4139677774084535||-0.37729768622274046|-0.37051399660937717|0.4885846548256046|-0.3417821638323788|-1.7990758090355676|||2.100657607927373|0.40136619337291946|1.856041863478794|-1.0490043108088363|0.0|1.0|0.0|0.0|0.0|0.0|1.0|0.0|0.0|0.0|1.0|0.0|1.0|0.0|0.0|0
|||-0.2879734684748252|-0.3512113768760819||-0.9435543478935403|0.8882249274422708|-1.6505497933207671|-0.3410695563289296|-0.3451421534752127||-0.22834730128329808|-0.3806129607934856||1.0|0.0|0.0|1.0|0.0|0.0|0.0|0.0|0.0|0.0|1.0|0.0|0.0|1.0|0.0|0
0.47870412895172293|||0.6728045313214577|-0.36504211526311736||-0.3547860912201141|-0.3700963997638642|||1.2898000328027246|-0.36850637644874396|-1.3098117812363672|||0.0|1.0|0.0|0.0|0.0|0.0|1.0|1.0|0.0|0.0|0.0|0.0|0.0|0.0|1.0|0
2.091101355728951|-0.462391138044792||-1.5568036072192435||-0.3972390146833602|-0.3460341306479416|0.2726482191342681|-0.34157972294394995|-0.3449269696343531|-0.3596576264556858|-0.35068432669274835|-0.24203672508017238|-1.335547488556331|-1.0490043108088363|0.0|1.0|0.0|0.0|0.0|0.0|1.0|1.0|0.0|0.0|0.0|0.0|0.0|0.0|1.0|0
-0.31910118380435215||-0.40087945470178493||-1.3894644176080382|0.45128510547178674|-0.3436472323100763|-0.3601233692940698||0.6109400474495885|-0.3607101078802518|-0.36324077083901796|-0.25572614887704664|-0.40026408145402487|-1.0490043108088363|0.0|1.0|0.0|1.0|0.0|0.0|0.0|1.0|0.0|0.0|0.0|0.0|0.0|0.0|1.0|0
1.2186398426097658||||-0.36620748303461753|0.5884594624200842|||0.3744039060780522||-0.3660602217884624|||-0.38610977776146865||0.0|1.0|0.0|0.0|0.0|1.0|0.0|1.0|0.0|0.0|0.0|0.0|0.0|0.0|1.0|1
-0.31247489383129506|-0.462391138044792|0.4534587776277597|-0.27504820390357476|-0.3645554781717217|||||0.3312775828063852|-1.8237908482050953|-0.35068432669274835||||0.0|1.0|0.0|0.0|0.0|0.0|1.0|0.0|0.0|0.0|1.0|0.0|0.0|0.0|1.0|0
|||||2.136707099584784||0.9048466448919282|-0.33595240063237936|0.6205835807131472||||1.3956834424102185||0.0|1.0|0.0|0.0|0.0|1.0|0.0|0.0|0.0|1.0|0.0|0.0|0.0|0.0|1.0|0
|-0.462391138044792|-0.3964082885597553|-0.30951557609357594|1.8101744583186374|2.2988222487054997|-0.35200137649260466|-1.086893635713574||-0.3549562442284542||||-0.3935304806682457|-1.0490043108088363|0.0|1.0|0.0|1.0|0.0|0.0|0.0|0.0|0.0|1.0|0.0|1.0|0.0|0.0|0.0|0
0.10321436381182048|-0.462391138044792|-0.4189063836471499||-0.3825866630318568|-0.39250026417060074|-0.3587642551165562|1.1816842148293263||-0.3522560549146578||-0.34460862791229535|-0.24203672508017238|-0.38322394885327754||1.0|0.0|0.0|0.0|0.0|0.0|1.0|1.0|0.0|0.0|0.0|0.0|0.0|1.0|0.0|1
||||-0.3455126004110534|-0.3948792320393545|-0.3484210289858068|||||-0.3575701186439285|2.4547797629040637|||0.0|1.0|0.0|0.0|0.0|0.0|1.0|0.0|0.0|1.0|0.0|0.0|0.0|1.0|0.0|0
|-0.462391138044792||-0.28969683708432525||-0.39367056288022956|1.244435795149598|-0.36530475983699745|||-0.34619463489977875|-0.35594993230247435|-0.24203672508017238|-0.3935304806682457||1.0|0.0|0.0|0.0|0.0|0.0|1.0|1.0|0.0|0.0|0.0|0.0|0.0|0.0|1.0|0
2.7979056195217082||-0.4089072302749745|-0.2789257832749499||-0.39146426203420803|-0.3472275798168742|-0.36305796216794034|-1.2510491239888768|||-0.35878525840001907|0.7436017882947767|||0.0|1.0|0.0|0.0|0.0|0.0|1.0|0.0|0.0|0.0|1.0|0.0|1.0|0.0|0.0|0
-0.32572747377740924||0.0764581779248063|0.3389018632308212|||-0.35200137649260466|||-0.33566917770133675||-0.3733669354731064|-0.22834730128329808|0.3512882184934497|0.4991184186828339|0.0|1.0|0.0|0.0|0.0|0.0|1.0|0.0|0.0|0.0|1.0|0.0|0.0|0.0|1.0|0
1.6051734243714302||-0.4103095505649747|-0.3034837859603257|-0.3733789770130804|||||||0.6424899006186424|-0.2146578774864238|-0.38734656157926484||0.0|1.0|0.0|0.0|0.0|0.0|1.0|0.0|0.0|1.0|0.0|0.0|0.0|0.0|1.0|0
|-0.462391138044792|-0.38649042911743503|-0.2815108361892|-0.3478561421933011|-0.38018334988237606|-0.34563631425829733|1.80757785120953|-0.347520763572542||-0.36566554125425016|1.007031827445825||2.1377537330879224|-0.2749429460630012|0.0|1.0|0.0|0.0|0.0|0.0|1.0|0.0|0.0|0.0|1.0|1.0|0.0|0.0|0.0|0
||-0.3939288236991752|||-0.3771712695969379|-0.35001229454438365|-0.34854548334637736|-0.34920699952653184|-0.3406838149983873||||-0.389545288366458||0.0|1.0|0.0|0.0|0.0|0.0|1.0|0.0|0.0|0.0|1.0|0.0|0.0|0.0|1.0|0
||-0.4123622222938156|-0.30046789089370063|2.3147402846604868|-0.3742167449857438|1.304108253596229|0.8572741432256673|-0.34014838312254003|-0.33798362568459084||2.3234332298773177||-0.3753909846739018|-1.0490043108088363|0.0|1.0|0.0|1.0|0.0|0.0|0.0|0.0|0.0|0.0|1.0|1.0|0.0|0.0|0.0|0
|-0.462391138044792|-0.40140786524584293|2.1268967955871325|-0.3638383287738754||-0.3484210289858068||||-0.34781721042931796|-0.323951252058755|1.4280729781384915|||0.0|1.0|0.0|0.0|0.0|1.0|0.0|0.0|0.0|0.0|1.0|0.0|0.0|1.0|0.0|0
-0.2864114866039371||1.4239050652728285|-0.27246315098932467||-0.38918122028919444||-0.3607423849784019|-0.3206194178879603|||-0.3502792801073848|3.139250952747778|-0.3884459249728614||1.0|0.0|0.0|0.0|0.0|1.0|0.0|0.0|0.0|0.0|1.0|1.0|0.0|0.0|0.0|0
-1.354569430260742|||-0.28754262632245015|-1.3145479180115962||-0.3452384978686531|-0.36856032380644765|-0.35089323548052165|-0.3487843829397766||-0.3377228359611152|||-0.2749429460630012|1.0|0.0|0.0|1.0|0.0|0.0|0.0|0.0|0.0|1.0|0.0|1.0|0.0|0.0|0.0|0
|-0.462391138044792||1.9330178270183758||||-0.35668439327000273|-0.33197209948517076|-0.3572706922117083|-0.35000988006383055|||-0.3786890748546916|1.2731797834286689|0.0|1.0|0.0|0.0|1.0|0.0|0.0|1.0|0.0|0.0|0.0|0.0|0.0|0.0|1.0|0
||-0.39096159525946467|||1.6100726802518102|-0.33887343563434585|||0.7652365796665281|-0.3618502960901983|||||0.0|1.0|0.0|1.0|0.0|0.0|0.0|0.0|0.0|1.0|0.0|1.0|0.0|0.0|0.0|0
0.5891422951693412|-0.462391138044792||-0.27504820390357476|-0.37317407718512435|0.3591960266813213|-0.35160356010296046|1.1942937935842388|||-0.35101850809570634|||-0.3784142340062925||0.0|1.0|0.0|0.0|0.0|0.0|1.0|0.0|0.0|1.0|0.0|1.0|0.0|0.0|0.0|0
||-0.39592052498062474|||0.8819934010646928|1.7417062822048566|-0.36913348647712546||-0.3256399031072357|-0.3649200335785159|1.3715737542730075||-0.39284337854724777||1.0|0.0|0.0|0.0|1.0|0.0|0.0|1.0|0.0|0.0|0.0|0.0|0.0|0.0|1.0|0
-0.3129166464961655|-0.462391138044792|-0.4227271983503388|||-0.3960495307489833||-0.3677120430538444|-0.3446580839297221||-0.3627712173366936|||-0.3847355735194729|0.4991184186828339|0.0|1.0|0.0|0.0|0.0|0.0|1.0|0.0|0.0|1.0|0.0|0.0|0.0|1.0|0.0|0
||1.4858916867873302|||-0.378763643251023||||-1.3852713381070692|-0.3429056304480099|-0.3498742335220213|-0.26941557267392097|-0.3880336637002627|0.4991184186828339|0.0|1.0|1.0|0.0|0.0|0.0|0.0|0.0|0.0|1.0|0.0|0.0|0.0|0.0|1.0|0
|-0.462391138044792|||2.801377376056178||-0.3376799864654132||0.3185228308586222||2.405868876769612|||-0.3984776159394304||0.0|1.0|0.0|0.0|0.0|0.0|1.0|0.0|0.0|0.0|1.0|0.0|0.0|0.0|1.0|0
||-0.4098217869858442|-0.2879734684748252||-0.38822195905179374||||-1.0573912071460723|||0.7436017882947767|-0.38734656157926484|-1.0490043108088363|1.0|0.0|1.0|0.0|0.0|0.0|0.0|0.0|0.0|0.0|1.0|0.0|1.0|0.0|0.0|0
||||||0.7372198983532339|-0.354529301628254|-0.3437953585579134||-0.36189414948288856||-0.28310499647079523|-0.42513717823414787||0.0|1.0|0.0|0.0|0.0|0.0|1.0|0.0|0.0|0.0|1.0|1.0|0.0|0.0|0.0|0
|-0.462391138044792|1.6413663276351789|-0.27849494112257484||||1.6035319404482182||-0.34994160693140364|-0.3638675521539499|-0.3470389074244765|-0.2146578774864238|-0.3854226756404708||0.0|1.0|1.0|0.0|0.0|0.0|0.0|0.0|0.0|0.0|1.0|0.0|0.0|1.0|0.0|0
-1.5864895793177405|-0.462391138044792|-0.41270772149569973|||-0.3825239473016337||-1.437669190168413|-0.3417757968920883|-0.3483986416092343|3.252239355691456|||-0.3806129607934856|2.821302512920339|0.0|1.0|0.0|0.0|0.0|0.0|1.0|0.0|0.0|1.0|0.0|1.0|0.0|0.0|0.0|1
-0.3045233458636265|1.1166897091996775||-0.27935662542732487||-0.39271130164282897|-0.3464319470375858|-0.36431892004343164||2.0478265037198393||-1.6257709774171605||-1.5554201672756507||0.0|1.0|0.0|0.0|0.0|0.0|1.0|0.0|0.0|0.0|1.0|0.0|1.0|0.0|0.0|0
|-0.462391138044792|-0.3973431687530887|||||||||-0.3401531154732964||-0.3791013361272903|-1.0490043108088363|0.0|1.0|0.0|0.0|0.0|1.0|0.0|0.0|0.0|0.0|1.0|1.0|0.0|0.0|0.0|0
-0.33721304306404154|-0.462391138044792|-0.4082365553536701||0.3870811219674193|-0.378725272801527|-0.3539904584408257||-0.3371092369263956|3.2821987614553576|-0.35518458040128015|-0.3583802118146555||-0.3958666278796385||0.0|1.0|0.0|0.0|0.0|1.0|0.0|0.0|0.0|1.0|0.0|0.0|0.0|0.0|1.0|0
-0.5262831836286042|-0.462391138044792|-0.41024858011758336||-0.3733149458168441||-0.3551839076097583|1.0899781875208714||-0.350327348261946|-0.3519832827348918||-0.2146578774864238|0.3547237290984392||1.0|0.0|0.0|1.0|0.0|0.0|0.0|0.0|0.0|0.0|1.0|0.0|0.0|1.0|0.0|0
0.9977635101745291||-0.41238254577627936||-1.081474363711554||-0.3555817239994025|2.043720871528801|-0.3355994675257303||1.7392973078777973||-0.1735896060958009|1.0246482970713664|-0.2749429460630012|0.0|1.0|1.0|0.0|0.0|0.0|0.0|0.0|0.0|0.0|1.0|0.0|0.0|1.0|0.0|0
|-0.462391138044792|1.7561940035554855|-1.1475035624629795||-0.395665826254023|-0.33966906841363426|-0.36732229243778347|-0.34138364899581164||-0.35948221288492477||-0.22834730128329808|-0.3802006995208869||0.0|1.0|0.0|0.0|0.0|0.0|1.0|0.0|0.0|1.0|0.0|0.0|0.0|0.0|1.0|0
-1.5312704962089314|||-0.26772388731319946|-0.3767982428920975||-0.3313149242311059|-0.35115910512466836|-1.3481057283173605|-0.9705994077740436||0.4602189372050512||||0.0|1.0|0.0|1.0|0.0|0.0|0.0|1.0|0.0|0.0|0.0|0.0|0.0|1.0|0.0|0
-1.3324817970172183|-0.462391138044792||-0.2789257832749499|-1.1880863054449524|1.0767234322570312||-0.36519012730286193|-0.3359327932375655|1.353492108743611|-0.3540005387986434|1.1893027908594163|||1.2731797834286689|1.0|0.0|0.0|0.0|0.0|0.0|1.0|0.0|0.0|1.0|0.0|1.0|0.0|0.0|0.0|0
|-0.462391138044792||-1.632200983884871|||||-0.3316975959577771|-0.3472414176176072|1.9344449053494142|-0.34258339498547763|||-0.2749429460630012|0.0|1.0|0.0|1.0|0.0|0.0|0.0|0.0|0.0|1.0|0.0|0.0|0.0|0.0|1.0|0
||-0.4023630689216402||1.4912991010619865||-0.33966906841363426|-0.34088803006612145|1.5552592587412706||-0.3574649568211732||-0.25572614887704664|-0.3891330270938593|-1.0490043108088363|0.0|1.0|0.0|0.0|0.0|0.0|1.0|0.0|0.0|1.0|0.0|1.0|0.0|0.0|0.0|0
-0.33544603240455967||||-0.3777074858786526|-1.0101493897081515|-0.3484210289858068|-0.37181588777589775|0.8229230624445301|-1.1056088734638658|-0.347992624000079|0.905770181104941|0.40136619337291946|-0.40136344484762143|-1.0490043108088363|0.0|1.0|0.0|0.0|1.0|0.0|0.0|0.0|1.0|0.0|0.0|0.0|0.0|0.0|1.0|1
|-0.462391138044792|-0.4068952055110612|-0.2888351527795752|||||0.7449836680595354||1.8642794770450126||-0.1735896060958009|0.7910335759320892|0.4991184186828339|0.0|1.0|1.0|0.0|0.0|0.0|0.0|1.0|0.0|0.0|0.0|0.0|0.0|0.0|1.0|0
||-0.40661067675656837|-1.427550961506739|-1.236109702622159|0.6992541353398629|||-0.3134823261757243|-0.35379902023682713|-0.3314160415631641|||3.2439881478944996|1.2731797834286689|1.0|0.0|0.0|0.0|0.0|0.0|1.0|1.0|0.0|0.0|0.0|1.0|0.0|0.0|0.0|0
||-0.3932987957427983|-0.2888351527795752||||0.3345497875674751|-0.33791314011376283||-0.35597394146970474||-0.2146578774864238|||0.0|1.0|0.0|0.0|0.0|0.0|1.0|0.0|0.0|1.0|0.0|1.0|0.0|0.0|0.0|0
|-0.462391138044792|-0.383828052914681||1.0405194795586086|-1.2806610586551437|||||1.327075416589438|||-0.3854226756404708||0.0|1.0|0.0|0.0|1.0|0.0|0.0|1.0|0.0|0.0|0.0|0.0|0.0|0.0|1.0|0
1.6272610576149538||-1.1658146876732007||-0.3715476848007229|0.44217212371648024|-0.34165815036185526||-0.3419130486557852|1.2956309091622584|-0.36000845359720773||-0.22834730128329808|-0.38762140242766396||0.0|1.0|0.0|1.0|0.0|0.0|0.0|1.0|0.0|0.0|0.0|0.0|0.0|0.0|1.0|0
-2.2822500264887364|-0.462391138044792|||0.6329609155147163|0.7884654304181263|-0.3587642551165562||-0.3347759569435492|1.4885015744334331|-0.35281649719600666|||2.2408190512376036||0.0|1.0|0.0|0.0|0.0|1.0|0.0|1.0|0.0|0.0|0.0|0.0|0.0|1.0|0.0|0
-0.3199846891340931||3.3160212826499156|-0.30305294380795067|||-0.3575708059476236|-0.3446021241721138|-0.3310701593237344|-0.33605491903187906|-0.34908895881733526|-0.34055816205865996||1.856041863478794||0.0|1.0|0.0|1.0|0.0|0.0|0.0|0.0|0.0|0.0|1.0|0.0|0.0|1.0|0.0|1
-0.3248439684476683|-0.462391138044792|0.7339228356278006|1.8037651813058715|0.22476203950846152|-0.3804519430288482||-0.35186982683630885|-0.3481285928117709|1.5077886409605505|-1.1484486007752301|-0.31747050669293836|1.0858373832166341|||0.0|1.0|0.0|0.0|0.0|0.0|1.0|1.0|0.0|0.0|0.0|0.0|0.0|0.0|1.0|0
1.0198511434180528|-0.462391138044792||||-0.3910997427639958||2.9011722268628533|1.1572291440204183||-0.3654462742907989|||||0.0|1.0|1.0|0.0|0.0|0.0|0.0|0.0|0.0|1.0|0.0|0.0|0.0|1.0|0.0|1
|-0.462391138044792||-0.2858192577129501||1.8067212339189498||||-0.35765643354225063|-0.35785963735538545|-1.3017337091263315|||-1.0490043108088363|0.0|1.0|1.0|0.0|0.0|0.0|0.0|0.0|0.0|0.0|1.0|1.0|0.0|0.0|0.0|1
|-0.462391138044792||3.376339037474675||-0.391368335910468|-0.36314023540264245|-0.3629662561406319||-0.3564992095506236||0.2576956445232831||||0.0|1.0|0.0|0.0|0.0|1.0|0.0|0.0|0.0|1.0|0.0|1.0|0.0|0.0|0.0|0
-0.34560634369658055|-0.462391138044792||-0.2944361007604504|-0.3746980196555477|-1.424550244265246|-0.3496144781547394|0.6211311229063963|0.6126337530661485|||-0.33367237010747985|-0.1872790298926752|||0.0|1.0|0.0|0.0|0.0|1.0|0.0|0.0|0.0|0.0|1.0|0.0|0.0|1.0|0.0|0
-1.88467262810531|1.8646753736838997|||-0.3567692847093906|-0.36360731570009225||-0.33476665274328204||-0.3368264016929638|-0.3612363485925348|-0.3470389074244765||||1.0|0.0|0.0|1.0|0.0|0.0|0.0|0.0|1.0|0.0|0.0|0.0|1.0|0.0|0.0|1
1.6272610576149538|||-0.29357441645570037||0.447448060522184|||-0.34138364899581164||-0.35948221288492477|-0.3381278825464787|||-0.2749429460630012|1.0|0.0|0.0|1.0|0.0|0.0|0.0|0.0|0.0|0.0|1.0|0.0|0.0|0.0|1.0|0
0.4455726790864374|-0.462391138044792|-0.4184389435504831|-0.27677157251307477|0.11366791403852385|-0.3749841539756643|-0.3535926420511815|-0.3463216121841473|-0.3436973215838442|-1.2116877393630119||||||0.0|1.0|1.0|0.0|0.0|0.0|0.0|0.0|0.0|1.0|0.0|1.0|0.0|0.0|0.0|0
-0.15079341848870176||2.198229747142506|-0.2789257832749499||-0.3718185918922421|-0.3432494159204321|-0.3431119012283514|1.3405582855297764|-0.33219750572645557|||-0.24203672508017238||-0.2749429460630012|0.0|1.0|0.0|0.0|1.0|0.0|0.0|1.0|0.0|0.0|0.0|0.0|0.0|0.0|1.0|1
|1.8646753736838997||0.9959361456027187|||2.636793158904322|-0.3400856023271724||1.1220473104182014|-1.3435961982468472|-0.3624306776682909||-1.0641421507621707||0.0|1.0|1.0|0.0|0.0|0.0|0.0|1.0|0.0|0.0|0.0|0.0|1.0|0.0|0.0|0
||-0.41791053300642506|-0.2802183097320749||0.8623285456979789|-0.3591620715062004||||-0.3459753679363275|-0.33691274279038813|1.0858373832166341||1.2731797834286689|0.0|1.0|0.0|0.0|0.0|1.0|0.0|1.0|0.0|0.0|0.0|1.0|0.0|0.0|0.0|0
-0.29833880855543987|-0.462391138044792|||-0.3708433416421239|-0.3909654461907597|-1.6297876200297972|-0.3625535790177438|-0.33120741108743124||-1.574922844687921||-0.2146578774864238|||0.0|1.0|0.0|0.0|1.0|0.0|0.0|1.0|0.0|0.0|0.0|0.0|0.0|0.0|1.0|0
1.6272610576149538|-0.462391138044792|-0.4056351495983073||-0.3683717374674037|-0.378667717127283|3.3130810212994737|-1.5356800068543242|-0.3368543407938157|2.9350315639672426||0.8450131933004106|||0.4991184186828339|0.0|1.0|1.0|0.0|0.0|0.0|0.0|0.0|0.0|0.0|1.0|1.0|0.0|0.0|0.0|0
|-0.462391138044792||||-1.4960152064515968|-0.3484210289858068|-0.3520761653977529|-0.3308152631911545|-0.3464699349565225|||2.4547797629040637|||0.0|1.0|0.0|1.0|0.0|0.0|0.0|1.0|0.0|0.0|0.0|0.0|0.0|0.0|1.0|0
-0.30894087251233127|1.2829087457517268||||2.10217369503836||-0.3443499325970156||-0.3495558656008613|||-0.1872790298926752|-0.38102522206608436|-0.2749429460630012|1.0|0.0|0.0|0.0|0.0|1.0|0.0|1.0|0.0|0.0|0.0|0.0|0.0|0.0|1.0|0
-0.32572747377740924|-0.462391138044792|-0.4166911240585988||-0.9662182104862588|-0.36230272041722733|1.821269560133698||||0.7876786864993508||-1.6520473761582246|||0.0|1.0|0.0|0.0|0.0|1.0|0.0|0.0|1.0|0.0|0.0|0.0|0.0|0.0|1.0|0
-0.32219345245844544|-0.462391138044792|0.5062998320335645|-0.2776332568178248|||||1.5827096114806398||0.5903384193932214|-0.3636458174243815|-0.22834730128329808|-0.40067634272662356||0.0|1.0|1.0|0.0|0.0|0.0|0.0|0.0|0.0|1.0|0.0|1.0|0.0|0.0|0.0|0
|-0.462391138044792|0.8782195611205751|-0.30477631241745073|-0.37454434478458065|-0.3556070769801706||-0.3266277428196567||-0.3464699349565225|||-0.24203672508017238|-0.3847355735194729|-0.2749429460630012|0.0|1.0|0.0|1.0|0.0|0.0|0.0|0.0|0.0|0.0|1.0|1.0|0.0|0.0|0.0|0
-0.33898005372352347|-0.462391138044792|-0.38964056889931953||2.1725910290159556|-0.3811809815692727|2.51744824201106|-0.3526034750547765|-1.0976212595706176|||0.5108497603754932||0.399385366963301||0.0|1.0|1.0|0.0|0.0|0.0|0.0|0.0|0.0|0.0|1.0|0.0|0.0|0.0|1.0|0
0.3793097793558664|||-0.282803362646325|-1.8200742122969895|-1.4221520911717442|0.6477112106832873|-0.35507953779210477|||||-0.25572614887704664|0.5024506851129821||0.0|1.0|0.0|0.0|0.0|1.0|0.0|1.0|0.0|0.0|0.0|0.0|0.0|1.0|0.0|0
|-0.462391138044792||-0.2858192577129501||-0.3921165596756405|-0.3551839076097583|||-0.34376974564272605|1.438901567949578|-0.36324077083901796|-0.2146578774864238|-0.40026408145402487||0.0|1.0|0.0|0.0|0.0|0.0|1.0|1.0|0.0|0.0|0.0|0.0|0.0|0.0|1.0|0
-0.2766929279767867||-0.40069654335961097|-0.2853884155605751|-0.3630827606582874||-0.348818845375451|-0.35427711005315576||||-0.35270955961956607|-0.22834730128329808|0.43717598361818394||0.0|1.0|0.0|0.0|0.0|1.0|0.0|0.0|0.0|1.0|0.0|1.0|0.0|0.0|0.0|0
-0.30849911984746076|-0.462391138044792||1.3944651365496072||-0.3947641206908664||||0.7266624466122933|-0.3560616482550852||-0.22834730128329808|1.5812010150796445||0.0|1.0|0.0|0.0|0.0|1.0|0.0|0.0|0.0|0.0|1.0|0.0|0.0|0.0|1.0|0
|||-0.27160146668457463||-0.3784566796550548||-0.3498522942355229|||-1.6615332952511668|-0.3219260191319373||-0.3624734647991418|-1.0490043108088363|0.0|1.0|0.0|1.0|0.0|0.0|0.0|1.0|0.0|0.0|0.0|0.0|0.0|0.0|1.0|0
-0.31910118380435215|-0.462391138044792||||||||0.9870378447283791|-0.36912995927678|-0.35149441986347546|1.4280729781384915|||0.0|1.0|0.0|0.0|0.0|1.0|0.0|1.0|0.0|0.0|0.0|0.0|0.0|1.0|0.0|0
-0.3098243778420722|1.9477848919599245|-0.3924858564442475|-0.29400525860807536|-0.35428487429542316|-1.3362982104243832||-0.35856436682982606||-0.3487843829397766|||-0.25572614887704664|0.6433066199175462|-0.2749429460630012|0.0|1.0|0.0|0.0|1.0|0.0|0.0|0.0|0.0|0.0|1.0|0.0|0.0|0.0|1.0|0
2.3340653214077114|-0.462391138044792|-0.39762769750758153|-0.3000370487413256||-0.3728162235791388|-0.3444428650893647|2.1812799124914832|-1.409869021980941||-0.3548337532597582|1.432330742077538||-0.3917440151536512|-0.2749429460630012|0.0|1.0|0.0|0.0|0.0|1.0|0.0|0.0|0.0|0.0|1.0|1.0|0.0|0.0|0.0|0
|2.280222965064023|||-0.37195748445663507|-0.38779988410733746|||-0.3368543407938157|-0.33952659100676025||||-0.3965537300006364||1.0|0.0|0.0|0.0|0.0|1.0|0.0|0.0|0.0|0.0|1.0|0.0|0.0|1.0|0.0|0
||-1.494547016524698|-1.072106185797352||-0.4053159943022739||-0.3771348373597881|1.3719301172319125|||||2.5431439844766683||0.0|1.0|0.0|0.0|1.0|0.0|0.0|1.0|0.0|0.0|0.0|1.0|0.0|0.0|0.0|0
|-0.462391138044792||1.652970427974616|0.8874849205539106||-0.3432494159204321|0.47038934051812376||-0.3445412283038108|-0.34588766115094693||-0.22834730128329808|-0.3802006995208869||0.0|1.0|0.0|0.0|0.0|0.0|1.0|1.0|0.0|0.0|0.0|0.0|0.0|1.0|0.0|0
-0.5373270002503661||||-0.36939623660718407||||1.0748780858023106|-1.2888360054714818|||||-0.2749429460630012|1.0|0.0|0.0|0.0|1.0|0.0|0.0|1.0|0.0|0.0|0.0|0.0|0.0|1.0|0.0|0
|-0.462391138044792|-0.4157155969003378|-1.2659851543661085|-0.9921508449619502|||3.1831682608363514||-0.3402980736678449|||||-1.0490043108088363|1.0|0.0|0.0|0.0|0.0|0.0|1.0|0.0|0.0|1.0|0.0|1.0|0.0|0.0|0.0|0
|-0.462391138044792|1.2755436432872995|-0.2892659949319502||0.4767055282629048|0.6775474399066028|||-0.34569845229543783|-0.3536497116571214|||-0.3716806332205133||0.0|1.0|1.0|0.0|0.0|0.0|0.0|0.0|0.0|0.0|1.0|0.0|0.0|0.0|1.0|0
|||||-1.8801993320305697||-1.874992307895607||-0.34608419362598014||||-0.39064465176005464|0.4991184186828339|0.0|1.0|0.0|0.0|0.0|0.0|1.0|0.0|0.0|1.0|0.0|1.0|0.0|0.0|0.0|1
-0.31556716248538835|-0.462391138044792|||||3.1937361044062116|||2.1635489028825443|1.0617623908134195|2.0399006201228422|-0.1735896060958009|||1.0|0.0|0.0|0.0|1.0|0.0|0.0|0.0|0.0|0.0|1.0|0.0|0.0|0.0|1.0|0
-0.30629035652310843||-0.40380603617656796|-0.2866809420177001|-0.36641238286257366||-0.3559795403890467|||||||||1.0|0.0|0.0|1.0|0.0|0.0|0.0|1.0|0.0|0.0|0.0|0.0|0.0|0.0|1.0|0
|3.1113181478242704|-1.0393010093362258||-0.37696472400231185|-0.39591523417574725|||1.1719346901307945|-0.3472414176176072||-0.35594993230247435|-0.2009684536895495|1.1551977000609626|-0.2749429460630012|0.0|1.0|0.0|1.0|0.0|0.0|0.0|0.0|0.0|0.0|1.0|0.0|0.0|1.0|0.0|0
||-0.3989284003852629|-0.30219125950320064|-0.3611874372496936|-0.38008742375863597|0.14049531388692352|-0.3515030027270751|||-0.3509746547030161|||1.0246482970713664||0.0|1.0|0.0|0.0|0.0|0.0|1.0|1.0|0.0|0.0|0.0|1.0|0.0|0.0|0.0|0
2.9966943187134216|-0.462391138044792||-0.9751667015129737|3.0568618490389166||1.602470545829384|||-0.358042174872793|||-0.1872790298926752|-0.3865220390340674||0.0|1.0|0.0|0.0|0.0|0.0|1.0|0.0|0.0|0.0|1.0|0.0|0.0|1.0|0.0|1
-0.3058486038582379||-0.37431666312163614|-0.28064915188444994||-0.3890277384912103|1.7814879211692771|1.3582183173981017|-1.2044815613060185||0.4357552101600866||-0.22834730128329808|||0.0|1.0|0.0|0.0|0.0|1.0|0.0|0.0|0.0|0.0|1.0|0.0|0.0|0.0|1.0|1
-0.31777592580974073||1.0458882914466865|0.974394037983968||0.550089012924057||1.5828980843038158|-0.3482658445754678|-1.5395678703240088|-0.36641104892998444|||-0.37580324594650055||1.0|0.0|0.0|1.0|0.0|0.0|0.0|0.0|0.0|1.0|0.0|1.0|0.0|0.0|0.0|0
-0.30275633520414463|-0.462391138044792|2.2368443638236712|-0.2879734684748252|-0.3740961264109267||||-0.3287760941305157|0.8616719123021155|||-0.24203672508017238|||1.0|0.0|0.0|1.0|0.0|0.0|0.0|0.0|0.0|0.0|1.0|1.0|0.0|0.0|0.0|1
||-0.3984203133236686|||||-0.35051716293350915||-0.34762715894814955|1.8357747717963495|-0.3454187210830224||-0.38391105097427547|0.4991184186828339|0.0|1.0|0.0|0.0|0.0|1.0|0.0|0.0|0.0|1.0|0.0|0.0|0.0|1.0|0.0|0
||-0.40010716236816163|-1.3198404234129855|-0.3624424486959246|||-0.3541395510121931|-0.3395797686729388||-0.35768422378462444||-0.2146578774864238|1.1551977000609626||0.0|1.0|0.0|0.0|1.0|0.0|0.0|1.0|0.0|0.0|0.0|1.0|0.0|0.0|0.0|0
||-0.3984406368061324|-0.28323420479870004||-1.2341368886412107||-0.3627140645655336||-0.3352834363707944|-0.3519394293422016|-1.585266318880807||-0.38130006291448354||0.0|1.0|0.0|0.0|0.0|1.0|0.0|0.0|0.0|0.0|1.0|1.0|0.0|0.0|0.0|0
-1.089517831338458|-0.462391138044792|0.30611352976541945||-0.37086895412061843|-0.3858621764077881|-0.3472275798168742|-0.35737218847481617|0.7498855167629942|0.6398706472402647||-0.35878525840001907|||-0.2749429460630012|1.0|0.0|0.0|0.0|0.0|0.0|1.0|0.0|0.0|0.0|1.0|0.0|0.0|1.0|0.0|0
|-0.462391138044792|-0.4232556088943969|1.6098862127371147|-0.7901324208365016|||-0.3363485817143529||||||-0.3932556398198465|-1.0490043108088363|1.0|0.0|0.0|0.0|1.0|0.0|0.0|1.0|0.0|0.0|0.0|0.0|0.0|1.0|0.0|0
|-0.462391138044792||0.7912861232245867||-1.3348593185682822|-0.34006688480327846|||3.2821987614553576|-0.3627712173366936|-0.3381278825464787|-1.9942829710800818|-0.37731487061269586||0.0|1.0|0.0|1.0|0.0|0.0|0.0|0.0|0.0|1.0|0.0|1.0|0.0|0.0|0.0|1
||0.6038525478596657|-0.29012767923670024|-0.3581139398303524|0.2522383987111453||2.3509360630121243|2.294458043222854|1.4692145079063157|-0.3425548033064879|0.3690834554982555|2.4547797629040637|-0.3972408321216342||0.0|1.0|0.0|0.0|0.0|0.0|1.0|0.0|0.0|0.0|1.0|0.0|0.0|0.0|1.0|0
-0.33279551641533683|||-1.1690456700817302|0.29775760321781525||-0.33370182256897113||-0.3314230924303834|-0.33566917770133675|-1.5694411706016396|-0.3385329291318423||||0.0|1.0|0.0|0.0|0.0|1.0|0.0|1.0|0.0|0.0|0.0|1.0|0.0|0.0|0.0|0
-0.3323537637504663|-0.462391138044792||-0.29529778506520044|-0.35552707950240686||-0.34086251758256686||1.3846749238609053|-0.33759788435404847||-0.34420358132693174|-0.2146578774864238||1.2731797834286689|0.0|1.0|0.0|0.0|0.0|1.0|0.0|0.0|0.0|0.0|1.0|0.0|0.0|0.0|1.0|0
||-0.40724070471294527|-0.2763407303606998|||-0.34046470119292266|-0.3530849316981459|||-1.4444590014344243||1.0858373832166341|||0.0|1.0|0.0|0.0|0.0|0.0|1.0|0.0|0.0|0.0|1.0|0.0|0.0|0.0|1.0|0
-0.33721304306404154|-0.462391138044792||-1.4706351767442405||-0.3840395800567268||1.6115562178377079|-0.3398542722003325|2.0092523706656045||0.7640038762277033|-0.25572614887704664|-0.38281168758067885||0.0|1.0|0.0|0.0|0.0|0.0|1.0|1.0|0.0|0.0|0.0|1.0|0.0|0.0|0.0|0
|-0.462391138044792|1.7165632127511319||-1.5565858397847168||-0.3356909045171922|-1.4995707586016205|-0.34006995354328473|-0.3383693670151332|0.5585447096927895|0.5108497603754932|||1.2731797834286689|0.0|1.0|0.0|0.0|1.0|0.0|0.0|1.0|0.0|0.0|0.0|1.0|0.0|0.0|0.0|0
|2.612661038168122||0.7374308541777098|-0.36632273918784286|-0.3862075104532523|-0.3472275798168742|-0.35771608607722283||||0.8247608640322337|||0.4991184186828339|0.0|1.0|0.0|0.0|1.0|0.0|0.0|0.0|0.0|0.0|1.0|0.0|0.0|1.0|0.0|0
|-0.462391138044792|1.131246917794525||-0.3691273055829917|-1.4653188468547749|0.6178749814599719|||-0.883807608402015|||1.0858373832166341||-0.2749429460630012|0.0|1.0|0.0|0.0|0.0|1.0|0.0|0.0|0.0|0.0|1.0|0.0|0.0|1.0|0.0|0
|2.030894410235949|||-0.36414567851580953||1.6422521847938047||-0.3309329075600375|-0.3406838149983873|-0.3489573986392645||-0.1872790298926752|-1.2874503400864798|1.2731797834286689|0.0|1.0|0.0|0.0|0.0|1.0|0.0|1.0|0.0|0.0|0.0|0.0|0.0|0.0|1.0|0
-0.3067321091879789||-0.39073803695236314|2.7085337012934025|-0.35241516336532386|||-0.3434787253375853||-0.34376974564272605|0.7887750213166072|1.3918260835411846|-1.9942829710800818|1.2101658697407924||0.0|1.0|0.0|0.0|0.0|1.0|0.0|1.0|0.0|0.0|0.0|1.0|0.0|0.0|0.0|1
-0.2886202499282895|-0.462391138044792|-0.39648958248961036|-1.4060088538879885||||-0.3608570175125374|||||-0.24203672508017238|||0.0|1.0|0.0|0.0|0.0|0.0|1.0|1.0|0.0|0.0|0.0|1.0|0.0|0.0|0.0|0
0.6664490115216741|-0.462391138044792|2.6026670481715506|2.256149441299637|0.4114129765372039|-0.38505639696837146||-0.35654683422904004|-1.266244854969599||1.390662835990302|-0.33245723035138924|-0.1599001822989266|-0.372092894493112||0.0|1.0|0.0|0.0|0.0|0.0|1.0|1.0|0.0|0.0|0.0|1.0|0.0|0.0|0.0|0
0.9094129772004345||1.3166986952764361|-0.29400525860807536||-0.38453839590017513|-0.3444428650893647|-0.35601952457201647|0.6881222230994136||-1.4696747022313186|||||0.0|1.0|0.0|0.0|0.0|0.0|1.0|0.0|0.0|0.0|1.0|1.0|0.0|0.0|0.0|1
-0.3495821176804148||0.9081966977546374|||2.273881456533082|-1.043008445304592|0.9741993280439472|2.8787584086751394|-0.35148457225357305|0.4225991923530113||-0.22834730128329808|1.1345846364310264||0.0|1.0|0.0|0.0|0.0|0.0|1.0|0.0|0.0|0.0|1.0|0.0|0.0|0.0|1.0|1
-0.3283779897666321|-0.462391138044792|-0.41293127980280114|||2.2297554396126507||2.300497747992474|-0.3340700907302511|-0.3329689883875403|||||-0.2749429460630012|1.0|0.0|1.0|0.0|0.0|0.0|0.0|0.0|0.0|0.0|1.0|1.0|0.0|0.0|0.0|0
|||-0.2909893635414503|-0.364171290994304|||-1.7127872720937776|-0.3326387509088412|3.0893280961841825|-0.3506676809541843|1.0272841567140019|||0.4991184186828339|0.0|1.0|0.0|0.0|0.0|1.0|0.0|1.0|0.0|0.0|0.0|1.0|0.0|0.0|0.0|0
||-0.4106753732493226||-0.3737631641904981|||||-0.34531271096489546||-0.3486590937659307||||1.0|0.0|0.0|1.0|0.0|0.0|0.0|0.0|0.0|0.0|1.0|1.0|0.0|0.0|0.0|0
||-0.3919777693826532|3.548675898424681||-0.36993843986693675||-0.3411860746548739|-0.332187780828123|-0.342612521651099||-0.35473479254638374|-0.22834730128329808|-0.3924311172746491||0.0|1.0|0.0|0.0|0.0|0.0|1.0|0.0|0.0|0.0|1.0|0.0|0.0|1.0|0.0|1
|-0.462391138044792||2.256149441299637||2.9223420530159427||-0.3616823717583135|-0.31710969421628377||||2.4547797629040637|-0.3836362101258763|-0.2749429460630012|0.0|1.0|1.0|0.0|0.0|0.0|0.0|0.0|0.0|1.0|0.0|1.0|0.0|0.0|0.0|0
-0.3230769577881864|2.030894410235949|-0.40254598026381416||1.4816944216265453|-0.37613526746054515|-0.3464319470375858||2.7336636870527595|-0.34222678032055664||-0.34379853474156824||-0.38239942630808016|-0.2749429460630012|0.0|1.0|1.0|0.0|0.0|0.0|0.0|1.0|0.0|0.0|0.0|0.0|0.0|1.0|0.0|0
-0.32263520512331595||-0.4047205928874376|-1.7399115219786248|||||2.149363321600474|-0.3368264016929638|2.1471338598971315||-0.25572614887704664|-0.38281168758067885||0.0|1.0|0.0|0.0|1.0|0.0|0.0|0.0|1.0|0.0|0.0|0.0|0.0|0.0|1.0|1
|||1.6745125355933668||-0.3893730725366746||-1.264000900953027|-1.5750613232875017|||0.905770181104941||||0.0|1.0|0.0|1.0|0.0|0.0|0.0|0.0|0.0|1.0|0.0|0.0|0.0|0.0|1.0|0
|-0.462391138044792|||-0.35739679043250605||2.278758408224536||-0.3580303271927576|1.353492108743611|0.6100724461038344||-0.22834730128329808|||0.0|1.0|0.0|1.0|0.0|0.0|0.0|0.0|0.0|1.0|0.0|1.0|0.0|0.0|0.0|0
-0.29568829256621704||2.035641887432338||-0.34975146560189485|-0.37103199767757356||0.938090079791243||1.3727791752707283|-0.3405375472427363|-0.3332673235221163||||0.0|1.0|0.0|0.0|0.0|0.0|1.0|0.0|0.0|0.0|1.0|0.0|1.0|0.0|0.0|0
|-0.462391138044792|-0.3921606807248271|-0.2905585213890753|||-1.5900059810653766|||1.951391171084252|-0.36027157395334924|-0.3251663918148455||||0.0|1.0|0.0|0.0|0.0|0.0|1.0|0.0|0.0|0.0|1.0|0.0|0.0|1.0|0.0|1
-0.32042644179896357||-0.39925357610468326||-0.3615332057093695|0.7241949275122807||-0.34902693998974677||3.0507539631299476|-0.3786461454905644|0.6121114067163772|-1.3098117812363672|-0.3884459249728614||0.0|1.0|0.0|1.0|0.0|0.0|0.0|1.0|0.0|0.0|0.0|0.0|0.0|0.0|1.0|0
-0.3248439684476683||-0.40352150742207515||-0.3661050331206395|-0.3715883691952659|-0.34563631425829733|-0.3428597096532532||-0.3445412283038108||-0.36324077083901796|-0.9675761863145098|-0.40026408145402487||0.0|1.0|1.0|0.0|0.0|0.0|0.0|0.0|0.0|1.0|0.0|0.0|0.0|0.0|1.0|0
|1.532237300579801|0.745608838044469||-0.3520437824271535|-0.39438041619590614|3.3528626602638942|-0.366015481548638|-2.065736378503725|-0.35071308959248837|-0.3284340108602271|-0.3470389074244765||-0.3854226756404708|-0.2749429460630012|0.0|1.0|0.0|1.0|0.0|0.0|0.0|1.0|0.0|0.0|0.0|0.0|0.0|0.0|1.0|0
-0.330145000426114|2.612661038168122|-0.4062245305897567||-0.36899924319051913|-0.39624138299646344|1.7019246432404358|||-0.3372121430235061|-0.36798977106683345|0.8045085347640569||||0.0|1.0|0.0|0.0|0.0|0.0|1.0|0.0|0.0|0.0|1.0|0.0|0.0|0.0|1.0|0
-0.3009893245446627|-0.462391138044792|||2.9588941187974154||-1.2816982790911162|||-0.3595851401949624|2.7347693219464944||-1.3098117812363672||-1.0490043108088363|0.0|1.0|0.0|0.0|0.0|1.0|0.0|0.0|0.0|0.0|1.0|0.0|0.0|0.0|1.0|0
-0.3283779897666321|-0.462391138044792|-0.3900267150661312|-0.28495757340820005||||-0.35753267402260597|-0.3283447314446113||-0.3463700484705397||2.4547797629040637||0.4991184186828339|0.0|1.0|0.0|0.0|1.0|0.0|0.0|1.0|0.0|0.0|0.0|0.0|0.0|0.0|1.0|0
|-0.462391138044792||-0.2909893635414503|-0.3504942274782356|||-0.36817057319038665|2.149363321600474||-0.37092794837708026|2.4854518640227323||-0.3987524567878295||1.0|0.0|0.0|0.0|0.0|0.0|1.0|0.0|0.0|0.0|1.0|0.0|0.0|1.0|0.0|0
-0.30540685119336747||-1.9538577202059237||-0.33777763190571136|-0.37166511009425796|-0.33012147506217326|||2.857883297858773|0.1331668005973548||1.0858373832166341|1.8354287998488579||1.0|0.0|0.0|1.0|0.0|0.0|0.0|0.0|1.0|0.0|0.0|0.0|0.0|1.0|0.0|1
|||||-0.37826482740757467||-0.34964595567407886|-0.35169713866788893||-0.3698754669525142|-0.34622881425374946||||0.0|1.0|0.0|0.0|0.0|0.0|1.0|0.0|0.0|0.0|1.0|1.0|0.0|0.0|0.0|0
|2.280222965064023|-0.41504492197903337|-0.2685855716179495|-0.3784502477549935||-0.3424537831411437|||0.7266624466122933||-2.0105652335125197|||-1.0490043108088363|0.0|1.0|0.0|1.0|0.0|0.0|0.0|1.0|0.0|0.0|0.0|0.0|0.0|1.0|0.0|0
2.4665911208688533|-0.462391138044792|-0.40226145150932135|-0.2866809420177001|-0.3647475717604305|-0.3889893680417143|0.6377658009421822||-0.3429326331861046|0.4759305817597662|1.370928809279689|-0.3470389074244765|-0.25572614887704664|-0.3854226756404708|0.4991184186828339|0.0|1.0|0.0|0.0|0.0|0.0|1.0|0.0|0.0|1.0|0.0|1.0|0.0|0.0|0.0|0
-0.3093826251772017||-0.40205821668468367|-0.26987809807507457|-0.3645298656932272|||0.6303017256372417|-0.3202272699916836|-1.5492114035875675|-0.3381694640374628|-0.3624306776682909||||0.0|1.0|0.0|0.0|0.0|0.0|1.0|0.0|0.0|0.0|1.0|0.0|0.0|1.0|0.0|0
-0.29568829256621704||-1.237963050419588|2.019186257493379|-0.3684485749028872||-0.3599577042854888||0.7346897857822721|1.0834731773639663||||||0.0|1.0|1.0|0.0|0.0|0.0|0.0|0.0|1.0|0.0|0.0|0.0|0.0|0.0|1.0|1
-0.3098243778420722|-0.462391138044792||-0.2802183097320749|-0.35785781504540726|-0.3897184065821388||3.041023918508247||-0.33644066036242143||0.7234992176913496|-0.1872790298926752|-0.3843233122468742|-0.2749429460630012|0.0|1.0|0.0|0.0|0.0|0.0|1.0|1.0|0.0|0.0|0.0|0.0|0.0|1.0|0.0|0
-0.32351871045305686|2.446442001616073||2.64390737843715|0.7267666180008597|-0.3849988412941275|-1.5402789323598507|1.5634105535007692||-0.3410695563289296|-0.3639114055466401|-0.3600003981561097|-0.06407421572080656|-1.12254583104699||0.0|1.0|0.0|1.0|0.0|0.0|0.0|0.0|0.0|0.0|1.0|0.0|1.0|0.0|0.0|0
|0.8673611543716033|||||||-1.62996202876624|||||-0.382124585459681||0.0|1.0|0.0|0.0|0.0|0.0|1.0|1.0|0.0|0.0|0.0|0.0|1.0|0.0|0.0|0
1.1192454930139093||||1.00594263359102|-0.39871627698895723|1.880942018580329||-0.34006995354328473|-0.34145529765947197|0.5585447096927895|-1.4941308371740112||-0.3847355735194729||0.0|1.0|0.0|0.0|0.0|1.0|0.0|0.0|0.0|0.0|1.0|0.0|0.0|0.0|1.0|0
-0.31424190449077694|-0.462391138044792|-0.3916119466983053||-0.35335001883037354|-0.388605663546754||1.3799984988838596|-1.3775168205381132||0.6100724461038344|-0.34339348815620474|1.0858373832166341|-1.5004519975958208||0.0|1.0|0.0|0.0|0.0|0.0|1.0|0.0|0.0|0.0|1.0|1.0|0.0|0.0|0.0|1
0.6112299284128649|-0.462391138044792|-0.40665132372149587||-0.36946026780342034||-0.3440450486997205|-1.2296111407123564|0.8817452468860353|1.6620851731774902||2.0399006201228422|-0.2146578774864238|-0.3806129607934856|0.4991184186828339|0.0|1.0|1.0|0.0|0.0|0.0|0.0|1.0|0.0|0.0|0.0|0.0|0.0|0.0|1.0|0
||-0.40587903138787257|-0.30693052317932584||-0.3781880865085826|||-0.3538735594922246||2.033115038902479|||-0.3784142340062925||0.0|1.0|1.0|0.0|0.0|0.0|0.0|0.0|0.0|1.0|0.0|0.0|0.0|0.0|1.0|0
||||-0.36990848617707434||-0.35160356010296046||-1.589766869397878|1.623511040123255||||0.7360654062522592||1.0|0.0|0.0|0.0|0.0|0.0|1.0|1.0|0.0|0.0|0.0|1.0|0.0|0.0|0.0|0
-0.7692471493073646|-0.462391138044792|-0.3928110321636678|||1.538128087446759|-0.3428515995307879||-0.354893144022544|||-0.36283572425365446||-0.3998518201814261|2.047241148174504|0.0|1.0|0.0|1.0|0.0|0.0|0.0|0.0|0.0|0.0|1.0|0.0|0.0|0.0|1.0|0
||-0.3722030209454039||||1.7417062822048566||||-0.3550091668305192||-0.24203672508017238|||0.0|1.0|0.0|0.0|0.0|0.0|1.0|1.0|0.0|0.0|0.0|0.0|1.0|0.0|0.0|1
||-0.4065090593442495|-0.2651388343989494||-0.37327666897309114|3.0743911875129495||||||||0.4991184186828339|0.0|1.0|0.0|0.0|0.0|1.0|0.0|0.0|0.0|1.0|0.0|1.0|0.0|0.0|0.0|0
-0.2886202499282895|||-0.28969683708432525|1.9388771627535506|0.908852715711912|-0.3460341306479416||-1.094680150348542|-0.3402980736678449||2.1209099371955498|1.0858373832166341|||1.0|0.0|0.0|0.0|0.0|1.0|0.0|1.0|0.0|0.0|0.0|0.0|1.0|0.0|0.0|0
|2.446442001616073||1.997644149874628||-0.385823805958292|1.602470545829384|-0.35732633546116194|||-0.371234922125912|-0.34258339498547763|-0.24203672508017238|-0.38130006291448354||0.0|1.0|0.0|0.0|0.0|0.0|1.0|1.0|0.0|0.0|0.0|0.0|0.0|0.0|1.0|0
0.33513451286881907|-0.462391138044792||-0.2746173617511997|||-0.3476253962065184|-0.3508381340290887||1.025611977782614|||-0.24203672508017238|||0.0|1.0|0.0|1.0|0.0|0.0|0.0|1.0|0.0|0.0|0.0|1.0|0.0|0.0|0.0|0
|-0.462391138044792|0.8131844172365077|-1.4706351767442405|||-0.3460341306479416|-0.36019214881455114||-0.3534132789062848|-0.34808033078545947|||||0.0|1.0|0.0|0.0|0.0|0.0|1.0|0.0|0.0|1.0|0.0|1.0|0.0|0.0|0.0|0
||2.929875115838265|||-0.37417837453624775|-0.3547860912201141|2.112500392010142||-0.3383693670151332|||2.4547797629040637|-0.3880336637002627|-0.2749429460630012|1.0|0.0|0.0|0.0|0.0|1.0|0.0|1.0|0.0|0.0|0.0|1.0|0.0|0.0|0.0|0
|-0.462391138044792|-0.3970383165161322||||1.3438898925606495|-0.3725266094875383||||||||0.0|1.0|1.0|0.0|0.0|0.0|0.0|0.0|0.0|0.0|1.0|0.0|0.0|1.0|0.0|0
||||-0.369037661908261|||2.407106004738553|||-0.35522843379397046|-0.36648114352192623|-0.1599001822989266|||1.0|0.0|0.0|0.0|0.0|0.0|1.0|0.0|0.0|0.0|1.0|0.0|0.0|1.0|0.0|0
|-0.462391138044792||-1.5783457148379942||-0.3733917803215792||-1.6698000717929393|-0.33065840403264385|-0.34222678032055664|-0.348694278283123|0.7640038762277033|2.797015357825921||0.4991184186828339|0.0|1.0|0.0|0.0|0.0|0.0|1.0|1.0|0.0|0.0|0.0|1.0|0.0|0.0|0.0|0
||-0.40029007371033554||-0.3626473485238807|-0.3635881304753443||-1.918552670867123|2.210146245523363|-0.9127382081926912||2.080405278659196|-0.22834730128329808||-0.2749429460630012|0.0|1.0|0.0|0.0|0.0|1.0|0.0|1.0|0.0|0.0|0.0|0.0|0.0|0.0|1.0|0
|1.532237300579801|-0.3818973220806227|-0.2862500998653251||3.288779845703003|0.7869469470587598|-0.35794535114549403|-0.3192861150406195||-0.3372485427909675|-0.346633860839113||||1.0|0.0|0.0|0.0|0.0|1.0|0.0|0.0|0.0|0.0|1.0|0.0|1.0|0.0|0.0|0
-0.33058675309098445||-1.159209555872475|-0.2685855716179495|2.688682470680334|||1.9588927962684803|2.5826867469862296||-1.886281932788703||-1.9942829710800818||-0.2749429460630012|0.0|1.0|0.0|1.0|0.0|0.0|0.0|0.0|0.0|1.0|0.0|0.0|1.0|0.0|0.0|0
|1.2829087457517268|1.101777868222057|||||||||||-0.3880336637002627|-0.2749429460630012|0.0|1.0|1.0|0.0|0.0|0.0|0.0|0.0|0.0|0.0|1.0|0.0|1.0|0.0|0.0|0
-0.3279362371017616|||-0.2797874675796999|-0.3755688439243611|0.21434757983381839|-0.33847561924470165||||2.76546669682967|-0.3474439540098401||-0.3858349369130695|1.2731797834286689|1.0|0.0|0.0|0.0|0.0|0.0|1.0|1.0|0.0|0.0|0.0|0.0|0.0|0.0|1.0|0
||-0.4013062478335241|-0.29228188999857535|1.5476465537499087|||-0.35221372443871557|||-0.35921909252878326|-0.3401531154732964|||-1.0490043108088363|1.0|0.0|0.0|0.0|0.0|1.0|0.0|0.0|0.0|0.0|1.0|0.0|0.0|0.0|1.0|0
-0.32042644179896357|-0.462391138044792|-1.6896524481769002||2.279523126730535|||-0.36019214881455114|-0.34712861567626535||-0.3652708607200379|2.060152949391019|-0.25572614887704664|-0.3802006995208869||1.0|0.0|0.0|0.0|0.0|1.0|0.0|0.0|1.0|0.0|0.0|0.0|0.0|0.0|1.0|1
-0.3160089151502588|-0.462391138044792|-0.39043318471540656|||-0.38779988410733746|-0.3376799864654132|-0.3593438680619479|-0.34797173365326023|-0.3352834363707944|-0.3661040751811526|-0.34379853474156824|-0.2009684536895495|-0.38239942630808016|2.821302512920339|0.0|1.0|0.0|1.0|0.0|0.0|0.0|1.0|0.0|0.0|0.0|1.0|0.0|0.0|0.0|0
-0.3093826251772017|-0.462391138044792|-0.3791942989129412|||2.0302291022333088||2.0964518372311627||||2.3234332298773177||||0.0|1.0|0.0|0.0|0.0|1.0|0.0|1.0|0.0|0.0|0.0|0.0|0.0|1.0|0.0|1
|1.4491277823037763||-0.26643136085607444|||-0.3496144781547394|-0.34953132313994323|-1.821624313071478|-0.34376974564272605||||||0.0|1.0|0.0|0.0|0.0|1.0|0.0|1.0|0.0|0.0|0.0|0.0|0.0|1.0|0.0|0
-0.32351871045305686|-0.462391138044792|0.6602502116966305||-1.578996758467413|-0.38567032416030794||1.5290207932600985||1.623511040123255|||-0.24203672508017238|-1.335547488556331|-0.2749429460630012|0.0|1.0|0.0|1.0|0.0|0.0|0.0|1.0|0.0|0.0|0.0|1.0|0.0|0.0|0.0|0
0.7879309943610543||-0.4095372582313514||2.616967530895706|-1.4566854957181687||-1.4451203048872252||-0.3445412283038108||-0.3705316093755616||-0.40699768223980404|0.4991184186828339|0.0|1.0|0.0|0.0|0.0|0.0|1.0|0.0|0.0|0.0|1.0|0.0|0.0|0.0|1.0|0
-0.3129166464961655||-0.3949043508574362|-1.5352614996004927|-0.3568717346233687|-0.3777660115641263|-0.3575708059476236|||-0.34762715894814955|-0.3463261950778495||-0.2146578774864238|2.9828893419153077|1.2731797834286689|0.0|1.0|0.0|0.0|1.0|0.0|0.0|0.0|0.0|0.0|1.0|0.0|0.0|0.0|1.0|0
-0.3115913885015541|-0.462391138044792|3.2570831835049794|||||0.37467117451492404|-0.32583498490844043|-0.334897695040252|2.2304553060086083|||-0.3891330270938593|-1.0490043108088363|0.0|1.0|0.0|1.0|0.0|0.0|0.0|1.0|0.0|0.0|0.0|0.0|0.0|0.0|1.0|0
||-0.42520666321091893|||2.0235142735715037|-0.3428515995307879||-0.3337367650184159|||||||1.0|0.0|0.0|0.0|0.0|0.0|1.0|0.0|0.0|1.0|0.0|0.0|0.0|1.0|0.0|0
0.36826596273410456|-0.462391138044792|||0.7277270859444038|-0.385823805958292||-0.35732633546116194|||-0.3447036195483102|||-0.3998518201814261||0.0|1.0|0.0|0.0|0.0|1.0|0.0|0.0|0.0|0.0|1.0|0.0|0.0|0.0|1.0|0
0.34617832949058086||-0.3931768548480157|||-0.39152181770845207||-0.36310381518159457|-0.34638353467333954|-0.33644066036242143|-0.3645253530443036|-0.3498742335220213||1.4300385484601121||0.0|1.0|0.0|0.0|0.0|1.0|0.0|0.0|0.0|1.0|0.0|1.0|0.0|0.0|0.0|0
|||-0.2763407303606998|-0.353324406351879|-0.3739289666145236|-0.3424537831411437|0.8647252579444793|-0.34475612090379126|||1.4120784128093613|0.40136619337291946||0.4991184186828339|1.0|0.0|0.0|0.0|0.0|0.0|1.0|1.0|0.0|0.0|0.0|1.0|0.0|0.0|0.0|0
||-0.3877504850301888||-0.3492136035535101||||-0.3469129343333131|-0.3480129002786919|||-0.2146578774864238|-0.39215627642624995||1.0|0.0|0.0|1.0|0.0|0.0|0.0|1.0|0.0|0.0|0.0|0.0|0.0|1.0|0.0|0
-1.4760514131001223|||||3.121868390395284||-0.3596419126507004|||-0.3748747537192028|||||0.0|1.0|0.0|1.0|0.0|0.0|0.0|0.0|0.0|1.0|0.0|1.0|0.0|0.0|0.0|0
0.3020030630035335|||||-0.38212105758192544|-0.35239919288224886|-0.3535663883415152||-0.3696144147890635||1.2399336140298587||||0.0|1.0|0.0|1.0|0.0|0.0|0.0|0.0|0.0|0.0|1.0|0.0|0.0|0.0|1.0|0
|-0.462391138044792|-1.9696084191153467|-1.7937667910255015|-0.3370989012256069||-0.3579686223372678|-0.345450404924717|0.2734258227868015|-0.3368264016929638|0.9148535253010787|-0.336102649619661|||2.047241148174504|0.0|1.0|0.0|0.0|0.0|0.0|1.0|0.0|0.0|1.0|0.0|1.0|0.0|0.0|0.0|1
-0.2736006593226934|-0.462391138044792||-0.28754262632245015|||||-0.34216794478836504||-0.36027157395334924|-0.35189946644883896|0.7436017882947767|1.3407152727303886|-1.0490043108088363|0.0|1.0|0.0|1.0|0.0|0.0|0.0|0.0|0.0|0.0|1.0|0.0|0.0|0.0|1.0|0
-0.9128167653902686||-0.4174837398746859|1.997644149874628|-0.3810627205614334||-0.3460341306479416|||0.2155551836436804|-0.36456920643699386|-0.3348875098635704||0.8460017456119191||0.0|1.0|0.0|0.0|0.0|1.0|0.0|0.0|1.0|0.0|0.0|0.0|0.0|0.0|1.0|1
|-0.462391138044792|-0.4032166551851186||0.5215466340635974||-0.3492166617650952|-0.3599858102531071|-0.3005806603882208|2.394993701207954|-0.31843543732684987|-0.3389379757172058|-0.1872790298926752|-0.37800197273369374||1.0|0.0|0.0|0.0|0.0|1.0|0.0|0.0|0.0|0.0|1.0|0.0|0.0|0.0|1.0|0
||-1.4478030068580243|-0.27935662542732487||-0.39159855860744414||2.850733911843203||-0.3368264016929638||-0.3320521837660257|-0.24203672508017238||-0.2749429460630012|0.0|1.0|0.0|1.0|0.0|0.0|0.0|0.0|0.0|0.0|1.0|0.0|0.0|0.0|1.0|1
|-0.462391138044792||-1.2552141005567332|-0.3774513610937075|-0.3794926817914475|2.1395226718490634|||0.6688012470309409|0.6111687809210906|-0.3494691869366578|-0.24203672508017238||1.2731797834286689|0.0|1.0|0.0|0.0|0.0|0.0|1.0|0.0|0.0|0.0|1.0|1.0|0.0|0.0|0.0|0
-0.3151254098205179||-0.38571813678381167|||-1.099360684786415||-0.3681934996972138|||-0.335406700297977||-0.9675761863145098|-0.3802006995208869|-0.2749429460630012|0.0|1.0|0.0|0.0|1.0|0.0|0.0|0.0|0.0|1.0|0.0|0.0|0.0|0.0|1.0|1
-0.30054757187979225||-0.3995787518241036|-0.29271273215095034|||-0.32813239311395226|1.7582858615312356|2.478767554472903||||-0.22834730128329808|-1.3527250415812777|1.2731797834286689|0.0|1.0|0.0|0.0|0.0|1.0|0.0|0.0|0.0|0.0|1.0|0.0|0.0|0.0|1.0|0
||-0.39791222626207434|||1.6282986437624232|||-0.36073614767706685|-0.33952659100676025||-0.3555448857171108||-0.3932556398198465|-1.0490043108088363|0.0|1.0|0.0|0.0|0.0|1.0|0.0|0.0|0.0|0.0|1.0|0.0|0.0|1.0|0.0|0
-0.296571797895958||-0.4114273421004821|-0.28711178417007516|-0.3745699572630751|-0.38799173635481754|||-0.337893532718949|-0.34145529765947197||-0.385923379619376||-0.42101456550816063||0.0|1.0|0.0|0.0|0.0|0.0|1.0|0.0|0.0|1.0|0.0|0.0|0.0|0.0|1.0|0
||-1.5605983345319538|||||-1.1316003240264456|-1.2554607878219897|-0.35148457225357305|1.370928809279689|||||0.0|1.0|0.0|0.0|1.0|0.0|0.0|0.0|0.0|0.0|1.0|0.0|0.0|0.0|1.0|0
|-0.462391138044792|-0.4091714355470035||-0.37214957804534393||-0.3484210289858068|-0.3592521620346395||-0.3480129002786919|||-0.2146578774864238|||0.0|1.0|1.0|0.0|0.0|0.0|0.0|1.0|0.0|0.0|0.0|0.0|0.0|0.0|1.0|0
||-0.38124697064178203||||-0.34205596675149946|-0.36530475983699745||2.356419568153719||-0.35311460620492957||2.9828893419153077||0.0|1.0|0.0|0.0|0.0|1.0|0.0|0.0|0.0|0.0|1.0|0.0|0.0|1.0|0.0|1
1.6272610576149538|-0.462391138044792||||-0.3755980811676008||-0.3469406278684794|-0.3356582897101718|-0.3541847615673695||-0.36324077083901796|1.4280729781384915|0.8185176607720042|1.2731797834286689|0.0|1.0|0.0|1.0|0.0|0.0|0.0|1.0|0.0|0.0|0.0|0.0|0.0|0.0|1.0|1
-0.3310285057558549|-0.462391138044792|1.7795660083888223|0.9313098227464665|||-0.337282170075769|-0.35329127025958995|||-0.359175239136093||-0.2009684536895495|0.7635494910921743||0.0|1.0|0.0|0.0|0.0|0.0|1.0|1.0|0.0|0.0|0.0|0.0|0.0|1.0|0.0|0
-0.33412077440994825|-0.462391138044792||2.019186257493379|-0.35749924034648417|-0.399867390473838||-0.37158662270762666|-0.3208547066257263|||||-0.40397443290741336||1.0|0.0|0.0|0.0|0.0|1.0|0.0|0.0|0.0|0.0|1.0|0.0|0.0|0.0|1.0|0
-0.2996640665500513|-0.462391138044792|-0.39587987801569724||-0.3579218462416436|-0.37423593021049184|-0.3492166617650952|-0.3455650374588526||0.8327413125114393|-0.3551407270085899||-3.0209897558456538||-1.0490043108088363|0.0|1.0|0.0|0.0|1.0|0.0|0.0|0.0|0.0|1.0|0.0|0.0|0.0|0.0|1.0|0
-0.3411888170478758||-0.3750076615254044|||1.023004802962593||-0.36626767312373626|-0.3390699764077791||-0.3571579830723415||1.770308573060349|||1.0|0.0|0.0|1.0|0.0|0.0|0.0|0.0|0.0|1.0|0.0|1.0|0.0|0.0|0.0|1
-0.08453051875813074|-0.462391138044792|-0.3884211599514933|-0.29917536443657555|-0.3499307529513564|-0.38346402331428636|-0.34006688480327846||1.7758424503969155|1.199195576526671|1.7721873523954854|||||0.0|1.0|0.0|0.0|0.0|1.0|0.0|1.0|0.0|0.0|0.0|0.0|0.0|0.0|1.0|0
|-0.462391138044792|||0.8468251109438758|-0.39706634766062804|-0.34563631425829733||||-0.3468524357901325||-0.24203672508017238|||0.0|1.0|1.0|0.0|0.0|0.0|0.0|1.0|0.0|0.0|0.0|0.0|0.0|1.0|0.0|0
-0.3067321091879789|||-0.30219125950320064||-1.5454171601777318|||||-0.3628150707293838|-0.3591903049853826|-0.24203672508017238|-1.1397233840719367||0.0|1.0|0.0|0.0|1.0|0.0|0.0|1.0|0.0|0.0|0.0|0.0|1.0|0.0|0.0|0
|-0.462391138044792||1.0282493070308447||||||||-0.3365076962050246||||0.0|1.0|0.0|1.0|0.0|0.0|0.0|0.0|0.0|1.0|0.0|0.0|0.0|0.0|1.0|1
-0.33632953773430063|-0.462391138044792|-0.41616271351454076|-0.2957286272175754|-0.3796412280049881|0.7611264851522068|-0.34682976342723|-0.37158662270762666||3.1664763622926526|||-0.24203672508017238||-1.0490043108088363|0.0|1.0|0.0|0.0|0.0|1.0|0.0|0.0|1.0|0.0|0.0|0.0|0.0|0.0|1.0|0
||-0.3926484443039576|-0.29271273215095034|0.8045645214279341|-0.3917136699559322||||-0.35457050289791187||-0.33691274279038813|-0.22834730128329808|||1.0|0.0|0.0|1.0|0.0|0.0|0.0|0.0|0.0|1.0|0.0|0.0|0.0|1.0|0.0|0
|-0.462391138044792||1.7822230736871207||-0.3827925404481059|1.4035623510072806||3.1924767256965008|-0.34569845229543783|-0.3604469875241103||-0.1872790298926752|-1.335547488556331||0.0|1.0|0.0|0.0|0.0|0.0|1.0|1.0|0.0|0.0|0.0|1.0|0.0|0.0|0.0|0
-0.3323537637504663||-0.39433529334845063|-0.2888351527795752|-0.3562570351395004||1.880942018580329|-0.363195521208903||-0.3522560549146578|-0.9982507308111206|-0.3332673235221163||||0.0|1.0|0.0|0.0|1.0|0.0|0.0|0.0|0.0|0.0|1.0|0.0|0.0|0.0|1.0|0
-0.3199846891340931||-0.40683423506366984|||-0.3708209602053454|-0.3575708059476236|-0.3420802084211313|-0.34618746072520123|-0.33566917770133675|-0.36430608608085235||0.40136619337291946||0.4991184186828339|1.0|0.0|0.0|1.0|0.0|0.0|0.0|0.0|0.0|0.0|1.0|0.0|0.0|0.0|1.0|0
||-0.3847222861430869|-0.29400525860807536|-0.34596081878470736|-0.3921549301251365||1.1988790949496615|-0.3247565781936795||-0.34273021687724886|||-0.3620612035265431|-0.2749429460630012|0.0|1.0|0.0|1.0|0.0|0.0|0.0|0.0|0.0|1.0|0.0|0.0|0.0|1.0|0.0|1
|-0.462391138044792||2.1915231184433845|-0.36651483277655167|-0.36274398058643165||-1.9403328523528809|||-0.3647007666150646|||||0.0|1.0|0.0|0.0|0.0|1.0|0.0|0.0|0.0|0.0|1.0|0.0|0.0|1.0|0.0|0
-0.32572747377740924|-0.462391138044792|-0.4015704531055531|-0.2931435743033253|-0.36401761612333694|-0.39146426203420803|1.2842174341140185|-0.36305796216794034|-0.3341681277043203|2.356419568153719|0.7076462448396428||-0.1735896060958009|-0.3687948043123222||0.0|1.0|0.0|1.0|0.0|0.0|0.0|0.0|0.0|1.0|0.0|0.0|0.0|0.0|1.0|0
|-0.462391138044792|||0.8769197731749252|1.4642649721669065|-0.3452384978686531|-0.3573034089543348||1.7392334392859599|-0.34509830008252246|2.4449472054863786|-0.1872790298926752|||1.0|0.0|0.0|0.0|0.0|0.0|1.0|0.0|0.0|0.0|1.0|1.0|0.0|0.0|0.0|0
||-0.39976166316627754|-0.2892659949319502|||-0.3376799864654132|-0.3618199307992762||||||-0.3891330270938593||1.0|0.0|0.0|0.0|0.0|1.0|0.0|1.0|0.0|0.0|0.0|1.0|0.0|0.0|0.0|0
-0.2996640665500513|-0.462391138044792||-0.29400525860807536|-0.34430881392181145||-0.34086251758256686|-0.3616823717583135|-0.3400895609380985|3.3207728945095925|-0.35816661110421727|-0.34339348815620474|-0.22834730128329808|-0.382124585459681||0.0|1.0|0.0|0.0|0.0|1.0|0.0|0.0|0.0|0.0|1.0|1.0|0.0|0.0|0.0|0
-0.288178497263419||-0.39868451859569765|-0.2879734684748252|-0.3609185062255012|-0.3756364516170968|0.5482571132722356|-0.3469864808821337|-0.35203046437972413|||-0.3608104913268368|-0.24203672508017238|-0.3980653546668317||0.0|1.0|0.0|0.0|0.0|0.0|1.0|1.0|0.0|0.0|0.0|0.0|0.0|0.0|1.0|0
-0.30540685119336747|-0.462391138044792||3.204002176524669||0.8685637437410829|1.304108253596229||-0.341344434206184|-0.35379902023682713|-0.3594383594922345|-1.4131215201013039|-1.3098117812363672||-1.0490043108088363|0.0|1.0|0.0|1.0|0.0|0.0|0.0|1.0|0.0|0.0|0.0|1.0|0.0|0.0|0.0|1
-0.3288197424315026||-0.4011639834562777|2.1053546879683815|0.5762933068456128|-0.3948216763651104||-0.3664740116851803|0.44646108201889617|-1.144183006518101|-0.3631658978709058|-0.35068432669274835|-0.1872790298926752|1.3956834424102185|0.4991184186828339|0.0|1.0|0.0|0.0|0.0|0.0|1.0|1.0|0.0|0.0|0.0|1.0|0.0|0.0|0.0|0
|-0.462391138044792|2.7540769925266457|3.376339037474675||-0.38089320319805253|-0.3472275798168742|||-1.5492114035875675|||3.139250952747778|||0.0|1.0|0.0|0.0|0.0|1.0|0.0|0.0|0.0|0.0|1.0|1.0|0.0|0.0|0.0|1
-0.3014310772095332|||-0.29357441645570037||2.6911600948023784|-0.3559795403890467|-0.33238229603326225||-0.3391408496762179|-0.3647884734004451|-0.3421783484001141|-0.2146578774864238|||0.0|1.0|0.0|0.0|0.0|0.0|1.0|1.0|0.0|0.0|0.0|0.0|0.0|0.0|1.0|0
|-0.462391138044792|-1.3309429826913406|0.6297203160839562|-0.36446583449699094||||-0.33359951325471915|-0.3557277268895389|-0.3516324555933698|-0.3401531154732964||-0.3791013361272903||0.0|1.0|0.0|1.0|0.0|0.0|0.0|0.0|0.0|1.0|0.0|0.0|0.0|1.0|0.0|0
-0.30054757187979225|-0.462391138044792||||||||||-0.34339348815620474|3.139250952747778||-1.0490043108088363|0.0|1.0|0.0|0.0|0.0|1.0|0.0|1.0|0.0|0.0|0.0|0.0|0.0|1.0|0.0|0
-0.26829962734424767||-0.3858807246435219||-0.34720302399169106|1.788495270408337|-0.3428515995307879||1.7591761648051556|2.279271302045249|1.7546459953193851|||-0.3935304806682457||0.0|1.0|0.0|0.0|1.0|0.0|0.0|0.0|0.0|1.0|0.0|0.0|0.0|0.0|1.0|1
|-0.462391138044792||-0.29271273215095034|-1.5386571048385596|-0.39031314854932725|||2.217008833708205|||-0.3567600254732014||||1.0|0.0|0.0|1.0|0.0|0.0|0.0|0.0|1.0|0.0|0.0|0.0|0.0|1.0|0.0|0
|1.1997992274757021||-0.28237252049395|0.7651853357426248|||||-0.32641138576832035|-0.36268351055131315|-0.3583802118146555||||0.0|1.0|0.0|0.0|1.0|0.0|0.0|1.0|0.0|0.0|0.0|0.0|0.0|0.0|1.0|0
-0.28906200259315995|-0.462391138044792|-0.42772677503642653|-0.27677157251307477|-0.392037667596331|-0.3959536046252432|-0.3325083734000385|-0.36762033702653596|-1.3731051567050003|-0.3449269696343531|-0.35628091521853644|-0.3413682552293871||-0.3802006995208869||1.0|0.0|0.0|0.0|0.0|0.0|1.0|0.0|0.0|1.0|0.0|0.0|0.0|1.0|0.0|0
||||-0.37198309693512965|-0.39768027485256446||||-1.317766605262158|-0.35145704202260886|-0.34501367449765885||-0.3836362101258763|0.4991184186828339|0.0|1.0|0.0|0.0|0.0|0.0|1.0|0.0|0.0|0.0|1.0|1.0|0.0|0.0|0.0|0
|-0.462391138044792||-0.2905585213890753||-0.3779194933621104||||2.896457430913008||||1.3750703787802823|2.047241148174504|0.0|1.0|0.0|1.0|0.0|0.0|0.0|0.0|0.0|1.0|0.0|0.0|0.0|0.0|1.0|0
-0.30540685119336747|-0.462391138044792||||-0.38555521281181987|||-0.3513834203508675||-0.3695246398109922|||||0.0|1.0|0.0|1.0|0.0|0.0|0.0|1.0|0.0|0.0|0.0|0.0|0.0|0.0|1.0|0
||0.3833427631277495||||-0.3535926420511815||-0.34957954002799474|0.4759305817597662|-0.36772665071069194|1.432330742077538|-0.25572614887704664|1.244520975790686||0.0|1.0|1.0|0.0|0.0|0.0|0.0|0.0|0.0|0.0|1.0|0.0|0.0|0.0|1.0|0
|-0.462391138044792||||||-0.35001277978331263||2.9736056970214775|||-0.24203672508017238|-0.39215627642624995||0.0|1.0|0.0|0.0|0.0|0.0|1.0|0.0|0.0|0.0|1.0|1.0|0.0|0.0|0.0|1
||-0.799483916263727|2.169981010824634|-0.38724813411785763|0.7726376200010151|-0.3448406814790089|2.0345502687979558|||1.1385058280213587||0.7436017882947767|-0.38171232418708223|-1.0490043108088363|0.0|1.0|0.0|0.0|0.0|1.0|0.0|0.0|0.0|1.0|0.0|0.0|0.0|1.0|0.0|0
-0.33279551641533683|-0.462391138044792|-0.3845190513184492||||-0.3329061897896827|-0.3479035411552182|-1.3686934928718872||-0.3565001821819877|||||0.0|1.0|0.0|0.0|0.0|0.0|1.0|1.0|0.0|0.0|0.0|0.0|0.0|1.0|0.0|1
||1.5062151692511012|-0.2711706245321996|-0.36109779357496286|||-0.3446938301994223||-1.4527760709519801|1.4016261841628646|-1.4029953554672154|-1.3098117812363672|||1.0|0.0|0.0|0.0|1.0|0.0|0.0|0.0|0.0|0.0|1.0|1.0|0.0|0.0|0.0|0
1.2296836592315277|-0.462391138044792|-0.41063472628439507|-0.2853884155605751|-0.37372474547275625||-0.3360887209068364||||||-0.25572614887704664||-1.0490043108088363|1.0|0.0|0.0|0.0|0.0|1.0|0.0|0.0|0.0|1.0|0.0|0.0|0.0|0.0|1.0|0
-1.6417086624265498|||1.1575019527433492||-1.4010483439489292|-0.35080792732367205||1.2582072273116691|-0.3480129002786919||-0.36607609693656273||-0.40287506951381674|0.4991184186828339|1.0|0.0|1.0|0.0|0.0|0.0|0.0|0.0|0.0|0.0|1.0|0.0|0.0|0.0|1.0|0
||1.1393763107800334|-0.2789257832749499|-0.36896082447277745|||||-1.423845471161304|0.44233321906362427|||-0.36797028176712476||0.0|1.0|0.0|0.0|0.0|1.0|0.0|0.0|0.0|1.0|0.0|0.0|0.0|1.0|0.0|0
-0.31777592580974073||-1.8761203997819997|-0.2888351527795752||-0.38799173635481754|||-1.9113281443447736|-0.3522560549146578|-0.33461733922955245|||-0.40246280824121805|-0.2749429460630012|0.0|1.0|0.0|0.0|0.0|0.0|1.0|0.0|0.0|0.0|1.0|0.0|0.0|1.0|0.0|0
-0.3001058192149218|||-1.3413825310317362|-0.3621350989539905||-1.4408248349487989||-0.335756326684241|0.5820094476589123|-0.3538251252278824|||-0.3802006995208869|0.4991184186828339|0.0|1.0|0.0|0.0|0.0|0.0|1.0|1.0|0.0|0.0|0.0|0.0|0.0|0.0|1.0|0
-1.9288478945923575|2.6957705564441468|1.2216864147583066|||||-0.3691564129839526|-0.3291878494216062|||1.3513214250048309|-0.2009684536895495|0.3719012821233859|-1.0490043108088363|0.0|1.0|0.0|1.0|0.0|0.0|0.0|0.0|0.0|1.0|0.0|0.0|0.0|0.0|1.0|0
3.3500964506098003||1.6291722381569163|-0.27504820390357476|-0.3584597082900283|0.45368325856528846|1.36378071204286|0.4956084980279488||-1.5492114035875675||2.404442546950025||||0.0|1.0|0.0|0.0|0.0|0.0|1.0|0.0|0.0|1.0|0.0|0.0|0.0|0.0|1.0|0
|1.1166897091996775|-0.4015298061406256||-0.36396639116634794|-0.38273498477386186||||||||-0.3880336637002627|-0.2749429460630012|0.0|1.0|0.0|0.0|0.0|1.0|0.0|0.0|0.0|0.0|1.0|0.0|0.0|0.0|1.0|0
-0.2908290132526418||0.5576166252545864|-0.28452673125582506|-0.3600989069136769|||||-0.35071308959248837|1.0946524353311078|-0.3486590937659307||||1.0|0.0|0.0|0.0|0.0|0.0|1.0|0.0|0.0|0.0|1.0|0.0|0.0|0.0|1.0|0
-0.33853830105865296|-0.462391138044792|-0.3777106846930859|-0.27418651959882473||0.1874882651865993|-0.34682976342723|-0.3708300479823318|-0.3453247353533925||-1.219710363896888|3.498068327431573|-0.2009684536895495|||1.0|0.0|0.0|0.0|0.0|1.0|0.0|1.0|0.0|0.0|0.0|1.0|0.0|0.0|0.0|0
|-0.462391138044792|-0.41006566877540945||1.0789381973003738||-0.33966906841363426|||0.41806938217841383|||1.4280729781384915||0.4991184186828339|0.0|1.0|0.0|0.0|0.0|0.0|1.0|1.0|0.0|0.0|0.0|0.0|0.0|0.0|1.0|0
1.870225023293714||1.8811834207076776|-0.2879734684748252|2.0816667303604444|-0.39257700506959287|-0.35239919288224886|-0.36418136100246895|1.350361982936694|-0.34762715894814955|-0.36158717573405685|-0.3377228359611152||-0.37690260934009717||0.0|1.0|0.0|0.0|0.0|0.0|1.0|1.0|0.0|0.0|0.0|0.0|0.0|0.0|1.0|0
|-0.462391138044792|-1.8557969173182287|-0.27547904605594975|-1.921883814312667|3.0393719239788255||-1.274890991695906|1.754274316101697|-0.34222678032055664||-0.35189946644883896|-0.13252133470517802|||0.0|1.0|0.0|0.0|0.0|0.0|1.0|1.0|0.0|0.0|0.0|0.0|0.0|1.0|0.0|1
|-0.462391138044792|||-0.3658873270534362||-0.3591620715062004|-1.075430382300017||-0.3487843829397766|-1.3688118990437415||||-1.0490043108088363|0.0|1.0|1.0|0.0|0.0|0.0|0.0|0.0|0.0|0.0|1.0|0.0|0.0|0.0|1.0|0
-0.30894087251233127||-0.39415238200627667||0.7642248677990807||-0.32733676033466386|-0.3687666623678917|-1.106934772107189||-1.1298109088818735|-0.3502792801073848||-0.3884459249728614||0.0|1.0|0.0|0.0|0.0|0.0|1.0|0.0|0.0|1.0|0.0|0.0|0.0|1.0|0.0|0
|-0.462391138044792|||2.3819730407085755||-0.3424537831411437|-0.3678496020948071|3.1748300703640493|-0.34338400431218374|-0.36062240109487126|-0.3429884415708412|1.770308573060349|-0.38171232418708223||0.0|1.0|0.0|0.0|0.0|0.0|1.0|0.0|1.0|0.0|0.0|1.0|0.0|0.0|0.0|0
||-1.1907109536913203||||-0.35041011093402785|-0.34010852883399956|-0.34540316493264783|2.607151433006246||||0.7223233638323018||1.0|0.0|0.0|0.0|0.0|1.0|0.0|0.0|0.0|1.0|0.0|1.0|0.0|0.0|0.0|0
|-0.462391138044792|-0.413480013829323|-1.3306114772223607|||-0.34563631425829733|-0.35203031238409865|-0.33648180029235286|||-0.35513983913174724||||0.0|1.0|0.0|0.0|0.0|0.0|1.0|0.0|0.0|1.0|0.0|0.0|0.0|1.0|0.0|0
3.0850448516875164|||||-0.3852098787663556|||||-1.6012348803020717|-0.3304319974245716||||0.0|1.0|1.0|0.0|0.0|0.0|0.0|1.0|0.0|0.0|0.0|0.0|0.0|1.0|0.0|0
-0.3045233458636265|-0.462391138044792||||-0.38189083488494924|-0.35001229454438365|1.720457125266498|-0.33036429311043636|-0.3329689883875403|-0.3483873045342913||-0.2009684536895495||-1.0490043108088363|1.0|0.0|0.0|0.0|0.0|0.0|1.0|0.0|0.0|0.0|1.0|1.0|0.0|0.0|0.0|1
-0.3031980878690151|-0.462391138044792||-1.4706351767442405|-0.35568075437337393|-0.3537844806291093||-0.32479362227348757|-0.3531873006737404|-0.334897695040252|||||2.821302512920339|0.0|1.0|0.0|0.0|0.0|0.0|1.0|0.0|1.0|0.0|0.0|0.0|0.0|0.0|1.0|1
|-0.462391138044792||-0.2797874675796999||-0.3743318563342319|||-0.33189366990591546||-1.5573814876118206||-0.28310499647079523|-0.42513717823414787|0.4991184186828339|0.0|1.0|0.0|0.0|0.0|0.0|1.0|0.0|0.0|1.0|0.0|0.0|0.0|1.0|0.0|0
-0.296571797895958||0.45295069056616544||-1.3568085075275378|-0.39415019349892993|0.7670561275765494|2.591664384696818|-0.33222699561775065||-0.35027300041997206|-0.3454187210830224||-0.38391105097427547|-0.2749429460630012|0.0|1.0|0.0|0.0|0.0|1.0|0.0|0.0|1.0|0.0|0.0|0.0|0.0|0.0|1.0|0
||-0.40337924304482875|-1.4490930691254897||-1.3291037511438781|-0.3452384978686531|-0.3588624114185785|-0.3362072967649592|-0.35302753757574246|-1.4488443407034495||-0.24203672508017238|-0.37580324594650055|-1.0490043108088363|1.0|0.0|0.0|0.0|0.0|0.0|1.0|0.0|1.0|0.0|0.0|0.0|1.0|0.0|0.0|1
2.4445034876253295|||-0.2802183097320749|-0.40218020908015706||0.627820391201077|||||-0.35311460620492957||||0.0|1.0|0.0|0.0|1.0|0.0|0.0|1.0|0.0|0.0|0.0|0.0|1.0|0.0|0.0|0
0.8431500774698635|-0.462391138044792||-1.869164167691129||-0.38294602224609||||1.8549558384486649||-0.3502792801073848||||0.0|1.0|0.0|0.0|0.0|1.0|0.0|0.0|0.0|0.0|1.0|0.0|0.0|0.0|1.0|0
||-1.3619362934485917||-0.3631467918545236|1.0297196316243977|3.0743911875129495|-0.3661301140827736||-0.34376974564272605||||||0.0|1.0|0.0|1.0|0.0|0.0|0.0|0.0|0.0|1.0|0.0|0.0|0.0|0.0|1.0|0
|0.28559452643943034|2.816063614041147||-1.2742082643827428||||0.3038172847482459||||-0.1599001822989266|-0.38501041436787203||1.0|0.0|0.0|0.0|0.0|0.0|1.0|1.0|0.0|0.0|0.0|0.0|1.0|0.0|0.0|0
-0.2850862286093257|-0.462391138044792||-0.2763407303606998||1.242675626327349|-0.35279700927189306|0.45032864704439923|0.8822354317563812||2.140555850993594||-0.26941557267392097|-0.3869343003066661|-1.0490043108088363|0.0|1.0|0.0|0.0|0.0|0.0|1.0|0.0|0.0|0.0|1.0|1.0|0.0|0.0|0.0|0
-0.35134912833989673|-0.462391138044792|-0.3923639155494648|-0.26772388731319946||1.6532394359348408|-0.34126033397221106||||-0.3540005387986434|-0.3401531154732964|-0.9675761863145098|-0.3791013361272903|-0.2749429460630012|0.0|1.0|0.0|0.0|0.0|1.0|0.0|1.0|0.0|0.0|0.0|1.0|0.0|0.0|0.0|0
-0.296571797895958|2.114003928511974||-0.2884043106272002||-0.3803752021298562||-0.3518010473158275|-0.33201131427479846|||-0.3470389074244765||-0.3854226756404708||0.0|1.0|1.0|0.0|0.0|0.0|0.0|0.0|0.0|1.0|0.0|0.0|1.0|0.0|0.0|0
1.6272610576149538|-0.462391138044792|-0.3973838157180163||||-0.34682976342723|2.2019137686358854||1.1606214434724362||0.41971427866869754|||0.4991184186828339|0.0|1.0|0.0|1.0|0.0|0.0|0.0|0.0|0.0|0.0|1.0|0.0|0.0|0.0|1.0|0
0.0038200142159639534|-0.462391138044792|-0.405309973878887|-1.567574661028619|-0.36801316276848056|-0.3860732138800162||3.4124333291074884|-0.35795189761350227|-0.34917012427031896|-0.37614650210722017|-0.36162058449756385||-0.3987524567878295||0.0|1.0|1.0|0.0|0.0|0.0|0.0|1.0|0.0|0.0|0.0|0.0|0.0|0.0|1.0|0
|2.861989592996196||-1.1690456700817302||-1.2897740404104503|-0.34682976342723||-0.34389339553198256|-0.33798362568459084||-0.3490641403512942|-0.25572614887704664||0.4991184186828339|1.0|0.0|1.0|0.0|0.0|0.0|0.0|0.0|0.0|0.0|1.0|0.0|0.0|0.0|1.0|1
0.8210624442263399|||-0.28237252049395||-1.2024812678069883|0.7073836691299183|-0.3640208754546791||-0.3429982629816414|-0.36575324803963066|2.3234332298773177|0.40136619337291946|||0.0|1.0|0.0|0.0|0.0|0.0|1.0|1.0|0.0|0.0|0.0|1.0|0.0|0.0|0.0|0
-0.29568829256621704|-0.462391138044792|2.3465911691280352||-0.3430922211933222||-0.3539904584408257|||2.819309164804538|1.0025603106815806|-0.3652660037658356|-0.26941557267392097|-0.40218796739281887|-1.0490043108088363|0.0|1.0|1.0|0.0|0.0|0.0|0.0|0.0|0.0|0.0|1.0|0.0|0.0|0.0|1.0|1
|-0.462391138044792|1.1749424050916328|||-0.38870158967049406|-1.2916436888322214|-0.3602609283350325||0.9098895786199092||2.728479815240854||||0.0|1.0|0.0|0.0|1.0|0.0|0.0|0.0|0.0|1.0|0.0|1.0|0.0|0.0|0.0|0
0.6885366447651978|-0.462391138044792|1.8984583808018831|-0.2789257832749499||-0.3847302481476553|-0.3428515995307879|||-0.34184103899001433|1.2941853720717498|||||1.0|0.0|0.0|0.0|0.0|0.0|1.0|1.0|0.0|0.0|0.0|0.0|0.0|1.0|0.0|0
-0.2784599386362686|||-0.28711178417007516||0.4767055282629048|||-0.34932464389541484||-0.3674635303545504||-0.2009684536895495|-1.2324821704066498|-0.2749429460630012|0.0|1.0|0.0|0.0|0.0|1.0|0.0|0.0|0.0|1.0|0.0|0.0|0.0|0.0|1.0|0
-0.30408159319875605|-0.462391138044792|-0.40126560086859653|0.683575585130833||-0.371684295319006||||-0.3483986416092343|-0.35869285181650024|||2.501917857216796|-1.0490043108088363|0.0|1.0|0.0|0.0|0.0|1.0|0.0|0.0|0.0|0.0|1.0|0.0|0.0|0.0|1.0|0
-0.33632953773430063|||-0.2853884155605751|2.6297737701429607||0.7770015373176546||-0.3296976416867659|-0.34222678032055664|-0.3477295036439375||0.05913059845106209|-0.395042105334441||1.0|0.0|1.0|0.0|0.0|0.0|0.0|0.0|0.0|0.0|1.0|0.0|0.0|0.0|1.0|0
2.5991169203299953||-0.4361406967764277|||-0.3906776678195395|-0.34682976342723||-1.2922246530979304||3.2829367305746318||-0.25572614887704664|-0.37731487061269586||0.0|1.0|0.0|0.0|0.0|1.0|0.0|0.0|0.0|1.0|0.0|1.0|0.0|0.0|0.0|0
|||-0.2909893635414503|-0.3628778608303313|-0.39528212175906274|-0.35120574371331625|-0.3669325418217225|-0.3093647732648189||-0.32724996925759026|-0.34460862791229535||||0.0|1.0|0.0|0.0|0.0|0.0|1.0|0.0|0.0|1.0|0.0|0.0|1.0|0.0|0.0|0
-0.31335839916103597|-0.462391138044792||-1.1798167238911057|-0.3577041401744402|2.0935403439017533|-0.34006688480327846||-0.34875602944581363|||-0.3470389074244765|-1.3098117812363672|-0.3854226756404708|-1.0490043108088363|0.0|1.0|0.0|0.0|0.0|1.0|0.0|0.0|0.0|0.0|1.0|0.0|0.0|0.0|1.0|0
|-0.462391138044792|0.27359595782338575|-0.28323420479870004|||-0.3464319470375858|-0.3657174369598855|0.6043006102702687||-0.14968758225476406||-0.26941557267392097||0.4991184186828339|0.0|1.0|0.0|0.0|0.0|1.0|0.0|0.0|0.0|1.0|0.0|0.0|0.0|0.0|1.0|0
0.025907647459487627|||-0.3034837859603257|-0.3637358788598974|-0.36920940132651225||-0.3404524264364063|-1.777017489870003|||-0.9776964408355024||-0.40356217163481467|0.4991184186828339|0.0|1.0|0.0|1.0|0.0|0.0|0.0|0.0|0.0|0.0|1.0|0.0|0.0|1.0|0.0|0
2.908343785739327||3.1676598606643864|-0.27030894022744956|||||-0.3315015220096388|-1.6649338027502725|0.7745226686922756|||-0.3806129607934856||0.0|1.0|0.0|0.0|0.0|1.0|0.0|1.0|0.0|0.0|0.0|1.0|0.0|0.0|0.0|0
-0.3031980878690151|-0.462391138044792||||-0.391368335910468||-0.3629662561406319||||||||0.0|1.0|0.0|0.0|0.0|0.0|1.0|0.0|0.0|0.0|1.0|1.0|0.0|0.0|0.0|0
-0.3001058192149218|-0.462391138044792|-0.3894983045220731|-0.28452673125582506|-0.3510833144836094|||1.3261212078401425|-0.32638399196322776||-0.34439664579947843|-0.33286227693675274|-0.22834730128329808|-0.37250515576571075|-1.0490043108088363|0.0|1.0|0.0|0.0|0.0|0.0|1.0|0.0|0.0|1.0|0.0|0.0|0.0|1.0|0.0|1
||-0.40083880773685737|2.169981010824634|-0.3632236292900071|-0.3876847727588494|-0.33927125202399006||-1.457907139274837|||-0.34784900059520363|-2.6787541609237966||-0.2749429460630012|0.0|1.0|0.0|0.0|0.0|1.0|0.0|1.0|0.0|0.0|0.0|1.0|0.0|0.0|0.0|0
-0.3252857211125388|-0.462391138044792||-0.29012767923670024|-0.6832003231219219|-0.3920973744508925||-0.36369990435909955|||-0.3629466309074546|-0.35189946644883896||||0.0|1.0|0.0|0.0|0.0|0.0|1.0|0.0|0.0|1.0|0.0|1.0|0.0|0.0|0.0|0
||0.3533656264936872|-0.28409588910345007|||-0.33966906841363426||-0.3402464200966092||-0.3583420246749782||-0.25572614887704664|||0.0|1.0|0.0|0.0|0.0|1.0|0.0|1.0|0.0|0.0|0.0|0.0|0.0|0.0|1.0|0
-0.30629035652310843||-0.38793339637236274|0.6189492622745808|||||-0.3310309445341067|-0.3406838149983873||-0.33002695083920797|-0.24203672508017238|||0.0|1.0|0.0|0.0|1.0|0.0|0.0|0.0|0.0|1.0|0.0|0.0|0.0|0.0|1.0|0
||||-0.37407051393243224|||||-0.33759788435404847|||||-0.2749429460630012|0.0|1.0|0.0|0.0|0.0|0.0|1.0|0.0|0.0|0.0|1.0|1.0|0.0|0.0|0.0|0
|-0.462391138044792|-0.4151465393913522||-1.0075183320586563||-0.348818845375451|-0.3345832406886652|-0.3357367192894271|-0.35071308959248837||-1.4536261786376576|-2.3365185660019394||-0.2749429460630012|0.0|1.0|0.0|0.0|0.0|1.0|0.0|0.0|0.0|1.0|0.0|0.0|0.0|0.0|1.0|0
|0.28559452643943034||-1.4060088538879885|||-0.3432494159204321||-0.3623635614466152|-0.34917012427031896|||2.4547797629040637|-1.1843850219367986|1.2731797834286689|0.0|1.0|0.0|0.0|1.0|0.0|0.0|0.0|0.0|0.0|1.0|0.0|0.0|1.0|0.0|0
-0.30717386185284934||-0.41415068875062744||-0.3774897798114493||||-0.32963881950232443|-0.3445412283038108|||-0.25572614887704664|-0.3806129607934856||0.0|1.0|0.0|0.0|0.0|1.0|0.0|0.0|0.0|1.0|0.0|0.0|0.0|1.0|0.0|0
2.6653798200605663|-0.462391138044792|-0.40612291317743787|1.416007244168358|-0.3688839870372939||-0.3492166617650952|||1.1027602438910837||0.53110208964367|-0.25572614887704664||-0.2749429460630012|0.0|1.0|0.0|0.0|1.0|0.0|0.0|1.0|0.0|0.0|0.0|1.0|0.0|0.0|0.0|0
|2.030894410235949|-0.4160814195846857||-0.9825461655265089||||-0.34105032328397644|-0.3588136575338777|-0.3591313857434028|-0.36729123669265334|-0.24203672508017238|-0.40397443290741336|0.4991184186828339|1.0|0.0|0.0|0.0|0.0|0.0|1.0|0.0|0.0|0.0|1.0|0.0|0.0|0.0|1.0|0
|2.114003928511974||0.4035281860870734|-0.3646067031287107|1.4872872418645229||-0.35684487881779253|-0.3349328161020599|-0.3441554869732684|-0.3529919107667676|-0.33691274279038813|-0.2009684536895495|-0.3762155072190993|-0.2749429460630012|0.0|1.0|0.0|0.0|1.0|0.0|0.0|0.0|0.0|1.0|0.0|0.0|1.0|0.0|0.0|0
|-0.462391138044792||-0.29271273215095034||-0.38944981343566665|-0.3368843536861248||-0.3441286842697485|3.0893280961841825|1.3095340595133376|||-0.9713833644274577||1.0|0.0|1.0|0.0|0.0|0.0|0.0|0.0|0.0|0.0|1.0|0.0|0.0|0.0|1.0|1
1.1192454930139093|||1.9330178270183758||0.6580059021316336||-0.351709341288519|3.274827783914608||-0.3596137730629955|2.080405278659196|-0.2146578774864238|0.14172207158909822|0.4991184186828339|0.0|1.0|0.0|0.0|0.0|0.0|1.0|0.0|0.0|0.0|1.0|0.0|1.0|0.0|0.0|1
|2.1971134467879985|-0.3933394427077258||-1.5914828417334868|-0.3781497160590866|-0.33409963895861533||||0.5519667007892517|-0.33691274279038813||0.797904597142068|-1.0490043108088363|0.0|1.0|0.0|0.0|0.0|0.0|1.0|0.0|0.0|0.0|1.0|0.0|0.0|1.0|0.0|1
||||0.8356196516025277|-0.3784950501045508||||0.8520283790385568||||-0.3917440151536512||0.0|1.0|0.0|0.0|0.0|1.0|0.0|0.0|0.0|0.0|1.0|0.0|0.0|1.0|0.0|0
||-0.4001274858506254|-0.27849494112257484|-0.3624680611744191|-1.620239536694985|-0.33051929145181747|||-0.342612521651099|2.717227964870394|-0.3604054447414732|-0.1872790298926752||-1.0490043108088363|0.0|1.0|0.0|0.0|0.0|0.0|1.0|0.0|0.0|0.0|1.0|0.0|1.0|0.0|0.0|0
-0.3517908810047672|-0.462391138044792|1.4604873337076163|||-0.3749457835261683|-0.3663227665197961|||-0.34184103899001433||||||0.0|1.0|0.0|0.0|0.0|1.0|0.0|1.0|0.0|0.0|0.0|1.0|0.0|0.0|0.0|0
0.39035359597762825|-0.462391138044792|2.789643086838245|-1.6106588762661203|0.46167746558267997||||-0.33918762077666215|||0.6526160652527309||-0.3869343003066661||0.0|1.0|0.0|1.0|0.0|0.0|0.0|0.0|0.0|0.0|1.0|0.0|0.0|0.0|1.0|0
-0.31114963583668365||||-0.3573071467577753||-0.3452384978686531||-0.34310909973942916||||2.4547797629040637|2.735532578356073||0.0|1.0|0.0|0.0|0.0|0.0|1.0|1.0|0.0|0.0|0.0|0.0|0.0|0.0|1.0|0
-0.3266109791071502||||1.6206421174592625||0.5880387522366564|1.6700188102468478||-0.3510988309230307|-0.3406691074208071|1.8981343152456047|-1.6520473761582246|-0.38322394885327754|1.2731797834286689|0.0|1.0|0.0|0.0|0.0|0.0|1.0|0.0|0.0|1.0|0.0|0.0|0.0|0.0|1.0|0
|-0.462391138044792|-0.3925061799267112||||-0.3567751731683351||||-0.3442212322287174|1.432330742077538|-1.3098117812363672|||0.0|1.0|0.0|1.0|0.0|0.0|0.0|0.0|0.0|1.0|0.0|0.0|0.0|0.0|1.0|0
0.8321062608481017|-0.462391138044792|-0.3968554051739583||1.7864829157112154|-0.3908119643927756|1.3239990730784392|-0.3623930934699541|-0.3314819146148249||0.7745226686922756|1.9588913030501351||-0.382124585459681||0.0|1.0|0.0|0.0|0.0|0.0|1.0|0.0|0.0|1.0|0.0|1.0|0.0|0.0|0.0|0
||-0.4036028013519302||0.510981486684612||-0.3496144781547394|1.978380327071527||-0.3383693670151332||-0.3535196527902931|-0.25572614887704664|0.4199984305932372|-0.2749429460630012|0.0|1.0|0.0|1.0|0.0|0.0|0.0|0.0|0.0|0.0|1.0|0.0|0.0|0.0|1.0|0
-0.3080573671825903||-0.38913248183772525|-1.276756208175484|-0.3506863210669445|-0.3768451207762217|-0.3551839076097583|||-0.3468556762870649||-0.34622881425374946||-0.3847355735194729||0.0|1.0|0.0|0.0|0.0|0.0|1.0|0.0|0.0|0.0|1.0|0.0|0.0|1.0|0.0|1
-0.3438393330370987|-0.462391138044792||0.8451413922714636|-0.3644914469754854|-0.382926837021342|-1.3513161472788524|||1.7199463727588424|-0.36912995927678|-0.35311460620492957||-1.2771438082715116||0.0|1.0|0.0|0.0|0.0|1.0|0.0|1.0|0.0|0.0|0.0|0.0|0.0|1.0|0.0|1
|1.9477848919599245||-0.29012767923670024|-0.3785398914297242|-0.37300807582661893||||-0.3329689883875403|||||3.595363877666174|0.0|1.0|0.0|0.0|0.0|0.0|1.0|0.0|0.0|0.0|1.0|0.0|0.0|0.0|1.0|1
|||2.8593284546246576||0.6066854259306972||-0.3537956534097864|0.6087122741033816|-0.3256399031072357||-0.346633860839113|-0.2009684536895495|-1.428306274891044|-0.2749429460630012|0.0|1.0|0.0|0.0|0.0|1.0|0.0|1.0|0.0|0.0|0.0|0.0|0.0|0.0|1.0|0
-0.3014310772095332|-0.462391138044792|0.802514588943028|-0.2862500998653251||-0.3761928231347892|-0.3424537831411437|-0.3475367170459843|-0.33881508027519924|-0.3310402817348285|-0.35689486271619997||||-1.0490043108088363|0.0|1.0|0.0|1.0|0.0|0.0|0.0|0.0|0.0|0.0|1.0|0.0|0.0|0.0|1.0|0
||2.9156486781136253|-1.2875272619848592|||-0.33966906841363426|-0.370852974489159|-0.3222664390523224|-0.34569845229543783|-0.3402305734939046|-0.3591903049853826||1.0040352334414302|0.4991184186828339|1.0|0.0|0.0|1.0|0.0|0.0|0.0|0.0|0.0|0.0|1.0|0.0|0.0|0.0|1.0|0
-0.3345625270748187|1.781565855407875|-0.41183381174975753||-0.3750053693974818||-1.3712069667610627|-0.3755299818818902|-0.3458345276185522|-1.0863218069367484|-0.36395525893933034|-0.3535196527902931|-0.24203672508017238|-0.39133175388105246|-1.0490043108088363|0.0|1.0|0.0|0.0|0.0|0.0|1.0|0.0|0.0|0.0|1.0|0.0|0.0|0.0|1.0|0
||||||0.6377658009421822|-0.33861830589023717|-0.3339916611509958||-1.5047574163835196|-0.3681013298633804|-0.24203672508017238||-1.0490043108088363|0.0|1.0|0.0|1.0|0.0|0.0|0.0|0.0|0.0|0.0|1.0|0.0|0.0|0.0|1.0|0
-0.3036398405338856|-0.462391138044792||||-0.374427782457972||||-0.33026879907374385||||||0.0|1.0|0.0|0.0|0.0|1.0|0.0|0.0|0.0|0.0|1.0|0.0|0.0|0.0|1.0|0
-0.31335839916103597||-0.38012917910627464|-0.28409588910345007|-0.3410432229137614|-0.38056705437733634|||-0.3307172262170854|2.0478265037198393|-0.3487381316758133|-1.8485465993671053||0.9112764471067173||0.0|1.0|0.0|0.0|0.0|0.0|1.0|1.0|0.0|0.0|0.0|0.0|1.0|0.0|0.0|0
|-0.462391138044792|0.8731386905046323||||-0.34006688480327846|-0.34762842307329284||1.5463627740147854|||-1.3098117812363672|-0.3847355735194729|-1.0490043108088363|0.0|1.0|0.0|0.0|0.0|0.0|1.0|0.0|0.0|0.0|1.0|0.0|0.0|0.0|1.0|1
-0.32705273177202066|-0.462391138044792|-0.41933317677888904||-0.38303488140551073||||-0.33981505741070483|-0.35302753757574246|||-0.25572614887704664|-0.39064465176005464||1.0|0.0|0.0|0.0|0.0|1.0|0.0|0.0|0.0|0.0|1.0|0.0|0.0|0.0|1.0|0
0.6995804613869596|-0.462391138044792||-0.2720323088369496|-0.35145469542177976|||-0.37307684565138904|-0.34167775991801913|-0.3298830577432015|||||-1.0490043108088363|0.0|1.0|0.0|1.0|0.0|0.0|0.0|0.0|0.0|0.0|1.0|0.0|0.0|1.0|0.0|0
1.5057790747755737|-0.462391138044792|-0.4087649658977281|-0.29357441645570037|0.37299425879543874|1.7961693603075424||-0.3505630159471633|2.194460329672294||-0.37048941445017775|||-0.3880336637002627|0.4991184186828339|0.0|1.0|1.0|0.0|0.0|0.0|0.0|1.0|0.0|0.0|0.0|0.0|0.0|1.0|0.0|0
-0.3473733543560624|-0.462391138044792|0.11100809811321713||-0.3909875559780561|3.016349654281209|||-0.3295603899230691||||-3.0209897558456538|-0.38734656157926484||1.0|0.0|0.0|0.0|0.0|0.0|1.0|0.0|0.0|1.0|0.0|1.0|0.0|0.0|0.0|0
0.4124412292211519||-1.5290969367131086|-0.2914202056938253|0.7664659596673503|-0.398428498617737||-1.0341626700112123||-0.34222678032055664|-0.3535620048717409|||-1.2977568719014478||0.0|1.0|0.0|0.0|0.0|0.0|1.0|1.0|0.0|0.0|0.0|0.0|0.0|0.0|1.0|0
1.9364879230242853||||0.9656029799621665||||||-1.3435961982468472|-0.3458237676683859|||-1.0490043108088363|0.0|1.0|0.0|0.0|0.0|1.0|0.0|0.0|0.0|0.0|1.0|1.0|0.0|0.0|0.0|1
||-0.40947628778396006|1.8037651813058715|1.1103134834561486|-0.3754637845943647|0.6874928496477081|-0.3468030688275167||||-0.36567105035119923|-1.3098117812363672|-0.40246280824121805||0.0|1.0|0.0|0.0|0.0|0.0|1.0|1.0|0.0|0.0|0.0|0.0|0.0|1.0|0.0|0
|-0.462391138044792|-0.4138864834785984|-1.5568036072192435|-0.37720804254800966||-0.3448406814790089||||-0.3562370618258462|1.0677888152503554|0.40136619337291946|-0.3716806332205133||1.0|0.0|0.0|0.0|0.0|1.0|0.0|0.0|0.0|0.0|1.0|0.0|0.0|0.0|1.0|0
-0.3146836571556474|-0.462391138044792|-0.3840719347042462||-0.3452692818653556||-0.3567751731683351|-0.3698900612024202|||||2.4547797629040637|-0.3858349369130695||0.0|1.0|0.0|0.0|0.0|0.0|1.0|1.0|0.0|0.0|0.0|1.0|0.0|0.0|0.0|0
-0.6588089830897462|-0.462391138044792|-0.420938731893527|-0.28366504695107503|||-0.3472275798168742|||0.7941671794572044||-0.3535196527902931||-0.39133175388105246|-0.2749429460630012|0.0|1.0|0.0|0.0|0.0|1.0|0.0|0.0|0.0|0.0|1.0|0.0|0.0|1.0|0.0|0
-0.2872949919336781||3.135142288722353||-0.36446583449699094||-0.3563773567786909|2.07581798108676|-1.0079174282973216|2.394993701207954|-1.0300444405115525||1.4280729781384915|||0.0|1.0|0.0|0.0|0.0|0.0|1.0|0.0|0.0|1.0|0.0|0.0|0.0|0.0|1.0|0
-0.3548831496588605|-0.462391138044792||-0.2858192577129501|-1.6023681450936536||-0.3551839076097583|||||-0.335292556448934|-0.1735896060958009|||1.0|0.0|0.0|0.0|0.0|1.0|0.0|1.0|0.0|0.0|0.0|0.0|0.0|0.0|1.0|0
|-0.462391138044792||0.7912861232245867||-0.3943420457464101|-0.3535926420511815|-0.3659696285349838|||-0.3698754669525142|-0.34258339498547763||1.7667185877490705|0.4991184186828339|0.0|1.0|0.0|0.0|0.0|0.0|1.0|0.0|0.0|0.0|1.0|0.0|0.0|0.0|1.0|0
0.8983691605786727||||-0.3746596009378059|-0.3679239912683953|-0.3428515995307879||-0.3433051736875675|1.7392334392859599|0.47741593321582504|-0.34339348815620474|-0.2146578774864238||-0.2749429460630012|0.0|1.0|0.0|1.0|0.0|0.0|0.0|0.0|0.0|0.0|1.0|0.0|0.0|0.0|1.0|0
1.3622094586926696|-0.462391138044792|||0.41653547223610593|-1.1569163590304559||-0.3658549960008482|0.6802792651738796|-1.2116877393630119|||-0.24203672508017238|-0.09876367076015771|-0.2749429460630012|0.0|1.0|0.0|0.0|0.0|0.0|1.0|1.0|0.0|0.0|0.0|1.0|0.0|0.0|0.0|0
|||-1.039793024369226|-0.3606623814405561|-0.373046446276115||-0.3443499325970156||-1.317766605262158|-1.4543260147897308||-0.22834730128329808||-1.0490043108088363|1.0|0.0|0.0|0.0|0.0|0.0|1.0|1.0|0.0|0.0|0.0|0.0|1.0|0.0|0.0|0
|-0.462391138044792|-0.3992129291397557|0.9851650917933433||-0.40364687974919666||0.6153994961996179|||-0.3607101078802518||3.139250952747778|||0.0|1.0|0.0|0.0|0.0|1.0|0.0|0.0|0.0|0.0|1.0|0.0|0.0|0.0|1.0|0
-0.3244022157827978|2.280222965064023|-0.40972016957352536||0.3473817803009286|-0.37837993875606274||1.8992838785179849||0.9677507782012615||-1.5042570018080996||-0.3843233122468742||1.0|0.0|0.0|0.0|0.0|1.0|0.0|1.0|0.0|0.0|0.0|0.0|0.0|0.0|1.0|0
-0.33765479572891205|||-1.190587777700481|||0.6178749814599719|-0.3678496020948071|-0.3273839690987334|-0.3480129002786919|-0.34540527383135416||||1.2731797834286689|1.0|0.0|0.0|0.0|1.0|0.0|0.0|1.0|0.0|0.0|0.0|0.0|0.0|1.0|0.0|0
||0.14962271479438216|||-0.38258150297587773|1.602470545829384||-0.33520731962945355||-0.3532550311229091|1.7766203396365439||||0.0|1.0|0.0|0.0|1.0|0.0|0.0|0.0|0.0|1.0|0.0|0.0|0.0|1.0|0.0|0
0.9646320603092436|||-0.2797874675796999||2.019677228621901|-0.35319482566153726|-0.3460235675953949|0.8498832303135533||2.0747757619582172|-0.3612155379122003|-0.2146578774864238|2.2408190512376036||1.0|0.0|0.0|0.0|0.0|0.0|1.0|0.0|0.0|0.0|1.0|0.0|0.0|0.0|1.0|0
-1.7963220951312155|-0.462391138044792|-0.38413290515163756|||-0.3877806988825894|-0.34563631425829733|-0.35932094155512084|1.5366322336681273||||-2.3365185660019394|-0.3572514886795579||0.0|1.0|0.0|0.0|0.0|0.0|1.0|1.0|0.0|0.0|0.0|1.0|0.0|0.0|0.0|1
0.6333175616563886||-0.42526763365831016|-0.28969683708432525||-0.38626506612749634|0.5482571132722356||-0.3499716879242714||-0.3681213312449042|||-0.38281168758067885||0.0|1.0|0.0|0.0|0.0|0.0|1.0|1.0|0.0|0.0|0.0|0.0|0.0|1.0|0.0|0
|-0.462391138044792|3.2977301484325214||-0.36272418595936423|-0.3919630778776564|-0.3428515995307879||-0.35626566165951246||||-0.22834730128329808|-0.38762140242766396||1.0|0.0|0.0|0.0|0.0|0.0|1.0|0.0|0.0|0.0|1.0|0.0|0.0|0.0|1.0|0
|-0.462391138044792||-0.2996062065889506||2.3352741757267257||-0.3676432635333631|-0.3505599097686865|0.6880883135580583||-0.3486590937659307|-0.24203672508017238|-0.3869343003066661||0.0|1.0|0.0|0.0|0.0|0.0|1.0|0.0|0.0|1.0|0.0|0.0|0.0|1.0|0.0|1
-0.3279362371017616|1.781565855407875|-0.4064074419319307|-0.2763407303606998|2.952490999173788|-0.38609239910476423||-0.3576014535430873|-0.3237762084529877|-0.34917012427031896|||-0.25572614887704664|-0.3762155072190993|2.047241148174504|0.0|1.0|0.0|0.0|0.0|1.0|0.0|0.0|0.0|0.0|1.0|0.0|1.0|0.0|0.0|0
||||-1.7742919069880527|2.841764109074285|-0.3448406814790089|0.43370692959474183||||-0.36729123669265334|-0.2146578774864238||-1.0490043108088363|1.0|0.0|1.0|0.0|0.0|0.0|0.0|1.0|0.0|0.0|0.0|0.0|0.0|1.0|0.0|0
1.351165642070908||-0.40457832851019127|0.683575585130833|-0.36723198217439795||-0.3436472323100763||-0.8505680849162951|||||-0.3836362101258763|-1.0490043108088363|0.0|1.0|0.0|0.0|0.0|0.0|1.0|0.0|0.0|1.0|0.0|1.0|0.0|0.0|0.0|0
|-0.462391138044792|1.5773473578743|1.3944651365496072|1.7557479415178034|-0.3876847727588494|-1.271752869350011|-0.3592063090209852|||||-0.22834730128329808||0.4991184186828339|0.0|1.0|0.0|1.0|0.0|0.0|0.0|0.0|0.0|0.0|1.0|0.0|0.0|1.0|0.0|0
-0.3248439684476683|-0.462391138044792|-0.3717355808487372|-0.30822304963645086||-1.5574079256452404|||0.5415569468659963|1.1220473104182014||-0.3373177893757517||-0.3764903480674984|-1.0490043108088363|0.0|1.0|0.0|0.0|0.0|1.0|0.0|0.0|0.0|0.0|1.0|1.0|0.0|0.0|0.0|1
|||-0.29529778506520044|-0.374813275808773||-0.33887343563434585||-0.3498540435553884|||-0.33245723035138924|-0.1599001822989266|||0.0|1.0|0.0|0.0|1.0|0.0|0.0|0.0|0.0|1.0|0.0|0.0|0.0|1.0|0.0|0
-0.30275633520414463|-0.462391138044792|1.4716652490626905||||0.6178749814599719|0.5810097359589473||-0.33412621237916734|-0.35636862200391695|||||1.0|0.0|0.0|0.0|1.0|0.0|0.0|0.0|0.0|1.0|0.0|0.0|0.0|0.0|1.0|0
|-0.462391138044792|-0.41146798906540966|||-1.4504502976750644|||-0.33589357844793777|-1.346697205052834|-0.35395668540595315|-0.3486590937659307|1.0858373832166341|-1.3802091264211929||0.0|1.0|0.0|0.0|0.0|1.0|0.0|1.0|0.0|0.0|0.0|1.0|0.0|0.0|0.0|1
||0.1999233338922156|0.8128282308433374|-0.375415169053394|||||-0.33258324705699793|0.8468807666311897||-0.2009684536895495|1.911010033158624|2.047241148174504|0.0|1.0|0.0|0.0|0.0|1.0|0.0|0.0|0.0|0.0|1.0|0.0|0.0|1.0|0.0|1
-0.3031980878690151||-0.38545393151178264|0.8343703384620882|-0.3467548056180372|||-0.3519386063567902|||-1.4027982783786859||-0.22834730128329808|-0.3784142340062925|-0.2749429460630012|0.0|1.0|0.0|0.0|1.0|0.0|0.0|1.0|0.0|0.0|0.0|0.0|0.0|0.0|1.0|0
|-0.462391138044792|-0.41240286925874314|||-1.1257403688149337|0.30956727948571144||-0.34481494308823274|-0.34569845229543783|-0.3629466309074546||-0.2009684536895495|||0.0|1.0|0.0|1.0|0.0|0.0|0.0|0.0|0.0|0.0|1.0|1.0|0.0|0.0|0.0|0
|-0.462391138044792|||-0.364619509367958|||1.7181644745837865||-1.790299735176536|-0.34825574435622053|-0.3502792801073848|-0.24203672508017238|-1.3424185097663097|-0.2749429460630012|0.0|1.0|1.0|0.0|0.0|0.0|0.0|0.0|0.0|0.0|1.0|1.0|0.0|0.0|0.0|0
-0.32219345245844544||0.8253785067147704|-0.28969683708432525||-0.3902939633245792||-0.3618657838129304|-0.3277761169950101|||2.647470498168147||||0.0|1.0|0.0|0.0|0.0|0.0|1.0|0.0|0.0|1.0|0.0|1.0|0.0|0.0|0.0|0
-0.29922231388518084|-0.462391138044792|||||0.9162372736931271|-0.3652589068233433|-1.0461518481843002|-0.3406838149983873|||-0.1599001822989266|||0.0|1.0|0.0|0.0|0.0|0.0|1.0|0.0|0.0|0.0|1.0|0.0|0.0|0.0|1.0|0
||-0.3930345904707693||-0.35487396130079685|-0.3960687159737313|||-0.3524226122760008|-0.3557277268895389||||-1.5107585294107888||0.0|1.0|0.0|0.0|1.0|0.0|0.0|1.0|0.0|0.0|0.0|1.0|0.0|0.0|0.0|0
-0.3182176784746112|2.280222965064023||-0.27935662542732487|-1.400349720968205||0.4786392450844994|-0.35640927518807736|0.4915580900907169|2.857883297858773|||||1.2731797834286689|0.0|1.0|0.0|1.0|0.0|0.0|0.0|1.0|0.0|0.0|0.0|0.0|0.0|0.0|1.0|0
|||-0.2776332568178248|||||-0.34283459621203544||-0.3609293748437031||-0.2146578774864238|||1.0|0.0|0.0|0.0|0.0|0.0|1.0|0.0|0.0|0.0|1.0|0.0|0.0|1.0|0.0|0
|-0.462391138044792|-0.3964082885597553||||-1.3513161472788524||0.7111609120056699|-1.5202808037968913|-0.35250952344717484|-0.33245723035138924|-0.24203672508017238|-0.372092894493112|-0.2749429460630012|0.0|1.0|1.0|0.0|0.0|0.0|0.0|0.0|0.0|0.0|1.0|1.0|0.0|0.0|0.0|0
-0.28199395995523235|2.446442001616073|||1.5066665881586925|||-0.3586331463503074||||-0.34784900059520363|-0.24203672508017238|0.5505478335828333|0.4991184186828339|0.0|1.0|0.0|1.0|0.0|0.0|0.0|0.0|0.0|0.0|1.0|0.0|0.0|1.0|0.0|0
|-0.462391138044792||||-0.38238965072839765|-1.3214799180555368|||||-0.33286227693675274|-0.9675761863145098||0.4991184186828339|0.0|1.0|0.0|1.0|0.0|0.0|0.0|1.0|0.0|0.0|0.0|1.0|0.0|0.0|0.0|1
|2.945099111272221|-0.40285083250077075|-0.2815108361892|-0.36538788372279324||-0.3555817239994025||||-0.3601838671679688|||||0.0|1.0|0.0|1.0|0.0|0.0|0.0|1.0|0.0|0.0|0.0|0.0|1.0|0.0|0.0|0
|-0.462391138044792|-0.42173134770961407|-0.2866809420177001||-0.3802792760061161|-0.3460341306479416|1.8029925498441073||-0.34145529765947197|0.3458557551450721||2.4547797629040637|-0.3731922578867086||0.0|1.0|0.0|0.0|0.0|1.0|0.0|1.0|0.0|0.0|0.0|1.0|0.0|0.0|0.0|0
||0.6389105551096708|||0.6081243177867982||-0.3537498003961322||-1.4142019378977453|-0.3493082257807865|-0.35230451303420246|1.0858373832166341|-0.3902323904874559|-1.0490043108088363|1.0|0.0|0.0|0.0|1.0|0.0|0.0|1.0|0.0|0.0|0.0|0.0|0.0|1.0|0.0|0
-0.3093826251772017|-0.462391138044792||-0.2853884155605751|-0.38887452650225907||||-0.33683473339900194|-1.2213312726265706|-0.35492146004513864|0.6222375713504656|-0.2009684536895495|-0.3880336637002627||0.0|1.0|0.0|1.0|0.0|0.0|0.0|0.0|0.0|0.0|1.0|1.0|0.0|0.0|0.0|0
||-0.4024850098164228|-1.4060088538879885|||-0.3571729895579794|||-0.3557277268895389||-0.34379853474156824||-0.38239942630808016||1.0|0.0|0.0|1.0|0.0|0.0|0.0|1.0|0.0|0.0|0.0|0.0|0.0|0.0|1.0|0
||-0.389417010592218|-1.3844667462692377||||-0.3553088028603759|-0.3423051965520619|||-0.3721517957170158|-0.22834730128329808||-1.0490043108088363|1.0|0.0|0.0|0.0|0.0|0.0|1.0|0.0|0.0|1.0|0.0|0.0|0.0|0.0|1.0|0
|||-0.27590988820832474||-0.3923275971478687|-0.3444428650893647|||-0.3495558656008613|||1.0858373832166341|-0.38762140242766396||0.0|1.0|0.0|0.0|0.0|0.0|1.0|1.0|0.0|0.0|0.0|0.0|0.0|0.0|1.0|0
|2.1971134467879985||-0.2853884155605751|-0.3650805339808591|||||||2.080405278659196||-0.3799258586724878|-1.0490043108088363|1.0|0.0|0.0|0.0|0.0|0.0|1.0|0.0|1.0|0.0|0.0|0.0|0.0|0.0|1.0|0
-0.30540685119336747||-1.5804137299341305|-0.28495757340820005|-1.6266999996634381|-0.39597278984999124|3.0743911875129495||-0.33903076161815143||1.5660764067513058|-1.2004720627854475||-0.39545436660703975|-1.0490043108088363|0.0|1.0|0.0|0.0|0.0|1.0|0.0|0.0|0.0|0.0|1.0|0.0|0.0|1.0|0.0|0
1.3622094586926696||-0.389417010592218|0.9851650917933433|-0.35099367080887856|3.0585571487268393||-0.36028385484185954|-0.34161893773357765||-1.3128988233636714|1.1690504615912396|-1.6520473761582246|||0.0|1.0|0.0|0.0|0.0|0.0|1.0|0.0|0.0|1.0|0.0|1.0|0.0|0.0|0.0|0
-0.31247489383129506|-0.462391138044792|-0.4098827574332355|||-1.4643595856173743||-1.453144582276715|||-0.3604469875241103||-0.2146578774864238|-0.3880336637002627|0.4991184186828339|0.0|1.0|0.0|0.0|0.0|0.0|1.0|0.0|0.0|0.0|1.0|1.0|0.0|0.0|0.0|0
-1.4097885133695511||-0.4087649658977281|-0.28194167834157496|-0.37171416591093726|2.9549569350875657|-0.3440450486997205||||-0.35895597217264175|-0.3571650720585649|-0.24203672508017238|||1.0|0.0|0.0|0.0|0.0|0.0|1.0|1.0|0.0|0.0|0.0|1.0|0.0|0.0|0.0|0
1.6272610576149538|-0.462391138044792|-0.4087852893801919|-0.2746173617511997|||||-0.32426639332333357||-0.3422478295576561|-0.8561824652264416|-0.22834730128329808|-0.40809704563340066|-0.2749429460630012|0.0|1.0|0.0|0.0|0.0|1.0|0.0|0.0|0.0|0.0|1.0|1.0|0.0|0.0|0.0|0
0.7989748109828162|||-0.28064915188444994|-0.37074089172814584||||||-0.3436072847310539||-0.24203672508017238|2.8042427904558602||1.0|0.0|0.0|0.0|0.0|0.0|1.0|0.0|0.0|1.0|0.0|0.0|0.0|0.0|1.0|0
||||0.7962404659172184|||-0.3589082644322328|-0.3234428827411525|||||1.539974887819772||0.0|1.0|0.0|0.0|0.0|0.0|1.0|1.0|0.0|0.0|0.0|0.0|0.0|1.0|0.0|0
-0.3186594311394817|-0.462391138044792||-0.28754262632245015|-0.3702670608759974|||-0.3448543157472121||-1.5395678703240088|||-0.25572614887704664|-0.395042105334441||0.0|1.0|0.0|1.0|0.0|0.0|0.0|0.0|0.0|0.0|1.0|1.0|0.0|0.0|0.0|0
|-0.462391138044792|-1.476255882307304|-0.2909893635414503||-0.3971814590091161|-0.3424537831411437|0.27436770714630165|0.7297879370788133|0.5820094476589123|||-1.6520473761582246||-1.0490043108088363|0.0|1.0|0.0|0.0|0.0|1.0|0.0|0.0|0.0|0.0|1.0|0.0|0.0|0.0|1.0|0
||0.6638068211277903|-0.2957286272175754|-0.3555398857416541|-0.3837901721350026|-0.34006688480327846|-0.3552629498467217|-0.3332073653584424|1.8742429049757823|0.7317656108192808|0.1766863274505758||||1.0|0.0|1.0|0.0|0.0|0.0|0.0|1.0|0.0|0.0|0.0|0.0|0.0|0.0|1.0|0
|1.8646753736838997||0.9959361456027187|-0.3356902149084088|-0.3760201561120571|-0.3356909045171922|-0.3473762314981946|2.619940797132516|-0.342612521651099|2.620750500951842|1.1082934737867092||||0.0|1.0|0.0|0.0|0.0|0.0|1.0|0.0|0.0|0.0|1.0|0.0|1.0|0.0|0.0|0
1.5609981578843828|-0.462391138044792|-0.4259383085796147||-0.39011673170924277|0.8714415274532853|1.9207236575447497|0.262331291062067|-0.34157972294394995|-1.6938644025409486||-0.34379853474156824|||-1.0490043108088363|0.0|1.0|0.0|1.0|0.0|0.0|0.0|0.0|0.0|0.0|1.0|0.0|0.0|0.0|1.0|0
|-0.462391138044792|-0.4025256567813504|-0.2944361007604504|-1.3452828922050082|||||||-0.34258339498547763|-0.2009684536895495|-1.521065061225757||1.0|0.0|0.0|0.0|0.0|1.0|0.0|1.0|0.0|0.0|0.0|1.0|0.0|0.0|0.0|0
||||||-0.35200137649260466|||-0.3429982629816414|-0.35378127183519215|-0.3373177893757517|0.7436017882947767|-0.3764903480674984||1.0|0.0|0.0|1.0|0.0|0.0|0.0|0.0|0.0|1.0|0.0|0.0|1.0|0.0|0.0|0
|1.532237300579801|||-0.38992463812053396|-0.3649502814324532|0.5084754743078149|-0.33611931664608174|-0.34687371954368545|-1.0863218069367484|-0.3650077403638964|-0.3413682552293871|||-1.0490043108088363|0.0|1.0|0.0|0.0|0.0|0.0|1.0|0.0|0.0|0.0|1.0|0.0|0.0|0.0|1.0|0
-0.3482568596858034|-0.462391138044792|||-0.3511857643975874|-0.3915026324837041||-0.36310381518159457||0.7266624466122933|||0.7436017882947767|-0.3891330270938593||0.0|1.0|0.0|1.0|0.0|0.0|0.0|1.0|0.0|0.0|0.0|0.0|0.0|0.0|1.0|0
-0.2930377765769942||1.8882966395699974|-0.28495757340820005|-0.3529146066959668||-0.3325083734000385|0.3872807532698366|-0.3382072510359704||-1.398412939109661|-0.33974806888793285|-0.25572614887704664|-0.3786890748546916|-1.0490043108088363|0.0|1.0|0.0|0.0|0.0|1.0|0.0|1.0|0.0|0.0|0.0|0.0|0.0|0.0|1.0|0
||0.019552427026247297|-0.2914202056938253|1.5566109212229873|||-0.3418050903392059|||-0.3598330400264468|1.3513214250048309||||0.0|1.0|0.0|0.0|0.0|0.0|1.0|0.0|0.0|0.0|1.0|0.0|1.0|0.0|0.0|1
-0.3098243778420722||||-1.2012127006733888|||-0.3749568192112123|-0.33926605035591745||-0.35733339664310243||-0.22834730128329808||0.4991184186828339|0.0|1.0|0.0|0.0|0.0|0.0|1.0|0.0|0.0|1.0|0.0|1.0|0.0|0.0|0.0|0
-0.3186594311394817||-0.3894983045220731|-0.2931435743033253|-0.3510833144836094|||1.1048804169584951|1.945446415536589||-0.34957134613692803|-1.5245093310762765|-0.2009684536895495|||0.0|1.0|1.0|0.0|0.0|0.0|0.0|0.0|0.0|0.0|1.0|0.0|0.0|1.0|0.0|0
0.01486383083772579||||||-0.35041011093402785||-0.3127960673572401||-0.33071438728012015||-0.24203672508017238|||0.0|1.0|0.0|0.0|0.0|1.0|0.0|0.0|0.0|0.0|1.0|0.0|0.0|1.0|0.0|1
0.7989748109828162||||-0.36205826151850695||1.423453170489491|-0.3457025964998153|2.9032676521924334|||-0.3543297459610202|-0.25572614887704664||-0.2749429460630012|0.0|1.0|0.0|1.0|0.0|0.0|0.0|1.0|0.0|0.0|0.0|0.0|0.0|0.0|1.0|0
|-0.462391138044792|||-0.3839953493490549||-0.34165815036185526|0.8698837219805798|-0.34901092557839347|2.6650126325875982|||-0.1599001822989266|1.2651340394206225||1.0|0.0|0.0|0.0|0.0|0.0|1.0|1.0|0.0|0.0|0.0|0.0|0.0|0.0|1.0|0
-0.30540685119336747|-0.462391138044792||-0.2905585213890753||-0.38223616893041346||-0.35368102087565084|-0.34140325639062546|-0.3541847615673695|0.5256546651751012|-0.34460862791229535|-0.25572614887704664|1.670524290809368||0.0|1.0|0.0|0.0|0.0|1.0|0.0|0.0|0.0|0.0|1.0|0.0|0.0|0.0|1.0|0
-0.3058486038582379|-0.462391138044792|-0.4070374698883076|-1.3844667462692377|||0.7968923567998649|||-0.3510988309230307||-0.35311460620492957|||0.4991184186828339|0.0|1.0|0.0|1.0|0.0|0.0|0.0|0.0|0.0|0.0|1.0|0.0|0.0|0.0|1.0|0
|||||0.20187718374760952|-0.3484210289858068|-0.370256885311654|1.8748597942067826|-0.35148457225357305|-0.35101850809570634|0.30832646769372507||-0.399576979333027||0.0|1.0|0.0|0.0|0.0|0.0|1.0|0.0|0.0|1.0|0.0|0.0|0.0|0.0|1.0|0
-0.3014310772095332||-0.3775684203158395|-0.2888351527795752||-1.5094448637752063|||-1.5878061299164945||0.8216650658342953|0.8551393579344989|-0.1462107585020523|1.856041863478794|-1.0490043108088363|0.0|1.0|0.0|0.0|0.0|1.0|0.0|0.0|0.0|0.0|1.0|1.0|0.0|0.0|0.0|1
|2.1971134467879985|-0.3945791751380159|-1.158274616272355|0.7526992524765512|||-0.34664258327972697||1.2570567761080236||-0.3636458174243815||0.797904597142068||0.0|1.0|0.0|0.0|0.0|1.0|0.0|1.0|0.0|0.0|0.0|0.0|0.0|0.0|1.0|0
|||-0.3026221016555757|2.1488994864085336|-0.3891620350644464|0.7173290788710236||-1.777507674740349|0.7459495131394107||-0.34825404718056713||||0.0|1.0|0.0|0.0|0.0|0.0|1.0|1.0|0.0|0.0|0.0|1.0|0.0|0.0|0.0|0
-0.30187282987440367||-0.40179401141265464|||-0.3875888466351093||-0.3591146029936768||3.0121798300757128|-1.367715564226485||-0.24203672508017238|-1.029787044712277||0.0|1.0|0.0|0.0|0.0|0.0|1.0|1.0|0.0|0.0|0.0|1.0|0.0|0.0|0.0|0
-2.4037320093281167||||||1.483125628936122||-0.3406973901773274|-1.4142019378977453||3.498068327431573||3.13405180853484||0.0|1.0|0.0|0.0|0.0|0.0|1.0|0.0|0.0|1.0|0.0|0.0|0.0|1.0|0.0|0
-0.3164506678151293|1.6984563371318504||||1.234042275190743|-0.3599577042854888|0.44631650834965436|||-0.36206956305364957|||-0.3880336637002627||0.0|1.0|0.0|0.0|0.0|0.0|1.0|0.0|0.0|0.0|1.0|0.0|0.0|1.0|0.0|0
-1.5423143128306933|-0.462391138044792|-0.38478325659047824|-0.28237252049395||-0.40391547289566887|0.7073836691299183|-0.3757133939365071|-0.3525990788293253||-0.37075253480631926|-0.35068432669274835||0.48527313208803524||0.0|1.0|0.0|0.0|0.0|0.0|1.0|1.0|0.0|0.0|0.0|1.0|0.0|0.0|0.0|0
||-0.40803332052903235|||-1.75405647931238|0.6477112106832873||-0.3510304872442185|1.5463627740147854|||-0.24203672508017238|-0.40218796739281887|-0.2749429460630012|0.0|1.0|0.0|0.0|0.0|1.0|0.0|0.0|0.0|0.0|1.0|0.0|0.0|1.0|0.0|0
|-0.462391138044792|-0.41242319274120687|2.557738947962147||-0.39647160569343964||-0.3681476466835596||||-0.34420358132693174|-0.25572614887704664|-1.4832744445708739||1.0|0.0|0.0|0.0|0.0|1.0|0.0|0.0|0.0|0.0|1.0|0.0|0.0|1.0|0.0|1
|-0.462391138044792|||-0.35715347188680824|-0.3780154194858505|||-0.3311289815081759|-0.3445412283038108|-0.34917666560271576|-0.35068432669274835||0.48527313208803524||0.0|1.0|0.0|1.0|0.0|0.0|0.0|1.0|0.0|0.0|0.0|0.0|0.0|0.0|1.0|0
|-0.462391138044792||||-0.391425891584712||1.236707831214399|||-0.3450544466898322|-0.35513983913174724|-0.22834730128329808|||1.0|0.0|0.0|0.0|0.0|0.0|1.0|0.0|0.0|0.0|1.0|0.0|0.0|1.0|0.0|1
1.1302893096356712||-0.3989284003852629||-0.3611874372496936|0.35056267554471515||1.1770989134639034|||||-0.25572614887704664|||0.0|1.0|0.0|1.0|0.0|0.0|0.0|0.0|0.0|0.0|1.0|1.0|0.0|0.0|0.0|0
||-0.40837881973091644|-0.2909893635414503|-0.3713043662550251|||||3.2436246284011228|3.261010034229506|-0.3502792801073848|-0.24203672508017238|-0.3884459249728614||0.0|1.0|1.0|0.0|0.0|0.0|0.0|1.0|0.0|0.0|0.0|0.0|0.0|0.0|1.0|0
||-0.3952904970242479|||||0.2520143629898658||1.6813722397046076|||2.4547797629040637|0.6055160032626632||1.0|0.0|0.0|1.0|0.0|0.0|0.0|0.0|0.0|1.0|0.0|0.0|1.0|0.0|0.0|0
-0.2952465399013466||-0.42195490601671554|-0.2681547294655745||-0.38384772780924664||1.6218731459099092|-1.6314325833772776|0.7266624466122933||||-1.4351772961010227||0.0|1.0|0.0|0.0|0.0|1.0|0.0|1.0|0.0|0.0|0.0|0.0|0.0|0.0|1.0|0
-0.3195429364692226||-0.3826289674493185||||-1.7093508979586387|||-0.342612521651099|1.0376430248337816||-2.3365185660019394|0.3547237290984392|-0.2749429460630012|0.0|1.0|0.0|0.0|0.0|0.0|1.0|0.0|0.0|1.0|0.0|0.0|0.0|1.0|0.0|1
|||-0.28409588910345007|-0.35031494012877407||1.4433439899717013||2.0866196581962018|-0.3445412283038108||-0.34339348815620474|0.05913059845106209|-0.382124585459681|-1.0490043108088363|0.0|1.0|0.0|0.0|0.0|1.0|0.0|1.0|0.0|0.0|0.0|1.0|0.0|0.0|0.0|0
||-0.4143945705401927||-0.3777459045963944|-0.3866104001729606|1.6223613653115945|||-0.3406838149983873|0.8819634807833905||-0.2146578774864238|-0.3799258586724878|-1.0490043108088363|1.0|0.0|0.0|0.0|0.0|0.0|1.0|1.0|0.0|0.0|0.0|1.0|0.0|0.0|0.0|0
|2.363332483340048|2.3831734375628235|3.117833746049666|1.1083925475690604|||||1.1027602438910837|-0.3600961603825883|||-0.38130006291448354||0.0|1.0|0.0|0.0|0.0|1.0|0.0|0.0|0.0|1.0|0.0|0.0|1.0|0.0|0.0|0
-0.2943630345716056|||-0.28064915188444994|-0.35706382821207744||-1.1822441816800644|1.1151973450306965|-0.3287172719460742|-1.4527760709519801||1.0677888152503554|-2.3365185660019394||-1.0490043108088363|0.0|1.0|1.0|0.0|0.0|0.0|0.0|1.0|0.0|0.0|0.0|0.0|1.0|0.0|0.0|0
-0.34428108570196914|-0.462391138044792||1.7822230736871207|1.065491646090756|||-1.605605852677021||-0.3387551083456755||-0.3308370440099351|-0.25572614887704664|-0.3705812698269167||0.0|1.0|1.0|0.0|0.0|0.0|0.0|0.0|0.0|0.0|1.0|0.0|0.0|0.0|1.0|0
1.0971578597703857||1.2287996336206262||-1.2953385591407136|||-0.36583206949402114|-0.9848787393910654||-0.371936576408956||||-1.0490043108088363|0.0|1.0|0.0|1.0|0.0|0.0|0.0|0.0|0.0|0.0|1.0|1.0|0.0|0.0|0.0|0
-0.9680358484990778|||-0.27289399314169965||-1.3478093452731914|||-0.3502461914516651|-0.350327348261946||-0.3535196527902931|1.0858373832166341|-0.39133175388105246|-0.2749429460630012|0.0|1.0|0.0|0.0|0.0|0.0|1.0|0.0|0.0|0.0|1.0|1.0|0.0|0.0|0.0|0
|||||||||||-0.32314115888802786|-0.24203672508017238|||0.0|1.0|0.0|0.0|0.0|0.0|1.0|0.0|0.0|0.0|1.0|0.0|0.0|0.0|1.0|0
|-0.462391138044792|||1.5719784083196933|-1.418794676840842|-0.3432494159204321|1.6264584472753318|||-0.3629466309074546|-0.3676962832780169||-0.40438669418001205||0.0|1.0|0.0|0.0|0.0|0.0|1.0|0.0|0.0|0.0|1.0|1.0|0.0|0.0|0.0|0
-0.3252857211125388|||-1.567574661028619|-0.36131549964216614||-0.3555817239994025||-0.33589357844793777|-0.32641138576832035||||||0.0|1.0|0.0|0.0|0.0|0.0|1.0|0.0|0.0|1.0|0.0|0.0|0.0|1.0|0.0|0
-0.3261692264422797||-0.4156546264529465|||0.5831835256143805||||||||||0.0|1.0|1.0|0.0|0.0|0.0|0.0|1.0|0.0|0.0|0.0|0.0|0.0|0.0|1.0|1
|||||||-1.5316678681595794|-0.34554041669634467||-0.36364828519049863|||-0.39064465176005464||0.0|1.0|0.0|0.0|0.0|1.0|0.0|0.0|0.0|0.0|1.0|0.0|0.0|0.0|1.0|1
|0.7842516360955787|-0.3864294586700437|-0.28323420479870004|-0.3477921109970648|-0.38753129096086525||-0.35906874998002253|-0.32712907296615357|-0.32949731641265917|-0.3451421534752127||-1.3098117812363672||0.4991184186828339|0.0|1.0|0.0|0.0|0.0|0.0|1.0|0.0|0.0|1.0|0.0|0.0|0.0|1.0|0.0|0
-0.31777592580974073|2.1971134467879985|1.4259374135192056|0.683575585130833|-1.4009900329305678|-0.3719337032407302|0.8068377665409702|||-0.3676857081363517|-0.35619320843315594||-0.22834730128329808|||0.0|1.0|0.0|0.0|0.0|1.0|0.0|0.0|0.0|0.0|1.0|0.0|1.0|0.0|0.0|0
1.141333126257433|-0.462391138044792||||-0.3963373091202035|1.8610511990981187||||-0.35680715593081946|-0.34825404718056713|-0.1599001822989266|-0.3865220390340674|0.4991184186828339|1.0|0.0|1.0|0.0|0.0|0.0|0.0|0.0|0.0|1.0|0.0|0.0|0.0|1.0|0.0|0
1.1302893096356712|-0.462391138044792||-0.2858192577129501|-0.36896082447277745|-0.3974884226050843|-0.35319482566153726||-1.282911140561359|-0.35071308959248837|-0.3599207468118273|-0.37498712181456056||0.2825780063936624|1.2731797834286689|0.0|1.0|0.0|0.0|0.0|1.0|0.0|0.0|0.0|0.0|1.0|0.0|0.0|0.0|1.0|0
1.5609981578843828||1.24709076783802|||1.3692981096642391|3.153954465441791||-0.3290702050527232|-0.3522560549146578||-0.3903788920583749|-0.28310499647079523|||0.0|1.0|0.0|1.0|0.0|0.0|0.0|0.0|0.0|0.0|1.0|0.0|0.0|0.0|1.0|0
|-0.462391138044792||||||-0.34230947348940244|1.0944854806161457|||-0.3385329291318423|-0.26941557267392097|-0.377589711461095|-1.0490043108088363|0.0|1.0|0.0|0.0|1.0|0.0|0.0|0.0|0.0|0.0|1.0|0.0|0.0|1.0|0.0|0
-0.2952465399013466|-0.462391138044792|-0.3809624418872893|-0.28409588910345007|||||||-0.3409322277769486|-0.3583802118146555||-0.3958666278796385||1.0|0.0|0.0|0.0|0.0|0.0|1.0|0.0|0.0|1.0|0.0|0.0|0.0|0.0|1.0|1
|-0.462391138044792||0.7697440156058359|-0.3648372154351613|-0.8988750861696725||||-0.333740471048625|-0.35461448629630693|-0.3591903049853826|0.40136619337291946|0.28944902760364116||0.0|1.0|0.0|0.0|0.0|0.0|1.0|1.0|0.0|0.0|0.0|0.0|0.0|1.0|0.0|0
-0.30629035652310843|-0.462391138044792||-0.29529778506520044|-0.3644914469754854||-0.3484210289858068|1.4029250057109732||-0.3468556762870649|||-0.9675761863145098|-0.39133175388105246|0.4991184186828339|0.0|1.0|0.0|0.0|0.0|0.0|1.0|0.0|0.0|1.0|0.0|0.0|0.0|1.0|0.0|0
2.4445034876253295|-0.462391138044792||||-0.3809507588722966|-0.3464319470375858|-0.35237420998650537||-1.5588549368511262|0.3765531300282478|-0.3377228359611152|-0.24203672508017238|1.9865912664683902|-0.2749429460630012|1.0|0.0|0.0|0.0|0.0|0.0|1.0|0.0|0.0|0.0|1.0|0.0|0.0|0.0|1.0|0
-0.29392128190673517|-0.462391138044792|||-0.3656952334647274|-0.3875888466351093|1.2643266146318082|||-0.34376974564272605|1.9629496105980773|-0.37296188888774284|1.770308573060349||-1.0490043108088363|0.0|1.0|0.0|1.0|0.0|0.0|0.0|1.0|0.0|0.0|0.0|0.0|0.0|0.0|1.0|0
-0.27890169130113907|-0.462391138044792|-1.1470154663942125|-1.3198404234129855|-0.3723544778733||-0.34086251758256686||-0.34703057870219617||2.721613304139419||-0.22834730128329808|||0.0|1.0|0.0|0.0|0.0|0.0|1.0|0.0|0.0|0.0|1.0|0.0|0.0|0.0|1.0|0
|2.363332483340048|-0.3952904970242479|-0.2776332568178248|-0.35728153427928083|-1.105116252210819|-0.3444428650893647|-0.3679642346289426||2.9736056970214775|-0.3540005387986434||-0.22834730128329808|0.7360654062522592||0.0|1.0|0.0|0.0|0.0|1.0|0.0|0.0|0.0|0.0|1.0|0.0|0.0|0.0|1.0|0
-0.3350042797396892|-0.462391138044792|-1.5052168448181777|-0.2746173617511997|0.7408534811728402|||-0.34714696642992343|-0.346932541728127|1.3149179756893759|-1.179145975658406|||0.9112764471067173||0.0|1.0|0.0|0.0|0.0|1.0|0.0|1.0|0.0|0.0|0.0|1.0|0.0|0.0|0.0|0
|-0.462391138044792||||-0.39313337658728525|1.5626889068649634|-0.36475452367314676||-0.3487843829397766||1.7361156811001903|-0.2009684536895495|||0.0|1.0|0.0|0.0|0.0|1.0|0.0|1.0|0.0|0.0|0.0|0.0|0.0|1.0|0.0|0
-0.3411888170478758||-0.3965505529370017|0.6297203160839562|-1.5053608827956964|1.140034673925476|0.568147932754446|-1.1900629164355854||-0.32409693778506626||-0.3567600254732014|-0.24203672508017238|-0.39435500321344313||0.0|1.0|0.0|1.0|0.0|0.0|0.0|1.0|0.0|0.0|0.0|0.0|0.0|0.0|1.0|0
-0.3350042797396892|-0.462391138044792|3.1066894132730734|-0.28064915188444994|-0.3647731842389251|-0.3725668156574146|2.0400685744380116|-0.34386847595364617||-1.2213312726265706|1.4038188537973775|-0.3903788920583749||-0.42513717823414787||0.0|1.0|1.0|0.0|0.0|0.0|0.0|0.0|0.0|1.0|0.0|0.0|0.0|0.0|1.0|0
|||-0.27849494112257484||-0.3920590040013965|-0.34563631425829733|-0.36365405134544526|-0.3385405767478055|-1.0381041406189548|||||-1.0490043108088363|1.0|0.0|0.0|0.0|0.0|1.0|0.0|0.0|0.0|0.0|1.0|0.0|0.0|1.0|0.0|0
-0.3023145825392742|-0.462391138044792|||||-0.337282170075769|2.0700863543799817|||0.5695080578653522||-0.22834730128329808|1.5605879514497083|-0.2749429460630012|0.0|1.0|0.0|0.0|0.0|0.0|1.0|0.0|0.0|1.0|0.0|0.0|0.0|0.0|1.0|0
-0.3252857211125388|-0.462391138044792|||-0.374915725722751|3.0604756712016408||-0.3602609283350325|0.5891048792895465|||-0.32597648498557263||||0.0|1.0|0.0|0.0|0.0|1.0|0.0|0.0|0.0|1.0|0.0|1.0|0.0|0.0|0.0|0
|-0.462391138044792|-0.41024858011758336|-0.2866809420177001|2.5401300954121755||-0.3440450486997205|0.7833361587082256||3.3207728945095925|-1.6143908981091468|-0.3490641403512942|2.4547797629040637|1.4643936545100058||1.0|0.0|0.0|0.0|0.0|0.0|1.0|1.0|0.0|0.0|0.0|0.0|0.0|1.0|0.0|0
2.0690137224854275|-0.462391138044792|||0.13831992458948983||||-1.417711979906475|1.4306403748520806|-0.35452677951092637|-0.32273611230266436||2.673693387466264||0.0|1.0|0.0|0.0|0.0|0.0|1.0|1.0|0.0|0.0|0.0|0.0|0.0|1.0|0.0|0
|-0.462391138044792|||-0.34246471547020674||||-0.32814865749647293||-0.34615078150708845|||3.395150614514032|-0.2749429460630012|0.0|1.0|0.0|1.0|0.0|0.0|0.0|0.0|0.0|0.0|1.0|0.0|0.0|0.0|1.0|1
||-0.4045173580627999||-0.3671679509781617|-1.575154258537153|-1.2518620498678006||1.2297765048316083|-1.7999432684400947||-0.34339348815620474||-0.382124585459681||0.0|1.0|0.0|0.0|0.0|0.0|1.0|0.0|0.0|0.0|1.0|0.0|0.0|1.0|0.0|1
-1.155780731069029|||-0.2789257832749499|||-0.3364865372964806|-0.3498064412218686|-0.32075666965165717|||-0.3701265627901981|-0.24203672508017238|-0.4065854209672053||0.0|1.0|0.0|0.0|1.0|0.0|0.0|1.0|0.0|0.0|0.0|1.0|0.0|0.0|0.0|1
||0.7867638900336054||-0.37650369938941064||-0.34086251758256686|-0.3512737376588039||1.5463627740147854|||-0.24203672508017238||-0.2749429460630012|1.0|0.0|1.0|0.0|0.0|0.0|0.0|1.0|0.0|0.0|0.0|0.0|1.0|0.0|0.0|0
||1.4330506323815255||-0.3626601547631279|||||||-1.3827430261990388|-1.3098117812363672|||0.0|1.0|0.0|0.0|0.0|0.0|1.0|1.0|0.0|0.0|0.0|0.0|0.0|1.0|0.0|0
|-0.462391138044792|||0.6041468772083924|-0.37895549549850316|0.8963464542109167|||-0.35071308959248837|-0.35864899842381004|-0.33002695083920797|||1.2731797834286689|1.0|0.0|0.0|0.0|0.0|0.0|1.0|1.0|0.0|0.0|0.0|1.0|0.0|0.0|0.0|0
||-0.4050254451243942|||-0.3958960489509992|-0.3261433111657312|-0.3675515575060546|0.21215271399356683|0.553078847868236|-0.37259437729930983|0.9158963457390293|-0.11883191090830372|||0.0|1.0|0.0|0.0|0.0|1.0|0.0|1.0|0.0|0.0|0.0|0.0|0.0|0.0|1.0|0
2.643292186817043||||||-0.3376799864654132||-0.3404621014395614|-0.34376974564272605|0.5486776963374829|-0.34622881425374946|-2.3365185660019394|-0.3847355735194729|0.4991184186828339|1.0|0.0|0.0|0.0|0.0|0.0|1.0|0.0|0.0|0.0|1.0|0.0|0.0|0.0|1.0|0
||-0.3952092030943928|2.557738947962147||-0.42356114303763487|-0.38661140239165065||3.061107180443806|-1.2888360054714818|||-0.2009684536895495|||1.0|0.0|0.0|1.0|0.0|0.0|0.0|0.0|0.0|1.0|0.0|0.0|0.0|1.0|0.0|0
-0.3173341731448702||-0.4055335321859885|-1.0936482934161027||||||1.4113533083249632|-0.367902064281453||||-0.2749429460630012|0.0|1.0|0.0|0.0|0.0|0.0|1.0|0.0|0.0|1.0|0.0|0.0|0.0|0.0|1.0|0
|-0.462391138044792|-0.40744393953758296|2.816244239387156|-0.3703054795937392|-0.398428498617737||-0.3701193262706914|0.7915512307423938|-0.3557277268895389|-1.5738265098706647|-0.3555448857171108|-0.24203672508017238|-1.2221756385916818|0.4991184186828339|0.0|1.0|0.0|0.0|0.0|1.0|0.0|0.0|0.0|1.0|0.0|0.0|0.0|1.0|0.0|1
-0.30054757187979225||||1.8236210095282555||-0.348818845375451|-0.3549649052579692|-1.4760439794776345|1.9128170380300171|-0.3521586963056529|0.601985242082289|1.0858373832166341|||0.0|1.0|0.0|0.0|0.0|0.0|1.0|1.0|0.0|0.0|0.0|1.0|0.0|0.0|0.0|0
-0.8465538656596975||-0.379031711053231|-0.2918510478462003|-0.3398650489030139|0.4201091152562646||-1.25253764753947||-0.34145529765947197|1.7283339597052345|-0.35189946644883896|-0.25572614887704664|-0.38982012921485715||0.0|1.0|0.0|0.0|0.0|0.0|1.0|1.0|0.0|0.0|0.0|0.0|0.0|0.0|1.0|1
|||||||-0.3554463619013386|||2.09450978866883||-0.22834730128329808|-0.3753909846739018||0.0|1.0|0.0|1.0|0.0|0.0|0.0|0.0|0.0|0.0|1.0|0.0|0.0|1.0|0.0|0
-0.34693160169119197||-0.41791053300642506||-0.9335623004057583|||||1.5463627740147854|-0.3788654124540157|||||1.0|0.0|0.0|0.0|0.0|1.0|0.0|0.0|0.0|0.0|1.0|0.0|0.0|1.0|0.0|0
-0.3288197424315026|-0.462391138044792|-1.283690885963073|-0.28495757340820005|-0.3664892202980572|||-0.34478553622673075||-0.3495558656008613|||-0.2146578774864238|-0.37580324594650055||0.0|1.0|0.0|1.0|0.0|0.0|0.0|0.0|0.0|0.0|1.0|0.0|0.0|0.0|1.0|0
-0.35002387034528526||-0.40598064880019147|-1.4490930691254897||-0.40629444076442256|||-0.33781510313969365|-0.33759788435404847|-0.3558862346843242|||||1.0|0.0|0.0|0.0|0.0|1.0|0.0|1.0|0.0|0.0|0.0|0.0|0.0|0.0|1.0|0
|||||-0.3742934858847359|||||-0.3470717027535838|-0.34379853474156824|||2.047241148174504|0.0|1.0|0.0|0.0|0.0|0.0|1.0|1.0|0.0|0.0|0.0|0.0|1.0|0.0|0.0|0
|-0.462391138044792|-0.3793162398077238||-0.340172398644948||2.955046270619688|-0.3450606543086561|-0.34799134104807405|||-0.3498742335220213||-0.3880336637002627||0.0|1.0|0.0|0.0|0.0|0.0|1.0|0.0|0.0|0.0|1.0|1.0|0.0|0.0|0.0|1
-0.3001058192149218|||-0.28754262632245015|-0.36458109065021616||||-0.33657983726642204|||-0.35878525840001907|1.0858373832166341|0.29975555941860926|-1.0490043108088363|0.0|1.0|0.0|0.0|0.0|1.0|0.0|1.0|0.0|0.0|0.0|0.0|0.0|0.0|1.0|0
||0.0810309614791548||-0.38051205227380147||1.542798087382753|-0.3528785931367019||-0.3468556762870649||1.5943493762229528||||0.0|1.0|1.0|0.0|0.0|0.0|0.0|0.0|0.0|1.0|0.0|0.0|0.0|0.0|1.0|0
-0.3186594311394817||-0.4056351495983073|-0.28452673125582506|-0.3683717374674037|2.066681029254535|0.5084754743078149|-0.3450606543086561|-0.3329328618310487|-0.3372121430235061|-0.3509746547030161|||||0.0|1.0|0.0|0.0|0.0|0.0|1.0|1.0|0.0|0.0|0.0|1.0|0.0|0.0|0.0|0
||-0.40795202659917723|0.4573834551339503||-0.37628874925852923|0.906291863952022|-0.34765134958011995|||1.5682690763858187|1.2703121079321236|-0.22834730128329808|-0.4098835111479951||0.0|1.0|0.0|0.0|0.0|0.0|1.0|0.0|0.0|0.0|1.0|0.0|1.0|0.0|0.0|0
-0.296571797895958||-0.3877708085126526|0.9205387689370911|0.9351881617499357||3.2335177433706326||-0.33083487058596833|-1.4913502040062152|-0.34886969185388406|||-0.3917440151536512|-0.2749429460630012|0.0|1.0|0.0|0.0|0.0|0.0|1.0|1.0|0.0|0.0|0.0|0.0|0.0|0.0|1.0|1
|||2.1268967955871325|-0.3640560348410788||||-1.538297458011561|||1.7361156811001903|-0.2146578774864238|3.477602869033777|-0.2749429460630012|1.0|0.0|0.0|0.0|0.0|1.0|0.0|0.0|0.0|0.0|1.0|0.0|0.0|1.0|0.0|0
1.351165642070908||||||0.6576566204243925|-0.36594670202815666|-0.34899131818357965||1.063955060447932|-0.3498742335220213|-0.2146578774864238|||1.0|0.0|0.0|0.0|0.0|1.0|0.0|0.0|0.0|0.0|1.0|1.0|0.0|0.0|0.0|0
|||-0.2858192577129501|-0.37709278639478433|-0.3853441753395917||||-0.33644066036242143|||-0.22834730128329808||-1.0490043108088363|0.0|1.0|0.0|0.0|0.0|1.0|0.0|0.0|0.0|0.0|1.0|0.0|0.0|1.0|0.0|1
|||-0.2802183097320749|-0.3766829867388722|1.396157424311458|-0.35319482566153726|-0.35870192587078875|-0.3277957243898239|0.6591577137673821|||||0.4991184186828339|0.0|1.0|0.0|0.0|0.0|0.0|1.0|0.0|0.0|1.0|0.0|0.0|0.0|1.0|0.0|0
|-0.462391138044792|-0.38850245388134835|||-0.38018334988237606|-1.391097786243273|-1.4972781079189088||-0.33566917770133675|-0.3433441643749124|||||0.0|1.0|0.0|0.0|0.0|0.0|1.0|1.0|0.0|0.0|0.0|1.0|0.0|0.0|0.0|1
-0.30054757187979225|||||-0.3757323777408369||-1.6101911540424438|-0.3290702050527232|-0.34762715894814955|0.8359174184586269|-1.3827430261990388|||4.369425242412009|1.0|0.0|0.0|0.0|0.0|0.0|1.0|0.0|0.0|1.0|0.0|0.0|0.0|1.0|0.0|0
|-0.462391138044792||0.888225607508965|0.4735232368863909||0.9460735029164427|0.6176921468823292|0.6420448452869012||||2.4547797629040637|-0.39394274194084444||0.0|1.0|0.0|0.0|0.0|1.0|0.0|1.0|0.0|0.0|0.0|0.0|0.0|1.0|0.0|0
0.3240906962470572|||||-1.2365350417347123|-0.3452384978686531||-1.3270277788924878|0.553078847868236|-0.35816661110421727|-0.3486590937659307|-0.2146578774864238|-0.3869343003066661|-0.2749429460630012|0.0|1.0|1.0|0.0|0.0|0.0|0.0|1.0|0.0|0.0|0.0|1.0|0.0|0.0|0.0|0
||-0.4211419667181647|-0.2884043106272002|0.4853690081901018||||-0.3504226580049896|1.0641861108368489||||-1.2221756385916818|-0.2749429460630012|0.0|1.0|0.0|1.0|0.0|0.0|0.0|1.0|0.0|0.0|0.0|1.0|0.0|0.0|0.0|0
-0.33632953773430063|1.1997992274757021|-1.493022755339915|-0.28969683708432525|1.8581978554958438||-0.34165815036185526|-0.3567531727904841|-0.33557986013091645|-0.33991233233730256|-1.4641930281450373|2.5664611810954394||2.282045178497476||0.0|1.0|0.0|1.0|0.0|0.0|0.0|1.0|0.0|0.0|0.0|0.0|0.0|1.0|0.0|0
|-0.462391138044792|2.175873916432358||2.3967002158429187||0.4885846548256046||||||-0.9675761863145098|1.911010033158624||1.0|0.0|0.0|0.0|0.0|1.0|0.0|0.0|0.0|1.0|0.0|0.0|0.0|0.0|1.0|1
|-0.462391138044792|||||||||-0.3547898998670679|||-0.39133175388105246|-0.2749429460630012|1.0|0.0|0.0|0.0|0.0|0.0|1.0|0.0|0.0|0.0|1.0|1.0|0.0|0.0|0.0|0
-0.3601841816373062|||||-0.39768027485256446||2.234010878193845||-0.3534132789062848|-1.147352265957974||0.7436017882947767|||1.0|0.0|0.0|0.0|0.0|0.0|1.0|1.0|0.0|0.0|0.0|0.0|0.0|0.0|1.0|1
||-0.4035824778694665|-0.29400525860807536||-0.3922508562488766|-0.3368843536861248||-1.2245791409901994|-0.33605491903187906||-0.357975165229292|-0.25572614887704664|1.0590034031212603|3.595363877666174|1.0|0.0|0.0|1.0|0.0|0.0|0.0|0.0|0.0|1.0|0.0|0.0|1.0|0.0|0.0|1
0.7989748109828162||-0.3865920465297539|-0.2909893635414503||||-0.36154481271735084||-1.462419604215539|-0.35996460020451754|0.156433998182399||||1.0|0.0|0.0|0.0|0.0|0.0|1.0|0.0|0.0|0.0|1.0|0.0|0.0|0.0|1.0|0
-0.31070788317181314|||-0.28495757340820005|3.5992060811601685|||-1.2892200584628521|-1.529964315215681||-0.3499660266711403|||-0.382124585459681|-1.0490043108088363|0.0|1.0|0.0|1.0|0.0|0.0|0.0|1.0|0.0|0.0|0.0|0.0|1.0|0.0|0.0|0
-0.31689242047999977|||||-0.3824088359531456|-0.3448406814790089||-1.5235919119011845|-0.3534132789062848||-0.3583802118146555|-0.26941557267392097|1.0383903394913239||0.0|1.0|0.0|0.0|0.0|1.0|0.0|1.0|0.0|0.0|0.0|1.0|0.0|0.0|0.0|1
|-0.462391138044792|-0.4011030130088864||-0.36351817279269405||-0.35279700927189306|-0.3766304542095916||-0.3306545404042862|-0.36049084091680056|-0.35635497888783785|||-0.2749429460630012|0.0|1.0|0.0|0.0|0.0|0.0|1.0|0.0|0.0|0.0|1.0|0.0|0.0|1.0|0.0|0
|-0.462391138044792|1.8771187242149234|-0.29400525860807536|-0.3531451190024174|-0.39251944939534883|-1.3513161472788524|-1.183758127058129||-0.34145529765947197||1.22980744939577|-0.2146578774864238|-0.39545436660703975|-0.2749429460630012|1.0|0.0|1.0|0.0|0.0|0.0|0.0|0.0|0.0|0.0|1.0|0.0|0.0|0.0|1.0|0
|||-0.2720323088369496|||||||-0.36676187607150645|0.6424899006186424|-2.3365185660019394|0.5196282381379289|-1.0490043108088363|0.0|1.0|0.0|1.0|0.0|0.0|0.0|0.0|0.0|1.0|0.0|0.0|0.0|1.0|0.0|0
-0.2899455079229009||1.9492670869613107|-0.27030894022744956|||2.278758408224536|||-0.34338400431218374|-0.3530796175521481|-1.7979157761966633|-0.25572614887704664|2.15149577550788|-0.2749429460630012|0.0|1.0|0.0|0.0|0.0|1.0|0.0|1.0|0.0|0.0|0.0|1.0|0.0|0.0|0.0|1
-0.3093826251772017|-0.462391138044792||-0.30563799672220077|-0.37860392262596043|-0.38261987342537374||-0.3540707714917118|-0.3415209007595085|-0.33759788435404847|-0.3596137730629955|-1.190345898151359||||1.0|0.0|1.0|0.0|0.0|0.0|0.0|1.0|0.0|0.0|0.0|1.0|0.0|0.0|0.0|0
|||-0.2884043106272002|-0.3756328751205973|-1.5348652865663244|-0.35080792732367205||-0.33446223862652785|-0.3406838149983873|-0.35250952344717484|-0.36445591059510857||||0.0|1.0|0.0|0.0|0.0|0.0|1.0|0.0|0.0|1.0|0.0|0.0|0.0|1.0|0.0|0
2.908343785739327|-0.462391138044792|1.935040649236671|1.416007244168358|-0.3519029137954337|-1.3238278143381743|-0.358366438726912|||-0.3449269696343531||3.498068327431573||1.354457315150346|-1.0490043108088363|0.0|1.0|0.0|0.0|0.0|0.0|1.0|0.0|0.0|0.0|1.0|1.0|0.0|0.0|0.0|1
||-0.39762769750758153||||-0.3472275798168742|-0.36817057319038665|-0.3364425855027252|-0.34762715894814955|||-0.22834730128329808|||0.0|1.0|0.0|1.0|0.0|0.0|0.0|0.0|0.0|0.0|1.0|0.0|0.0|1.0|0.0|1
|||-0.28754262632245015|-0.39007831299150103|||-0.35627171614711467|-0.3367563038197466|1.4885015744334331||-0.34825404718056713|-1.9942829710800818|||0.0|1.0|0.0|0.0|0.0|1.0|0.0|0.0|0.0|0.0|1.0|0.0|0.0|1.0|0.0|0
-0.27183364866321147|-0.462391138044792||-0.29788283797945053|||-1.2816982790911162|-0.35177812080900045|-0.3397758426210772|-1.3370536717892754|-0.35785963735538545|2.4449472054863786|-0.2009684536895495|||0.0|1.0|0.0|0.0|0.0|0.0|1.0|1.0|0.0|0.0|0.0|0.0|0.0|0.0|1.0|0
1.406384725179717||0.33202596990672756||-1.2274654911302618||||-0.33189366990591546|||-0.34258339498547763|-0.22834730128329808||-1.0490043108088363|0.0|1.0|0.0|0.0|0.0|0.0|1.0|1.0|0.0|0.0|0.0|0.0|0.0|1.0|0.0|0
|-0.462391138044792||||0.6253910200600105|1.4632348094539116||-0.3317564181422186|0.553078847868236|-0.3497906131003793||-0.2146578774864238||-0.2749429460630012|0.0|1.0|0.0|0.0|0.0|1.0|0.0|0.0|1.0|0.0|0.0|0.0|0.0|0.0|1.0|0
||-1.429003785579036|-0.2858192577129501||2.431200299466794|||-0.33401126854580965|-0.3372121430235061||0.2880741384255483|1.0858373832166341|-0.40026408145402487||0.0|1.0|0.0|0.0|0.0|1.0|0.0|1.0|0.0|0.0|0.0|0.0|0.0|0.0|1.0|0
3.305921184122753|-0.462391138044792||-1.0936482934161027|1.8710040947430988|||-1.4422544915338362|-0.32942313815937224||||-0.2146578774864238|-0.37690260934009717|-0.2749429460630012|0.0|1.0|0.0|0.0|0.0|1.0|0.0|0.0|0.0|0.0|1.0|1.0|0.0|0.0|0.0|0
|-0.462391138044792|-0.4101469627052645|-0.282803362646325|0.33585616497839904|-0.38357913466277443|-0.34563631425829733||-0.3370504147419541|-0.34569845229543783|-0.3551407270085899|0.5007235957414049||||0.0|1.0|1.0|0.0|0.0|0.0|0.0|0.0|0.0|1.0|0.0|1.0|0.0|0.0|0.0|1
0.5670546619258177||-0.391815181522943||2.0560542518659344|||2.2901808199202733||-0.3406838149983873|||-0.24203672508017238|-0.372092894493112|1.2731797834286689|1.0|0.0|0.0|1.0|0.0|0.0|0.0|0.0|0.0|0.0|1.0|1.0|0.0|0.0|0.0|1
-0.3403053117181349|-0.462391138044792|-0.41289063283787364|-0.3000370487413256|-1.0677076565207548||0.8466194055053909|-0.36308088867476745||||-0.3510893732781119|-0.2009684536895495|||0.0|1.0|0.0|0.0|0.0|0.0|1.0|0.0|0.0|1.0|0.0|0.0|0.0|0.0|1.0|0
0.6001861117911031|-0.462391138044792|||0.4315828033516306|||-0.35191567984996314|||-0.34242324312841715|-0.3543297459610202|-1.9942829710800818|1.22390791216075||0.0|1.0|0.0|0.0|1.0|0.0|0.0|1.0|0.0|0.0|0.0|0.0|0.0|0.0|1.0|0
-0.2943630345716056|-0.462391138044792||-0.27849494112257484|0.7619837759308111||-0.35120574371331625|||||-1.190345898151359|2.4547797629040637|-0.3958666278796385||1.0|0.0|0.0|1.0|0.0|0.0|0.0|0.0|0.0|1.0|0.0|1.0|0.0|0.0|0.0|0
||||-0.3603294192201275||-0.35279700927189306||1.5885918299247903|0.20591165038012166|-0.37658503603412263|-0.346633860839113||||0.0|1.0|0.0|0.0|0.0|1.0|0.0|0.0|0.0|0.0|1.0|0.0|0.0|0.0|1.0|0
-0.4379326506545095|-0.462391138044792|||||||-1.154972889401085||2.7303839826774694|-0.3458237676683859|-0.2146578774864238|||0.0|1.0|0.0|1.0|0.0|0.0|0.0|1.0|0.0|0.0|0.0|0.0|0.0|0.0|1.0|0
0.6222737450346268|0.5349230812675044|-0.39951778137671223|-0.28366504695107503|||-0.3440450486997205|2.552689323090725|||||-0.24203672508017238|-0.38610977776146865||0.0|1.0|0.0|0.0|0.0|1.0|0.0|0.0|0.0|0.0|1.0|0.0|1.0|0.0|0.0|0
-0.30275633520414463||-1.0591164047384025|-0.2931435743033253|||-0.3492166617650952||-0.3490305329732073||0.3337960721552531||1.770308573060349|||1.0|0.0|0.0|0.0|0.0|1.0|0.0|0.0|0.0|0.0|1.0|1.0|0.0|0.0|0.0|1
|-0.462391138044792|-0.3850271383800435|-0.28754262632245015||||-0.3615218862105237|0.7121412817463617|-0.36845719079743644|1.798499388009636||-0.2146578774864238|-0.3806129607934856||1.0|0.0|0.0|1.0|0.0|0.0|0.0|0.0|0.0|0.0|1.0|1.0|0.0|0.0|0.0|0
-1.553358129452455|||-0.2797874675796999|-0.37768187340015813|||-0.3544834486145998|-1.0451714784436084|-0.3495558656008613|||-0.24203672508017238|-0.3738793600077065||0.0|1.0|1.0|0.0|0.0|0.0|0.0|0.0|0.0|0.0|1.0|0.0|0.0|0.0|1.0|1
-0.3398635590532644|1.8646753736838997|-0.40258662722874167|-0.28194167834157496|-0.3651061464593537|||-0.36883544188837303|-0.3380699992722735|-0.3402980736678449|||-0.2009684536895495|-0.39435500321344313||0.0|1.0|0.0|1.0|0.0|0.0|0.0|1.0|0.0|0.0|0.0|0.0|1.0|0.0|0.0|0
|-0.462391138044792|-1.232374092742051|2.169981010824634|1.2998458243155235|-0.39854360996622507|-0.34126033397221106|-0.370256885311654|-0.33738374045378927|||||||0.0|1.0|0.0|1.0|0.0|0.0|0.0|0.0|0.0|0.0|1.0|0.0|0.0|0.0|1.0|0
|1.532237300579801|-0.4116915473725111|-1.4490930691254897||-0.3960495307489833|-0.3360887209068364|-0.3677120430538444|-1.314282972263495|||-0.34339348815620474|-1.3098117812363672|||0.0|1.0|0.0|1.0|0.0|0.0|0.0|1.0|0.0|0.0|0.0|0.0|1.0|0.0|0.0|0
-0.2895037552580304|-0.462391138044792|-0.39776996188482794|-0.2974519958270755|-0.35994523204270984||||-0.33993270177958784|-0.3518703135841154||0.8753916872026758|-0.24203672508017238|-0.3786890748546916||1.0|0.0|0.0|0.0|0.0|1.0|0.0|0.0|0.0|0.0|1.0|0.0|0.0|1.0|0.0|0
|-0.462391138044792|0.7202044849647551||-0.35313231276317014||-1.092735494010118||||-0.3585612916384295|||-0.4046615350284113||0.0|1.0|1.0|0.0|0.0|0.0|0.0|0.0|0.0|0.0|1.0|1.0|0.0|0.0|0.0|1
-0.330145000426114|2.114003928511974|-0.39811546108671203|-0.30176041735082565||0.4954111223922181|1.4035623510072806|-0.3583121752547278|-0.34803055583770176|2.1056877033011916|-1.151737605226999|-0.33691274279038813|-0.25572614887704664|-0.3762155072190993|0.4991184186828339|1.0|0.0|0.0|0.0|0.0|1.0|0.0|0.0|0.0|1.0|0.0|0.0|0.0|0.0|1.0|0
||-0.4286006847823686|-1.0074798629410997|0.5743723709585244||-0.3539904584408257||-0.3450110170363711|-0.3368264016929638|-0.3631220444782156|0.956401004275383||||0.0|1.0|1.0|0.0|0.0|0.0|0.0|0.0|0.0|1.0|0.0|0.0|1.0|0.0|0.0|0
1.5609981578843828|2.030894410235949|-0.3843158164938115|-0.2797874675796999|||||-0.34767762273105274|-0.3483986416092343|0.36778245149019756|0.39946194940052077|-0.9675761863145098|||0.0|1.0|1.0|0.0|0.0|0.0|0.0|0.0|0.0|0.0|1.0|0.0|1.0|0.0|0.0|0
|-0.462391138044792||-0.29874452228420056|||-0.3380778028550574|-0.3464133182114558||-1.3852713381070692|||-0.24203672508017238|-0.37951359739988905|-1.0490043108088363|0.0|1.0|0.0|0.0|0.0|0.0|1.0|1.0|0.0|0.0|0.0|0.0|0.0|0.0|1.0|0
|||-1.072106185797352||-0.3803752021298562|0.7073836691299183||||-0.3489573986392645|-0.35149441986347546||-0.389545288366458||1.0|0.0|0.0|1.0|0.0|0.0|0.0|0.0|0.0|0.0|1.0|1.0|0.0|0.0|0.0|0
-0.32219345245844544|-0.462391138044792|-0.3923639155494648|2.019186257493379|2.026599901597248|-0.39909998148391745|-0.35239919288224886|0.22564888013868506|1.0400749600077537|-1.1827571395723357|-0.3392657988547191||-0.22834730128329808||1.2731797834286689|0.0|1.0|0.0|0.0|1.0|0.0|0.0|1.0|0.0|0.0|0.0|1.0|0.0|0.0|0.0|0
|-0.462391138044792||-0.29357441645570037|||-0.3436472323100763|-0.3591146029936768|3.3336499683561134|3.3593470275638273|-0.358999825565332|||||0.0|1.0|1.0|0.0|0.0|0.0|0.0|1.0|0.0|0.0|0.0|0.0|0.0|1.0|0.0|0
||-0.38364514157250706||1.0456419752575106|-0.3803560169051082||||0.17698105058944547|-0.35202713612758213||-0.1735896060958009|||0.0|1.0|0.0|0.0|0.0|0.0|1.0|1.0|0.0|0.0|0.0|0.0|0.0|0.0|1.0|1
|-0.462391138044792|-0.41041116797729355|0.7912861232245867|0.3288127333924088|-0.39432286052166204|-0.348818845375451|||||-0.35230451303420246|-1.3098117812363672|-0.3902323904874559||0.0|1.0|0.0|0.0|0.0|0.0|1.0|0.0|0.0|1.0|0.0|0.0|0.0|0.0|1.0|0
|-0.462391138044792|-0.4029524499130896||0.5285900656495877||-1.21208041090338|-0.34554211095202547|1.418007495044425|1.3920662417978458||-0.324761345229482||||1.0|0.0|0.0|0.0|0.0|0.0|1.0|0.0|0.0|1.0|0.0|0.0|0.0|0.0|1.0|0
|-0.462391138044792|||||-0.3559795403890467||||-0.357421103428483|||-0.38610977776146865||0.0|1.0|0.0|1.0|0.0|0.0|0.0|0.0|0.0|1.0|0.0|1.0|0.0|0.0|0.0|0
2.0690137224854275|-0.462391138044792||-1.6645141453129972|-0.36387674749161714|-0.39537804788280284|||-0.33546221576203344|1.5849369070690202|1.7458753167813348|0.6121114067163772||-0.3884459249728614||1.0|0.0|0.0|0.0|0.0|0.0|1.0|1.0|0.0|0.0|0.0|1.0|0.0|0.0|0.0|0
||0.6048687219828542|-0.26643136085607444|-0.35807552111261065|-0.3938624151277097|-0.348818845375451|-0.3654881718916144||2.5878643664791285||-0.3332673235221163||-0.37277999661410993||0.0|1.0|0.0|0.0|1.0|0.0|0.0|1.0|0.0|0.0|0.0|1.0|0.0|0.0|0.0|0
-0.007223802405797883|2.114003928511974||1.7606809660683698||0.4565610422774905|-0.3424537831411437|-1.28979322113353|0.6356724419724048|-0.33952659100676025|-0.35553540754280216|0.9260225103731178||||0.0|1.0|0.0|0.0|0.0|0.0|1.0|0.0|0.0|0.0|1.0|0.0|0.0|1.0|0.0|0
|||-0.282803362646325|-0.3505198399567301|-0.37486904262717624||-0.3462069796500118|-1.0088977980380134|||-0.36324077083901796|0.7436017882947767|||0.0|1.0|1.0|0.0|0.0|0.0|0.0|0.0|0.0|0.0|1.0|0.0|0.0|0.0|1.0|0
-0.27890169130113907|-0.462391138044792|||-0.7052910858234369||0.43885760612007874|||-0.33991233233730256|-0.37443621979230035|-0.3413682552293871|-0.24203672508017238||0.4991184186828339|0.0|1.0|0.0|0.0|0.0|0.0|1.0|0.0|0.0|1.0|0.0|0.0|0.0|1.0|0.0|0
-0.3151254098205179|2.612661038168122|-1.217639567955817|-0.29529778506520044||-1.583787609673759|||-0.33005057479341493|1.7392334392859599|-0.34808033078545947|-0.3474439540098401||||0.0|1.0|0.0|0.0|0.0|1.0|0.0|0.0|0.0|0.0|1.0|0.0|0.0|0.0|1.0|0
-1.365613246882504|-0.462391138044792||-1.4060088538879885||-0.38718595691540103|1.6820338237582255||-0.3375013848226723|-0.3495558656008613||-0.3454187210830224|-1.3098117812363672|-1.455790359730959||0.0|1.0|0.0|0.0|1.0|0.0|0.0|0.0|0.0|0.0|1.0|0.0|0.0|0.0|1.0|0
2.5328540205994243||-0.39787157929714684||-0.36004768195668796|||-0.3595043536097377|0.8474323059618238|2.1635489028825443||||||1.0|0.0|0.0|0.0|0.0|1.0|0.0|0.0|0.0|0.0|1.0|1.0|0.0|0.0|0.0|0
1.3290780088273841|-0.462391138044792||-0.27418651959882473|||-1.5900059810653766|||2.1249747698283095|-0.3547898998670679||||-1.0490043108088363|0.0|1.0|0.0|0.0|0.0|0.0|1.0|0.0|0.0|0.0|1.0|1.0|0.0|0.0|0.0|0
-0.3023145825392742||||-0.37810447929531754|||-0.3430660482146972|-0.33310932838437324|1.2956309091622584|-0.3511500682737771|-0.36162058449756385|-0.1872790298926752|||0.0|1.0|0.0|0.0|0.0|1.0|0.0|1.0|0.0|0.0|0.0|0.0|0.0|0.0|1.0|0
|-0.462391138044792||-0.2892659949319502||-0.3946106388928823|2.099741032884643||||2.0265370299989414|||-0.3709935310995154|-0.2749429460630012|1.0|0.0|0.0|0.0|0.0|1.0|0.0|0.0|0.0|1.0|0.0|0.0|0.0|0.0|1.0|0
-0.29833880855543987|-0.462391138044792|-0.38838051298656573|3.548675898424681||0.6992541353398629|0.4090213768967632|||-0.34222678032055664|||-0.24203672508017238|-0.40287506951381674|2.821302512920339|1.0|0.0|1.0|0.0|0.0|0.0|0.0|0.0|0.0|1.0|0.0|0.0|0.0|0.0|1.0|0
||-0.40591967835280013|-0.28495757340820005|0.4491913823166063||-1.7192963076997438|-0.3683310587381765||-0.33952659100676025||2.080405278659196|-0.25572614887704664|||0.0|1.0|0.0|0.0|0.0|1.0|0.0|0.0|0.0|1.0|0.0|1.0|0.0|0.0|0.0|0
-2.227030943379927||0.9173422648633344|||-0.3932101174862773|3.1141728264773705|-0.3648233031936281||0.6880883135580583|-0.3395727726035508||-0.24203672508017238|-0.3738793600077065||0.0|1.0|0.0|0.0|0.0|0.0|1.0|1.0|0.0|0.0|0.0|1.0|0.0|0.0|0.0|1
1.0419387766615764||3.2611478799977336|1.3944651365496072|-0.3631211793760291||0.45874842560228907|-0.35354346183468816|-0.34726586743996213||||1.0858373832166341|||0.0|1.0|0.0|0.0|0.0|0.0|1.0|1.0|0.0|0.0|0.0|0.0|1.0|0.0|0.0|0
0.26887161313824803||||0.06468404891777327||||||-0.3506676809541843|-1.4131215201013039||-0.38762140242766396||1.0|0.0|0.0|1.0|0.0|0.0|0.0|1.0|0.0|0.0|0.0|1.0|0.0|0.0|0.0|0
-0.30629035652310843||-0.4079317031167135|0.6081782084652054|2.7885711368089234|||||-0.3441554869732684||0.7842562054958802|-0.1872790298926752|0.11080247614419388|-1.0490043108088363|0.0|1.0|0.0|1.0|0.0|0.0|0.0|1.0|0.0|0.0|0.0|0.0|0.0|1.0|0.0|0
-1.498139046343646|||||-0.38359831988752247|-1.1921895914211695|||-0.3526417962452001|1.327075416589438|-0.33407741669284335|-0.25572614887704664|||0.0|1.0|0.0|0.0|1.0|0.0|0.0|1.0|0.0|0.0|0.0|0.0|0.0|0.0|1.0|1
|-0.462391138044792|0.16486532664221049|-0.2905585213890753||-0.3852674344405997||1.549654649404501|||0.12987779614558598|0.7741300408617917||-0.38239942630808016|-0.2749429460630012|1.0|0.0|0.0|0.0|0.0|0.0|1.0|1.0|0.0|0.0|0.0|1.0|0.0|0.0|0.0|0
||||||||-0.35434413696775663||-0.3725066705139293||-0.11883191090830372||0.4991184186828339|1.0|0.0|0.0|1.0|0.0|0.0|0.0|0.0|0.0|0.0|1.0|0.0|1.0|0.0|0.0|0
3.0850448516875164|2.1971134467879985||-0.2789257832749499|||-0.3535926420511815|-0.35819754272059223|0.8283150960183346|-0.3468556762870649|-0.34781721042931796||-0.22834730128329808|||0.0|1.0|0.0|0.0|0.0|1.0|0.0|1.0|0.0|0.0|0.0|0.0|0.0|1.0|0.0|0
|||-0.28754262632245015||-0.36872977070781193|-0.3579686223372678|-0.33997096979303687||-0.33952659100676025|-0.35628091521853644||-0.2009684536895495||2.047241148174504|1.0|0.0|0.0|0.0|0.0|1.0|0.0|1.0|0.0|0.0|0.0|0.0|0.0|0.0|1.0|0
-0.3036398405338856|-0.462391138044792||-0.2866809420177001|-0.3700877735265359||-1.391097786243273|0.7363368197126425|-0.32681535464913214|-0.334897695040252||-0.33974806888793285|-0.2009684536895495|||0.0|1.0|0.0|0.0|0.0|0.0|1.0|1.0|0.0|0.0|0.0|0.0|0.0|0.0|1.0|0
|2.363332483340048|2.84858118598318|||1.56786518580618|-1.5303335226187456|-0.35519417032624034|||0.6188431246418845|||||0.0|1.0|0.0|1.0|0.0|0.0|0.0|0.0|0.0|0.0|1.0|0.0|0.0|0.0|1.0|0
0.45661649570819923|-0.462391138044792|-0.39882678297294405||-0.36107218109646827|2.7880454797798473||0.41995102549847363|||-0.3536497116571214|-0.33367237010747985||||1.0|0.0|0.0|1.0|0.0|0.0|0.0|0.0|0.0|1.0|0.0|0.0|0.0|0.0|1.0|0
|-0.462391138044792|-0.4079113796342497|-0.2931435743033253|||||-1.5476109705481325|-0.3557277268895389||-0.33974806888793285||-0.3786890748546916|1.2731797834286689|0.0|1.0|0.0|1.0|0.0|0.0|0.0|0.0|0.0|1.0|0.0|0.0|0.0|0.0|1.0|0
-0.28420272327958473||-0.4154920385932363||-0.9982338086043964||-0.3424537831411437|-0.3759197324979511|-0.34522669837932335|-0.34145529765947197|-0.36334131144166687|-0.35878525840001907|-0.1872790298926752|-0.3961414687280376||0.0|1.0|0.0|0.0|0.0|0.0|1.0|1.0|0.0|0.0|0.0|1.0|0.0|0.0|0.0|0
-0.3009893245446627|-0.462391138044792||-0.27935662542732487|-0.3713683974512614||-0.3595598878958446|-1.612483804725155||-0.35071308959248837||2.3639378884136715||||0.0|1.0|0.0|0.0|0.0|0.0|1.0|0.0|0.0|0.0|1.0|1.0|0.0|0.0|0.0|0
1.2959465589620986|||||||-0.3623701669631269|||-0.37575182157300785||-0.1735896060958009|||1.0|0.0|0.0|0.0|0.0|1.0|0.0|0.0|0.0|1.0|0.0|0.0|0.0|1.0|0.0|0
-0.321751699793575|||||0.6393003080023203|-0.3587642551165562|-0.35246591601381383|3.359139581614099|1.0641861108368489|-0.3587367052091905||-1.3098117812363672|-0.382124585459681||0.0|1.0|0.0|1.0|0.0|0.0|0.0|0.0|0.0|1.0|0.0|1.0|0.0|0.0|0.0|1
|||-0.28064915188444994|||-0.3452384978686531||-0.3457953128289245|3.3593470275638273||-0.35230451303420246|-0.2146578774864238||1.2731797834286689|0.0|1.0|0.0|1.0|0.0|0.0|0.0|1.0|0.0|0.0|0.0|1.0|0.0|0.0|0.0|0
0.8873253439569109||2.791675435084622|1.1467308989339737|3.056221537076554|||||1.4885015744334331|0.8260504051033205|||||1.0|0.0|1.0|0.0|0.0|0.0|0.0|1.0|0.0|0.0|0.0|1.0|0.0|0.0|0.0|0
|1.8646753736838997|-0.4153700976984537|||-0.39641405001919555||-0.36807886716307825|-0.3315015220096388||-0.34952749274423783||1.770308573060349|1.9522361604184966|0.4991184186828339|0.0|1.0|0.0|0.0|0.0|0.0|1.0|0.0|0.0|0.0|1.0|0.0|0.0|1.0|0.0|0
|-0.462391138044792|2.6677021920556188|1.2328993294089767|-0.3694730740426676|-0.38833707040028187||-0.3598711777189715|1.1101713964672142||||||-0.2749429460630012|1.0|0.0|0.0|1.0|0.0|0.0|0.0|0.0|0.0|0.0|1.0|0.0|0.0|0.0|1.0|0
||-0.4081349379413512|-0.28452673125582506|||-0.3321105570103943|-0.3572575559406806|||-0.3382571708228433|||-0.38610977776146865|-1.0490043108088363|0.0|1.0|0.0|0.0|0.0|1.0|0.0|1.0|0.0|0.0|0.0|1.0|0.0|0.0|0.0|0
-0.3433975803722282|-0.462391138044792||-0.2931435743033253|-0.9105110697606992||-0.34126033397221106||-0.33759942179674146|||2.2424239128046106|||-1.0490043108088363|0.0|1.0|0.0|0.0|0.0|0.0|1.0|0.0|0.0|0.0|1.0|1.0|0.0|0.0|0.0|0
-0.2978970558905694|-0.462391138044792|0.6638068211277903|||-1.3243074449568748|||-0.3509520576649632|1.700659306231725|||-0.25572614887704664|-0.39435500321344313||0.0|1.0|0.0|0.0|0.0|0.0|1.0|1.0|0.0|0.0|0.0|1.0|0.0|0.0|0.0|0
|-0.462391138044792|||-0.35879267051045693|1.0604159912212192||-0.3655110983984415|0.4278340569457528|-0.3518703135841154|0.4149248486322174|||2.9141791298155204|-0.2749429460630012|1.0|0.0|0.0|0.0|0.0|0.0|1.0|0.0|0.0|0.0|1.0|0.0|0.0|1.0|0.0|0
|-0.462391138044792||3.1609179612871676|-0.37086895412061843||0.4090213768967632||-0.3329132544362349|-0.3372121430235061||-0.35594993230247435|-0.25572614887704664|-1.215304617381703||0.0|1.0|0.0|0.0|0.0|0.0|1.0|1.0|0.0|0.0|0.0|0.0|0.0|0.0|1.0|0
||-0.38230379172989815|-1.1259614548442287|-0.34337395845676183|1.733817379876498|1.304108253596229|-0.3518239738226546|1.3689890080098372|-0.34222678032055664|-0.3611924951998446|-0.34784900059520363|-0.24203672508017238|-0.38610977776146865|0.4991184186828339|0.0|1.0|0.0|1.0|0.0|0.0|0.0|0.0|0.0|1.0|0.0|0.0|0.0|0.0|1.0|1
-1.5754457626959788|-0.462391138044792||||-0.3739865222887676|-0.3543882748304699|-0.3453128458837543|0.15921274799621207|-0.35379902023682713|-0.37474319354113217||-0.22834730128329808||-0.2749429460630012|0.0|1.0|0.0|0.0|0.0|0.0|1.0|1.0|0.0|0.0|0.0|0.0|0.0|1.0|0.0|0
|-0.462391138044792|-0.40260695071120545|-1.2013588315098565||-0.3864569183749765|||-0.3604616441496732|0.6495141805038234|-0.3786899988832547|-0.3385329291318423||-0.377589711461095|0.4991184186828339|0.0|1.0|0.0|0.0|0.0|1.0|0.0|0.0|0.0|1.0|0.0|0.0|0.0|0.0|1.0|0
-0.3186594311394817|||0.9528519303652172|||2.398103325117798|-0.36505256826189925|||1.395048175259327|||-0.3731922578867086||0.0|1.0|1.0|0.0|0.0|0.0|0.0|1.0|0.0|0.0|0.0|1.0|0.0|0.0|0.0|0
||||-0.37431383247813005|1.5726614919931836||-0.3551024642989319||-1.0766782736731897|-0.35597394146970474||0.7436017882947767|-0.3672831796461269||0.0|1.0|0.0|0.0|0.0|0.0|1.0|0.0|0.0|0.0|1.0|1.0|0.0|0.0|0.0|0
-0.3160089151502588|-0.462391138044792||-0.2892659949319502||-0.38749292051136924||-0.35902289696636835|-0.3349524234968737||-0.3529919107667676||1.0858373832166341|||0.0|1.0|0.0|1.0|0.0|0.0|0.0|1.0|0.0|0.0|0.0|0.0|0.0|1.0|0.0|1
-0.3098243778420722|||||-0.37824564218282664|-0.3476253962065184|||3.1664763622926526||2.768984473777208||-0.3672831796461269||0.0|1.0|0.0|1.0|0.0|0.0|0.0|1.0|0.0|0.0|0.0|1.0|0.0|0.0|0.0|0
1.9144002897807615|-0.462391138044792|-0.4114476655829459|-0.28452673125582506|2.412067702939625|-0.3846535072486632|-1.271752869350011|-0.356134157106152|-0.33234463998663366||0.7536923071644063|-0.3381278825464787||-0.37731487061269586|0.4991184186828339|0.0|1.0|0.0|0.0|0.0|0.0|1.0|1.0|0.0|0.0|0.0|1.0|0.0|0.0|0.0|0
-1.2662188972866473|-0.462391138044792|-0.39722122785830616|-0.28064915188444994|1.7666332448779705||-0.33887343563434585|-0.3579682776523211|-0.32814865749647293|||-0.36202563108292735|-0.1462107585020523|-1.0744486825771389||0.0|1.0|0.0|0.0|0.0|0.0|1.0|0.0|0.0|0.0|1.0|0.0|0.0|1.0|0.0|0
1.1965522093662422|-0.462391138044792||||-0.3788595693747631|-0.3476253962065184|-0.3502420448515838||-0.34145529765947197|-0.36632334214460394|-0.3535196527902931||1.2651340394206225||0.0|1.0|0.0|0.0|0.0|1.0|0.0|1.0|0.0|0.0|0.0|0.0|0.0|0.0|1.0|0
||3.1270128957368444|||0.5232296982768379|||||-0.35921909252878326|-0.3510893732781119|-0.9675761863145098|-0.3891330270938593|0.4991184186828339|0.0|1.0|0.0|0.0|0.0|0.0|1.0|1.0|0.0|0.0|0.0|0.0|0.0|1.0|0.0|0
|-0.462391138044792|0.9005753918307233|||-0.39441878664540214||-0.36606133456229223||-0.34338400431218374|-0.3532550311229091|||||0.0|1.0|0.0|0.0|1.0|0.0|0.0|1.0|0.0|0.0|0.0|1.0|0.0|0.0|0.0|0
|-0.462391138044792|-0.9163439404304108|-1.4921772843629912|0.1098260422643474|2.1098477849375654||-0.34418944704922577|-0.3380896066670873|2.6650126325875982||||-0.3980653546668317||0.0|1.0|0.0|0.0|0.0|1.0|0.0|0.0|0.0|1.0|0.0|0.0|0.0|1.0|0.0|0
|-0.462391138044792||-0.2931435743033253||||||-0.33759788435404847|-0.3632097512635961|-0.36162058449756385||||0.0|1.0|0.0|0.0|0.0|0.0|1.0|0.0|0.0|1.0|0.0|1.0|0.0|0.0|0.0|0
-0.3093826251772017||-0.413744219101352|-0.28452673125582506|-0.3770543676770426|-0.39148344725895606|0.6676020301654977||-0.33769745877081064|-0.3429982629816414|||-0.25572614887704664|-0.38130006291448354||0.0|1.0|0.0|0.0|0.0|1.0|0.0|0.0|0.0|0.0|1.0|0.0|1.0|0.0|0.0|0
|-0.462391138044792||||-0.38722432736489704|-0.35120574371331625||||||||1.2731797834286689|0.0|1.0|0.0|0.0|0.0|0.0|1.0|0.0|0.0|1.0|0.0|0.0|0.0|0.0|1.0|0
|-0.462391138044792|||-0.3544129366878957|-0.3876847727588494||||||-0.3401531154732964||||0.0|1.0|1.0|0.0|0.0|0.0|0.0|1.0|0.0|0.0|0.0|1.0|0.0|0.0|0.0|0
-0.3102661305069427||-0.39244520947931993||||||-0.34836388154953696|1.565649840541903||-0.3377228359611152|-0.22834730128329808|-0.37690260934009717|-1.0490043108088363|0.0|1.0|0.0|1.0|0.0|0.0|0.0|0.0|0.0|0.0|1.0|0.0|0.0|0.0|1.0|0
|1.6153468188558258|||-0.3613795308384024|-0.40119117098145096|2.636793158904322|-0.37293928661042636|0.31558172163654696|-0.33991233233730256|||-0.25572614887704664|||0.0|1.0|0.0|0.0|0.0|0.0|1.0|1.0|0.0|0.0|0.0|0.0|1.0|0.0|0.0|0
|||-0.2733248352940747||-1.561244970594843|-0.3356909045171922|||-0.3472414176176072|||-0.25572614887704664|2.8042427904558602||0.0|1.0|1.0|0.0|0.0|0.0|0.0|0.0|0.0|0.0|1.0|0.0|0.0|1.0|0.0|1
|1.9477848919599245||||-0.37210637026346227|-1.3115345083144316|0.9111514342693845||3.2821987614553576||||||1.0|0.0|0.0|0.0|0.0|0.0|1.0|0.0|0.0|0.0|1.0|0.0|0.0|0.0|1.0|0
-0.2872949919336781||-0.3971602574109148|-1.3306114772223607|-0.3592921138410998||-1.3712069667610627||-0.339442516909242|-1.4431325376884214||1.0677888152503554||-0.3984776159394304||1.0|0.0|0.0|0.0|0.0|0.0|1.0|1.0|0.0|0.0|0.0|1.0|0.0|0.0|0.0|0
||-0.4174024459448308|-0.2866809420177001|1.7743169884263232|-0.3902747780998312|-0.348818845375451|||-0.3352834363707944|-0.35334273790828963|||-0.38762140242766396||1.0|0.0|0.0|0.0|0.0|0.0|1.0|0.0|0.0|1.0|0.0|1.0|0.0|0.0|0.0|0
-0.3261692264422797||-0.40508641557178554||-1.2767695122321938||-0.3551839076097583|-0.35219079793188846|-0.3537167003337139||-0.3718927230162658|-0.35189946644883896|1.0858373832166341||0.4991184186828339|0.0|1.0|0.0|0.0|0.0|1.0|0.0|0.0|0.0|1.0|0.0|0.0|0.0|0.0|1.0|0
|1.6984563371318504|0.3686082383415155|||||-0.364387699563913||-0.3483986416092343|-0.3532988845155993|-0.3502792801073848||0.492144153298014||0.0|1.0|0.0|0.0|0.0|0.0|1.0|0.0|0.0|1.0|0.0|0.0|1.0|0.0|0.0|0
||0.3472685817545559|-0.2763407303606998||-0.38246639162738966|||1.3670282685284538|||-0.3417733018147506|0.40136619337291946|-0.3806129607934856|1.2731797834286689|0.0|1.0|0.0|0.0|1.0|0.0|0.0|0.0|0.0|0.0|1.0|0.0|0.0|1.0|0.0|1
0.8541938940916254||||-0.36088008750775946|||0.8641520952738014|-1.0461518481843002||-0.369480786418302|-0.3648609571804721|-0.11883191090830372|||0.0|1.0|1.0|0.0|0.0|0.0|0.0|0.0|0.0|1.0|0.0|0.0|0.0|1.0|0.0|0
||||-0.33631772063152426||1.9008328380625392|3.2679963360966724||||||1.1551977000609626|-1.0490043108088363|1.0|0.0|0.0|0.0|0.0|0.0|1.0|0.0|0.0|1.0|0.0|1.0|0.0|0.0|0.0|1
-0.32351871045305686|2.6957705564441468|1.5234901293453067|-0.28323420479870004|-0.3607264126367924|-0.39409263782468595|||||-0.3449667399044517|2.606965839631793||-0.39765309339423294|0.4991184186828339|0.0|1.0|1.0|0.0|0.0|0.0|0.0|0.0|0.0|1.0|0.0|0.0|0.0|0.0|1.0|0
||-0.42299140362236787|-0.2909893635414503|-0.3869535906151708|||-0.35590489203788084|||-0.37307676461890255||-0.24203672508017238|||0.0|1.0|0.0|0.0|1.0|0.0|0.0|0.0|0.0|1.0|0.0|0.0|0.0|0.0|1.0|0
-0.28066870196062094||0.09678166038857738|0.9851650917933433|||-1.1722987719389593||1.246442790423368|||||0.15889962461404505||0.0|1.0|0.0|0.0|1.0|0.0|0.0|1.0|0.0|0.0|0.0|0.0|0.0|1.0|0.0|0
0.202608713407677|-0.462391138044792|-1.3548230745862717|1.5668019974996132|||||-0.3445600469556529|0.553078847868236||||||0.0|1.0|0.0|0.0|0.0|1.0|0.0|0.0|0.0|0.0|1.0|1.0|0.0|0.0|0.0|0
-0.31556716248538835|||-1.2552141005567332||-0.36326198165462803|-0.3432494159204321|||-0.33991233233730256|||2.4547797629040637|||0.0|1.0|0.0|0.0|0.0|0.0|1.0|0.0|0.0|0.0|1.0|0.0|1.0|0.0|0.0|0
-1.5423143128306933|-0.462391138044792||-0.2879734684748252|0.5423567728403869|1.6503616522226388|1.304108253596229|-0.37458999510197855|||||-1.3098117812363672|||1.0|0.0|0.0|0.0|0.0|0.0|1.0|0.0|0.0|1.0|0.0|1.0|0.0|0.0|0.0|0
-0.321751699793575|-0.462391138044792|2.2348120155772944|-1.395237800078613||-0.390025370178107|2.1594134913312737|3.011219459632999||-0.350327348261946|3.2390833378843804||-0.25572614887704664|-0.3958666278796385||1.0|0.0|0.0|0.0|0.0|0.0|1.0|0.0|0.0|1.0|0.0|0.0|0.0|1.0|0.0|1
-0.3244022157827978|-0.462391138044792|-0.4102079331526558|||||0.7592633265397563||-1.2599054056808057||1.381699918907096||-0.36013731758774903||0.0|1.0|0.0|0.0|0.0|1.0|0.0|1.0|0.0|0.0|0.0|1.0|0.0|0.0|0.0|0
|-0.462391138044792|-0.4023020984742489|-0.29228188999857535|-0.36479879671741955||3.392644299228315|0.8423719137880434||-0.34531271096489546||0.8045085347640569|0.7436017882947767||3.595363877666174|0.0|1.0|0.0|0.0|0.0|1.0|0.0|1.0|0.0|0.0|0.0|0.0|0.0|1.0|0.0|0
||-0.3962863476649726|-0.30176041735082565||1.4163019102968726|-0.3496144781547394||2.2199499429302803|||-0.3413682552293871|-1.6520473761582246|1.8216867574289004||0.0|1.0|0.0|0.0|0.0|1.0|0.0|1.0|0.0|0.0|0.0|0.0|0.0|0.0|1.0|0
|-0.462391138044792|-0.389864127206421||-0.35146750166102697|||-0.36791838161528845|||||1.4280729781384915||-1.0490043108088363|0.0|1.0|0.0|0.0|0.0|1.0|0.0|0.0|0.0|0.0|1.0|1.0|0.0|0.0|0.0|0
-1.7852782785094536||0.3599707582944128||-0.3685638310561125|-0.37427430065998785||-0.3455879639656797|-0.3416581525232053|0.8327413125114393||-0.3413682552293871|-0.25572614887704664|-0.3802006995208869||0.0|1.0|0.0|0.0|0.0|1.0|0.0|0.0|0.0|0.0|1.0|0.0|0.0|0.0|1.0|0
||0.6993729154393897|-0.3052071545698258||1.7155914163658852|-0.337282170075769|-0.35219079793188846|||-0.3483873045342913|-0.3498742335220213||-0.3880336637002627|1.2731797834286689|0.0|1.0|0.0|0.0|0.0|0.0|1.0|0.0|0.0|1.0|0.0|1.0|0.0|0.0|0.0|0
|||-0.28969683708432525|-0.3513010205508127||2.1991951302956942|||||||-1.4626613809409377||0.0|1.0|0.0|0.0|1.0|0.0|0.0|0.0|1.0|0.0|0.0|0.0|0.0|0.0|1.0|0
-0.3261692264422797|-0.462391138044792|-0.4044767110978724|||-0.3691902161017642|-0.3496144781547394|-0.3404294999295791|-1.6628044150794141|-0.3406838149983873|-0.3446597661556199|1.3513214250048309|-0.1599001822989266||-1.0490043108088363|0.0|1.0|0.0|0.0|0.0|0.0|1.0|0.0|0.0|0.0|1.0|1.0|0.0|0.0|0.0|0
|||||-0.38981433270587884||-0.36138432716956104|-0.3374033478486031|||-0.3543297459610202||||0.0|1.0|0.0|1.0|0.0|0.0|0.0|1.0|0.0|0.0|0.0|0.0|1.0|0.0|0.0|0
|2.030894410235949|1.0194677642437842|-0.29788283797945053||-0.3909462609660117||-1.223879514005578|||-0.37110336194784127|-0.35230451303420246|-1.6520473761582246|-0.3902323904874559||0.0|1.0|0.0|0.0|0.0|1.0|0.0|1.0|0.0|0.0|0.0|0.0|0.0|0.0|1.0|0
-0.3115913885015541||-0.4218126416394691||-0.3856985791689398|-0.38553602758707184|-0.3492166617650952|||-1.2888360054714818|0.8293394095550892|-0.3413682552293871|||-0.2749429460630012|1.0|0.0|0.0|0.0|1.0|0.0|0.0|0.0|0.0|1.0|0.0|0.0|0.0|0.0|1.0|0
|||-0.2866809420177001||-1.5171189536744119|-0.33449745534825953||-0.3309721223496652|-0.33952659100676025||0.6829945591549961|-0.24203672508017238||-0.2749429460630012|0.0|1.0|1.0|0.0|0.0|0.0|0.0|1.0|0.0|0.0|0.0|0.0|0.0|0.0|1.0|0
-0.33058675309098445|-0.462391138044792||-0.2888351527795752||-1.1314959362393378|-0.3547860912201141|0.3236596968245961|-0.3361680819753315|1.2570567761080236||-0.3494691869366578||-0.38762140242766396|-1.0490043108088363|0.0|1.0|0.0|0.0|0.0|0.0|1.0|1.0|0.0|0.0|0.0|0.0|0.0|0.0|1.0|0
-0.06244288551460706|-0.462391138044792|1.861876112367095|-0.2879734684748252||||2.2775712411653606|2.0013274907560192|1.9128170380300171|-0.3484750113196718||0.7436017882947767|-1.1843850219367986||0.0|1.0|0.0|0.0|1.0|0.0|0.0|0.0|0.0|0.0|1.0|1.0|0.0|0.0|0.0|1
-0.32042644179896357|-0.462391138044792||-0.9859377553223491|-0.37360948931953103|||2.6994189667842527|-0.34085424933583813|1.3920662417978458|0.5388106829821764|-0.34784900059520363|-0.25572614887704664|||0.0|1.0|0.0|0.0|0.0|0.0|1.0|0.0|0.0|1.0|0.0|0.0|0.0|0.0|1.0|0
|||-0.2888351527795752|0.6329609155147163|-0.37578993341508093|-1.6496784395120077||||-0.35378127183519215|||-1.4076932112611078||1.0|0.0|0.0|0.0|0.0|1.0|0.0|1.0|0.0|0.0|0.0|0.0|0.0|0.0|1.0|0
-0.30849911984746076||2.5589715608744426|0.8128282308433374|2.807140183717443|-0.39177122563017625|-0.34086251758256686|-0.3633789332635199||||-0.35068432669274835||||0.0|1.0|0.0|1.0|0.0|0.0|0.0|1.0|0.0|0.0|0.0|0.0|0.0|0.0|1.0|0
2.1131889889724746||-0.4000461919207703|||-0.38684062286993676||-1.3281951200689452|-0.3497952213709469|1.1220473104182014|-0.3679459176741432||-0.13252133470517802||0.4991184186828339|0.0|1.0|0.0|1.0|0.0|0.0|0.0|0.0|0.0|0.0|1.0|0.0|0.0|0.0|1.0|0
-0.3195429364692226|-0.462391138044792|||-0.36365904142441385|1.4172611715342731|0.9162372736931271|1.4739971768750253||-0.33412621237916734|||-0.22834730128329808||-1.0490043108088363|0.0|1.0|0.0|1.0|0.0|0.0|0.0|1.0|0.0|0.0|0.0|0.0|0.0|1.0|0.0|0
|-0.462391138044792|||1.3171342472993177||||-0.3406973901773274|-0.33605491903187906|-0.35878055860188074|-0.3494691869366578||-0.38762140242766396|-1.0490043108088363|0.0|1.0|1.0|0.0|0.0|0.0|0.0|0.0|0.0|0.0|1.0|0.0|0.0|0.0|1.0|0
||-0.40256630374627794||-1.3443224242614642|-1.3367778410430837|-0.3436472323100763||||||1.0858373832166341|3.4363767417739046|-1.0490043108088363|0.0|1.0|0.0|0.0|0.0|0.0|1.0|1.0|0.0|0.0|0.0|0.0|0.0|0.0|1.0|0
||-0.4104518149422211|-0.2853884155605751||-0.382907651796594||1.6688724849054921|-0.3451678761948818|-0.3291115750821168||||1.093358509171154||1.0|0.0|0.0|0.0|0.0|0.0|1.0|1.0|0.0|0.0|0.0|0.0|1.0|0.0|0.0|0
||-0.41228092836396046|0.9959361456027187|-0.3754920064888775|||-1.5207777774167004|||3.3925702123002592|-0.33934302230256935||||0.0|1.0|0.0|1.0|0.0|0.0|0.0|1.0|0.0|0.0|0.0|0.0|1.0|0.0|0.0|0
||-0.39791222626207434|2.0622704727308805|-0.3600989069136769||-1.4607156544310094|-0.35141129669976656|-0.3166195093459379||-0.3345734858368622||-0.26941557267392097|-0.3762155072190993||0.0|1.0|0.0|0.0|0.0|0.0|1.0|0.0|0.0|1.0|0.0|0.0|0.0|0.0|1.0|0
-0.33279551641533683|0.6180325995435292||-0.9859377553223491||0.44552953804738266||||-0.3561134682200812|-0.3620257096609593|-0.3486590937659307|-0.25572614887704664|||0.0|1.0|0.0|0.0|0.0|0.0|1.0|0.0|0.0|0.0|1.0|0.0|0.0|1.0|0.0|0
-0.9901234817426015|-0.462391138044792||-1.4167799076973637|-0.35460503027660456||-1.0330630355634869|1.9107471319315417|||||-0.26941557267392097|3.106567723694925||1.0|0.0|0.0|0.0|0.0|0.0|1.0|1.0|0.0|0.0|0.0|0.0|0.0|1.0|0.0|0
0.9535882436874817|1.6984563371318504|-0.41089893155642404|-0.2858192577129501|||-0.33847561924470165||-0.338128821456715|-0.3406838149983873|-0.35619320843315594|1.9588913030501351||-0.382124585459681||0.0|1.0|1.0|0.0|0.0|0.0|0.0|1.0|0.0|0.0|0.0|0.0|1.0|0.0|0.0|0
-0.3283779897666321||-1.2384711374811823||-0.3684357686636399|-0.3855168423623238||-1.3620117176389381|||||2.4547797629040637|-0.39133175388105246|-0.2749429460630012|0.0|1.0|1.0|0.0|0.0|0.0|0.0|1.0|0.0|0.0|0.0|1.0|0.0|0.0|0.0|0
-0.3173341731448702|2.030894410235949|-0.4153091272510624|||-0.38856729309725796|1.7615971016870668||||-0.3600961603825883||-0.1735896060958009|1.6155561211295382||1.0|0.0|0.0|0.0|0.0|0.0|1.0|1.0|0.0|0.0|0.0|0.0|0.0|1.0|0.0|0
|-0.462391138044792||2.2776915489183875|3.1138496136892018||-1.7491325369230593|-0.35805998367962955|0.446951266889242|0.5434353146046773||-1.5245093310762765||1.6499112271794318|-1.0490043108088363|0.0|1.0|0.0|1.0|0.0|0.0|0.0|0.0|1.0|0.0|0.0|1.0|0.0|0.0|0.0|0
-0.01826761902755972||-0.4028101855358432||1.4676075584545647|-0.37738230706916603||-0.3487518219078214|||||||-0.2749429460630012|0.0|1.0|1.0|0.0|0.0|0.0|0.0|1.0|0.0|0.0|0.0|0.0|0.0|0.0|1.0|0
||-0.3948433804100449|-1.395237800078613|||-0.35120574371331625||||-0.35000988006383055|1.9183866445137816|-0.2146578774864238|-0.38281168758067885||0.0|1.0|0.0|0.0|0.0|1.0|0.0|0.0|0.0|0.0|1.0|0.0|0.0|0.0|1.0|0
-0.3098243778420722|-0.462391138044792||-0.2905585213890753|-0.3724185090695363|-0.38666795584720465|-1.3314253277966421|||-0.3534132789062848|||-0.24203672508017238|||0.0|1.0|0.0|0.0|0.0|1.0|0.0|0.0|0.0|0.0|1.0|1.0|0.0|0.0|0.0|1
-1.553358129452455||||||3.3130810212994737|-1.4726321130797615||-0.33991233233730256|||-0.1599001822989266|-0.3731922578867086||0.0|1.0|0.0|0.0|0.0|0.0|1.0|0.0|0.0|1.0|0.0|0.0|0.0|0.0|1.0|1
2.709555086547614|-0.462391138044792|-1.1439669440246467|-0.2815108361892|||1.4632348094539116|0.8996881808558276||-1.5395678703240088|-0.34268636348455866||||-1.0490043108088363|1.0|0.0|0.0|0.0|0.0|0.0|1.0|0.0|0.0|0.0|1.0|1.0|0.0|0.0|0.0|0
-0.31556716248538835||-0.3900063915836674|||-0.3853441753395917|-0.3472275798168742|-0.35684487881779253|-0.3460306015666905||-0.3641745259027816||-0.6253405913926526|-0.3880336637002627||0.0|1.0|0.0|0.0|0.0|0.0|1.0|1.0|0.0|0.0|0.0|0.0|0.0|1.0|0.0|0
2.9304314189828506||1.4686167266931247|||1.508390989087338|||-0.3262271328047171|-1.144183006518101|-0.3442212322287174|-1.2814813798581546|-0.26941557267392097|||0.0|1.0|1.0|0.0|0.0|0.0|0.0|1.0|0.0|0.0|0.0|0.0|0.0|1.0|0.0|0
|-0.462391138044792|-0.4052490034314957|-0.26729304516082447|-0.36794913157224424||-0.3496144781547394|-0.35471271368287094|1.338597546048393||0.46754891986051855|-1.716906459123956||||0.0|1.0|0.0|0.0|0.0|1.0|0.0|1.0|0.0|0.0|0.0|1.0|0.0|0.0|0.0|0
-0.30275633520414463|2.280222965064023|-0.4017330409652633|-0.2858192577129501|-0.3641840972335513|-0.3863418070264884|-0.35279700927189306|-0.3578536451181855|-0.3283447314446113||-1.646184607809579|1.7158633518320134|-0.2146578774864238|||1.0|0.0|1.0|0.0|0.0|0.0|0.0|0.0|0.0|0.0|1.0|0.0|1.0|0.0|0.0|0
-0.32396046311792737||||-0.3770799801555371||-0.35001229454438365||-0.33189366990591546||-0.34992217327845004|-0.34420358132693174|3.139250952747778|-0.38281168758067885|-1.0490043108088363|1.0|0.0|0.0|0.0|0.0|1.0|0.0|1.0|0.0|0.0|0.0|1.0|0.0|0.0|0.0|0
1.759786857076096|1.2829087457517268|-0.38740498582830474||-0.34884222261533976||2.5970115199399015||-0.346932541728127||-0.36505159375658663|1.7968726689047207||||1.0|0.0|0.0|0.0|0.0|0.0|1.0|0.0|0.0|0.0|1.0|0.0|1.0|0.0|0.0|0
-1.4429199632348366||-0.4031963317026548||1.446477263696594|-0.397027977211132|-0.3249498619967986|-0.36869788284741034|-1.0770334950160902|-0.34184103899001433|0.30748403654110246||-0.1872790298926752|2.735532578356073|-0.2749429460630012|0.0|1.0|0.0|0.0|0.0|0.0|1.0|0.0|0.0|0.0|1.0|0.0|0.0|0.0|1.0|0
-0.35930067630756524|-0.462391138044792|1.4421961994902224||3.6248185596546785|||-0.3559736715583622||-0.3480129002786919|-0.36272736394400334|-0.3332673235221163||-0.37277999661410993||1.0|0.0|0.0|1.0|0.0|0.0|0.0|0.0|0.0|0.0|1.0|1.0|0.0|0.0|0.0|0
-1.2109998141778382||-0.3960831128403349||0.7123595988476977||||-0.3349524234968737||||||-1.0490043108088363|0.0|1.0|0.0|0.0|0.0|0.0|1.0|0.0|0.0|0.0|1.0|0.0|1.0|0.0|0.0|0
-0.32749448443689116|1.532237300579801||-0.2776332568178248|-0.3536445623330604||-0.3436472323100763||-1.705940683669851|-1.4045584046341866||-0.35230451303420246||-1.2977568719014478|1.2731797834286689|0.0|1.0|0.0|0.0|0.0|0.0|1.0|1.0|0.0|0.0|0.0|0.0|0.0|0.0|1.0|0
1.406384725179717|-0.462391138044792|-0.40323697866758235|||-0.3964332352439436|-1.6098968005475869|2.36010666574297|-0.32842316102386665|1.8356687719215472|||-0.24203672508017238|||0.0|1.0|0.0|0.0|1.0|0.0|0.0|1.0|0.0|0.0|0.0|1.0|0.0|0.0|0.0|1
|-0.462391138044792|-0.3890918348727977|||||1.7812123683583492||-0.34222678032055664|||-0.2009684536895495||-1.0490043108088363|0.0|1.0|0.0|0.0|0.0|1.0|0.0|0.0|0.0|1.0|0.0|0.0|0.0|1.0|0.0|0
-1.4650075964783604||-0.4146994227771493||-0.378078866816823|-0.3855935832613159|||-0.3222468316575086|-0.3464699349565225|-0.3402305734939046|-0.3429884415708412|-0.25572614887704664|||0.0|1.0|0.0|0.0|0.0|0.0|1.0|0.0|0.0|0.0|1.0|0.0|0.0|1.0|0.0|1
|||-0.2858192577129501||||-0.35081520752226164|-0.3488540664198828|-0.3522560549146578|||-0.13252133470517802|||0.0|1.0|0.0|0.0|0.0|0.0|1.0|0.0|0.0|0.0|1.0|1.0|0.0|0.0|0.0|0
-0.3098243778420722||-1.115005981513773||||-0.3424537831411437|-0.3594814271029106|||0.40067249600788585||1.0858373832166341|0.09362492311924703|0.4991184186828339|0.0|1.0|0.0|0.0|1.0|0.0|0.0|0.0|0.0|1.0|0.0|0.0|1.0|0.0|0.0|0
-0.3129166464961655|||3.462507467949678||-0.40247658103956785|0.7372198983532339||2.8709154507496053|-0.3441554869732684||0.4905974311073164|-0.26941557267392097|-0.39284337854724777||1.0|0.0|0.0|0.0|1.0|0.0|0.0|0.0|0.0|0.0|1.0|0.0|1.0|0.0|0.0|0
-1.5423143128306933||0.5261152274357414|-0.29615946936995047|-0.36144356203463873|-0.3936130072059856|-0.3607533370647772|1.1255142731028975|0.8180212137410713||-0.3482118909635302|||-0.39435500321344313||1.0|0.0|0.0|0.0|0.0|1.0|0.0|1.0|0.0|0.0|0.0|1.0|0.0|0.0|0.0|0
|-0.462391138044792|-0.3722233444278677|1.8253072889246222||-0.3793583852182114|||-1.5618263317881629|||1.1893027908594163|-0.2146578774864238|2.474433772376881||1.0|0.0|0.0|0.0|0.0|1.0|0.0|0.0|0.0|0.0|1.0|0.0|0.0|0.0|1.0|1
|-0.462391138044792|-0.41244351622367065||-0.3756584875990919||-0.3555817239994025|||-0.333740471048625|-1.171471631937612|-0.34825404718056713||0.5402413017678652|0.4991184186828339|0.0|1.0|0.0|1.0|0.0|0.0|0.0|0.0|0.0|1.0|0.0|0.0|0.0|0.0|1.0|0
||-0.40787073266932217||1.1961152864127576|-0.4016324311506552|1.821269560133698||-0.35557940284102824||-0.3737784189019466|-0.34420358132693174|-0.2146578774864238|-0.38281168758067885||0.0|1.0|0.0|0.0|0.0|0.0|1.0|0.0|0.0|1.0|0.0|0.0|0.0|0.0|1.0|0
0.9646320603092436||-0.3985829011833788|-0.27590988820832474|0.64544699878079||0.6576566204243925|-0.3554463619013386|-0.32250172779008845|-0.3464699349565225||||||0.0|1.0|0.0|0.0|0.0|0.0|1.0|0.0|0.0|0.0|1.0|0.0|0.0|0.0|1.0|0
-0.31335839916103597|2.5295515198920975|||-0.3817798699592797||-0.35041011093402785||-0.34542277232746166|-0.33566917770133675|||-0.25572614887704664||-0.2749429460630012|0.0|1.0|1.0|0.0|0.0|0.0|0.0|1.0|0.0|0.0|0.0|0.0|0.0|1.0|0.0|0
2.2015395219465694|-0.462391138044792|-1.1078927626514532|-1.362924638650487||-0.39140670635996405|||-0.33765824398118294|1.6620851731774902|||-1.9942829710800818|-0.3705812698269167||0.0|1.0|0.0|0.0|0.0|0.0|1.0|1.0|0.0|0.0|0.0|1.0|0.0|0.0|0.0|0
-0.32042644179896357|-0.462391138044792|2.5538906902584997||-0.37070247301040415||-0.35200137649260466||-0.3513049907716122|2.703586765641833|2.2918500557749595||0.7436017882947767|-0.37580324594650055||1.0|0.0|1.0|0.0|0.0|0.0|0.0|0.0|0.0|1.0|0.0|1.0|0.0|0.0|0.0|0
-0.3548831496588605|-0.462391138044792||||-0.3775933445413942||0.7718729052946688|-0.33456027560059703||1.7919213791060984|-0.36162058449756385|-0.2146578774864238||0.4991184186828339|0.0|1.0|0.0|1.0|0.0|0.0|0.0|1.0|0.0|0.0|0.0|0.0|0.0|0.0|1.0|0
-0.3146836571556474|-0.462391138044792|-0.38073888358018776|||0.43689618691077653||3.1006328362587423|-0.3485011333132338|-0.3526417962452001||-0.3288118110831174|-0.2009684536895495|0.983422169811494|2.821302512920339|0.0|1.0|1.0|0.0|0.0|0.0|0.0|0.0|0.0|0.0|1.0|1.0|0.0|0.0|0.0|0
-0.3195429364692226||||||1.602470545829384|1.680335738319049|-0.3402464200966092||-0.3583420246749782||2.4547797629040637||-0.2749429460630012|0.0|1.0|0.0|1.0|0.0|0.0|0.0|1.0|0.0|0.0|0.0|0.0|0.0|0.0|1.0|0
-0.3186594311394817||||3.6068898247085213|-0.3887207748952421|-0.3464319470375858|||-0.3387551083456755|-0.36807747785221395|-1.686527965221691|1.0858373832166341|0.7635494910921743||0.0|1.0|0.0|0.0|1.0|0.0|0.0|0.0|0.0|1.0|0.0|0.0|0.0|1.0|0.0|0
||-0.41555300904062764|-0.2681547294655745|-0.3789881098033781||2.398103325117798|||-0.34376974564272605|||-0.22834730128329808|||0.0|1.0|0.0|1.0|0.0|0.0|0.0|0.0|0.0|0.0|1.0|1.0|0.0|0.0|0.0|0
|-0.462391138044792||||-0.3932101174862773||-1.166563246937794|0.6792988954331879|-0.3368264016929638|||-0.25572614887704664|||0.0|1.0|0.0|0.0|0.0|0.0|1.0|0.0|0.0|1.0|0.0|1.0|0.0|0.0|0.0|1
-1.0453425648514105||3.358700595823835|0.683575585130833||||||-0.3445412283038108|-0.35785963735538545|1.3918260835411846||||1.0|0.0|0.0|0.0|0.0|1.0|0.0|0.0|0.0|1.0|0.0|1.0|0.0|0.0|0.0|0
|-0.462391138044792||-0.28064915188444994|1.2889605209553567|-0.3677513242456632|||-0.33324658014807007|-0.3472414176176072|-0.35128162845184785||||-0.2749429460630012|0.0|1.0|0.0|0.0|0.0|1.0|0.0|1.0|0.0|0.0|0.0|0.0|0.0|1.0|0.0|0
|-0.462391138044792|-0.38787242592497145|-0.28969683708432525||-0.3999825018223261|-0.3348952717379038||-0.33324658014807007|-0.3429982629816414|-1.5233951082768762||||2.047241148174504|0.0|1.0|0.0|0.0|0.0|0.0|1.0|0.0|0.0|0.0|1.0|1.0|0.0|0.0|0.0|0
-0.33412077440994825|-0.462391138044792||-1.3736956924598622|||-0.34006688480327846|-0.34159875177776194||-0.32872583375157444|1.5967737816344816||-0.25572614887704664|-0.3843233122468742|-1.0490043108088363|0.0|1.0|0.0|0.0|0.0|0.0|1.0|0.0|0.0|1.0|0.0|1.0|0.0|0.0|0.0|1
|-0.462391138044792|-0.3956156727436682||-0.357640108978204||-0.3535926420511815|||||0.8146346993981454|-0.22834730128329808|-0.38102522206608436|-0.2749429460630012|0.0|1.0|0.0|0.0|0.0|1.0|0.0|0.0|0.0|0.0|1.0|1.0|0.0|0.0|0.0|0
||-0.4069358524759887||||||||0.5892420845759652|-0.3470389074244765||-0.3854226756404708||0.0|1.0|0.0|0.0|0.0|0.0|1.0|1.0|0.0|0.0|0.0|0.0|0.0|0.0|1.0|0
-0.3358877850694301|-0.462391138044792||-0.28064915188444994||||-0.3414382662299721|-0.32154096544421057|||-0.36162058449756385||0.8940988940817705|-1.0490043108088363|1.0|0.0|1.0|0.0|0.0|0.0|0.0|0.0|0.0|0.0|1.0|0.0|0.0|0.0|1.0|1
-0.27978519663088003|-0.462391138044792|-0.39911131172743686||0.6313601356088093|-0.3762503788090333||-1.5970084126168533|1.1131125056892894||-0.33632762154447227|-0.35189946644883896|2.4547797629040637||-0.2749429460630012|0.0|1.0|0.0|0.0|0.0|1.0|0.0|0.0|0.0|0.0|1.0|0.0|0.0|0.0|1.0|0
1.7156115905890486|-0.462391138044792||-0.28107999403682493|-0.3546690614728408|-0.3935938219812376|-1.0529538550456972||-0.3411875750476733||-0.35926294592147356|||-1.400822190051129|0.4991184186828339|0.0|1.0|0.0|1.0|0.0|0.0|0.0|1.0|0.0|0.0|0.0|1.0|0.0|0.0|0.0|0
-0.3283779897666321|3.443756220928369|0.444821297580657|-0.27849494112257484|3.3789387661073813|-0.38442328455168706|-0.34126033397221106|0.5982046160792825|3.0454212645927377|-0.34608419362598014|-0.36189414948288856|-0.3648609571804721|-0.24203672508017238|-0.4017757061202202||0.0|1.0|0.0|0.0|0.0|0.0|1.0|0.0|0.0|1.0|0.0|0.0|0.0|1.0|0.0|0
||-0.4143945705401927||-0.3777459045963944||||0.9386066918461571|||-0.35149441986347546|-0.22834730128329808|0.46466006845809904|0.4991184186828339|0.0|1.0|1.0|0.0|0.0|0.0|0.0|0.0|0.0|0.0|1.0|0.0|0.0|0.0|1.0|0
-0.3323537637504663|-0.462391138044792|1.8750863759685463|0.7158887465589591|-0.3779636106635977|-1.3458908227983901|||-0.33589357844793777|||||||0.0|1.0|1.0|0.0|0.0|0.0|0.0|1.0|0.0|0.0|0.0|0.0|0.0|1.0|0.0|0
|-0.462391138044792|||-0.3715732972792175|-0.3891236646149504|-0.3233585964382218|3.1029254869414538|-0.34434436561270076|-0.3352834363707944|-1.2438297298765262|||1.8697839058987515||0.0|1.0|0.0|0.0|0.0|0.0|1.0|0.0|0.0|0.0|1.0|1.0|0.0|0.0|0.0|1
|-0.462391138044792||-0.28107999403682493||0.5539260578736597|-0.3428515995307879|-0.3559507450515351|||||-0.2146578774864238||1.2731797834286689|0.0|1.0|0.0|0.0|0.0|1.0|0.0|0.0|0.0|0.0|1.0|1.0|0.0|0.0|0.0|0
-0.06244288551460706|-0.462391138044792||-0.3000370487413256|-0.3532347626771482|||-0.3473303784845404|-0.07705635951050077|1.7199463727588424|-0.38425937975491653|||1.0246482970713664||1.0|0.0|0.0|1.0|0.0|0.0|0.0|0.0|0.0|0.0|1.0|0.0|0.0|0.0|1.0|0
|-0.462391138044792||-0.2862500998653251||1.5976022841656012||-0.35459808114873537|1.8954475587613095|2.5107161003706584|0.748210633078125||-0.2146578774864238||-1.0490043108088363|0.0|1.0|1.0|0.0|0.0|0.0|0.0|1.0|0.0|0.0|0.0|1.0|0.0|0.0|0.0|0
||-0.3937865593219288||-0.35568075437337393|-0.38793418068057356|-0.3448406814790089||-0.31920768546136413|0.9966813779919378||-0.3498742335220213||-0.3880336637002627||0.0|1.0|0.0|0.0|0.0|1.0|0.0|0.0|0.0|0.0|1.0|0.0|0.0|1.0|0.0|0
-0.3248439684476683|-0.462391138044792||0.974394037983968|||-1.4308794252076937|||-0.334897695040252|-0.36864757195718717||||-1.0490043108088363|1.0|0.0|0.0|0.0|0.0|0.0|1.0|0.0|0.0|1.0|0.0|0.0|0.0|0.0|1.0|0
-0.3067321091879789||-0.39096159525946467|-1.4921772843629912||-0.36838443666234766|-0.3563773567786909|-0.33960414568380304|-0.3433051736875675||-0.3614117621632958|||-0.399576979333027|0.4991184186828339|0.0|1.0|0.0|0.0|1.0|0.0|0.0|0.0|0.0|1.0|0.0|0.0|0.0|1.0|0.0|0
|||-0.28711178417007516|-0.35824200222282493|-0.37114710902606163|||-0.3428149888172216|-1.5202808037968913|-0.3609293748437031|-0.3458237676683859|||-0.2749429460630012|1.0|0.0|0.0|0.0|0.0|1.0|0.0|0.0|0.0|1.0|0.0|1.0|0.0|0.0|0.0|0
||-0.39370526539207373|||-0.39035151899882325||-0.36193456333341173|||-0.34860657149774255||1.770308573060349|1.2651340394206225|-0.2749429460630012|0.0|1.0|0.0|0.0|0.0|0.0|1.0|1.0|0.0|0.0|0.0|0.0|0.0|0.0|1.0|0
-0.3367712903991711|-0.462391138044792|2.0773050264830686|3.3332548222371736|||-1.3115345083144316||-0.3301290043726703||-1.6012348803020717||0.40136619337291946|||0.0|1.0|0.0|0.0|0.0|0.0|1.0|0.0|0.0|1.0|0.0|0.0|0.0|0.0|1.0|1
2.9966943187134216||-0.3913680649087401|-0.2888351527795752||-1.0777773069448997|1.721815462722646|-0.36908763346347123|-0.3393444799351728||-0.357421103428483|3.255040376213451|-0.9675761863145098||-0.2749429460630012|0.0|1.0|0.0|0.0|0.0|0.0|1.0|1.0|0.0|0.0|0.0|0.0|0.0|1.0|0.0|0
-2.580433075276306|-0.462391138044792|-0.391815181522943|-0.2815108361892|0.8266552841294491||-0.35239919288224886||2.0856392884555097||-0.34676472900475197||2.4547797629040637|||1.0|0.0|0.0|0.0|0.0|0.0|1.0|1.0|0.0|0.0|0.0|1.0|0.0|0.0|0.0|1
|-0.462391138044792||-0.27935662542732487|-0.38020470253186733|-0.4009417630597268|-1.4010431959843783|-0.37268709503532804|0.607241719492344||-0.3566755957527487||0.7436017882947767|-1.5382426142507037|2.047241148174504|0.0|1.0|0.0|1.0|0.0|0.0|0.0|0.0|0.0|0.0|1.0|1.0|0.0|0.0|0.0|1
1.1192454930139093||-0.4142523061629463||-0.37759222972542733||-0.32972365867252906|2.062062076990492|||||-2.3365185660019394||-1.0490043108088363|0.0|1.0|0.0|0.0|0.0|0.0|1.0|0.0|0.0|0.0|1.0|0.0|0.0|1.0|0.0|0
-0.3164506678151293|-0.462391138044792|-0.3932581487778708|||-0.3951094547363306||-0.3667491297671056|||-0.3415461752746121|||||0.0|1.0|0.0|0.0|0.0|0.0|1.0|0.0|0.0|0.0|1.0|0.0|0.0|0.0|1.0|0
-0.3425140750424872|-0.462391138044792|0.6993729154393897||||-0.3571729895579794||-0.3341485203095065||-0.3522025496983431|-0.34055816205865996|-0.2146578774864238|||0.0|1.0|0.0|0.0|0.0|1.0|0.0|0.0|0.0|0.0|1.0|1.0|0.0|0.0|0.0|0
|-0.462391138044792|-0.40850076062569907|-1.0936482934161027|-0.37143242864749765|0.45895919537099217|-0.33449745534825953|1.3971933790041948|-0.32401149719075373|||-0.3381278825464787||-0.37731487061269586|1.2731797834286689|0.0|1.0|0.0|0.0|0.0|1.0|0.0|0.0|0.0|1.0|0.0|0.0|0.0|1.0|0.0|0
-0.3447228383668396||||-0.3962381140694307|0.19564198570450508|1.94061447702696|2.1193783440582763|-0.31412937020458087|||-0.3555448857171108||-0.3932556398198465|0.4991184186828339|0.0|1.0|0.0|0.0|0.0|0.0|1.0|0.0|0.0|1.0|0.0|0.0|1.0|0.0|0.0|0
-0.3380965483937825|||-0.27677157251307477|1.1032700518701584||-0.3472275798168742||0.8288052808886806|-0.3483986416092343|-0.34777335703662776|0.45009277257096286||2.6530803238363285|-1.0490043108088363|0.0|1.0|0.0|0.0|1.0|0.0|0.0|0.0|0.0|0.0|1.0|0.0|0.0|1.0|0.0|0
||-0.40898852420482956|-0.2737556774464497|-0.37195748445663507||||0.22489752062255963|1.0641861108368489|-0.37206813658702675|-0.3575701186439285||2.5843701117365407|-1.0490043108088363|0.0|1.0|0.0|0.0|0.0|1.0|0.0|1.0|0.0|0.0|0.0|0.0|0.0|0.0|1.0|0
1.4947352581538118|2.945099111272221||-0.28495757340820005|-0.369242561736217|0.9261194179851239|-0.34006688480327846|-0.368239352710868|-0.33534457139315044|||0.905770181104941||0.7635494910921743|-0.2749429460630012|1.0|0.0|0.0|0.0|0.0|0.0|1.0|0.0|0.0|0.0|1.0|0.0|1.0|0.0|0.0|0
0.6443613782781504|-0.462391138044792|-0.39900969431511796|||-0.3841355061804668|0.6377658009421822|-0.3556068474491284|-0.352403004881187|0.8327413125114393||-1.7877896115625749|-0.2146578774864238|2.1377537330879224|-1.0490043108088363|0.0|1.0|0.0|0.0|0.0|0.0|1.0|1.0|0.0|0.0|0.0|1.0|0.0|0.0|0.0|0
-0.31203314116642455|-0.462391138044792|||-0.3608160563115232|-0.3892387759634385|-1.560169751842061|||||-1.342238367662685|-0.22834730128329808|-0.3902323904874559||0.0|1.0|0.0|0.0|0.0|0.0|1.0|0.0|0.0|1.0|0.0|1.0|0.0|0.0|0.0|0
|-0.462391138044792||-0.27935662542732487||||-0.37546120236140884||-0.34917012427031896|1.1450838369248963|-0.34096320864402346|-0.22834730128329808|-0.3799258586724878||0.0|1.0|1.0|0.0|0.0|0.0|0.0|0.0|0.0|0.0|1.0|0.0|0.0|0.0|1.0|0
0.9756758769310054||-0.3939085002167115|0.46815450894332566|-0.3558088167658465|-0.3865528444987165||0.5443273250355654|||||2.4547797629040637|||0.0|1.0|1.0|0.0|0.0|0.0|0.0|0.0|0.0|1.0|0.0|0.0|0.0|0.0|1.0|0
-0.31247489383129506|||-0.2858192577129501|1.5566109212229873|-0.3796269783646836||-1.5116071746858548||||-0.35878525840001907||||1.0|0.0|0.0|1.0|0.0|0.0|0.0|1.0|0.0|0.0|0.0|1.0|0.0|0.0|0.0|0
-0.3186594311394817||1.1607159673669933|||||||-0.33952659100676025|2.133977842090056|-0.35635497888783785|-0.22834730128329808|1.1345846364310264|0.4991184186828339|0.0|1.0|0.0|0.0|0.0|1.0|0.0|0.0|0.0|0.0|1.0|1.0|0.0|0.0|0.0|0
-0.3288197424315026|-0.462391138044792||-0.2909893635414503|0.666897449519942|-0.39313337658728525|||-0.3252271556692115||-0.34321260419684163|-0.36283572425365446|-0.24203672508017238||-1.0490043108088363|0.0|1.0|0.0|1.0|0.0|0.0|0.0|0.0|0.0|1.0|0.0|0.0|0.0|0.0|1.0|0
|-0.462391138044792|-0.38888860004816||2.2129306826448087|-1.2029608984256885|||-0.33256032132958585|-0.3298830577432015|-1.5409364653529765||-0.24203672508017238|-0.38102522206608436|-1.0490043108088363|1.0|0.0|0.0|0.0|0.0|0.0|1.0|1.0|0.0|0.0|0.0|0.0|0.0|0.0|1.0|0
|||-0.2746173617511997|||-1.2319712303855903|1.1117583690066293|-0.34375614376828567|-0.3445412283038108|-0.3618502960901983|-0.35230451303420246|-0.2009684536895495|-0.3902323904874559||0.0|1.0|0.0|0.0|0.0|1.0|0.0|0.0|0.0|0.0|1.0|1.0|0.0|0.0|0.0|0
-0.3350042797396892||0.6389105551096708|||0.8925452746761|||-0.3367563038197466|-0.32872583375157444||||-0.40507379630101||1.0|0.0|0.0|0.0|0.0|0.0|1.0|0.0|0.0|0.0|1.0|0.0|1.0|0.0|0.0|0
|-0.462391138044792|-0.3932784722603345|-0.28107999403682493|-1.5930836216393935|-0.3937089333297257||-0.3653276863438246|-0.3236389566892909||-0.3416338820599926|||-0.3947672644860418||1.0|0.0|0.0|1.0|0.0|0.0|0.0|0.0|0.0|0.0|1.0|1.0|0.0|0.0|0.0|0
1.3180341922056225|-0.462391138044792|-0.38756757368801487|-0.2815108361892||||-0.3554463619013386|-0.3371680591108371||||-0.2146578774864238|-0.3762155072190993||0.0|1.0|0.0|0.0|0.0|0.0|1.0|0.0|0.0|0.0|1.0|0.0|0.0|0.0|1.0|1
|-0.462391138044792|-0.4022208045443938|||2.415852119668383|-0.9435543478935403|0.32537918483662964||-0.3402980736678449||2.809489132313561|-0.24203672508017238|-0.36645865710092945|3.595363877666174|1.0|0.0|0.0|0.0|0.0|0.0|1.0|1.0|0.0|0.0|0.0|0.0|0.0|1.0|0.0|1
||0.7816830194176626|-0.2931435743033253|-0.3504942274782356|||||||||1.2994891454705162|-1.0490043108088363|1.0|0.0|0.0|1.0|0.0|0.0|0.0|0.0|0.0|0.0|1.0|0.0|0.0|1.0|0.0|1
-0.3451645910317101|2.612661038168122||2.9454968850996606|1.5694171604702423|-0.38948818388516265||-0.3610404295671543||-0.3298830577432015||0.11592933964604538||||0.0|1.0|0.0|0.0|0.0|0.0|1.0|1.0|0.0|0.0|0.0|0.0|1.0|0.0|0.0|0
|-0.462391138044792|-0.41461812884729415|-0.3000370487413256||-0.3918863369786644|-0.3360887209068364||-0.3502854062412928|-0.3275686097599474|1.000367641047068|-0.346633860839113|||-0.2749429460630012|0.0|1.0|0.0|0.0|0.0|0.0|1.0|1.0|0.0|0.0|0.0|0.0|0.0|0.0|1.0|0
-0.3310285057558549||-0.4022208045443938||3.400709372827715|-0.392749672092325||-0.3643647730570858|2.666998544685721|-1.423845471161304|||-0.6253405913926526|||0.0|1.0|0.0|0.0|0.0|1.0|0.0|0.0|0.0|0.0|1.0|0.0|1.0|0.0|0.0|0
3.040869585200469|||0.6297203160839562|||-0.3480232125961626|-0.35209909190458|-1.1054642174961513|0.6398706472402647|-1.1287145740646172|||3.1752779357947123|0.4991184186828339|0.0|1.0|0.0|0.0|0.0|0.0|1.0|1.0|0.0|0.0|0.0|0.0|0.0|1.0|0.0|0
||1.2826568621496195|0.8343703384620882|-0.3658873270534362||-0.35041011093402785|0.4744014792128686|-0.330521152268947|2.7807350317503032|-0.34856271810505224|-0.34096320864402346|-0.24203672508017238|-0.3799258586724878||0.0|1.0|0.0|0.0|1.0|0.0|0.0|0.0|0.0|0.0|1.0|0.0|0.0|0.0|1.0|0
||-0.38744563279323224||-0.3488806413330815||-1.1424625427156438|||-0.34762715894814955|-0.33966047938893135|||-0.38322394885327754|-1.0490043108088363|0.0|1.0|0.0|0.0|0.0|0.0|1.0|0.0|0.0|1.0|0.0|1.0|0.0|0.0|0.0|0
0.22469634665120067|2.1971134467879985|0.22888429640308927|-0.30176041735082565|-0.37418577008565745||0.8565648152464961|||||||||0.0|1.0|0.0|0.0|0.0|1.0|0.0|0.0|0.0|1.0|0.0|0.0|0.0|0.0|1.0|0
-0.29347952924186466|-0.462391138044792|2.8424841412440496|0.5758650470370793|-0.3676033631125684|||-0.3637686838795809|-0.34799134104807405||-0.36614792857384293|-0.34258339498547763|-0.2146578774864238|||0.0|1.0|0.0|0.0|1.0|0.0|0.0|0.0|0.0|0.0|1.0|0.0|0.0|1.0|0.0|0
0.743755727874007|-0.462391138044792|-0.4159391552074393||-0.37941071569853757|-0.406908367956359|-0.3380778028550574|-0.3787396928376861||-1.5106372705333326||||3.1752779357947123|-0.2749429460630012|1.0|0.0|0.0|0.0|1.0|0.0|0.0|0.0|0.0|1.0|0.0|1.0|0.0|0.0|0.0|0
|2.1971134467879985||2.256149441299637|0.7504581606082815||2.3185400471889563||-0.3361680819753315|-0.34569845229543783||-0.35473479254638374|-0.2146578774864238|-1.242788702221618||0.0|1.0|0.0|0.0|0.0|1.0|0.0|1.0|0.0|0.0|0.0|0.0|0.0|0.0|1.0|0
|-0.462391138044792|-0.40512706253671305|-0.2772024146654498|1.3433870377561905|-0.36871058548306385|-0.3452384978686531|||-0.3495558656008613|-0.3603592807387298|||0.21386779429387498|1.2731797834286689|0.0|1.0|0.0|0.0|0.0|0.0|1.0|0.0|0.0|1.0|0.0|1.0|0.0|0.0|0.0|0
2.775817986278185||-0.390839654364682||-0.352517613279302||-0.35160356010296046|0.8555546552136337|-0.3262859549891586|-1.2695489389443644|-0.3442650856214077|2.201919254268257||1.9522361604184966||0.0|1.0|0.0|0.0|1.0|0.0|0.0|0.0|0.0|0.0|1.0|0.0|0.0|1.0|0.0|0
|-0.462391138044792|-1.61953643367689||-1.6686404331981983|-0.3749457835261683|-1.5502243421009558|-0.34627575917049314|-1.1329145702355203||-0.3659725150030819|||-0.38610977776146865||1.0|0.0|0.0|0.0|0.0|0.0|1.0|0.0|0.0|0.0|1.0|1.0|0.0|0.0|0.0|0
|-0.462391138044792|-0.3778326255878685|-0.29012767923670024|-0.3385844249782884|0.9894306596535691|||2.1719118256363847|-0.33566917770133675|0.8863488200524156||-0.24203672508017238|-0.38501041436787203||0.0|1.0|0.0|0.0|0.0|0.0|1.0|0.0|0.0|1.0|0.0|1.0|0.0|0.0|0.0|1
|-0.462391138044792|2.2734266322584595||-0.3736991329942618|1.7242247675024913|0.7770015373176546|-0.35203031238409865|-0.3426581296587109||-0.360753961272942||-0.10514248711142943|||0.0|1.0|0.0|0.0|0.0|0.0|1.0|0.0|0.0|0.0|1.0|0.0|0.0|0.0|1.0|0
1.6935239573455247|1.3660182640277516||-0.27590988820832474|-0.33608720832507366||-0.3535926420511815|-0.35870192587078875||-0.3410695563289296|-0.3489573986392645||0.40136619337291946|||0.0|1.0|1.0|0.0|0.0|0.0|0.0|0.0|0.0|0.0|1.0|0.0|0.0|1.0|0.0|0
-0.32572747377740924|-0.462391138044792||||-0.38779988410733746||-0.3593438680619479|-0.3531480858841127|-0.3391408496762179|-0.3713226289112926|0.6627422298868192|1.4280729781384915|||0.0|1.0|0.0|0.0|0.0|0.0|1.0|0.0|0.0|0.0|1.0|0.0|0.0|0.0|1.0|0
1.141333126257433|1.532237300579801|-0.4121793109516416|-1.3198404234129855||-0.37062910795786524||-0.34189679636651443||1.700659306231725||1.0475364859821787|||1.2731797834286689|0.0|1.0|0.0|1.0|0.0|0.0|0.0|0.0|1.0|0.0|0.0|0.0|0.0|1.0|0.0|1
-0.3195429364692226||||-0.36607942064214505|-0.3706099227331172|-0.3360887209068364|-0.34187386985968726|-0.339560161278125||||-0.24203672508017238|-0.38281168758067885||0.0|1.0|0.0|0.0|1.0|0.0|0.0|0.0|0.0|1.0|0.0|0.0|0.0|1.0|0.0|0
-0.3151254098205179|||||-0.39775701575155653||-0.36945445757270506|-0.3449325874571158|-0.3190823004880157|-0.3630343376928351|-0.3417733018147506||||0.0|1.0|0.0|0.0|0.0|0.0|1.0|1.0|0.0|0.0|0.0|0.0|0.0|0.0|1.0|0
-0.29701355056082845||0.09576548626538882|-0.2918510478462003|-0.37988454655068593|-1.00775123661465|0.8366739957642857|||||||-0.4113951358141904||1.0|0.0|0.0|0.0|0.0|1.0|0.0|0.0|0.0|0.0|1.0|0.0|1.0|0.0|0.0|0
|-0.462391138044792||-0.2681547294655745|1.2531030510630425||-0.3440450486997205|||-0.33952659100676025|2.193179922221895|-0.3417733018147506|-0.1872790298926752|||0.0|1.0|0.0|1.0|0.0|0.0|0.0|0.0|0.0|1.0|0.0|0.0|0.0|1.0|0.0|0
|-0.462391138044792|-0.40096074863164|||-0.3861691400037563|1.2643266146318082||-0.3392464429611036|-0.3402980736678449||1.3918260835411846|-0.1599001822989266|-0.3924311172746491|1.2731797834286689|0.0|1.0|0.0|0.0|1.0|0.0|0.0|0.0|0.0|0.0|1.0|0.0|0.0|1.0|0.0|0
||-0.4058993548703364|||0.35104230616341553|1.5229072679005426|-0.36418136100246895|||||-0.2009684536895495|1.3201022091004524|-0.2749429460630012|0.0|1.0|0.0|0.0|0.0|0.0|1.0|1.0|0.0|0.0|0.0|0.0|1.0|0.0|0.0|0
||0.4793712177690678||||0.5283662937900253||||-0.3557546745062534|-0.38065777400965||-0.4162048506611756||1.0|0.0|0.0|0.0|0.0|0.0|1.0|0.0|0.0|0.0|1.0|0.0|0.0|1.0|0.0|0
|2.030894410235949||-0.2858192577129501|-0.3507503522631807|0.679589279973149||||||-0.33691274279038813|-0.1735896060958009|-1.6481789536103637|-0.2749429460630012|0.0|1.0|0.0|0.0|0.0|0.0|1.0|0.0|0.0|1.0|0.0|0.0|0.0|1.0|0.0|0
-0.3146836571556474|1.0335801909236528|-0.40071686684207475|-0.30046789089370063||-1.4480521445815626||0.6452039550748656|-0.3401875979121677|0.6591577137673821|1.5090669962539796|||-0.3753909846739018||1.0|0.0|0.0|0.0|0.0|0.0|1.0|0.0|0.0|1.0|0.0|0.0|0.0|0.0|1.0|0
-0.2943630345716056|||||-0.3597127150762455|-0.31898261615213547|-0.3308003670621914||-0.34184103899001433|-0.35417595236940436|||2.8454689177157326|0.4991184186828339|0.0|1.0|0.0|0.0|0.0|0.0|1.0|1.0|0.0|0.0|0.0|0.0|0.0|1.0|0.0|0
||-0.3970179930336684|-1.1475035624629795||0.7927821059864295|-1.4308794252076937|||-0.3464699349565225|1.0771110782550073||-0.2146578774864238|3.35392448725416|-1.0490043108088363|0.0|1.0|0.0|0.0|0.0|0.0|1.0|1.0|0.0|0.0|0.0|0.0|0.0|0.0|1.0|0
|-0.462391138044792|-0.4065293828267133|-0.2884043106272002|-0.36931939917170054|||-0.34661965677289985|3.1944374651778844|-1.3370536717892754||-0.35594993230247435|1.770308573060349|1.1551977000609626|-0.2749429460630012|0.0|1.0|0.0|0.0|0.0|0.0|1.0|0.0|0.0|0.0|1.0|1.0|0.0|0.0|0.0|0
|||0.9528519303652172||2.8705419461963055|-0.3535926420511815||-0.32883491631495715|-1.4817066707426565|-0.3468524357901325|||1.7461055241191343|1.2731797834286689|0.0|1.0|0.0|0.0|0.0|0.0|1.0|0.0|1.0|0.0|0.0|0.0|0.0|0.0|1.0|0
-0.31203314116642455||-0.405309973878887||3.0703084002485346||-1.391097786243273|1.5760201322556817|||0.8666147933418026|2.9917600957271526||-0.3631605669201397|0.4991184186828339|0.0|1.0|1.0|0.0|0.0|0.0|0.0|0.0|0.0|1.0|0.0|0.0|0.0|0.0|1.0|0
-0.3098243778420722|-0.462391138044792||-0.2853884155605751|-0.35345246874435154|0.9040564095249085|-0.36274241901299825|-0.34171338431189746|-0.3361876893701453|||||-0.37951359739988905||0.0|1.0|0.0|0.0|0.0|1.0|0.0|1.0|0.0|0.0|0.0|1.0|0.0|0.0|0.0|1
0.36826596273410456||-0.38653107608236253|-1.2013588315098565|-0.34790736715029014||-0.3484210289858068|3.3963847743285087||-1.2213312726265706||3.0120124249953295||-1.2049980855667348||0.0|1.0|1.0|0.0|0.0|0.0|0.0|1.0|0.0|0.0|0.0|1.0|0.0|0.0|0.0|0
||-0.3839703172919274|-0.27849494112257484|-0.34515402571213033|-0.3863418070264884|-0.3424537831411437||-0.32652124372692465|||1.1285458030548858||-0.3972408321216342||0.0|1.0|0.0|0.0|1.0|0.0|0.0|0.0|0.0|0.0|1.0|0.0|0.0|0.0|1.0|1
||-0.40648873586178574|||||||-0.34569845229543783||0.6931207237890844|-0.25572614887704664|0.5677253866077802||1.0|0.0|0.0|0.0|0.0|1.0|0.0|0.0|0.0|0.0|1.0|0.0|0.0|1.0|0.0|0
|-0.462391138044792||-0.29400525860807536|-0.35221026353736784|-0.38311868926882214|-0.3464319470375858||||-0.36373599197587914|||-0.3694819064333201||0.0|1.0|0.0|0.0|1.0|0.0|0.0|0.0|0.0|1.0|0.0|0.0|0.0|0.0|1.0|0
-0.30894087251233127|-0.462391138044792|-0.39669281731424805||||-0.3484210289858068||-1.2451669055447263||-0.3614556155559861|0.39946194940052077||1.0246482970713664||0.0|1.0|0.0|1.0|0.0|0.0|0.0|0.0|0.0|0.0|1.0|0.0|0.0|0.0|1.0|0
||0.5118887897111015|||-0.388528922647762||-0.3600775162804155||-0.34762715894814955||||-0.40960867029959597||0.0|1.0|0.0|0.0|0.0|0.0|1.0|0.0|0.0|1.0|0.0|0.0|0.0|0.0|1.0|0
||||0.6672176055011237|3.041290446453627|-1.3314253277966421|-0.3604672668964765|-0.32999175260897345||||-0.2146578774864238|0.797904597142068||0.0|1.0|0.0|0.0|1.0|0.0|0.0|1.0|0.0|0.0|0.0|0.0|1.0|0.0|0.0|0
||-0.39055512561018924||0.860591818134675|||-0.3628745501133234|-0.3393444799351728|-1.5395678703240088|-0.357421103428483|-0.3502792801073848||||0.0|1.0|0.0|0.0|1.0|0.0|0.0|0.0|0.0|1.0|0.0|0.0|0.0|0.0|1.0|0
-0.31114963583668365|-0.462391138044792|1.2491231160843972|||-0.4092489653756167|||-0.32942313815937224|||-0.3648609571804721|-2.6787541609237966|-0.4017757061202202||0.0|1.0|0.0|0.0|0.0|0.0|1.0|0.0|0.0|0.0|1.0|1.0|0.0|0.0|0.0|0
1.2959465589620986|||-0.28754262632245015|-0.3590744077738965|-0.3920781892261445|0.7173290788710236|1.2034643963150842|-0.34477572829860514|-1.8578044680214472||||-0.4157925893885768|-0.2749429460630012|0.0|1.0|0.0|0.0|0.0|1.0|0.0|0.0|0.0|0.0|1.0|0.0|0.0|1.0|0.0|0
||-1.1541286852565324||-0.3720471281313659||-0.35279700927189306|-0.3543458895736371|||-0.3618064426975081|-0.3705316093755616|0.40136619337291946||1.2731797834286689|0.0|1.0|0.0|0.0|0.0|0.0|1.0|1.0|0.0|0.0|0.0|0.0|0.0|0.0|1.0|0
-0.30717386185284934||0.8070873724973764|-0.2879734684748252|2.264155639633829|-0.3819483905591933|0.9261826834342323|0.6612525098538453|-0.3559911581321188||0.15838250139424911|0.3690834554982555|-0.1735896060958009||-1.0490043108088363|0.0|1.0|1.0|0.0|0.0|0.0|0.0|0.0|0.0|0.0|1.0|0.0|1.0|0.0|0.0|0
-0.2978970558905694|-0.462391138044792|-0.40911046509961224|2.6869915936746516|1.130163154289394|-1.519996737386614|-0.33927125202399006||-0.34805016323251553|-1.2309748058901293|-0.3661917819665332|-0.34622881425374946|-0.1872790298926752||-0.2749429460630012|1.0|0.0|0.0|0.0|0.0|0.0|1.0|0.0|0.0|1.0|0.0|0.0|0.0|1.0|0.0|0
|-0.462391138044792|-0.3858807246435219||-0.34720302399169106||-0.3480232125961626|-1.69616555464412|-0.33926605035591745||3.5065890332949117|-0.35473479254638374||||0.0|1.0|0.0|0.0|1.0|0.0|0.0|0.0|0.0|0.0|1.0|0.0|0.0|0.0|1.0|1
-0.32219345245844544|2.280222965064023|-0.412321575328888|-0.2862500998653251|0.9579192364138135||||||-0.35386897862057265|-0.3490641403512942||-0.38734656157926484|0.4991184186828339|1.0|0.0|0.0|1.0|0.0|0.0|0.0|1.0|0.0|0.0|0.0|0.0|1.0|0.0|0.0|0
|-0.462391138044792|||||0.5979841619777615|-0.34102558910708414|2.488571251879821|1.6427981066503727|-1.8391395356466833||-0.24203672508017238|||0.0|1.0|1.0|0.0|0.0|0.0|0.0|1.0|0.0|0.0|0.0|0.0|0.0|0.0|1.0|0
||0.8258865937763646|2.2130652260621355||-0.3905050007968074|-1.1126263134923282|||0.45664351523264873|-0.358473584853049|-0.34460862791229535|-0.25572614887704664|||0.0|1.0|0.0|1.0|0.0|0.0|0.0|0.0|0.0|0.0|1.0|0.0|0.0|0.0|1.0|1
|2.030894410235949||||-0.3781497160590866||-0.34953132313994323|2.210146245523363|-0.3368264016929638||1.3108167664684771|-0.25572614887704664|-0.39394274194084444||0.0|1.0|0.0|0.0|0.0|1.0|0.0|1.0|0.0|0.0|0.0|0.0|1.0|0.0|0.0|0
|-0.462391138044792|0.18315646085960444|0.8774545536995896|-0.37614512469048755|-0.39829420204450094|-1.3214799180555368||0.45283348533339257||||-0.1599001822989266||2.821302512920339|0.0|1.0|0.0|0.0|0.0|0.0|1.0|0.0|1.0|0.0|0.0|0.0|0.0|1.0|0.0|1
-0.3160089151502588||-0.3907177134698994||-0.3523895508868294|0.6541688571820309|-1.2618074596089057|-0.35186982683630885|||-0.3540005387986434|||-0.3984776159394304||1.0|0.0|0.0|0.0|0.0|1.0|0.0|0.0|0.0|0.0|1.0|1.0|0.0|0.0|0.0|0
0.6222737450346268|-0.462391138044792|-0.41512621590888843||||0.5482571132722356|-0.37186174078955203|-1.2642841154882154||3.1733032488490043|-0.33934302230256935||-0.3784142340062925||1.0|0.0|0.0|0.0|0.0|0.0|1.0|0.0|0.0|1.0|0.0|1.0|0.0|0.0|0.0|0
0.4897479455734848|3.194427666100295|0.6109657667219855|-0.27849494112257484|-0.9642972745991704|||||-0.34338400431218374||-1.5953924835148952|-0.25572614887704664||-1.0490043108088363|0.0|1.0|1.0|0.0|0.0|0.0|0.0|0.0|0.0|1.0|0.0|0.0|0.0|1.0|0.0|1
-0.29613004523108755|-0.462391138044792|2.3750440445773147|-0.28409588910345007|-0.3726106026582451||-0.3380778028550574|-0.3646857441526654|||-0.3870221434944024||-0.1599001822989266|||1.0|0.0|0.0|0.0|0.0|0.0|1.0|0.0|0.0|0.0|1.0|0.0|0.0|1.0|0.0|1
||-0.4079926735641048||-0.3708945665991129|0.6153187770673033|0.5582025230133408||||-0.35036070720535256||||-1.0490043108088363|0.0|1.0|0.0|0.0|0.0|1.0|0.0|1.0|0.0|0.0|0.0|1.0|0.0|0.0|0.0|0
-0.2899455079229009|-0.462391138044792|-0.3957985840858422||-0.3578322025669128||||||-0.3514131886299186|||-0.38171232418708223|-1.0490043108088363|1.0|0.0|0.0|1.0|0.0|0.0|0.0|1.0|0.0|0.0|0.0|1.0|0.0|0.0|0.0|0
-0.33632953773430063||-1.1084008497130475||-0.3740064827361959||-0.34126033397221106||-1.2603626365254486|||-0.3356976030342975|-0.22834730128329808|||0.0|1.0|0.0|0.0|0.0|0.0|1.0|1.0|0.0|0.0|0.0|0.0|0.0|0.0|1.0|0
|-0.462391138044792|||-1.897231803761701||-0.33847561924470165|0.3890002412818701|-0.339913094384774|||0.5412282542777583|2.4547797629040637|-0.39105691303265333|0.4991184186828339|0.0|1.0|1.0|0.0|0.0|0.0|0.0|0.0|0.0|1.0|0.0|1.0|0.0|0.0|0.0|0
-0.33279551641533683|-0.462391138044792|-1.379211253542797||-0.36240402997818283||||-1.3304590729849088|3.2050504953468875|-0.3580350509261465|-0.3429884415708412||-0.38171232418708223|-1.0490043108088363|0.0|1.0|0.0|0.0|0.0|0.0|1.0|0.0|0.0|0.0|1.0|1.0|0.0|0.0|0.0|0
||-0.4062651775546843|1.1575019527433492|-1.2453942260764188|-0.38956492478415466|-0.3448406814790089|-0.3611321355944628||-0.3429982629816414|-0.3554038473647314||-0.22834730128329808||-0.2749429460630012|1.0|0.0|0.0|0.0|0.0|1.0|0.0|0.0|0.0|0.0|1.0|0.0|0.0|0.0|1.0|0
0.26887161313824803||||3.4980367911068533|0.9347527691217303|-0.3535926420511815|-0.3404753529432334|||-0.3513693352372283|-0.3308370440099351|-0.2146578774864238||-0.2749429460630012|0.0|1.0|0.0|1.0|0.0|0.0|0.0|0.0|0.0|0.0|1.0|0.0|1.0|0.0|0.0|0
|-0.462391138044792|1.0164192418742184|||-0.3876464023093533|0.8068377665409702||-0.3493638586850425||-0.3675073837472407|||1.6155561211295382||0.0|1.0|0.0|0.0|0.0|0.0|1.0|0.0|0.0|0.0|1.0|0.0|0.0|0.0|1.0|1
2.1794518887030456||-0.3832589954056954|-0.27935662542732487||2.523289378257259|0.6676020301654977|-0.3657174369598855|1.8993690377240766|-0.3572706922117083|-0.35053612077611357|-0.32152097254657375|0.05913059845106209|||0.0|1.0|0.0|0.0|0.0|0.0|1.0|0.0|0.0|1.0|0.0|0.0|0.0|1.0|0.0|0
||0.9595134909756594|-0.2815108361892||||0.5695464825453904||-0.33181176439591326||-0.3365076962050246|-0.2146578774864238|-0.37580324594650055||0.0|1.0|0.0|0.0|0.0|1.0|0.0|1.0|0.0|0.0|0.0|1.0|0.0|0.0|0.0|0
-0.2952465399013466||0.7969256312654909|-1.567574661028619|-0.34984110927662565|-1.3434926697048883||3.341361157943436|-0.3549323588121717|0.5145047148140012|-0.37312061801159285||||0.4991184186828339|0.0|1.0|0.0|0.0|0.0|0.0|1.0|0.0|0.0|1.0|0.0|1.0|0.0|0.0|0.0|0
-0.3045233458636265|-0.462391138044792|0.2476835176820776|-0.2948669429128254|||0.7471653080943391|-0.35248884252064094||-1.5202808037968913||-0.32962190425384447||||0.0|1.0|0.0|0.0|0.0|0.0|1.0|0.0|0.0|0.0|1.0|0.0|0.0|0.0|1.0|0
-1.0342987482296488|-0.462391138044792|1.942153868098991||2.146338238559083|||-0.3534288293005525|2.1826958927839937||||-0.25572614887704664||-0.2749429460630012|1.0|0.0|0.0|0.0|0.0|1.0|0.0|0.0|0.0|1.0|0.0|0.0|0.0|0.0|1.0|0
||-1.3273863732601807||1.503465028346879||-0.34046470119292266||-0.3523245753019316|||-0.3608104913268368||-0.3980653546668317||1.0|0.0|0.0|0.0|0.0|0.0|1.0|1.0|0.0|0.0|0.0|0.0|0.0|0.0|1.0|0
|-0.462391138044792|2.4522732779396446|-1.481406230553616|0.3710733229083505||-0.35319482566153726||-0.350736376322011|-0.3441554869732684|||-0.2146578774864238|-0.38762140242766396|-0.2749429460630012|0.0|1.0|0.0|0.0|0.0|0.0|1.0|1.0|0.0|0.0|0.0|0.0|0.0|0.0|1.0|0
||0.9076886106930432|||||1.556532601452635|-0.3383248954048534|||0.21719098598692943||||0.0|1.0|0.0|0.0|1.0|0.0|0.0|1.0|0.0|0.0|0.0|1.0|0.0|0.0|0.0|0
1.6051734243714302|1.532237300579801|-0.4178495625590337||-0.3814469077388511||-0.3599577042854888|-0.35528587635354875|-0.3359720080271932|-0.333740471048625||-0.36648114352192623||-0.4032873307864155||0.0|1.0|0.0|1.0|0.0|0.0|0.0|1.0|0.0|0.0|0.0|0.0|1.0|0.0|0.0|0
-0.3244022157827978|-0.462391138044792|-0.3834825537127969||||-0.3571729895579794||2.089560767418277|-0.3441554869732684|-1.638510264088785|-1.5042570018080996||0.5952094714476951|1.2731797834286689|0.0|1.0|0.0|0.0|0.0|1.0|0.0|0.0|0.0|0.0|1.0|0.0|0.0|1.0|0.0|1
-1.88467262810531|||-0.26901641377032454|-0.36896082447277745|-0.3720871850387143|||0.5356747284218458||-0.35956991967030527||||1.2731797834286689|0.0|1.0|0.0|0.0|1.0|0.0|0.0|0.0|0.0|0.0|1.0|0.0|0.0|1.0|0.0|0
-0.3098243778420722|-0.462391138044792|1.5966546662148826|1.652970427974616||-0.37657652762974947||-0.3479264676620453|-1.313792787393149|3.3207728945095925|-1.3381145241605656|-0.35473479254638374||-0.3924311172746491|-0.2749429460630012|1.0|0.0|0.0|0.0|0.0|0.0|1.0|0.0|0.0|0.0|1.0|0.0|0.0|0.0|1.0|0
||-0.37897074060583974||-0.3398010177067777|-1.5449375295590315|||-0.334207342493948|||-0.3389379757172058||-0.37800197273369374|0.4991184186828339|0.0|1.0|0.0|0.0|0.0|1.0|0.0|0.0|0.0|1.0|0.0|0.0|0.0|1.0|0.0|1
-0.30894087251233127||||-1.4826298081318188|-0.37569400729134084|1.6820338237582255|-0.34703233389578786|-0.3461090311459459|||||-0.38610977776146865||0.0|1.0|0.0|0.0|0.0|0.0|1.0|0.0|0.0|0.0|1.0|0.0|0.0|0.0|1.0|0
-0.33412077440994825|-0.462391138044792|||1.559812481034801|-0.3836558755617665|||0.5101851151638602|1.565649840541903|-0.36062240109487126|-0.3385329291318423||-0.377589711461095||0.0|1.0|0.0|1.0|0.0|0.0|0.0|1.0|0.0|0.0|0.0|1.0|0.0|0.0|0.0|0
|-0.462391138044792||-0.29271273215095034|1.4759316139652805|-0.3777660115641263|-0.3472275798168742|-0.34914157252388234|1.9591715919062735||||-0.26941557267392097|||0.0|1.0|0.0|1.0|0.0|0.0|0.0|0.0|0.0|0.0|1.0|0.0|0.0|0.0|1.0|0
-0.30187282987440367|-0.462391138044792||||1.7213469837902893|-0.3464319470375858|-0.3520761653977529||||-0.3381278825464787|1.0858373832166341|-0.37731487061269586|0.4991184186828339|0.0|1.0|0.0|0.0|0.0|1.0|0.0|0.0|0.0|1.0|0.0|1.0|0.0|0.0|0.0|1
2.5328540205994243|-0.462391138044792|-1.6617076597892149|-0.28237252049395|-0.3503021338895268|-0.39144507680946||2.8667824666221824|||-0.3327754967365619||||1.2731797834286689|0.0|1.0|1.0|0.0|0.0|0.0|0.0|0.0|0.0|0.0|1.0|1.0|0.0|0.0|0.0|0
|-0.462391138044792||-0.28194167834157496|0.7277270859444038|-1.466757738710876|-0.34006688480327846|-0.3532683437527628|||-0.37158574926743404||-0.2146578774864238|||0.0|1.0|0.0|0.0|0.0|0.0|1.0|1.0|0.0|0.0|0.0|0.0|0.0|1.0|0.0|0
0.9646320603092436||-0.41161025344265606|-1.567574661028619|0.29679713527427115||-0.35041011093402785|-0.3637686838795809|-0.33040350790006395||-1.594656871398534|-0.3903788920583749|-0.28310499647079523||-0.2749429460630012|1.0|0.0|0.0|0.0|0.0|1.0|0.0|1.0|0.0|0.0|0.0|0.0|0.0|1.0|0.0|0
-0.2978970558905694||-0.39212003375989957||-0.3538878808787583|-0.39555071490553495|0.6676020301654977||||-0.3487381316758133|1.3918260835411846|0.40136619337291946|||0.0|1.0|0.0|0.0|1.0|0.0|0.0|1.0|0.0|0.0|0.0|0.0|1.0|0.0|0.0|0
-1.8404973616182627||-0.40421250582584334||-0.3668477949969803|0.18317158961829624|-0.3484210289858068|0.8366402870812649|-0.3312662332718727|||-0.3498742335220213||-0.3880336637002627||0.0|1.0|0.0|0.0|0.0|1.0|0.0|1.0|0.0|0.0|0.0|1.0|0.0|0.0|0.0|0
-0.32219345245844544||-0.3893560401448267|||-0.39200144832715245|-1.3513161472788524|||||-0.3474439540098401||||1.0|0.0|0.0|1.0|0.0|0.0|0.0|1.0|0.0|0.0|0.0|0.0|0.0|0.0|1.0|0
-0.29922231388518084|3.1113181478242704|-0.3907786839172907|||-0.38091238842280056||-1.4789369024572179||-0.34184103899001433|-0.3671565566057187|-0.3567600254732014||1.1139715728010902||0.0|1.0|0.0|1.0|0.0|0.0|0.0|0.0|0.0|0.0|1.0|0.0|1.0|0.0|0.0|0
|-0.462391138044792|-0.9829033454992611|1.1790440603621|-0.37938510322004304|-0.37786193768786636|-0.33370182256897113|-0.3492332785511908|||-1.7371803976418496||||2.047241148174504|1.0|0.0|1.0|0.0|0.0|0.0|0.0|0.0|0.0|0.0|1.0|0.0|0.0|0.0|1.0|1
1.8481373900501905|-0.462391138044792|-0.4001274858506254||-0.3624680611744191|0.45176473609048706|-0.35001229454438365|-0.3601004427872427||1.3920662417978458|-1.7525290850834376|||-0.4061731596946066||0.0|1.0|0.0|0.0|0.0|0.0|1.0|0.0|0.0|0.0|1.0|0.0|0.0|1.0|0.0|0
-0.31689242047999977|2.114003928511974||-0.2983136801318255|-0.3495977907309278||-0.9634451673757506||-0.3321485660384953|-0.33798362568459084||0.3893357847664323||2.433207645117008||1.0|0.0|0.0|1.0|0.0|0.0|0.0|0.0|0.0|1.0|0.0|0.0|1.0|0.0|0.0|0
-0.31689242047999977|-0.462391138044792||-0.28754262632245015|-0.3508399959379115|0.7587283320587052||-0.34762842307329284|-1.35055665266909|1.8742429049757823||||-0.3791013361272903||0.0|1.0|0.0|0.0|1.0|0.0|0.0|1.0|0.0|0.0|0.0|0.0|0.0|0.0|1.0|0
-0.8907291321467448|1.781565855407875|-0.4090494946522209||-0.3720215156528714|||-1.490400155870775|0.4763623591099947|-0.3352834363707944|-0.36198185626826906|-0.33691274279038813|-0.9675761863145098|-0.3762155072190993|-0.2749429460630012|0.0|1.0|0.0|0.0|0.0|0.0|1.0|0.0|0.0|1.0|0.0|0.0|0.0|0.0|1.0|0
|-0.462391138044792|-0.4055945026333798|-0.27849494112257484|||-0.32733676033466386|||||-0.34258339498547763|-0.1872790298926752|-0.38130006291448354||0.0|1.0|0.0|0.0|0.0|0.0|1.0|0.0|0.0|0.0|1.0|1.0|0.0|0.0|0.0|0
-0.3138001518259065|2.030894410235949|||-0.35482273634380784|1.7079173264666796|||0.3984229647250002|3.3207728945095925|-1.1780496408411496|-0.3373177893757517|-0.1735896060958009|||1.0|0.0|0.0|0.0|0.0|0.0|1.0|1.0|0.0|0.0|0.0|0.0|1.0|0.0|0.0|0
-0.28552798127419615||-0.3971805808933786|-0.2776332568178248|-0.3593049200803471||-0.35080792732367205||1.4317326714141096|-0.3634425535003859|-0.3599207468118273|||-0.3847355735194729|2.047241148174504|1.0|0.0|0.0|0.0|0.0|1.0|0.0|0.0|0.0|0.0|1.0|0.0|0.0|0.0|1.0|1
-0.3261692264422797|-0.462391138044792|-0.4154717151107726|1.9330178270183758|-0.37889846612864736|-0.3686722150335679|0.5084754743078149||0.8356678690735229|-0.3387551083456755|-0.34751023668048625||-0.1599001822989266|-0.40699768223980404|-0.2749429460630012|1.0|0.0|0.0|0.0|0.0|0.0|1.0|1.0|0.0|0.0|0.0|0.0|0.0|0.0|1.0|0
0.5007917621952466|-0.462391138044792|-0.3996803692364224||1.634728980631243|-0.40155569025166327|-0.34046470119292266|-0.37330611071966013|-0.35750092753278406||||-0.2146578774864238|||0.0|1.0|1.0|0.0|0.0|0.0|0.0|0.0|0.0|1.0|0.0|0.0|0.0|1.0|0.0|0
-0.3045233458636265||||0.18442238587960802|-1.320470400007272|-0.3559795403890467|-1.306988101253865|1.7640780135086145||-0.3532550311229091|-0.3903788920583749|-0.28310499647079523|||0.0|1.0|0.0|0.0|0.0|0.0|1.0|0.0|0.0|0.0|1.0|0.0|0.0|0.0|1.0|0
-1.6748401122918353||-0.40274921508845185|-1.6106588762661203||-0.3806629805010764||-0.3520761653977529|||-0.36676187607150645||||-0.2749429460630012|0.0|1.0|0.0|0.0|0.0|0.0|1.0|0.0|0.0|1.0|0.0|0.0|1.0|0.0|0.0|1
||||0.706596791186433|1.260901589837962||1.3146579544265855|||-0.3635605784051181|-0.3429884415708412||-0.38171232418708223||0.0|1.0|0.0|0.0|0.0|0.0|1.0|1.0|0.0|0.0|0.0|0.0|0.0|1.0|0.0|0
||1.188152668693084||||-0.3476253962065184|-0.3537039473824779|-0.3409915010995349|0.45664351523264873|||1.0858373832166341||-1.0490043108088363|0.0|1.0|0.0|0.0|0.0|1.0|0.0|0.0|0.0|1.0|0.0|1.0|0.0|0.0|0.0|0
||||-0.3916150617011716||0.9759097321397582|-0.35501075827162343||-0.3468556762870649|-0.35728954325041223|||-0.37951359739988905||0.0|1.0|0.0|0.0|0.0|0.0|1.0|0.0|0.0|1.0|0.0|1.0|0.0|0.0|0.0|0
|-0.462391138044792|-1.5946401676587705||||-0.3484210289858068|-0.36253065251091676|-0.35279515277746365|1.8163817053944298||-0.3429884415708412||||0.0|1.0|0.0|1.0|0.0|0.0|0.0|0.0|0.0|0.0|1.0|0.0|0.0|0.0|1.0|0
|-0.462391138044792||1.329838813693355|-0.3583700646152975|-0.3842122470794589|-0.3424537831411437|-0.3556985534764368|-1.1373262340686332||0.36778245149019756||-0.25572614887704664|-0.3917440151536512||0.0|1.0|0.0|0.0|0.0|0.0|1.0|0.0|0.0|1.0|0.0|0.0|0.0|1.0|0.0|0
-0.2952465399013466|2.280222965064023|-0.3886040712936672||||1.2842174341140185||-0.3465403938318503|-0.35148457225357305||1.8981343152456047||-0.38322394885327754||0.0|1.0|1.0|0.0|0.0|0.0|0.0|0.0|0.0|0.0|1.0|0.0|1.0|0.0|0.0|0
-0.32396046311792737|-0.462391138044792|1.149538052011919|-0.29874452228420056|0.022423459401831578|||-0.34902693998974677|0.3297970828765774|1.777807572340195|-0.3678582108887627|-0.34055816205865996|-0.22834730128329808||-0.2749429460630012|0.0|1.0|0.0|0.0|0.0|0.0|1.0|0.0|0.0|1.0|0.0|0.0|0.0|1.0|0.0|0
|-0.462391138044792|0.5164615732654501|-0.2879734684748252||0.2920477400632736||-0.3665886442193158|-0.3385405767478055|-0.3387551083456755||-0.3458237676683859||-0.3843233122468742|0.4991184186828339|1.0|0.0|1.0|0.0|0.0|0.0|0.0|0.0|0.0|1.0|0.0|1.0|0.0|0.0|0.0|0
-0.3115913885015541|1.2829087457517268|-0.41189478219714887|||1.7664322619481212||-0.35115910512466836|1.2562464878302855|-1.423845471161304||-0.36162058449756385|-0.24203672508017238|||0.0|1.0|0.0|1.0|0.0|0.0|0.0|0.0|0.0|0.0|1.0|0.0|0.0|1.0|0.0|0
-0.32351871045305686||||-0.3417859847901022|-0.3847686185971513|-0.35080792732367205||||-0.36540242089810865|-0.34825404718056713|-0.22834730128329808|-0.3865220390340674||0.0|1.0|0.0|1.0|0.0|0.0|0.0|1.0|0.0|0.0|0.0|0.0|0.0|1.0|0.0|1
|-0.462391138044792|-1.2161153067710342||-0.36939623660718407|-1.4346224872579532||-0.35457515464190825|1.1268376820589738||-0.3660602217884624|2.768984473777208||0.29975555941860926|-0.2749429460630012|0.0|1.0|0.0|0.0|0.0|1.0|0.0|0.0|1.0|0.0|0.0|1.0|0.0|0.0|0.0|0
-0.3102661305069427|1.6984563371318504||-0.2909893635414503|2.582390684928117||-0.3368843536861248||-0.3294819603438138|3.2436246284011228||-0.34379853474156824|-2.6787541609237966|||0.0|1.0|0.0|0.0|0.0|1.0|0.0|1.0|0.0|0.0|0.0|0.0|1.0|0.0|0.0|0
-0.32926149509637304|||||||||-0.35148457225357305|||-0.2146578774864238||2.047241148174504|0.0|1.0|0.0|0.0|1.0|0.0|0.0|0.0|0.0|0.0|1.0|1.0|0.0|0.0|0.0|1
||-0.3921810042072909|-0.27418651959882473|0.8170506046940078|||-0.34911864601705517|-0.3438737881371687|2.9350315639672426|-0.36198185626826906|-0.34379853474156824|-0.1872790298926752|0.6433066199175462||0.0|1.0|0.0|0.0|0.0|1.0|0.0|0.0|0.0|0.0|1.0|0.0|0.0|1.0|0.0|0
|1.9477848919599245|-0.4207354970688893|||-1.4015279745676297||-1.3889503631607967||-1.0863218069367484|-0.3510623614883966|2.8904984493862687|1.770308573060349|1.0796164667511965||0.0|1.0|0.0|0.0|0.0|1.0|0.0|0.0|0.0|0.0|1.0|0.0|0.0|0.0|1.0|0
-0.2846444759444552||1.6342531087728591||||0.8366739957642857||-0.34652078643703643|-0.3572706922117083|2.7742373753677203|||||0.0|1.0|1.0|0.0|0.0|0.0|0.0|0.0|0.0|0.0|1.0|0.0|0.0|1.0|0.0|0
-0.34074706438300534|-0.462391138044792|-1.511313889557309||||1.542798087382753|||-0.35457050289791187|2.2282626363740956|||-0.37580324594650055||0.0|1.0|0.0|0.0|0.0|1.0|0.0|1.0|0.0|0.0|0.0|0.0|0.0|0.0|1.0|0
||||0.7914381261994977|-0.3802600907813681|-0.3460341306479416|-0.35168641478169194|2.12485407808318|3.2821987614553576||||-1.5382426142507037||0.0|1.0|0.0|0.0|0.0|1.0|0.0|0.0|0.0|0.0|1.0|0.0|0.0|1.0|0.0|0
-0.31910118380435215||-0.39903001779758174||-0.36128988716367166|-0.40591073626946234||-0.3777309265372931|-0.33395244636136817|||-0.335292556448934|||0.4991184186828339|0.0|1.0|0.0|0.0|0.0|1.0|0.0|1.0|0.0|0.0|0.0|1.0|0.0|0.0|0.0|0
-0.30408159319875605|-0.462391138044792|2.5640524314903854||-0.3705872168571788|||||||-1.0890842518104749||||1.0|0.0|0.0|0.0|0.0|0.0|1.0|0.0|0.0|0.0|1.0|0.0|0.0|0.0|1.0|0
-0.28066870196062094|||||-0.39585767850150316|1.4632348094539116|-1.0989300517978084|-0.3265800659113661||-0.34457205937023944|2.4854518640227323||2.2064639451877097||0.0|1.0|1.0|0.0|0.0|0.0|0.0|0.0|0.0|0.0|1.0|0.0|0.0|1.0|0.0|0
-0.3045233458636265|-0.462391138044792|-0.41683338843584516||-0.3803583774028344|0.26566805603475474||0.30417216602154945|-0.34050131622918905||-0.35860514503111973|||-0.3880336637002627||1.0|0.0|0.0|0.0|0.0|0.0|1.0|0.0|0.0|0.0|1.0|0.0|0.0|1.0|0.0|0
-1.3435256136389802|-0.462391138044792|-0.40140786524584293|3.1609179612871676||-0.378725272801527||1.8809426730562937|-0.3521677161434209||-1.047585797587653|||||1.0|0.0|0.0|0.0|0.0|1.0|0.0|0.0|0.0|0.0|1.0|0.0|0.0|1.0|0.0|0
-0.29480478723647613||-0.40754555694990185|-0.28323420479870004||-0.9727382014495249|1.721815462722646||-0.34306988494980145||-0.3611924951998446||||-1.0490043108088363|0.0|1.0|0.0|0.0|0.0|0.0|1.0|1.0|0.0|0.0|0.0|0.0|0.0|0.0|1.0|0
0.7768871777392925||-1.2714967964848103||0.49049150388900387|||||-0.3406838149983873|1.7765726916645106|-0.34055816205865996|-0.1599001822989266|-0.37951359739988905|-1.0490043108088363|0.0|1.0|0.0|0.0|1.0|0.0|0.0|0.0|0.0|0.0|1.0|0.0|0.0|0.0|1.0|0
-0.2886202499282895|-0.462391138044792|||-0.35981716965023736|1.38464628946265|||||-0.35470219308168743||-0.1735896060958009|||0.0|1.0|0.0|0.0|0.0|0.0|1.0|0.0|0.0|1.0|0.0|0.0|0.0|0.0|1.0|0
-0.33765479572891205||-0.4123418988113518|||-0.36590954266985387||-0.33710515643964767||-0.34145529765947197||-0.34339348815620474|||0.4991184186828339|0.0|1.0|0.0|0.0|0.0|1.0|0.0|0.0|0.0|0.0|1.0|1.0|0.0|0.0|0.0|0
|-0.462391138044792|-0.41427262964541006|0.7374308541777098|2.1098404567044056|-0.38329135629155425|||-0.32295269787080666|-0.3391408496762179|0.9894042928745054|||-0.3661838162525303||0.0|1.0|0.0|0.0|0.0|1.0|0.0|1.0|0.0|0.0|0.0|0.0|0.0|0.0|1.0|0
-0.3067321091879789|-0.462391138044792|-1.1490478146405896|||||-0.3573951149816433||2.1828359694096617||-0.3510893732781119|-0.22834730128329808|0.47496660027306714||1.0|0.0|0.0|0.0|1.0|0.0|0.0|0.0|0.0|1.0|0.0|0.0|0.0|0.0|1.0|1
-1.023254931607887||||||-0.3428515995307879||||-0.35492146004513864|2.282928571340964|-0.1735896060958009|-0.3762155072190993||0.0|1.0|0.0|1.0|0.0|0.0|0.0|1.0|0.0|0.0|0.0|1.0|0.0|0.0|0.0|0
|-0.462391138044792|-0.372467226217433|-0.28366504695107503||-1.6969804356870395||-0.3439143289673004|1.3915375120457476|1.0063249112554964||||-1.493580976385842|2.047241148174504|0.0|1.0|0.0|0.0|0.0|0.0|1.0|1.0|0.0|0.0|0.0|1.0|0.0|0.0|0.0|1
-0.30894087251233127||0.7654242334466457||0.8862042966291851|||-0.3470781869094421|0.7346897857822721|-0.36074236418658945|-0.35154474880798936|||-0.37470388255290393||1.0|0.0|0.0|1.0|0.0|0.0|0.0|0.0|0.0|0.0|1.0|1.0|0.0|0.0|0.0|1
|-0.462391138044792|-0.4032166551851186|-0.2797874675796999|-1.3270340012776698|||-0.35714292340654497||||-0.34339348815620474|-0.22834730128329808|-0.382124585459681|-0.2749429460630012|0.0|1.0|0.0|1.0|0.0|0.0|0.0|0.0|0.0|0.0|1.0|0.0|0.0|0.0|1.0|0
|-0.462391138044792||-0.2862500998653251|-0.36063676896206165|||0.7437879344314545|-0.33032507832080865|||||-0.39064465176005464|0.4991184186828339|0.0|1.0|1.0|0.0|0.0|0.0|0.0|0.0|0.0|0.0|1.0|1.0|0.0|0.0|0.0|0
-1.420832329991313|-0.462391138044792|||||-0.35200137649260466|-0.34015438184765373||-0.3468556762870649|1.3687361396451767|2.62721816889997||0.9559380849715791|-0.2749429460630012|0.0|1.0|0.0|0.0|0.0|0.0|1.0|0.0|0.0|1.0|0.0|0.0|0.0|1.0|0.0|0
|-0.462391138044792|-0.4103501975299022|||0.4862981406369116||-0.35870192587078875|-0.3346190977850385||||3.139250952747778|-1.521065061225757||0.0|1.0|0.0|1.0|0.0|0.0|0.0|0.0|0.0|1.0|0.0|0.0|0.0|1.0|0.0|0
||1.149538052011919|-1.158274616272355|1.2972845764660723|1.643646823560834|-0.3364865372964806||2.358182076367818|-0.350327348261946||||-0.3884459249728614|0.4991184186828339|1.0|0.0|0.0|0.0|0.0|0.0|1.0|0.0|0.0|0.0|1.0|0.0|0.0|1.0|0.0|0
-0.33058675309098445|-0.462391138044792|1.9106524702801457|||1.0479455951350107|1.8013787406514876|2.5939570353795296||-0.334897695040252|-0.35860514503111973||-0.22834730128329808|-0.389545288366458||0.0|1.0|0.0|0.0|0.0|1.0|0.0|1.0|0.0|0.0|0.0|1.0|0.0|0.0|0.0|0
-0.3482568596858034||||-0.3633773041609742||||-0.3404032792551199|-0.3472414176176072|0.5508703659719955|-0.3332673235221163|-0.2009684536895495||0.4991184186828339|0.0|1.0|0.0|0.0|0.0|0.0|1.0|1.0|0.0|0.0|0.0|0.0|0.0|1.0|0.0|0
|-0.462391138044792|-0.39427432290105935||-0.3561930039432641|||-0.3645481851117027|||-0.3689106923133287|||-0.4065854209672053||0.0|1.0|0.0|0.0|0.0|0.0|1.0|0.0|0.0|0.0|1.0|0.0|0.0|0.0|1.0|0
-0.3279362371017616|1.6153468188558258|-0.39008768551352246|2.1053546879683815|||-0.3539904584408257|-0.34384554944681905|-0.3306976188222715|-0.3526417962452001||0.9969056628117366||-1.6962761020802148||1.0|0.0|0.0|0.0|0.0|1.0|0.0|0.0|0.0|0.0|1.0|0.0|0.0|1.0|0.0|0
